,wti_price_weekly,rig_count,rig_country_canada,rig_country_united_states,rig_basin_ardmore_woodford,rig_basin_arkoma_woodford,rig_basin_barnett,rig_basin_cana_woodford,rig_basin_dj-niobrara,rig_basin_eagle_ford,rig_basin_fayetteville,rig_basin_granite_wash,rig_basin_haynesville,rig_basin_marcellus,rig_basin_mississippian,rig_basin_other,rig_basin_permian,rig_basin_utica,rig_basin_williston,rig_drillfor_gas,rig_drillfor_miscellaneous,rig_drillfor_oil,rig_state_alabama,rig_state_alaska,rig_state_alberta,rig_state_arizona,rig_state_arkansas,rig_state_british_columbia,rig_state_california,rig_state_colorado,rig_state_florida,rig_state_hawaii,rig_state_idaho,rig_state_illinois,rig_state_indiana,rig_state_kansas,rig_state_kentucky,rig_state_louisiana,rig_state_manitoba,rig_state_michigan,rig_state_mississippi,rig_state_montana,rig_state_nebraska,rig_state_nevada,rig_state_new_mexico,rig_state_new_york,rig_state_newfoundland_and_labrador,rig_state_nl_offshore,rig_state_north_dakota,rig_state_nova_scotia,rig_state_ohio,rig_state_oklahoma,rig_state_oregon,rig_state_pennsylvania,rig_state_saskatchewan,rig_state_south_dakota,rig_state_texas,rig_state_utah,rig_state_virginia,rig_state_west_virginia,rig_state_wyoming,rig_traj_directional,rig_traj_horizontal,rig_traj_other,rig_traj_vertical,us_production_mbbld,fed_funds,unemployment,indpro,cpi,ppi,ng_price,recession,t_bill_3m,treasury_2y,treasury_10y,sp500,sp500_ret_m,wti_mom_pct,cpi_mom_pct,ppi_mom_pct
wti_price_weekly,1.0,0.3615306777006088,0.4171352886207826,0.3677777169233482,0.352553059852235,-0.06931580256117771,0.12133932899640174,-0.12273977908396706,0.17770669652316962,0.36663387620977334,0.17680605625932985,0.22821381382414602,0.41931533481762795,0.24379376948088435,0.11314777944825628,0.31793327421088025,0.5048351427386303,0.2028497635527488,0.274385125502322,0.32602870400504674,0.4473963647671061,0.3901584242974956,0.024586115980694975,0.22994528876599984,0.47927813252507806,0.2705472176269823,0.1845340321191451,0.2738519681388225,0.2046940671087026,0.18556299128443213,0.28927615292202435,-0.167819690846554,-0.036322478902658765,0.15084364581314788,0.011119817357035704,0.2684322421932806,-0.10423328926069277,0.2990008010471125,0.22677365266501984,0.27904092009939374,-0.015872633898512192,0.6223142397004177,0.09039813145322706,0.4124988126556789,0.46830287784729085,0.15114891783422418,-0.11182760636448164,-0.05170992188913441,0.2637036468786026,-0.21841293143271945,0.2096777859610066,0.1989926056950101,0.14688386623269856,0.23436791328170675,0.3054029233817056,0.44401514936718006,0.3804938492562984,0.8519465252227614,0.29070518350208874,0.2965956434303531,0.336202230309031,0.2005939346918618,0.4230890698763983,-0.06815154402539025,0.08073579875045593,0.07040056717476072,0.07923071795044133,-0.1450762102494991,0.28400171119350454,0.11309685418692,0.751961779637103,0.5708938303785094,-0.19292308475421324,0.09809400880796713,0.2130573396604146,0.5095393407870957,0.1040185620830782,0.027917244046276303,0.04834520318391286,0.17268537913699203,0.07184440050990684
rig_count,0.3615306777006088,1.0,0.6481434335361452,0.9833727570382592,0.6671271550135105,0.6823481542504882,0.6630147746166161,0.7073268005687319,0.9158963319439719,0.9419150354694594,0.597045833612686,0.7099925038915672,0.3098056847448276,0.9098657716567282,0.8183729288357637,0.8998160676177996,0.8805466910217604,0.8686289477887252,0.9356652887879492,0.9409471403015168,-0.07758934803332122,0.9924332023912084,0.7552991202447465,0.2841695057880654,0.6256218715097797,0.2630188907277841,0.6376848100484885,0.5625053894797043,0.8130274255812565,0.9209573042039513,0.7233742685737097,-0.26915686133101224,0.12257446723578073,0.4676723142957802,0.3844068467220585,0.5956008557278036,0.4120868816709105,0.8651172836883488,0.5094494118016817,-0.2685528136423754,0.7265902968149546,0.5292874674854806,0.5378454568696223,0.3469115838021693,0.16798408626674252,-0.012851076445272515,-0.14782112518743637,0.3023270452573952,0.9350991105439422,-0.15696260961396763,0.8687470845035801,0.9043191724310266,0.18775269647105441,0.9024981806372143,0.5932250916480336,0.5444792472358546,0.9781786746398043,0.48492260973596746,0.40132405068678056,0.8416538958214778,0.9342656155942012,0.8811426343734309,0.9890317237289884,-0.11417122662779301,0.8195242174442724,-0.42725107717903843,-0.08913118327958715,0.02385322496061267,0.5357198965427856,-0.6180394368629105,-0.1050798899158796,0.3566918446162265,-0.08049186652029504,-0.21863400442927244,-0.050564988848664894,0.17875075348198402,-0.6360459158485751,-0.08375415314902526,-0.17268543733304192,-0.34216276141035157,-0.31281813304958256
rig_country_canada,0.4171352886207826,0.6481434335361452,1.0,0.5354805287717851,0.37547220299932343,0.339188348100193,0.3826364167350559,0.2854421951680146,0.47346234148404776,0.5155031546593373,0.4304304406903315,0.5193258067304248,0.07995468824496574,0.4063593739029358,0.43634615451504044,0.8446371585309742,0.5046837247127042,0.533571973494228,0.49605602726516485,0.6579917983335151,0.10039353640690246,0.6409477188458789,0.35656447035338856,0.39473766422364376,0.9835193476088033,0.09607496261493509,0.4256732243330902,0.698700302013639,0.42527661630174174,0.4976995799854496,0.3017237722463276,-0.30855441246729304,0.14123868999315287,0.30769454954596126,0.16327603172360547,0.34300881991073495,0.2733629120743359,0.42718714918435385,0.8421902363387767,-0.002899789820387265,0.3435523991696794,0.5301719752401016,0.33396224441850003,0.23872904204317597,0.1547822290122253,0.011819370308116833,-0.17485687811874254,0.06783445543490602,0.49780929745292446,-0.024135484203450117,0.5210546579472765,0.5003472418102143,0.19289615430747278,0.4049222281836922,0.863431059132527,0.4051040695516639,0.5327609918331884,0.5307198264060905,0.21716081921125122,0.38341832635619505,0.5262094776958032,0.5825925192241062,0.6405154300299062,-0.12698417701708867,0.524625824970809,-0.21148411090651156,0.006717336128862723,0.046090963544349356,0.23784368210777965,-0.2600930532405379,0.13471795219131139,0.370981529801375,-0.14309665159163562,-0.04852031169393305,0.08190948098009349,0.32523502160413814,-0.2726541779719889,-0.03257902657842863,-0.1982133822404085,-0.14628738636937427,-0.2469139383238398
rig_country_united_states,0.3677777169233482,0.9833727570382592,0.5354805287717851,1.0,0.6859437336790193,0.6784114060979783,0.6608329549809447,0.6984578424828648,0.9275688253557215,0.9565508835499879,0.5905333630064431,0.6989559794122507,0.33034020921427926,0.9266492645353281,0.8210135272301516,0.8337043401760819,0.8999809057778664,0.862317686451777,0.9528100934959356,0.9144238283717188,-0.06752211739954443,0.980187107445237,0.7617928021985316,0.2769187777929792,0.519571580382967,0.2711235734274231,0.6330203787651122,0.4991149227239845,0.8250870163382867,0.927117281553156,0.7617992621696866,-0.24481769590294233,0.12187388847207908,0.4599950206747375,0.3906623675710652,0.6112224508893099,0.40847762076272204,0.8786833843942223,0.3975197117898037,-0.2808858014293987,0.735741006603422,0.5261374361511796,0.5498228479978686,0.33905969776768907,0.1943370429943151,-0.013129818103381243,-0.13616399997952022,0.32649813832758445,0.9515563753358094,-0.1775110382346437,0.8653483307679711,0.9061504499747352,0.1507263942255554,0.9200833165340867,0.48646839142768705,0.5289407342983371,0.9940195791714103,0.4852917276459528,0.4052571218830033,0.8641956856341116,0.947679349728673,0.8662296709708764,0.9782737251211715,-0.1080200857733616,0.794513683255391,-0.40704205836769014,-0.08853085918590861,0.009107375021309832,0.5777831130229704,-0.6149868074040294,-0.09912842972536083,0.347764014128144,-0.049828298322087405,-0.22425792400080066,-0.0469933732405366,0.1767437664905903,-0.6338932090129857,-0.0954748039889031,-0.1732526175771493,-0.36677870626611364,-0.3276115711507792
rig_basin_ardmore_woodford,0.352553059852235,0.6671271550135105,0.37547220299932343,0.6859437336790193,1.0,0.33664942168366147,0.5253688344173848,0.31329601281262676,0.6693535737625872,0.7485234066245078,0.5007398971162251,0.604481523928161,0.08005864567343943,0.65832430576138,0.6306514643014497,0.5940463093308367,0.5643558990815464,0.5788804231452439,0.7393195316205979,0.6312964820273346,0.12918476134979165,0.6634327903087175,0.5382045102683654,0.4406957032825369,0.3594653833469166,0.31675037886557067,0.5102213859151455,0.42807411924571154,0.5947274135049165,0.6550084708517867,0.6210085496385198,-0.13331873697141788,0.11867011020650899,0.4000025086054579,0.26458173565423,0.5746342294317985,0.2898976442955305,0.6638756986890618,0.22073089549621858,-0.08105261703014673,0.5338086399357366,0.5317924589948368,0.5830781954923252,0.25366119005968263,0.12911008529215473,-0.003070949449024335,-0.01985884409079906,0.35312581692574585,0.7350630037568993,-0.24899215415110354,0.5661741734066793,0.6403340350870383,0.17851911711819704,0.6326281698668358,0.3373542220641518,0.5089725480174586,0.6652860334042175,0.47037999883300036,0.3726587429636693,0.6962531867997407,0.6932667156024109,0.6184017816394058,0.6542172342592125,-0.16164030185292208,0.5827951338822773,-0.31504130325277263,-0.15135077922370035,0.19852741513482927,0.3099588100078834,-0.4818288977186409,0.004683396649983521,0.2924900933933094,0.0691008376489466,-0.2732464626282473,-0.15319972058216152,0.12082042370388237,-0.5145762842248139,-0.04610376280044059,-0.2317227277185684,-0.38408236585308236,-0.33615794278621963
rig_basin_arkoma_woodford,-0.06931580256117771,0.6823481542504882,0.339188348100193,0.6784114060979783,0.33664942168366147,1.0,0.6618060409623344,0.8624500691132775,0.7401342437794249,0.665456777273008,0.4118173529203491,0.5724909826843886,0.1263696907078718,0.6668169047202248,0.7253830961263115,0.6257551800967706,0.4759973491297552,0.7363505046947899,0.6619542151751545,0.7074387578860353,-0.45434285364339505,0.6472553048351287,0.6367405448865926,0.09879371612317474,0.2937231282139551,-0.06035102721712798,0.4698774934680508,0.28544826292238706,0.6103783281241658,0.7512706958120866,0.40681888275734973,-0.2527727214030297,0.25763917005693404,0.563112172792108,0.1269879140125032,0.42570823815919606,0.5356003599261094,0.6921004139160007,0.2745663451016217,-0.5162394650906731,0.6384551160165564,0.08641892735314867,0.4122257618177815,0.1121146002564717,-0.2161957036838504,-0.0010808356478814159,-0.052023738741688696,0.21924348078595576,0.6707950138392207,0.03149041570479912,0.7547189729813603,0.8012632934518764,0.025576672453264043,0.6539485584684003,0.3326797889472145,0.15482400493351375,0.6573928226595216,0.01707659127825751,0.09624449517677172,0.5824602407538035,0.6112017479983536,0.6401102000640424,0.6390511894351666,-0.09398325029775786,0.7362542090769965,-0.5353699710486043,-0.16466607272136358,-0.008729692956837337,0.37907554025238643,-0.636447368316545,-0.4362311541386794,0.2340073297297424,-0.12352959121108209,-0.2813291246326957,-0.07930666364009045,-0.0298638711884218,-0.6432456754211695,-0.16444906167532622,-0.12425700324969084,-0.30086086922637506,-0.22787025625203214
rig_basin_barnett,0.12133932899640174,0.6630147746166161,0.3826364167350559,0.6608329549809447,0.5253688344173848,0.6618060409623344,1.0,0.5642963830304094,0.7613764450974433,0.7139904714910704,0.7638416160847105,0.7740160269445613,-0.11769993381637579,0.6829758897765315,0.8340321564087992,0.6597899625885728,0.41582013683313174,0.7943328120786781,0.7144857389367044,0.7425853374058645,-0.01918467413301997,0.6222994391644932,0.769331262914824,0.23930017614562224,0.3467155566251155,0.3176429570220508,0.7749606971798264,0.4534159941183525,0.6468106354459375,0.7830353515762856,0.6004361258512116,-0.20278109867750152,0.3033091449169713,0.7651928104730625,0.2656277306775127,0.6923470009395287,0.676961789547744,0.7325082731292937,0.34298859816981797,-0.3453272668961752,0.7343292410514529,0.4043257801633182,0.7234765387090143,0.44300014253440323,-0.3830557583389388,-0.02014743178207147,0.2010384939102272,0.2061603194322211,0.7220746366581194,0.06690198403617832,0.7857766076303668,0.8184745913735991,0.1908208552014988,0.6659142473988016,0.32806808379560054,0.5255650932602979,0.640916672707246,0.28776974511265596,0.3604677516536864,0.6865770873853898,0.623275448848669,0.7076741558130265,0.6155557563831052,-0.07224291714117455,0.8024705267794525,-0.7342971382629523,-0.3958271568672812,0.3945412803846694,0.12383775766657637,-0.7897411157515903,-0.3465255785628236,0.3677480767460143,-0.07875305883861429,-0.5171970753808985,-0.341302128010958,-0.07899696966618049,-0.8060558624876959,-0.03533512368990843,-0.09206027083835604,-0.3215189415128053,-0.18819294337435255
rig_basin_cana_woodford,-0.12273977908396706,0.7073268005687319,0.2854421951680146,0.6984578424828648,0.31329601281262676,0.8624500691132775,0.5642963830304094,1.0,0.7485476485070761,0.646171422732043,0.32827548896275766,0.5474413174262058,0.1716866280746642,0.686906336052949,0.717773655415344,0.5922433742908372,0.5390451023988747,0.7576568046776166,0.6572116214842401,0.69793268825072,-0.4818726973551381,0.6752756856414563,0.6683699598942933,0.05442343873781813,0.24778356087741987,0.05966815437335338,0.39906157203523085,0.23887922024058678,0.5795557353293149,0.7522753067137758,0.4065066904417826,-0.3216198487557116,0.12813892752917871,0.4138931583246175,0.1562345031395601,0.365761215694297,0.44689338952304314,0.6372603128232441,0.30427596693178943,-0.44324927694265887,0.6438952359358968,-0.00438319771498951,0.3129638974136098,0.10764765275013648,-0.12932459739297522,-0.054587756044107115,0.013726484334764446,0.21788924571048257,0.6658408005549751,0.11539151049253543,0.7662688787478664,0.8127583738972645,0.022964830974461656,0.6765119200644305,0.29033183338340834,0.1816415109088385,0.6885780031974792,-0.031061533809982316,0.20045844982974806,0.584983620895543,0.6423397960987881,0.6694600010936125,0.6665906641425394,-0.13253570618539878,0.7144954253075462,-0.4599583468957007,-0.0028830846997624435,-0.13815316412828227,0.42992795673786555,-0.6008200185200574,-0.45527020775847626,0.1393595575716502,-0.1571549653238594,-0.12539973248709524,0.03631010794972386,0.006801054845128427,-0.5978560987497523,-0.11642328570045146,-0.04673399428625081,-0.2888796685739569,-0.20767439081165123
rig_basin_dj-niobrara,0.17770669652316962,0.9158963319439719,0.47346234148404776,0.9275688253557215,0.6693535737625872,0.7401342437794249,0.7613764450974433,0.7485476485070761,1.0,0.9137640154235732,0.6815096905397569,0.7261814979312143,0.16655748816799995,0.9344370614280945,0.923842198368967,0.8137438345376166,0.7403482357998346,0.9009587600200564,0.9249492966349143,0.9107997092758165,-0.18837370481435556,0.8903658737326732,0.8576818420051938,0.2463311147793082,0.43117104019513774,0.26267938283790976,0.7031479454689609,0.5223103203934146,0.8094155899857831,0.9881190966189272,0.7523937244121364,-0.24499060466729175,0.2463959236283515,0.622674491940934,0.39855150030105,0.6878883841774894,0.5857063016023116,0.9179527022536937,0.3929981781877633,-0.4095059750861575,0.8441813543939659,0.4002985242296115,0.6754796616126402,0.3374194833919752,-0.0651061643210959,-0.014106470895186893,0.010406208243702425,0.29597334463429315,0.9288939063910949,-0.006359786095913104,0.9169141580648414,0.9299759835984418,0.13415209171792997,0.9187832189535127,0.4534286810788377,0.5073873994715488,0.9137354553232413,0.3203724129026212,0.4024034403503874,0.8691875489198807,0.8758902937474097,0.8790009597948751,0.8819254844789212,-0.14763423960673436,0.8961714747330153,-0.6175250901334158,-0.25756721128633986,0.16822159514019924,0.4188927237713604,-0.803719510389433,-0.35113587461439705,0.28482485469153546,-0.014055188570053298,-0.4104043820125622,-0.23256239334173484,-0.041710748239422314,-0.8189439534275794,-0.09284888461963302,-0.16771584134273043,-0.3987350302513274,-0.3479159779709058
rig_basin_eagle_ford,0.36663387620977334,0.9419150354694594,0.5155031546593373,0.9565508835499879,0.7485234066245078,0.665456777273008,0.7139904714910704,0.646171422732043,0.9137640154235732,1.0,0.6470689331467667,0.7257156116689704,0.23961677819603536,0.9080170460264287,0.8594485511996227,0.8291862714374996,0.7968644759271842,0.8402434067303949,0.9623121765618774,0.9257238802064811,-0.018996208887859987,0.9255153300351746,0.7430447640414176,0.3782059264242052,0.4949943441963097,0.3231141626262167,0.6828124516004721,0.548078504315316,0.7652238189350057,0.9151974286301532,0.7418980960235021,-0.2151017592243181,0.14851132376033804,0.5373137764992547,0.319985581387231,0.6637831016105218,0.40766870802007615,0.897400426296647,0.35735918900152364,-0.2625934192434223,0.7031225985246371,0.5329848745934546,0.6296489401441387,0.3690058659177505,0.11732942735150854,0.02629619658375188,-0.10478121171903602,0.3114997688295282,0.9580747337172144,-0.22636848572463,0.8460465830184746,0.8859363532046858,0.19354173735047497,0.8904517674571121,0.45065588326840744,0.5403832347605573,0.9418764100249215,0.49512365409476955,0.41095031062245424,0.8694655185782038,0.8866512683200767,0.8527221969352607,0.9227811173771732,-0.10760966226001754,0.8122294912916006,-0.4504761882972462,-0.11189500438359587,0.06761745925788393,0.45702983390750923,-0.6421888999868499,-0.10046721254285461,0.3236461434201764,-0.05110664697102879,-0.26196361745012214,-0.06975340771778103,0.1789578511556768,-0.6727510473464351,-0.10240321753085686,-0.20154349266021598,-0.38616319073133026,-0.36134929742381483
rig_basin_fayetteville,0.17680605625932985,0.597045833612686,0.4304304406903315,0.5905333630064431,0.5007398971162251,0.4118173529203491,0.7638416160847105,0.32827548896275766,0.6815096905397569,0.6470689331467667,1.0,0.798795976714338,-0.26999647613843086,0.6333672800786667,0.7227179649150407,0.6739520570781116,0.3317093866229661,0.7486838925585476,0.6465188360796756,0.7218548046458754,0.18992326924927871,0.5521651803327685,0.7224128833580591,0.29664043795340955,0.39976711851096286,0.38209932831914956,0.9686345328333839,0.6382544903836156,0.5944765645120043,0.6881968198850352,0.6144735656078576,-0.3422995629084368,0.2713491331682126,0.6798096215881985,0.34172066188330597,0.6412789246482401,0.5900638460637381,0.6345502263310344,0.4040617332868187,-0.12606724010017611,0.7352548368091785,0.4769066015822152,0.7117443868282725,0.487111986750214,-0.3925929782610542,0.004447422652622373,0.00033344990552337984,0.1958005090696393,0.6523200660943956,0.06587968644554196,0.7303370387594855,0.6781728623910862,0.2207543373478236,0.6619401079866253,0.3548243308704368,0.5534639709960336,0.5618772898035423,0.37768614982712606,0.3521906995280115,0.548784794649994,0.5733376312017737,0.7495283963059732,0.5365945844360845,-0.03771547730181353,0.7304679939137048,-0.6713366222866873,-0.4328820197215641,0.6022484557960666,0.02130406341612837,-0.7144947661613132,-0.2603917739162908,0.31769214723651096,-0.08324014106167707,-0.5793313213754288,-0.43828181622711104,-0.05920241280293402,-0.7032444203653808,-0.03730855985912446,-0.1126680265628127,-0.3148750970966444,-0.18067086330863266
rig_basin_granite_wash,0.22821381382414602,0.7099925038915672,0.5193258067304248,0.6989559794122507,0.604481523928161,0.5724909826843886,0.7740160269445613,0.5474413174262058,0.7261814979312143,0.7257156116689704,0.798795976714338,1.0,-0.17577111864116482,0.6237621947237295,0.7887588413993165,0.7654315477427222,0.48935344242976025,0.8513101865172764,0.718604425653385,0.7809162422171717,0.11615167489726304,0.6698451450282128,0.7443701765208518,0.35491709694266693,0.4971540448775181,0.3247992001495192,0.8274688960536084,0.5863786475060433,0.6519962346465141,0.7510840739000243,0.5871931212722645,-0.4652776048934178,0.2453455010765945,0.567458255188137,0.2777273725965259,0.6401786817853297,0.5818324433748183,0.6265899160099605,0.4742638142705422,-0.11878441980592981,0.7523186203447864,0.48617828696023363,0.6464594930194452,0.44522520313098435,-0.2316656929054426,-0.051957417752363684,0.05164845525774021,0.30369900758323104,0.7225799557598105,0.03949388214055614,0.8118458027775405,0.8327906558926219,0.17503130881658766,0.6489238087805241,0.4198070462891773,0.5082310961585043,0.6678804173749882,0.40835504513975,0.37044292865142425,0.5650029144627218,0.6832068057196815,0.8348459056642682,0.660242330063252,-0.13529996543528588,0.7322838433000936,-0.535787988313362,-0.1700267234541891,0.3630305278197367,0.3102027951994535,-0.6240429683756853,-0.1404154385207116,0.403261028920953,-0.13672548322514275,-0.3287852356325869,-0.1372902940475207,0.23584841125898148,-0.6294504892721107,-0.06210754782178856,-0.20335629111654122,-0.40189255951551706,-0.2930066073687958
rig_basin_haynesville,0.41931533481762795,0.3098056847448276,0.07995468824496574,0.33034020921427926,0.08005864567343943,0.1263696907078718,-0.11769993381637579,0.1716866280746642,0.16655748816799995,0.23961677819603536,-0.26999647613843086,-0.17577111864116482,1.0,0.30097282945535175,-0.03979528672212882,0.04877217551206061,0.5402018250984599,0.058264292361461925,0.17029544864605392,0.17811391174911645,-0.2545384762195747,0.3481711671064163,-0.07942703647564432,-0.22997148786957158,0.12047455037319658,-0.05660915702405832,-0.22614410133278715,-0.21089602340840263,0.19535183117407207,0.12775112489342655,0.106808695628374,0.12432372534954744,-0.20222204999808638,-0.12587574111573727,0.03623411681081323,-0.12139027975753645,-0.3203085510099956,0.3352117079099288,-0.03165078728462585,-0.11714514843709148,-0.11593565420120806,0.14977081935285902,-0.2707075577350252,0.06317192000495292,0.5730092470843043,0.03147162072756533,-0.2778672598698395,-0.11890171275982496,0.16674267356048308,-0.3004347456720718,0.0839808837260707,0.11661478026261078,-0.0216130758754721,0.24294901123114038,0.11353444039268555,0.0032595297948964912,0.36534456369617546,0.2561950155190524,0.012897538473076455,0.3405522924963825,0.29120571023817743,-0.06406002753452766,0.40412978656976234,-0.058816962689352915,-0.06432213762245956,0.24848089353785047,0.10892907555633269,-0.5384009096663833,0.511428155175934,0.20164084878381336,0.451621454082632,0.34834188329029186,-0.03705294597127963,0.18938123392456674,0.20812126300380585,0.11256552518349325,0.19066540996303447,-0.013783546446459754,0.01843392229921669,0.2146214521677945,0.03297002551636086
rig_basin_marcellus,0.24379376948088435,0.9098657716567282,0.4063593739029358,0.9266492645353281,0.65832430576138,0.6668169047202248,0.6829758897765315,0.686906336052949,0.9344370614280945,0.9080170460264287,0.6333672800786667,0.6237621947237295,0.30097282945535175,1.0,0.8385502759750901,0.7476459548588461,0.7626714435506895,0.8249620336582401,0.9049930787963926,0.8957075438681191,-0.19012563080677194,0.886193194864575,0.7885520549275901,0.16351770511248143,0.37776042871890964,0.2825098750434788,0.6653688348566328,0.48682797291624913,0.807769298049571,0.9194219292305955,0.7726839800843449,-0.19791961167708588,0.11315863199075665,0.524967526533541,0.4726100210523116,0.6585000760876424,0.4367113221696284,0.9254290057419183,0.2912856118751677,-0.42807883744154845,0.7680982635837623,0.3904291450849691,0.6047035526584582,0.32917074216182113,-0.015170009986955184,-0.020924668546365523,-0.14937065345114162,0.2776752917459294,0.905893813391963,-0.14095016232728833,0.8445087201186379,0.872309963855031,0.19422375264991049,0.9731743075301893,0.3861601531610012,0.5456445306908291,0.915401790096634,0.3317214063477554,0.42271113399803767,0.9057245958704554,0.8605442127465279,0.8107072017120595,0.8855393350726194,-0.06506170504189275,0.8305430248924592,-0.5836322452385038,-0.3220722697914714,0.17790590277291754,0.39996664498549256,-0.7603533453495374,-0.2774640013934907,0.2771563403872816,-0.021082154322262656,-0.4363792615342693,-0.29499669252242505,-0.07984236665988348,-0.7668832373180478,-0.054453371572540564,-0.06725256461253967,-0.30623797553477394,-0.22650724751442106
rig_basin_mississippian,0.11314777944825628,0.8183729288357637,0.43634615451504044,0.8210135272301516,0.6306514643014497,0.7253830961263115,0.8340321564087992,0.717773655415344,0.923842198368967,0.8594485511996227,0.7227179649150407,0.7887588413993165,-0.03979528672212882,0.8385502759750901,1.0,0.7716611157062917,0.5910937618153816,0.8864719281646448,0.8651485519189742,0.859822436859762,-0.1422963026222304,0.7807863207864482,0.8627932160698976,0.29614306127859313,0.39508765849168803,0.2894920701555968,0.7450319696625372,0.554772101990004,0.7270634206745143,0.9274307171463838,0.7194576561882143,-0.2636845883516651,0.3000646674783351,0.6744911399587753,0.37241194228878327,0.7726185831449509,0.6568096155146137,0.839384920803772,0.35611907272861976,-0.3889533269394754,0.851225769408227,0.38457618175955827,0.7539271213664918,0.3487478711800826,-0.2345285508565042,-0.03675113823591755,0.1310821720405508,0.2892291025484526,0.8659792881190911,0.02098966219217932,0.8958159956807789,0.920780383720299,0.1960992783940409,0.8259353599370051,0.3760989622912323,0.5250118200105339,0.7992754320395488,0.2529032872151769,0.37781905364593954,0.7815425631684078,0.7543601973838756,0.8500947542467466,0.7646023598779906,-0.07973400451395846,0.9199987253095953,-0.709217297245115,-0.2725475935107865,0.2797693913663329,0.27169310136723807,-0.8524302247343188,-0.418474093985293,0.21937332136552076,-0.09997850473760608,-0.44161835599452826,-0.26645867784333865,-0.05209560377702946,-0.8750746937298638,-0.09344249433540187,-0.1067431576585,-0.40241457555323834,-0.2760158811499952
rig_basin_other,0.31793327421088025,0.8998160676177996,0.8446371585309742,0.8337043401760819,0.5940463093308367,0.6257551800967706,0.6597899625885728,0.5922433742908372,0.8137438345376166,0.8291862714374996,0.6739520570781116,0.7654315477427222,0.04877217551206061,0.7476459548588461,0.7716611157062917,1.0,0.6780684072241937,0.8249499381940195,0.8210597576240076,0.915673483411019,0.0068609668868162815,0.8770130509500241,0.6802707663336659,0.4039896579849301,0.8080830541753543,0.26011623084385255,0.686125621031126,0.7302902040197876,0.7054673422467881,0.8316647610593716,0.5825560240962857,-0.34347078130851755,0.20315762164275775,0.5251813225622667,0.3203656601373236,0.5870087266651967,0.48742932790492666,0.7425037245647188,0.6966480670136859,-0.18831465546292397,0.6861615201689844,0.5390149744563916,0.5784516519516607,0.338110929782135,0.022848234361553078,0.029693202708985334,-0.13042713831420782,0.24103644256850282,0.823326660502861,-0.04718613535574771,0.8142914139605864,0.8241257932908,0.18776903063461145,0.75203568736309,0.7479690523397382,0.5238601532632111,0.8158099544157432,0.47969976898818467,0.3563007792965803,0.68082129509369,0.8033070236740567,0.874994662500258,0.8639585181320817,-0.138250299361757,0.8232796057781747,-0.46445740473566,-0.10712548892586027,0.15678915784396844,0.35936185778477125,-0.600644846317661,-0.12291080712757524,0.3645445934009773,-0.1456518315954539,-0.2446036283098012,-0.06280011863315661,0.21209025410803636,-0.616326237970625,-0.08545079111442372,-0.21815474824599915,-0.3399985014985729,-0.3456918033617377
rig_basin_permian,0.5048351427386303,0.8805466910217604,0.5046837247127042,0.8999809057778664,0.5643558990815464,0.4759973491297552,0.41582013683313174,0.5390451023988747,0.7403482357998346,0.7968644759271842,0.3317093866229661,0.48935344242976025,0.5402018250984599,0.7626714435506895,0.5910937618153816,0.6780684072241937,1.0,0.6674019852742902,0.790737643317348,0.7160642825915388,-0.003952886370871136,0.9146179249428327,0.5682895301887558,0.15313822923350562,0.5166877482456635,0.22794414919726266,0.38417385240351537,0.3290718948445728,0.7100277664904511,0.7385157888249623,0.6586499531128658,-0.18401900408534042,0.001763183351099715,0.19624727099496703,0.38885053081588483,0.39853170186487696,0.181794279133452,0.6925391102073948,0.35642425516588433,-0.12484249562012392,0.5316992117629952,0.5490077275324164,0.27288273418569786,0.29909119513016047,0.48758445560386376,-0.020793453948123743,-0.1708446962782539,0.2604276637608852,0.7861315835884706,-0.2369342722696943,0.6702943698026956,0.7362341656167498,0.12260252687186991,0.7619293205396042,0.47063041608804973,0.48800260595046707,0.9265026014901311,0.5669140942321942,0.3554694463925331,0.7115951130881019,0.8613977963853177,0.6694752413050867,0.9265468537659202,-0.09240813781842003,0.553681374593415,-0.15218191706885795,0.08795898874080525,-0.18624917286791715,0.6479136723517718,-0.33865819331243296,0.15314150362070914,0.35989613060023473,0.002555303525987459,0.02469226668027416,0.12249551236352145,0.29425352575903824,-0.3650587121860159,-0.03829442687947058,-0.17106970937219693,-0.28919172593704706,-0.28387968964426696
rig_basin_utica,0.2028497635527488,0.8686289477887252,0.533571973494228,0.862317686451777,0.5788804231452439,0.7363505046947899,0.7943328120786781,0.7576568046776166,0.9009587600200564,0.8402434067303949,0.7486838925585476,0.8513101865172764,0.058264292361461925,0.8249620336582401,0.8864719281646448,0.8249499381940195,0.6674019852742902,1.0,0.8316617484078077,0.9061213015396884,-0.09748676349522442,0.8349863536332852,0.8368160307254505,0.24075671403412072,0.5066219924807153,0.2514238653402851,0.7823830880759417,0.580029278466343,0.7421265315324176,0.9154529519924441,0.6787017877662485,-0.4025950210725286,0.2463732922608202,0.6352009755241792,0.30698161016058056,0.6555004726900078,0.6245468761000181,0.8064048021362211,0.4788837057305521,-0.3150982122145051,0.8138403246031626,0.4218171752828564,0.6282485127158193,0.3645666841511824,-0.1747993874525689,-0.05765559259578179,-0.004222259845820867,0.22047135744242985,0.8380558336358035,0.047573438179452816,0.9909064604199083,0.9308345505696811,0.13420372816922163,0.8338050061539054,0.45324845859755997,0.4757227223236132,0.8442697485474956,0.38602667896449505,0.38711380861917594,0.7337118784737054,0.8146350144827449,0.8839105421539637,0.8317824968802923,-0.14414538312110983,0.8528005831097,-0.617475718286238,-0.20589740578132537,0.21537743868389864,0.4051461828906214,-0.7393180843750374,-0.2753350838183349,0.37140553812897725,-0.16231605353630515,-0.36174301556345206,-0.16280465016490359,0.09693201125176935,-0.7332355917761452,-0.05167592447696149,-0.12451383312291947,-0.3596521842964572,-0.2407342778013538
rig_basin_williston,0.274385125502322,0.9356652887879492,0.49605602726516485,0.9528100934959356,0.7393195316205979,0.6619542151751545,0.7144857389367044,0.6572116214842401,0.9249492966349143,0.9623121765618774,0.6465188360796756,0.718604425653385,0.17029544864605392,0.9049930787963926,0.8651485519189742,0.8210597576240076,0.790737643317348,0.8316617484078077,1.0,0.9003680539759641,-0.03545864571705022,0.9230233756837102,0.7609584929715301,0.38945135458867985,0.4634297275349444,0.3013685021168132,0.6826763976115535,0.5341778863239425,0.8163787728250984,0.9230076867825409,0.7611332218222644,-0.20834189412459878,0.19689072469901356,0.4991366453106768,0.35987614892711955,0.6717216503133768,0.44993374815198706,0.8684473457465962,0.3682162151909957,-0.26043396246134665,0.7656005298535361,0.5070019390870674,0.6644487491541833,0.34448338676746726,0.11794309446625771,-0.0488355068688188,-0.1001154797727256,0.38233537022199404,0.9979566053869733,-0.17551455771194385,0.8311827828511169,0.8836800088759973,0.18913348351294748,0.894732007628517,0.45573231847933515,0.5435763460042098,0.9373194717748885,0.41608865472346046,0.40172127979602773,0.8839578048983312,0.9111233053396882,0.885612996043694,0.9075393974045951,-0.08772732693667999,0.8334940769652516,-0.43785179306752237,-0.11351635967190651,0.09333579046270796,0.4755044750265215,-0.669845458770367,-0.19338971258891488,0.2213863104134247,0.0038331992705636386,-0.2839811572777271,-0.10071122798066239,0.12069146119576397,-0.6970751245069621,-0.0833810045690065,-0.22485670565783794,-0.44054930005670984,-0.40114926339556223
rig_drillfor_gas,0.32602870400504674,0.9409471403015168,0.6579917983335151,0.9144238283717188,0.6312964820273346,0.7074387578860353,0.7425853374058645,0.69793268825072,0.9107997092758165,0.9257238802064811,0.7218548046458754,0.7809162422171717,0.17811391174911645,0.8957075438681191,0.859822436859762,0.915673483411019,0.7160642825915388,0.9061213015396884,0.9003680539759641,1.0,-0.08471333930558421,0.900640989490424,0.7594611742009215,0.34454390514014427,0.6357634141624281,0.2660190538980714,0.7434011191679645,0.6876492104695876,0.7416664002395185,0.9154713324974362,0.6619484087431539,-0.3255336637902321,0.18468217019574998,0.5916226583217286,0.3143957266355379,0.6779787376945664,0.4985175796441796,0.8843491980825471,0.5150947296062525,-0.2813083768009218,0.7325935998853529,0.5168624676297328,0.6263912700535724,0.38903189262848575,-0.03332063040334867,0.03062915025888408,-0.15543953696285673,0.2127334897639425,0.9009151214344848,-0.08560038468358855,0.908046289817859,0.8949705286157634,0.19546882811827393,0.887307139834202,0.5506879846396622,0.5183954754579184,0.8941106709637995,0.4723821376914336,0.3988756629231681,0.8105881141172822,0.8456478499168218,0.8965344716089273,0.9050942225837092,-0.12788634609752003,0.8508940203868128,-0.5354368518040152,-0.17534873754328903,0.13972532616165315,0.409804539278427,-0.6813769367547208,-0.15714525113579678,0.381306655409674,-0.15331858213014388,-0.3220731211779508,-0.1158883279047328,0.15977498443888447,-0.6947008674440752,-0.08115550643687602,-0.1435746385567923,-0.3188261246107562,-0.2891091023588197
rig_drillfor_miscellaneous,0.4473963647671061,-0.07758934803332122,0.10039353640690246,-0.06752211739954443,0.12918476134979165,-0.45434285364339505,-0.01918467413301997,-0.4818726973551381,-0.18837370481435556,-0.018996208887859987,0.18992326924927871,0.11615167489726304,-0.2545384762195747,-0.19012563080677194,-0.1422963026222304,0.0068609668868162815,-0.003952886370871136,-0.09748676349522442,-0.03545864571705022,-0.08471333930558421,1.0,-0.04887377857097117,-0.11447438269463117,0.2871332629962582,0.13409431705208644,0.29805856629570066,0.1809205051738243,0.11450371990281949,-0.1786886025192885,-0.1468903452940452,0.06870905057805815,0.17304154551491868,-0.04501753116584296,-0.07782980665426664,-0.02265851533064214,0.028571548139707737,-0.17239078742580455,-0.21882261327502486,0.045793589544948186,0.5057578830217099,-0.15322654194332855,0.40044126784451134,0.025442881324192666,0.48760139461644025,0.20450279759330922,0.11969553577450362,0.07152041451808852,0.09283863618582211,-0.04248504363041832,0.05269219849807464,-0.13088850827732318,-0.1704140945597317,0.1102561803848553,-0.1262455874046829,0.047779781798906434,0.2543208676207352,-0.06096572271938387,0.4724098794687619,0.10985724764828511,-0.15188770633061593,-0.04319261856789206,0.013684929861521854,-0.0596729257809147,0.06070996037120604,-0.17381611663164276,0.19106948746242242,0.2507162409168688,0.1009664873181848,-0.1521585520601841,0.2321724594772045,0.45424600565687184,0.04752416678917248,-0.0012814027345107036,0.24259649468627142,0.197060489260461,0.4397121334563484,0.20300234119549632,0.1053045253188735,-0.03433765927957128,-0.027403223287071263,-0.016975739980071923
rig_drillfor_oil,0.3901584242974956,0.9924332023912084,0.6409477188458789,0.980187107445237,0.6634327903087175,0.6472553048351287,0.6222994391644932,0.6752756856414563,0.8903658737326732,0.9255153300351746,0.5521651803327685,0.6698451450282128,0.3481711671064163,0.886193194864575,0.7807863207864482,0.8770130509500241,0.9146179249428327,0.8349863536332852,0.9230233756837102,0.900640989490424,-0.04887377857097117,1.0,0.7252593326361007,0.2728527656242607,0.622210280460624,0.2607729838517844,0.5949856368378983,0.5161276557857164,0.8180011845709344,0.8954194492119133,0.7275793166093765,-0.24197187300909875,0.09574160351236724,0.42387974922116145,0.38467027226055905,0.5573560673066493,0.37362147080276464,0.8393614778092408,0.49753451446679897,-0.24247883115890578,0.7003852843000594,0.5419386612958069,0.5015292938484873,0.3327834048604811,0.23916176883459442,-0.01744675000732549,-0.14779025306725763,0.32098435384834106,0.9221093350921626,-0.1851100213367669,0.8343423282596418,0.8799490173278391,0.18135692950925592,0.8776022290271984,0.6002711974148133,0.5414166401354031,0.9799317280836317,0.50412239533744,0.39423511215163376,0.8334824231309694,0.9416217098022197,0.8556394709260475,0.9933516595121562,-0.10967433325459933,0.7865319898446819,-0.3751426012054925,-0.05716572329084672,-0.013365107849521442,0.5601104717289047,-0.5725571836433468,-0.06124859410733028,0.35464976235795687,-0.06260498682538727,-0.1777541551692417,-0.02369697649483332,0.1925335977462235,-0.5909731040174404,-0.07258158076824561,-0.1749337750623899,-0.3369657693009072,-0.3144981316999143
rig_state_alabama,0.024586115980694975,0.7552991202447465,0.35656447035338856,0.7617928021985316,0.5382045102683654,0.6367405448865926,0.769331262914824,0.6683699598942933,0.8576818420051938,0.7430447640414176,0.7224128833580591,0.7443701765208518,-0.07942703647564432,0.7885520549275901,0.8627932160698976,0.6802707663336659,0.5682895301887558,0.8368160307254505,0.7609584929715301,0.7594611742009215,-0.11447438269463117,0.7252593326361007,1.0,0.08648818236049771,0.31486093223001643,0.3063478983748403,0.7429244365860457,0.5112734803686373,0.7017641884316853,0.8627679711171803,0.6817467269328374,-0.24983213681063604,0.25714700967381016,0.6238652632913896,0.44922205640374674,0.6593111142027079,0.6596121008028605,0.7529145213312163,0.360872261121445,-0.3617755282377833,0.8648556008620077,0.29945772557605266,0.6676350234052364,0.3095084394243761,-0.31738266093734785,-0.08626658857904632,0.17451492419173822,0.28266843199871894,0.7688741751007857,0.08442788265054381,0.8426861650674674,0.8638643812458382,0.15837791285507646,0.7929445952514039,0.3304424541679466,0.5205072434997725,0.7564156128371199,0.21129730283326692,0.39875748916488135,0.7057494934533474,0.7096149258651558,0.7963460157406916,0.7085375335131953,-0.04213273920595631,0.8550232510966302,-0.7467982182022651,-0.37041863567248096,0.4136915298582092,0.1905366551923002,-0.8551050575681267,-0.4868818541336745,0.19890717252077594,0.020708079344782065,-0.5142519020081271,-0.39819936199592193,-0.16298072199391386,-0.854475364171171,-0.04469881242131695,-0.08201100666422335,-0.4250473071695422,-0.24116487910315598
rig_state_alaska,0.22994528876599984,0.2841695057880654,0.39473766422364376,0.2769187777929792,0.4406957032825369,0.09879371612317474,0.23930017614562224,0.05442343873781813,0.2463311147793082,0.3782059264242052,0.29664043795340955,0.35491709694266693,-0.22997148786957158,0.16351770511248143,0.29614306127859313,0.4039896579849301,0.15313822923350562,0.24075671403412072,0.38945135458867985,0.34454390514014427,0.2871332629962582,0.2728527656242607,0.08648818236049771,1.0,0.4069901282497604,0.004813956798855946,0.27905673117047636,0.42589242066424576,0.12973786743501176,0.2543783607825486,0.16896678250498828,-0.13482415010410778,0.18717554259826924,0.0814499301152412,-0.15264908093053117,0.3962876445555982,0.14083489897018195,0.17556742574841613,0.19800138298120118,0.163282288452961,0.14060065152372228,0.41404334478840515,0.38455212490478974,0.1544193118569918,0.22773232846858177,-0.04498796504763369,-0.14264577781862584,0.219697962643705,0.38341016501212527,-0.09912577386579911,0.21647508902250748,0.23972679068918354,0.025139927993062222,0.14737045618592315,0.25865801070239125,0.0788608664767043,0.24131816213515941,0.3589950326887738,-0.009362681076982907,0.260899173404118,0.3003040106513887,0.39197356699065716,0.25243436530729224,-0.07711633673259498,0.2404454338012332,0.1095348525693899,0.2868939884246715,-0.08607356475138632,0.22229078597701776,-0.038407370436971344,0.1520404638369076,-0.023281968764169252,-0.027496086769198944,0.14025104166696967,0.32169424241494343,0.4792527961156636,-0.09612222414821801,-0.12156363837567896,-0.22178093991222736,-0.2522899922468699,-0.37875172120577094
rig_state_alberta,0.47927813252507806,0.6256218715097797,0.9835193476088033,0.519571580382967,0.3594653833469166,0.2937231282139551,0.3467155566251155,0.24778356087741987,0.43117104019513774,0.4949943441963097,0.39976711851096286,0.4971540448775181,0.12047455037319658,0.37776042871890964,0.39508765849168803,0.8080830541753543,0.5166877482456635,0.5066219924807153,0.4634297275349444,0.6357634141624281,0.13409431705208644,0.622210280460624,0.31486093223001643,0.4069901282497604,1.0,0.08456661400482227,0.39104694572062826,0.6715855726084665,0.38980376125484045,0.45558077844326683,0.27864651160027815,-0.29783186930214706,0.12212726354047808,0.2768810614381182,0.1353666268938862,0.3293602969695453,0.2257019127444904,0.39645691729676474,0.7922947363723292,0.03453874214192843,0.2901677687902263,0.5741184372771141,0.2838125234827859,0.23971684950668992,0.2131630553756339,0.03285177482228812,-0.19270353825403722,0.015869392610261296,0.4631289832175605,-0.04235291119290906,0.49257627486711003,0.4712421054680714,0.1941824881032346,0.37787708163846584,0.7969641430834226,0.39094288592490767,0.519710541456469,0.584365031836466,0.21680322012579453,0.35531487388396304,0.5088360221259208,0.5427767827934574,0.6303946220368989,-0.11466956335991287,0.4674329718385722,-0.15070917844360188,0.0436212355776229,0.004199629503619117,0.2604630590615108,-0.19302268249450683,0.2162535600502559,0.40515416093473067,-0.13287578335134786,-0.0018015609320149104,0.1335745570136141,0.3797468663350735,-0.2084021833421731,-0.031107978007870865,-0.17749561926007576,-0.11918548209293442,-0.23069665967816047
rig_state_arizona,0.2705472176269823,0.2630188907277841,0.09607496261493509,0.2711235734274231,0.31675037886557067,-0.06035102721712798,0.3176429570220508,0.05966815437335338,0.26267938283790976,0.3231141626262167,0.38209932831914956,0.3247992001495192,-0.05660915702405832,0.2825098750434788,0.2894920701555968,0.26011623084385255,0.22794414919726266,0.2514238653402851,0.3013685021168132,0.2660190538980714,0.29805856629570066,0.2607729838517844,0.3063478983748403,0.004813956798855946,0.08456661400482227,1.0,0.3707102555960003,0.23168599209001636,0.29019246625632455,0.27279360192184027,0.2860447574791179,-0.10980598883838837,-0.060630710934034875,0.3062247975902583,0.28752733010600035,0.301801582787016,0.0485313696930405,0.26304779241835985,0.09891713211882919,0.09971013232253119,0.29377966919007337,0.3053913630141912,0.2814881570274429,0.37001729958076796,-0.09065050957207714,0.0772083938348241,0.28236360867551413,0.1726523146502336,0.29612740220646566,-0.040248995579428,0.25069103137817006,0.26819349147501803,-0.02293713738497207,0.29208397972986455,0.08352340757600342,0.5526277641636874,0.27944499156104047,0.332009003815984,0.5245210439158552,0.2676636681312922,0.26319920094898197,0.2969982662385299,0.24891163220360585,-0.04678337597038125,0.3166660342355586,-0.3251291484967153,-0.1792382209264362,0.2977796582977131,-0.18470895134964005,-0.3288037733631655,0.017745078486817726,0.1785065911289776,-0.02293762097965034,-0.2043008742151333,-0.24317503111270156,-0.07067184045349408,-0.3243143488927064,0.009550994174802672,0.03500263387635911,-0.13229645641422783,-0.05834745974099618
rig_state_arkansas,0.1845340321191451,0.6376848100484885,0.4256732243330902,0.6330203787651122,0.5102213859151455,0.4698774934680508,0.7749606971798264,0.39906157203523085,0.7031479454689609,0.6828124516004721,0.9686345328333839,0.8274688960536084,-0.22614410133278715,0.6653688348566328,0.7450319696625372,0.686125621031126,0.38417385240351537,0.7823830880759417,0.6826763976115535,0.7434011191679645,0.1809205051738243,0.5949856368378983,0.7429244365860457,0.27905673117047636,0.39104694572062826,0.3707102555960003,1.0,0.6065140119271688,0.6351581782885165,0.7115204123334689,0.6398057602330564,-0.36199399107523444,0.2676680279364439,0.6336023346246451,0.39572147981166783,0.6507828095718377,0.5612965441423885,0.6410980260868921,0.4019076760515782,-0.1551374471436014,0.7576857542688873,0.4486440128086397,0.7034635590916868,0.5409860580083838,-0.37320488296664545,-0.008763953193072096,-0.007629688229791157,0.2302841883263088,0.6889112871562877,0.058182496110249456,0.7646766035460799,0.7219383840976465,0.2229209767566094,0.6943677945243569,0.36372394526862184,0.5488232117801521,0.6060172708928211,0.3549375403209016,0.3452118587187238,0.5803381939139753,0.6045670888250351,0.7674642473714717,0.5799228523535587,-0.046520260017630446,0.7469589622526883,-0.6781376245505586,-0.417527080181912,0.5699928111087192,0.08173661224448951,-0.729250108484458,-0.26311255348061124,0.31042415953820834,-0.08741814780617031,-0.5631404909260828,-0.4160007144164013,-0.03473984646482115,-0.7136336310076341,-0.024122143739956952,-0.1094187642878349,-0.3388639357497609,-0.17253663054443655
rig_state_british_columbia,0.2738519681388225,0.5625053894797043,0.698700302013639,0.4991149227239845,0.42807411924571154,0.28544826292238706,0.4534159941183525,0.23887922024058678,0.5223103203934146,0.548078504315316,0.6382544903836156,0.5863786475060433,-0.21089602340840263,0.48682797291624913,0.554772101990004,0.7302902040197876,0.3290718948445728,0.580029278466343,0.5341778863239425,0.6876492104695876,0.11450371990281949,0.5161276557857164,0.5112734803686373,0.42589242066424576,0.6715855726084665,0.23168599209001636,0.6065140119271688,1.0,0.39089045443502146,0.5404736374077029,0.37758915562688333,-0.39341101527012157,0.23112599867662362,0.41885282357784925,0.185109303285006,0.5530087110500587,0.4858419026609974,0.4910172359134566,0.5596527654373483,0.027209297991875575,0.4369485768376068,0.4902514783687475,0.5953228386703098,0.15270448915659685,-0.17092738268604601,0.023596878331676653,-0.17953307746646013,0.07210010313693385,0.5357993217915776,-0.06885292923818923,0.5810484324785804,0.497380204594711,0.16535179579565834,0.48223077443616763,0.4726936513077538,0.42540302885431613,0.48031316631831844,0.5027448112572702,0.32416391814317674,0.42094413959337823,0.45082362842284757,0.6518826971872389,0.5114455915839867,-0.0649244110828506,0.5893809923766515,-0.43428608388138223,-0.1870860858786131,0.3994228507094649,-0.001700044479972921,-0.47061738431597167,-0.07793171532005255,0.18767665904975228,-0.15268922730959597,-0.30741205519106735,-0.1835246703148715,0.16764095177099986,-0.4677471219725449,0.005854271677591822,-0.12143947761262727,-0.24829975619509184,-0.19223409443537046
rig_state_california,0.2046940671087026,0.8130274255812565,0.42527661630174174,0.8250870163382867,0.5947274135049165,0.6103783281241658,0.6468106354459375,0.5795557353293149,0.8094155899857831,0.7652238189350057,0.5944765645120043,0.6519962346465141,0.19535183117407207,0.807769298049571,0.7270634206745143,0.7054673422467881,0.7100277664904511,0.7421265315324176,0.8163787728250984,0.7416664002395185,-0.1786886025192885,0.8180011845709344,0.7017641884316853,0.12973786743501176,0.38980376125484045,0.29019246625632455,0.6351581782885165,0.39089045443502146,1.0,0.798772009451855,0.7506499177202222,-0.40506207857746673,0.15214538601350006,0.4649267652848117,0.44702327522008206,0.5806364134882299,0.4342430965012253,0.7610954829799467,0.3470134955675545,-0.3333014247671415,0.7925927637420754,0.38589743381830865,0.585970150191778,0.2733107528598977,-0.028226234994002536,-0.10264483460799859,-0.0991279413007151,0.3898086051954833,0.8215354234840262,-0.17802841621143975,0.7290144930164432,0.8045522553080935,0.14068692102823535,0.7857504718847905,0.43907852105586986,0.5283900277667788,0.8083718416434552,0.2718381119334574,0.4094835716466755,0.7883756456389294,0.8365743695356078,0.7700745756255915,0.7932792508434885,-0.09354738200154594,0.7939996066444501,-0.4874831304639261,-0.38483793511619846,0.25896707204244307,0.45894599796870944,-0.6746022109918413,-0.23261100915062138,0.3737757730852134,0.017268511788015053,-0.49386964519538895,-0.3662845605204068,-0.14362331323119365,-0.6469237203012509,-0.07727549081183314,-0.13682514359935788,-0.32328844118560784,-0.21672807929373536
rig_state_colorado,0.18556299128443213,0.9209573042039513,0.4976995799854496,0.927117281553156,0.6550084708517867,0.7512706958120866,0.7830353515762856,0.7522753067137758,0.9881190966189272,0.9151974286301532,0.6881968198850352,0.7510840739000243,0.12775112489342655,0.9194219292305955,0.9274307171463838,0.8316647610593716,0.7385157888249623,0.9154529519924441,0.9230076867825409,0.9154713324974362,-0.1468903452940452,0.8954194492119133,0.8627679711171803,0.2543783607825486,0.45558077844326683,0.27279360192184027,0.7115204123334689,0.5404736374077029,0.798772009451855,1.0,0.7445125871560755,-0.2431406678690871,0.2165049355450381,0.6327242207549277,0.3799637148383498,0.6823296731776881,0.6016303271636323,0.9049290870868756,0.42127325463263493,-0.39925281717370537,0.8331635373865526,0.4287641762197113,0.6684523862912632,0.3443517465969331,-0.07570611667183604,-0.03341656811244249,0.02755834920069158,0.3195406059485447,0.9244577436403221,-0.008334576657031967,0.9283658590323527,0.9375909552101076,0.13671270432122629,0.9076782989911609,0.4749111233747209,0.5229577209797301,0.913257603931751,0.3465610217094886,0.42835254570753456,0.8493509279948009,0.8646516939549201,0.9010017273616697,0.8865299200051984,-0.13788558948442706,0.8958500739968125,-0.6164494425358138,-0.21806569733819547,0.17044618338191783,0.40326262679758135,-0.7972113168158583,-0.34674248504840116,0.26915518181422643,-0.035139302237829045,-0.3801656777280897,-0.19888721976845938,0.004190088195774693,-0.813885886879592,-0.07684870107140251,-0.17494649986817648,-0.4046191758893648,-0.3587648263311927
rig_state_florida,0.28927615292202435,0.7233742685737097,0.3017237722463276,0.7617992621696866,0.6210085496385198,0.40681888275734973,0.6004361258512116,0.4065066904417826,0.7523937244121364,0.7418980960235021,0.6144735656078576,0.5871931212722645,0.106808695628374,0.7726839800843449,0.7194576561882143,0.5825560240962857,0.6586499531128658,0.6787017877662485,0.7611332218222644,0.6619484087431539,0.06870905057805815,0.7275793166093765,0.6817467269328374,0.16896678250498828,0.27864651160027815,0.2860447574791179,0.6398057602330564,0.37758915562688333,0.7506499177202222,0.7445125871560755,1.0,-0.18394106234917224,0.09585271312348471,0.45287038759989595,0.5365845695411713,0.6094527766041149,0.3859884680362864,0.7062319278462899,0.2585364319362602,-0.19289378514512454,0.7308984401504746,0.440813088510467,0.6482193069756287,0.29505676430314054,0.015491244756452858,-0.04494269829496723,-0.017012978957571232,0.34133209999923153,0.7584479655659258,-0.1352317098055062,0.6674740670597188,0.7162708469850669,0.19352013491786785,0.767702523723437,0.3262771061214695,0.6463072221446825,0.7502149810753823,0.3441637265000734,0.44848468818665865,0.7217800960593688,0.7693802406691017,0.7108733155410067,0.7102811566009418,0.03652809810113385,0.6873264898201825,-0.4702666783179135,-0.32755029349236264,0.31100577185133377,0.36681771297931753,-0.6449042275945415,-0.17593733548844842,0.28292883951751224,-0.07706760527296735,-0.444867831640422,-0.3417929288729241,-0.06271368654139067,-0.6245852636124473,-0.018303548429003866,-0.08884879864533557,-0.2498990309459909,-0.1560119537827674
rig_state_hawaii,-0.167819690846554,-0.26915686133101224,-0.30855441246729304,-0.24481769590294233,-0.13331873697141788,-0.2527727214030297,-0.20278109867750152,-0.3216198487557116,-0.24499060466729175,-0.2151017592243181,-0.3422995629084368,-0.4652776048934178,0.12432372534954744,-0.19791961167708588,-0.2636845883516651,-0.34347078130851755,-0.18401900408534042,-0.4025950210725286,-0.20834189412459878,-0.3255336637902321,0.17304154551491868,-0.24197187300909875,-0.24983213681063604,-0.13482415010410778,-0.29783186930214706,-0.10980598883838837,-0.36199399107523444,-0.39341101527012157,-0.40506207857746673,-0.2431406678690871,-0.18394106234917224,1.0,-0.12418027563469676,-0.16894415169805402,-0.04333805560576442,-0.2343852834408821,-0.20287607525587803,-0.16405737449231234,-0.3298460382638351,-0.0563291956493812,-0.3436316079604862,-0.11142701388900511,-0.16860820427694273,-0.06179647905113176,0.18115068664314746,0.07930858787826608,0.1489394017132808,-0.16434717187393424,-0.20991043973027232,-0.046873831322868674,-0.37924398756454947,-0.3405636232427745,-0.06257589409042033,-0.22592887434945969,-0.21085295692461245,-0.17383726842196745,-0.22356280933284794,-0.20277589422109757,-0.1788649361209802,-0.08568264470623349,-0.23148899184826247,-0.3926744711560488,-0.23059345137422976,0.08365553842568438,-0.32744214508450514,0.21799920991801586,0.11536893889824783,-0.22833566106969885,-0.1643824494971763,0.2000071899256101,-0.0173723899650655,-0.3287556539131612,0.21728199100011966,0.1799906865995153,0.07425088268755801,-0.16205597726067936,0.13653915097627484,0.019284806870757978,0.02637877470453913,0.060217615088422285,-0.07897094005752152
rig_state_idaho,-0.036322478902658765,0.12257446723578073,0.14123868999315287,0.12187388847207908,0.11867011020650899,0.25763917005693404,0.3033091449169713,0.12813892752917871,0.2463959236283515,0.14851132376033804,0.2713491331682126,0.2453455010765945,-0.20222204999808638,0.11315863199075665,0.3000646674783351,0.20315762164275775,0.001763183351099715,0.2463732922608202,0.19689072469901356,0.18468217019574998,-0.04501753116584296,0.09574160351236724,0.25714700967381016,0.18717554259826924,0.12212726354047808,-0.060630710934034875,0.2676680279364439,0.23112599867662362,0.15214538601350006,0.2165049355450381,0.09585271312348471,-0.12418027563469676,1.0,0.34357523665784384,-0.019534191079004035,0.307396967991817,0.38622190843316057,0.18056655238665326,0.12567632589946395,-0.19145728540189808,0.3482915402533639,0.030663514928792754,0.3516780718490652,0.11859226535989704,-0.25060817376787214,-0.08345972435966477,0.16230462309117558,-0.14154390799377098,0.20476861856665496,0.1843431122673121,0.25297731637930476,0.22558074826196917,-0.034552040250000096,0.11967056088481746,0.1077826801364278,0.14156738295270396,0.10181010218860297,-0.010155124821539088,-0.09876244777638608,0.16577149826310608,0.12843582112778665,0.21505328970039655,0.07933803095058595,-0.07047353217749708,0.3092381887882591,-0.3437026298230915,-0.24927014632536285,0.24080519646612739,-0.04357963535095531,-0.3228940757033693,-0.2102822500934728,0.05556376507369784,-0.034552768727251104,-0.2637459120395445,-0.19529864770753058,-0.08831517280737962,-0.33979752757857346,-0.062149786021981936,-0.1561839776661575,-0.20613241418595432,-0.09061863020056807
rig_state_illinois,0.15084364581314788,0.4676723142957802,0.30769454954596126,0.4599950206747375,0.4000025086054579,0.563112172792108,0.7651928104730625,0.4138931583246175,0.622674491940934,0.5373137764992547,0.6798096215881985,0.567458255188137,-0.12587574111573727,0.524967526533541,0.6744911399587753,0.5251813225622667,0.19624727099496703,0.6352009755241792,0.4991366453106768,0.5916226583217286,-0.07782980665426664,0.42387974922116145,0.6238652632913896,0.0814499301152412,0.2768810614381182,0.3062247975902583,0.6336023346246451,0.41885282357784925,0.4649267652848117,0.6327242207549277,0.45287038759989595,-0.16894415169805402,0.34357523665784384,1.0,0.032631617222516694,0.540783981579772,0.6056748867636379,0.6671215826580055,0.29804500089040253,-0.3137970512144065,0.5595119119419645,0.2850085033882037,0.592483084311334,0.30227547125923715,-0.4597959036125468,0.08514590220365717,0.23514507182082092,-0.0068972545957682665,0.5031486294238963,0.17782701221988131,0.6534643891139913,0.6134092432087159,0.12357973514290205,0.5071937622730049,0.2746880686897496,0.39863124572990416,0.4326017701693188,0.26788919288324925,0.32225958103358116,0.522778506949427,0.4370576177891662,0.5204007365200798,0.41799680415891904,-0.06367689058914053,0.7048384966250135,-0.7469016730399369,-0.5036574301725155,0.38811186135445536,-0.09771276064300226,-0.7129400819490816,-0.32197005804300505,0.4270589080690026,-0.11949382414263794,-0.5977391880974505,-0.429068887902064,-0.2518144356859751,-0.7023605931374297,-0.08502173366526106,-0.07984206579140553,-0.14469374266903434,-0.10836935858365696
rig_state_indiana,0.011119817357035704,0.3844068467220585,0.16327603172360547,0.3906623675710652,0.26458173565423,0.1269879140125032,0.2656277306775127,0.1562345031395601,0.39855150030105,0.319985581387231,0.34172066188330597,0.2777273725965259,0.03623411681081323,0.4726100210523116,0.37241194228878327,0.3203656601373236,0.38885053081588483,0.30698161016058056,0.35987614892711955,0.3143957266355379,-0.02265851533064214,0.38467027226055905,0.44922205640374674,-0.15264908093053117,0.1353666268938862,0.28752733010600035,0.39572147981166783,0.185109303285006,0.44702327522008206,0.3799637148383498,0.5365845695411713,-0.04333805560576442,-0.019534191079004035,0.032631617222516694,1.0,0.3738032308213812,0.20398678193590944,0.35461386456730476,0.1312984670558977,-0.35134739243115054,0.49939835919102776,0.20836651774255305,0.32994471469167,0.20433433438052004,-0.09724154251927974,-0.15480977946267468,0.03734859173990449,0.21511220647116314,0.3568744333788132,0.07882452570674282,0.3137428339327812,0.3920193401246111,0.0571512797568701,0.5033058537365905,0.21658292277178862,0.4818409940582713,0.40198559059298156,-0.004356823455552703,0.31359206611200297,0.36394869881096814,0.36707989704849237,0.3004729128903288,0.3818768881243326,-0.00489772436407858,0.4137635833626049,-0.426843496308096,-0.4432475728473134,0.44103371831880345,0.07874426350383554,-0.5048230888577697,-0.28287876452961047,0.11491599310180958,0.09858803611566995,-0.45556323446914987,-0.5017015961843613,-0.29389475418639516,-0.48445896222510454,0.06768114404962908,0.04047354037536525,-0.2090313033330437,-0.035620953444072435
rig_state_kansas,0.2684322421932806,0.5956008557278036,0.34300881991073495,0.6112224508893099,0.5746342294317985,0.42570823815919606,0.6923470009395287,0.365761215694297,0.6878883841774894,0.6637831016105218,0.6412789246482401,0.6401786817853297,-0.12139027975753645,0.6585000760876424,0.7726185831449509,0.5870087266651967,0.39853170186487696,0.6555004726900078,0.6717216503133768,0.6779787376945664,0.028571548139707737,0.5573560673066493,0.6593111142027079,0.3962876445555982,0.3293602969695453,0.301801582787016,0.6507828095718377,0.5530087110500587,0.5806364134882299,0.6823296731776881,0.6094527766041149,-0.2343852834408821,0.307396967991817,0.540783981579772,0.3738032308213812,1.0,0.6000759504706241,0.6717806173134113,0.20542724125979886,-0.2790494311446802,0.6947183391133379,0.44891753254248873,0.8279766907115852,0.32783893948053744,-0.236326119524003,-0.08763687375686738,0.17719457229521335,0.23713666003723974,0.6720037174277912,-0.07139847514889558,0.6691312576203302,0.67890515452822,0.18739885879183477,0.6385445721132038,0.2296016444536873,0.5157327638250926,0.5765093950965489,0.34733548559868005,0.35452949377579107,0.6633432239679029,0.5473087016802678,0.6582043788438268,0.550265933626703,-0.07490651379284684,0.7145836687332494,-0.6166148102309417,-0.3885455120210129,0.41788410495986167,0.17656360496465587,-0.7135933629613332,-0.23176739055846204,0.19466274322685484,-0.09682010776960692,-0.5189731881679246,-0.34980521726118163,-0.054630533659507284,-0.7175511943234232,-0.07146136018834091,-0.008414609670040143,-0.23569755246112445,-0.12189524078055801
rig_state_kentucky,-0.10423328926069277,0.4120868816709105,0.2733629120743359,0.40847762076272204,0.2898976442955305,0.5356003599261094,0.676961789547744,0.44689338952304314,0.5857063016023116,0.40766870802007615,0.5900638460637381,0.5818324433748183,-0.3203085510099956,0.4367113221696284,0.6568096155146137,0.48742932790492666,0.181794279133452,0.6245468761000181,0.44993374815198706,0.4985175796441796,-0.17239078742580455,0.37362147080276464,0.6596121008028605,0.14083489897018195,0.2257019127444904,0.0485313696930405,0.5612965441423885,0.4858419026609974,0.4342430965012253,0.6016303271636323,0.3859884680362864,-0.20287607525587803,0.38622190843316057,0.6056748867636379,0.20398678193590944,0.6000759504706241,1.0,0.5131004097243712,0.269905058997909,-0.3233684688037727,0.6008982406049553,0.1674009358547058,0.6852360246401255,0.08245329499319869,-0.47648395216338596,-0.07414615014148551,0.21424929148233202,0.12108337859932679,0.4653776081083027,0.16685696254690924,0.6323247278338722,0.5986210113351721,0.02206694246095855,0.4411818529902806,0.19414521313468114,0.22897205382037908,0.3793774077800311,0.12219746688187788,0.18024619268807407,0.4455876856208072,0.3813018491032354,0.5457534262531568,0.35780610672361673,-0.10617776166732021,0.6406323868566893,-0.6678419174147748,-0.39581628737080626,0.4555256387652379,0.06026157755501559,-0.700996379196231,-0.4817410018263641,0.14629473940713134,-0.0780504957220808,-0.5299912828415957,-0.37292617400459466,-0.21006392537101456,-0.6875710662495642,-0.10306945862604416,-0.047906202624565415,-0.25729535335716497,-0.12063809140389331
rig_state_louisiana,0.2990008010471125,0.8651172836883488,0.42718714918435385,0.8786833843942223,0.6638756986890618,0.6921004139160007,0.7325082731292937,0.6372603128232441,0.9179527022536937,0.897400426296647,0.6345502263310344,0.6265899160099605,0.3352117079099288,0.9254290057419183,0.839384920803772,0.7425037245647188,0.6925391102073948,0.8064048021362211,0.8684473457465962,0.8843491980825471,-0.21882261327502486,0.8393614778092408,0.7529145213312163,0.17556742574841613,0.39645691729676474,0.26304779241835985,0.6410980260868921,0.4910172359134566,0.7610954829799467,0.9049290870868756,0.7062319278462899,-0.16405737449231234,0.18056655238665326,0.6671215826580055,0.35461386456730476,0.6717806173134113,0.5131004097243712,1.0,0.31135076666246964,-0.43760823633715634,0.7137204310980315,0.4306889811499566,0.6534310154922203,0.2937849629178384,-0.04707308917977948,-0.002859895352499919,-0.056321176534517126,0.2095785612255223,0.8687798120039953,-0.133768534755758,0.832924614382151,0.8527372429609656,0.15386284290890093,0.8781576574568436,0.406978617967226,0.5052756155572525,0.8582521678298293,0.3963483921957671,0.38557248424659724,0.9108239771041071,0.8091649072503024,0.7578651722588089,0.8484065998339407,-0.11501708567417936,0.8147060459213218,-0.5949351999019701,-0.35169707820988144,0.1579622780824261,0.37572319559205963,-0.734167425115751,-0.1954472137292795,0.38896869896947905,-0.09327090822719832,-0.4836461496389379,-0.2915164352847537,-0.08795130245137894,-0.7459059588072566,-0.08604778952633317,-0.13062905566039545,-0.27103579314034093,-0.26752750598508807
rig_state_manitoba,0.22677365266501984,0.5094494118016817,0.8421902363387767,0.3975197117898037,0.22073089549621858,0.2745663451016217,0.34298859816981797,0.30427596693178943,0.3929981781877633,0.35735918900152364,0.4040617332868187,0.4742638142705422,-0.03165078728462585,0.2912856118751677,0.35611907272861976,0.6966480670136859,0.35642425516588433,0.4788837057305521,0.3682162151909957,0.5150947296062525,0.045793589544948186,0.49753451446679897,0.360872261121445,0.19800138298120118,0.7922947363723292,0.09891713211882919,0.4019076760515782,0.5596527654373483,0.3470134955675545,0.42127325463263493,0.2585364319362602,-0.3298460382638351,0.12567632589946395,0.29804500089040253,0.1312984670558977,0.20542724125979886,0.269905058997909,0.31135076666246964,1.0,0.020035657048554985,0.3686423227524216,0.3758364074370908,0.2856860110398989,0.22661903054965313,0.013767278928073614,-0.0443058987903098,-0.04125660318103019,0.06164905905677924,0.3706351119805865,0.0841303802682613,0.4591756327515349,0.41226649390977177,0.19493259080678357,0.30555446728671,0.8333760768031652,0.4359509037530735,0.3941831945747911,0.3525117581142998,0.20992548694990018,0.24452080034611748,0.4174710655971966,0.5271869558940608,0.4890456192102423,-0.11274339161847961,0.4474280196889798,-0.22875189882727237,-0.023910569624422614,0.11009065951921553,0.14218635527184847,-0.26456316114393996,0.005436625091474694,0.27669776682456576,-0.1289000108072047,-0.06588515731058081,0.02986260171260718,0.2085669111002245,-0.25790150969395514,-0.019408810875607703,-0.1654318462781817,-0.1369292496918759,-0.2203612874452848
rig_state_michigan,0.27904092009939374,-0.2685528136423754,-0.002899789820387265,-0.2808858014293987,-0.08105261703014673,-0.5162394650906731,-0.3453272668961752,-0.44324927694265887,-0.4095059750861575,-0.2625934192434223,-0.12606724010017611,-0.11878441980592981,-0.11714514843709148,-0.42807883744154845,-0.3889533269394754,-0.18831465546292397,-0.12484249562012392,-0.3150982122145051,-0.26043396246134665,-0.2813083768009218,0.5057578830217099,-0.24247883115890578,-0.3617755282377833,0.163282288452961,0.03453874214192843,0.09971013232253119,-0.1551374471436014,0.027209297991875575,-0.3333014247671415,-0.39925281717370537,-0.19289378514512454,-0.0563291956493812,-0.19145728540189808,-0.3137970512144065,-0.35134739243115054,-0.2790494311446802,-0.3233684688037727,-0.43760823633715634,0.020035657048554985,1.0,-0.3794066518230817,0.14610277685214246,-0.2601633329857372,0.04017678546510651,0.32792697765618267,0.11170320854004198,-0.13773147396633154,-0.0480984663075681,-0.2662560256581746,-0.12709670256339614,-0.36007076954707445,-0.3868888440164448,0.2182868694027557,-0.39539130424844166,-0.06815530884430863,0.016192889701199847,-0.26862161567300435,0.3426453890762881,-0.10573303236356399,-0.3922848743050898,-0.18118701085168082,-0.1870684952483653,-0.24689320049324542,0.050469365319450385,-0.42760628435071946,0.4892366032610593,0.46033878737111955,-0.14246699964237247,-0.0726128543280662,0.5249160050617399,0.5208074354674893,-0.00312623300068378,-0.07243152156205844,0.44525718568699596,0.3703500044345756,0.3982368933072904,0.5353343914261447,0.12196659932674228,-0.047256880905508294,0.07982921385266406,0.017723388831888884
rig_state_mississippi,-0.015872633898512192,0.7265902968149546,0.3435523991696794,0.735741006603422,0.5338086399357366,0.6384551160165564,0.7343292410514529,0.6438952359358968,0.8441813543939659,0.7031225985246371,0.7352548368091785,0.7523186203447864,-0.11593565420120806,0.7680982635837623,0.851225769408227,0.6861615201689844,0.5316992117629952,0.8138403246031626,0.7656005298535361,0.7325935998853529,-0.15322654194332855,0.7003852843000594,0.8648556008620077,0.14060065152372228,0.2901677687902263,0.29377966919007337,0.7576857542688873,0.4369485768376068,0.7925927637420754,0.8331635373865526,0.7308984401504746,-0.3436316079604862,0.3482915402533639,0.5595119119419645,0.49939835919102776,0.6947183391133379,0.6008982406049553,0.7137204310980315,0.3686423227524216,-0.3794066518230817,1.0,0.2769041796034033,0.7159968308866322,0.3266754778135275,-0.3092866852290179,-0.1136566135974239,0.12682534980882842,0.35552563123820025,0.7733862907919453,0.06150366158983589,0.8106790514899956,0.841724080745759,0.16295185864500625,0.7738444761647496,0.3570004543545647,0.5371303375967302,0.7161115999487386,0.10903972861165902,0.3901716130661267,0.689753172198251,0.7274108438915199,0.8347795109993209,0.6679828279703861,-0.09092201620794785,0.8581697549201841,-0.7013973943874068,-0.39612371170328853,0.4375657111518442,0.26157342470246636,-0.8544199712495795,-0.5121648544314118,0.16592019053366974,-0.034036997811557,-0.5356465139240776,-0.42345039103674964,-0.18794785116048293,-0.8428675684560268,-0.05599668441188247,-0.10725006976089563,-0.4076149839647986,-0.2543612667146639
rig_state_montana,0.6223142397004177,0.5292874674854806,0.5301719752401016,0.5261374361511796,0.5317924589948368,0.08641892735314867,0.4043257801633182,-0.00438319771498951,0.4002985242296115,0.5329848745934546,0.4769066015822152,0.48617828696023363,0.14977081935285902,0.3904291450849691,0.38457618175955827,0.5390149744563916,0.5490077275324164,0.4218171752828564,0.5070019390870674,0.5168624676297328,0.40044126784451134,0.5419386612958069,0.29945772557605266,0.41404334478840515,0.5741184372771141,0.3053913630141912,0.4486440128086397,0.4902514783687475,0.38589743381830865,0.4287641762197113,0.440813088510467,-0.11142701388900511,0.030663514928792754,0.2850085033882037,0.20836651774255305,0.44891753254248873,0.1674009358547058,0.4306889811499566,0.3758364074370908,0.14610277685214246,0.2769041796034033,1.0,0.37936211673852543,0.4006833368949884,0.3004473504355377,0.039609986828958846,-0.10245158824153533,0.11883689503321022,0.48017195078602004,-0.23088660171429645,0.4027086158303516,0.4115512815644341,0.19686641914460273,0.41089142107318266,0.37250807720011075,0.5115413402325814,0.5275952980367118,0.7284520681490276,0.34208533028158933,0.39052316610588916,0.522728656589317,0.45766312012371285,0.5627844995422211,-0.004998180799261326,0.32704517231026975,-0.062151687517692594,0.00511917875440202,0.10975650410075338,0.3025170558333742,-0.15302695229437777,0.3823777973736471,0.4635590285055269,-0.04171556844147963,-0.06497237028622993,0.05372904464113739,0.3837962668689867,-0.189836874563021,0.013086642488647578,-0.23250491884792937,-0.20014671564924072,-0.2772408034331728
rig_state_nebraska,0.09039813145322706,0.5378454568696223,0.33396224441850003,0.5498228479978686,0.5830781954923252,0.4122257618177815,0.7234765387090143,0.3129638974136098,0.6754796616126402,0.6296489401441387,0.7117443868282725,0.6464594930194452,-0.2707075577350252,0.6047035526584582,0.7539271213664918,0.5784516519516607,0.27288273418569786,0.6282485127158193,0.6644487491541833,0.6263912700535724,0.025442881324192666,0.5015292938484873,0.6676350234052364,0.38455212490478974,0.2838125234827859,0.2814881570274429,0.7034635590916868,0.5953228386703098,0.585970150191778,0.6684523862912632,0.6482193069756287,-0.16860820427694273,0.3516780718490652,0.592483084311334,0.32994471469167,0.8279766907115852,0.6852360246401255,0.6534310154922203,0.2856860110398989,-0.2601633329857372,0.7159968308866322,0.37936211673852543,1.0,0.2584651167406211,-0.35240324900902664,-0.0684736691392671,0.14228624666456968,0.30847707749968545,0.6690645596841998,-0.07629132014899734,0.6330666830030947,0.6325973907755983,0.15689953890834266,0.5739332294786335,0.2567506592897479,0.470272127127049,0.5062371702579859,0.2425219446863613,0.3264932868708824,0.648986839952008,0.5362862365699244,0.6679448107542113,0.474263767237121,-0.08579820475648561,0.7270090629188035,-0.630752672029591,-0.47212331694590565,0.5326607707518194,0.09414012215952025,-0.7602273212671911,-0.3612442221238645,0.13425135480581535,-0.07487858761456061,-0.6347185357193064,-0.4584995655358793,-0.17494747530411983,-0.7489436695525853,-0.025774356790544465,-0.08722478304446832,-0.3183578670212889,-0.22788435947466776
rig_state_nevada,0.4124988126556789,0.3469115838021693,0.23872904204317597,0.33905969776768907,0.25366119005968263,0.1121146002564717,0.44300014253440323,0.10764765275013648,0.3374194833919752,0.3690058659177505,0.487111986750214,0.44522520313098435,0.06317192000495292,0.32917074216182113,0.3487478711800826,0.338110929782135,0.29909119513016047,0.3645666841511824,0.34448338676746726,0.38903189262848575,0.48760139461644025,0.3327834048604811,0.3095084394243761,0.1544193118569918,0.23971684950668992,0.37001729958076796,0.5409860580083838,0.15270448915659685,0.2733107528598977,0.3443517465969331,0.29505676430314054,-0.06179647905113176,0.11859226535989704,0.30227547125923715,0.20433433438052004,0.32783893948053744,0.08245329499319869,0.2937849629178384,0.22661903054965313,0.04017678546510651,0.3266754778135275,0.4006833368949884,0.2584651167406211,1.0,-0.02780422605397777,0.11104376273027745,0.0829723557941308,0.12708340844349134,0.34578940100842415,0.18870107401725492,0.35086552542636096,0.3569026879917691,0.20712122283378284,0.3724119508655487,0.2410713217206432,0.3931090203877648,0.34535660150123293,0.3458450371297151,0.22446601859115675,0.3019203367907805,0.31354403651099155,0.3427026155999821,0.33983614904240766,-0.10944268531942825,0.3196100721246375,-0.2907700844485442,-0.07473842331357092,0.10803810929764897,0.11355183995980744,-0.2739961384511234,0.15402118234831252,0.31430831043972735,-0.09284940226583993,-0.10971117022747294,-0.05774484130130005,0.17989562398308342,-0.3151046608292693,-0.009688432912018033,-0.03322134461333666,-0.1263063236012288,-0.08564404741637857
rig_state_new_mexico,0.46830287784729085,0.16798408626674252,0.1547822290122253,0.1943370429943151,0.12911008529215473,-0.2161957036838504,-0.3830557583389388,-0.12932459739297522,-0.0651061643210959,0.11732942735150854,-0.3925929782610542,-0.2316656929054426,0.5730092470843043,-0.015170009986955184,-0.2345285508565042,0.022848234361553078,0.48758445560386376,-0.1747993874525689,0.11794309446625771,-0.03332063040334867,0.20450279759330922,0.23916176883459442,-0.31738266093734785,0.22773232846858177,0.2131630553756339,-0.09065050957207714,-0.37320488296664545,-0.17092738268604601,-0.028226234994002536,-0.07570611667183604,0.015491244756452858,0.18115068664314746,-0.25060817376787214,-0.4597959036125468,-0.09724154251927974,-0.236326119524003,-0.47648395216338596,-0.04707308917977948,0.013767278928073614,0.32792697765618267,-0.3092866852290179,0.3004473504355377,-0.35240324900902664,-0.02780422605397777,1.0,0.04738168254458131,-0.28297469702372974,0.05249662303037503,0.10319733601068079,-0.3036238604984132,-0.1838615051113042,-0.11026899338742926,-0.04592943991615258,-0.008059928564451129,0.1582978888201446,-0.048916898893402554,0.2232099840237961,0.3974906084367902,-0.05450500774102235,0.04966489639927144,0.21043938061798415,-0.06876065019411547,0.2601626344387534,-0.030991748365489884,-0.2954405923504573,0.7109356183531913,0.6309204576675358,-0.7033019287079065,0.5458040608423232,0.5590542365455543,0.6575704914074804,0.04999403778110869,0.08943735278429985,0.6442175972126731,0.6620942869442471,0.5541241620703599,0.5065126440522904,-0.016964214507073548,-0.19169175670777902,-0.010994190309817896,-0.265525512143043
rig_state_new_york,0.15114891783422418,-0.012851076445272515,0.011819370308116833,-0.013129818103381243,-0.003070949449024335,-0.0010808356478814159,-0.02014743178207147,-0.054587756044107115,-0.014106470895186893,0.02629619658375188,0.004447422652622373,-0.051957417752363684,0.03147162072756533,-0.020924668546365523,-0.03675113823591755,0.029693202708985334,-0.020793453948123743,-0.05765559259578179,-0.0488355068688188,0.03062915025888408,0.11969553577450362,-0.01744675000732549,-0.08626658857904632,-0.04498796504763369,0.03285177482228812,0.0772083938348241,-0.008763953193072096,0.023596878331676653,-0.10264483460799859,-0.03341656811244249,-0.04494269829496723,0.07930858787826608,-0.08345972435966477,0.08514590220365717,-0.15480977946267468,-0.08763687375686738,-0.07414615014148551,-0.002859895352499919,-0.0443058987903098,0.11170320854004198,-0.1136566135974239,0.039609986828958846,-0.0684736691392671,0.11104376273027745,0.04738168254458131,1.0,-0.060039662783009526,-0.10000013996267906,-0.048559584505849226,-0.05540377186847014,-0.04297677834882238,-0.0599044059193965,-0.03157355627632809,-0.010745184880555212,-0.02824088013128605,-0.029126379052974407,-0.007268997383680896,0.1447086550060922,-0.005526087596025253,-0.08374675293871973,-0.028455661911905898,-0.06404976343704472,-0.0037177621152943304,0.0594883630096282,-0.037833424192772795,0.020919902192939155,0.07464238662222208,-0.10306301109408895,-0.03752481066640309,0.06145303996759523,0.1326257737406201,0.14928194916302714,-0.03157422195677168,0.07314299759250709,0.09232988911348988,0.06231404132675001,0.05061827173626375,-0.11596988867503007,-0.0238955311257296,-0.035827006749181316,-0.020880115985030073
rig_state_newfoundland_and_labrador,-0.11182760636448164,-0.14782112518743637,-0.17485687811874254,-0.13616399997952022,-0.01985884409079906,-0.052023738741688696,0.2010384939102272,0.013726484334764446,0.010406208243702425,-0.10478121171903602,0.00033344990552337984,0.05164845525774021,-0.2778672598698395,-0.14937065345114162,0.1310821720405508,-0.13042713831420782,-0.1708446962782539,-0.004222259845820867,-0.1001154797727256,-0.15543953696285673,0.07152041451808852,-0.14779025306725763,0.17451492419173822,-0.14264577781862584,-0.19270353825403722,0.28236360867551413,-0.007629688229791157,-0.17953307746646013,-0.0991279413007151,0.02755834920069158,-0.017012978957571232,0.1489394017132808,0.16230462309117558,0.23514507182082092,0.03734859173990449,0.17719457229521335,0.21424929148233202,-0.056321176534517126,-0.04125660318103019,-0.13773147396633154,0.12682534980882842,-0.10245158824153533,0.14228624666456968,0.0829723557941308,-0.28297469702372974,-0.060039662783009526,1.0,-0.06534948036224608,-0.10050350166468887,0.2897984869504037,0.013628246021482661,0.04036125578028022,-0.024856214910740335,-0.1664435232136363,-0.09832133088145185,0.10065338777901546,-0.13622658702032303,-0.1181965871566189,0.149364947491837,-0.04211324729999238,-0.12845368715771177,-0.054927488801672995,-0.15764213002069039,-0.05069759263558501,0.0942257659952973,-0.2918865775349078,-0.106026831510516,0.15976963366963542,-0.24958028718527955,-0.22494550654441664,-0.22694594104589774,-0.08350593038948477,-0.02485673896625132,-0.11917244622192519,-0.13620208666578384,-0.17601070778483463,-0.2296023939092136,-0.017608671988512344,0.10143795249536956,0.0023331938214687007,0.0521364419140799
rig_state_nl_offshore,-0.05170992188913441,0.3023270452573952,0.06783445543490602,0.32649813832758445,0.35312581692574585,0.21924348078595576,0.2061603194322211,0.21788924571048257,0.29597334463429315,0.3114997688295282,0.1958005090696393,0.30369900758323104,-0.11890171275982496,0.2776752917459294,0.2892291025484526,0.24103644256850282,0.2604276637608852,0.22047135744242985,0.38233537022199404,0.2127334897639425,0.09283863618582211,0.32098435384834106,0.28266843199871894,0.219697962643705,0.015869392610261296,0.1726523146502336,0.2302841883263088,0.07210010313693385,0.3898086051954833,0.3195406059485447,0.34133209999923153,-0.16434717187393424,-0.14154390799377098,-0.0068972545957682665,0.21511220647116314,0.23713666003723974,0.12108337859932679,0.2095785612255223,0.06164905905677924,-0.0480984663075681,0.35552563123820025,0.11883689503321022,0.30847707749968545,0.12708340844349134,0.05249662303037503,-0.10000013996267906,-0.06534948036224608,1.0,0.3790440852347328,-0.1288351270403161,0.2092715744637404,0.3013146353793215,-0.07821007431812677,0.29824327376638177,0.13666219017637557,0.14739202737877635,0.3127605622130056,-0.0001027150145728535,0.0927645199215376,0.2710675157964818,0.3254587495374772,0.40620927650049155,0.2762834524698337,-0.09402061077803811,0.29240711113052975,-0.0901022629696472,0.01715101669078403,0.10475978145922192,0.28192351683233335,-0.25751292876867043,-0.19346135264979508,-0.1248277358136721,-0.023078869158295386,-0.10032847046331328,-0.0492380201542931,0.03442034769262853,-0.2463994999026921,-0.0643887891937,-0.12476581078344295,-0.37406781888811125,-0.2208828470736367
rig_state_north_dakota,0.2637036468786026,0.9350991105439422,0.49780929745292446,0.9515563753358094,0.7350630037568993,0.6707950138392207,0.7220746366581194,0.6658408005549751,0.9288939063910949,0.9580747337172144,0.6523200660943956,0.7225799557598105,0.16674267356048308,0.905893813391963,0.8659792881190911,0.823326660502861,0.7861315835884706,0.8380558336358035,0.9979566053869733,0.9009151214344848,-0.04248504363041832,0.9221093350921626,0.7688741751007857,0.38341016501212527,0.4631289832175605,0.29612740220646566,0.6889112871562877,0.5357993217915776,0.8215354234840262,0.9244577436403221,0.7584479655659258,-0.20991043973027232,0.20476861856665496,0.5031486294238963,0.3568744333788132,0.6720037174277912,0.4653776081083027,0.8687798120039953,0.3706351119805865,-0.2662560256581746,0.7733862907919453,0.48017195078602004,0.6690645596841998,0.34578940100842415,0.10319733601068079,-0.048559584505849226,-0.10050350166468887,0.3790440852347328,1.0,-0.16286479810337445,0.8370234034283688,0.8883960664822826,0.17950245669157114,0.8951857436575053,0.45849347278653346,0.5341329210989001,0.9361659111850242,0.4074934845393221,0.39581490456162705,0.8880421254042289,0.9112302933878142,0.8873688712181036,0.905823130250332,-0.09970515966339039,0.8385953184985157,-0.4503668332789529,-0.1250947473499215,0.09990866841293361,0.47537756947748927,-0.6787714437011251,-0.2062440681775385,0.22087674534006302,0.00894398749689645,-0.2941504428582644,-0.1110801353460441,0.10873401219591987,-0.7047759941496375,-0.08644452087045228,-0.21772430156828151,-0.43730008795332753,-0.3945997473533451
rig_state_nova_scotia,-0.21841293143271945,-0.15696260961396763,-0.024135484203450117,-0.1775110382346437,-0.24899215415110354,0.03149041570479912,0.06690198403617832,0.11539151049253543,-0.006359786095913104,-0.22636848572463,0.06587968644554196,0.03949388214055614,-0.3004347456720718,-0.14095016232728833,0.02098966219217932,-0.04718613535574771,-0.2369342722696943,0.047573438179452816,-0.17551455771194385,-0.08560038468358855,0.05269219849807464,-0.1851100213367669,0.08442788265054381,-0.09912577386579911,-0.04235291119290906,-0.040248995579428,0.058182496110249456,-0.06885292923818923,-0.17802841621143975,-0.008334576657031967,-0.1352317098055062,-0.046873831322868674,0.1843431122673121,0.17782701221988131,0.07882452570674282,-0.07139847514889558,0.16685696254690924,-0.133768534755758,0.0841303802682613,-0.12709670256339614,0.06150366158983589,-0.23088660171429645,-0.07629132014899734,0.18870107401725492,-0.3036238604984132,-0.05540377186847014,0.2897984869504037,-0.1288351270403161,-0.16286479810337445,1.0,0.048684636677582147,0.009213570369784433,-0.022936971938124103,-0.0793610595987927,0.00831226208057145,-0.07916456312781245,-0.1775542869874447,-0.2473446584554507,-0.06556230766104784,-0.20517550544767155,-0.16547109197335003,-0.06319846092605214,-0.1961936193949252,-0.046783038519287785,0.07367558527637905,-0.24291459841300905,-0.030405984349579192,0.06925103279254054,-0.24673323880004575,-0.14360171484700138,-0.29021105960588167,-0.002996543936389536,-0.022937455529314175,-0.03490691597545568,-0.058580866978492144,-0.13761322087605243,-0.14202481422773938,-0.0005158753181603678,0.011088908708120055,-0.02866241837816249,0.004782702244794494
rig_state_ohio,0.2096777859610066,0.8687470845035801,0.5210546579472765,0.8653483307679711,0.5661741734066793,0.7547189729813603,0.7857766076303668,0.7662688787478664,0.9169141580648414,0.8460465830184746,0.7303370387594855,0.8118458027775405,0.0839808837260707,0.8445087201186379,0.8958159956807789,0.8142914139605864,0.6702943698026956,0.9909064604199083,0.8311827828511169,0.908046289817859,-0.13088850827732318,0.8343423282596418,0.8426861650674674,0.21647508902250748,0.49257627486711003,0.25069103137817006,0.7646766035460799,0.5810484324785804,0.7290144930164432,0.9283658590323527,0.6674740670597188,-0.37924398756454947,0.25297731637930476,0.6534643891139913,0.3137428339327812,0.6691312576203302,0.6323247278338722,0.832924614382151,0.4591756327515349,-0.36007076954707445,0.8106790514899956,0.4027086158303516,0.6330666830030947,0.35086552542636096,-0.1838615051113042,-0.04297677834882238,0.013628246021482661,0.2092715744637404,0.8370234034283688,0.048684636677582147,1.0,0.9260201986284128,0.12655690547572115,0.8476139238791102,0.4389970114148045,0.467734882247687,0.8490228288834073,0.3830290191885244,0.38421275695469603,0.7477132652299393,0.7990890601418208,0.8688431227057578,0.8336045995299605,-0.14562689823088582,0.8599977993260761,-0.646959454574843,-0.23425489446730294,0.20669792650715474,0.3798204608237461,-0.7644682281316245,-0.3004204950961447,0.34485150834877176,-0.15593181778357515,-0.3834260553266396,-0.18236846489048567,0.0555937540419384,-0.7561456798795839,-0.048939323951123326,-0.10799663269988839,-0.3401831871353684,-0.2316574139220749
rig_state_oklahoma,0.1989926056950101,0.9043191724310266,0.5003472418102143,0.9061504499747352,0.6403340350870383,0.8012632934518764,0.8184745913735991,0.8127583738972645,0.9299759835984418,0.8859363532046858,0.6781728623910862,0.8327906558926219,0.11661478026261078,0.872309963855031,0.920780383720299,0.8241257932908,0.7362341656167498,0.9308345505696811,0.8836800088759973,0.8949705286157634,-0.1704140945597317,0.8799490173278391,0.8638643812458382,0.23972679068918354,0.4712421054680714,0.26819349147501803,0.7219383840976465,0.497380204594711,0.8045522553080935,0.9375909552101076,0.7162708469850669,-0.3405636232427745,0.22558074826196917,0.6134092432087159,0.3920193401246111,0.67890515452822,0.5986210113351721,0.8527372429609656,0.41226649390977177,-0.3868888440164448,0.841724080745759,0.4115512815644341,0.6325973907755983,0.3569026879917691,-0.11026899338742926,-0.0599044059193965,0.04036125578028022,0.3013146353793215,0.8883960664822826,0.009213570369784433,0.9260201986284128,1.0,0.16732804296200393,0.8607653408980263,0.45378524344321763,0.5161331003886278,0.8925380132931608,0.33346982408937603,0.3769515123109009,0.8106662782762024,0.8614836743452537,0.8694396372711607,0.8733469759449773,-0.12117406770274765,0.8968676054378887,-0.6335562857270411,-0.20963354136731488,0.16946719516227726,0.4396719037554034,-0.7754272211997095,-0.29644489776883837,0.38198343673464585,-0.12776548510845323,-0.3585582440227741,-0.169817325508293,0.05899732350779762,-0.7904274981455081,-0.10939058445167527,-0.15167149794299137,-0.3985652848982852,-0.2955849889870305
rig_state_oregon,0.14688386623269856,0.18775269647105441,0.19289615430747278,0.1507263942255554,0.17851911711819704,0.025576672453264043,0.1908208552014988,0.022964830974461656,0.13415209171792997,0.19354173735047497,0.2207543373478236,0.17503130881658766,-0.0216130758754721,0.19422375264991049,0.1960992783940409,0.18776903063461145,0.12260252687186991,0.13420372816922163,0.18913348351294748,0.19546882811827393,0.1102561803848553,0.18135692950925592,0.15837791285507646,0.025139927993062222,0.1941824881032346,-0.02293713738497207,0.2229209767566094,0.16535179579565834,0.14068692102823535,0.13671270432122629,0.19352013491786785,-0.06257589409042033,-0.034552040250000096,0.12357973514290205,0.0571512797568701,0.18739885879183477,0.02206694246095855,0.15386284290890093,0.19493259080678357,0.2182868694027557,0.16295185864500625,0.19686641914460273,0.15689953890834266,0.20712122283378284,-0.04592943991615258,-0.03157355627632809,-0.024856214910740335,-0.07821007431812677,0.17950245669157114,-0.022936971938124103,0.12655690547572115,0.16732804296200393,1.0,0.19294638085484592,0.1704166021513017,0.29654908248035833,0.1430770339664436,0.17510168141426757,-0.037362712695019076,0.15086175032745264,0.14951851815090983,0.1570420897574012,0.1705501379700846,0.24502102355810734,0.19547087543256572,-0.19548247876401117,-0.056325644427899446,0.18163511553888304,-0.15468152942908436,-0.1891361021686731,0.0005275375372131672,0.06771618897173423,-0.013071619829600813,-0.08378804277352332,-0.14182069765778302,-0.0850107421047303,-0.19548247876401117,0.05931404609486526,0.07822266501393431,0.07479372627359747,0.08285516287383332
rig_state_pennsylvania,0.23436791328170675,0.9024981806372143,0.4049222281836922,0.9200833165340867,0.6326281698668358,0.6539485584684003,0.6659142473988016,0.6765119200644305,0.9187832189535127,0.8904517674571121,0.6619401079866253,0.6489238087805241,0.24294901123114038,0.9731743075301893,0.8259353599370051,0.75203568736309,0.7619293205396042,0.8338050061539054,0.894732007628517,0.887307139834202,-0.1262455874046829,0.8776022290271984,0.7929445952514039,0.14737045618592315,0.37787708163846584,0.29208397972986455,0.6943677945243569,0.48223077443616763,0.7857504718847905,0.9076782989911609,0.767702523723437,-0.22592887434945969,0.11967056088481746,0.5071937622730049,0.5033058537365905,0.6385445721132038,0.4411818529902806,0.8781576574568436,0.30555446728671,-0.39539130424844166,0.7738444761647496,0.41089142107318266,0.5739332294786335,0.3724119508655487,-0.008059928564451129,-0.010745184880555212,-0.1664435232136363,0.29824327376638177,0.8951857436575053,-0.0793610595987927,0.8476139238791102,0.8607653408980263,0.19294638085484592,1.0,0.37605122133900454,0.5332706613337067,0.9088200400229907,0.3336245806450383,0.4074328738800482,0.8215611145111383,0.8378773655552131,0.8190922366731083,0.8761627778060908,-0.08254867372754061,0.8096086836534279,-0.5687151199010804,-0.28365671641769086,0.19844109127232393,0.4114248808870344,-0.7432967513959579,-0.2823832474068648,0.2618873809223337,-0.01149986653534316,-0.3979474461833518,-0.2694905343576195,-0.04936050279015083,-0.7478698660627497,-0.04645815042671914,-0.07632640634622102,-0.350843636932184,-0.23241117976242068
rig_state_saskatchewan,0.3054029233817056,0.5932250916480336,0.863431059132527,0.48646839142768705,0.3373542220641518,0.3326797889472145,0.32806808379560054,0.29033183338340834,0.4534286810788377,0.45065588326840744,0.3548243308704368,0.4198070462891773,0.11353444039268555,0.3861601531610012,0.3760989622912323,0.7479690523397382,0.47063041608804973,0.45324845859755997,0.45573231847933515,0.5506879846396622,0.047779781798906434,0.6002711974148133,0.3304424541679466,0.25865801070239125,0.7969641430834226,0.08352340757600342,0.36372394526862184,0.4726936513077538,0.43907852105586986,0.4749111233747209,0.3262771061214695,-0.21085295692461245,0.1077826801364278,0.2746880686897496,0.21658292277178862,0.2296016444536873,0.19414521313468114,0.406978617967226,0.8333760768031652,-0.06815530884430863,0.3570004543545647,0.37250807720011075,0.2567506592897479,0.2410713217206432,0.1582978888201446,-0.02824088013128605,-0.09832133088145185,0.13666219017637557,0.45849347278653346,0.00831226208057145,0.4389970114148045,0.45378524344321763,0.1704166021513017,0.37605122133900454,1.0,0.42247016648298247,0.4839308752217257,0.35620046928466065,0.1905901156420179,0.3836644317141962,0.5205750213260726,0.5282205111098139,0.5845018567530826,-0.13768832585178403,0.4922680517542856,-0.20152435609037953,-0.012248214822265404,0.01288970855658763,0.23501283886494814,-0.26188448572827605,0.05892229852555582,0.3016081351916071,-0.13543599719094676,-0.06449499540089401,0.023458517944145177,0.20177001988637694,-0.26934046664513317,0.013728870929204516,-0.2223368087807088,-0.144459305023848,-0.2535881238175778
rig_state_south_dakota,0.44401514936718006,0.5444792472358546,0.4051040695516639,0.5289407342983371,0.5089725480174586,0.15482400493351375,0.5255650932602979,0.1816415109088385,0.5073873994715488,0.5403832347605573,0.5534639709960336,0.5082310961585043,0.0032595297948964912,0.5456445306908291,0.5250118200105339,0.5238601532632111,0.48800260595046707,0.4757227223236132,0.5435763460042098,0.5183954754579184,0.2543208676207352,0.5414166401354031,0.5205072434997725,0.0788608664767043,0.39094288592490767,0.5526277641636874,0.5488232117801521,0.42540302885431613,0.5283900277667788,0.5229577209797301,0.6463072221446825,-0.17383726842196745,0.14156738295270396,0.39863124572990416,0.4818409940582713,0.5157327638250926,0.22897205382037908,0.5052756155572525,0.4359509037530735,0.016192889701199847,0.5371303375967302,0.5115413402325814,0.470272127127049,0.3931090203877648,-0.048916898893402554,-0.029126379052974407,0.10065338777901546,0.14739202737877635,0.5341329210989001,-0.07916456312781245,0.467734882247687,0.5161331003886278,0.29654908248035833,0.5332706613337067,0.42247016648298247,1.0,0.5328066446987322,0.4615714731146512,0.5981408759004778,0.5148816266243942,0.5436885511143132,0.5309381452430347,0.5308427458209417,0.08021437571214984,0.5306232773133649,-0.4717430663712301,-0.33059736754882285,0.4008839900517751,-0.01839949541509203,-0.5127780464940704,0.0007721891421607929,0.31461447795080083,-0.04511533065370399,-0.35477699196322965,-0.3483343003518491,-0.019195676903222044,-0.5117634945583341,0.05823025134366264,-0.06056845657861429,-0.18469924781767552,-0.09227120021884963
rig_state_texas,0.3804938492562984,0.9781786746398043,0.5327609918331884,0.9940195791714103,0.6652860334042175,0.6573928226595216,0.640916672707246,0.6885780031974792,0.9137354553232413,0.9418764100249215,0.5618772898035423,0.6678804173749882,0.36534456369617546,0.915401790096634,0.7992754320395488,0.8158099544157432,0.9265026014901311,0.8442697485474956,0.9373194717748885,0.8941106709637995,-0.06096572271938387,0.9799317280836317,0.7564156128371199,0.24131816213515941,0.519710541456469,0.27944499156104047,0.6060172708928211,0.48031316631831844,0.8083718416434552,0.913257603931751,0.7502149810753823,-0.22356280933284794,0.10181010218860297,0.4326017701693188,0.40198559059298156,0.5765093950965489,0.3793774077800311,0.8582521678298293,0.3941831945747911,-0.26862161567300435,0.7161115999487386,0.5275952980367118,0.5062371702579859,0.34535660150123293,0.2232099840237961,-0.007268997383680896,-0.13622658702032303,0.3127605622130056,0.9361659111850242,-0.1775542869874447,0.8490228288834073,0.8925380132931608,0.1430770339664436,0.9088200400229907,0.4839308752217257,0.5328066446987322,1.0,0.4939833311020228,0.4105752332192308,0.8508475272552741,0.9400121051142463,0.8411122113596541,0.9809114763980795,-0.1048908421509746,0.7730209040979444,-0.3911123572032748,-0.07025238633077453,-0.016075004012305282,0.5692765551719201,-0.5929605084128813,-0.08262911403534469,0.3441034955917014,-0.02044236232918651,-0.1909342129120039,-0.032694799144709095,0.18162855076120463,-0.6149276241773055,-0.07928271092913909,-0.17408713461294034,-0.36626118147243764,-0.32446603241033833
rig_state_utah,0.8519465252227614,0.48492260973596746,0.5307198264060905,0.4852917276459528,0.47037999883300036,0.01707659127825751,0.28776974511265596,-0.031061533809982316,0.3203724129026212,0.49512365409476955,0.37768614982712606,0.40835504513975,0.2561950155190524,0.3317214063477554,0.2529032872151769,0.47969976898818467,0.5669140942321942,0.38602667896449505,0.41608865472346046,0.4723821376914336,0.4724098794687619,0.50412239533744,0.21129730283326692,0.3589950326887738,0.584365031836466,0.332009003815984,0.3549375403209016,0.5027448112572702,0.2718381119334574,0.3465610217094886,0.3441637265000734,-0.20277589422109757,-0.010155124821539088,0.26788919288324925,-0.004356823455552703,0.34733548559868005,0.12219746688187788,0.3963483921957671,0.3525117581142998,0.3426453890762881,0.10903972861165902,0.7284520681490276,0.2425219446863613,0.3458450371297151,0.3974906084367902,0.1447086550060922,-0.1181965871566189,-0.0001027150145728535,0.4074934845393221,-0.2473446584554507,0.3830290191885244,0.33346982408937603,0.17510168141426757,0.3336245806450383,0.35620046928466065,0.4615714731146512,0.4939833311020228,1.0,0.3649127112954936,0.3755501573072911,0.4570370331335158,0.39253875868129046,0.5358721643941609,-0.0666679778572387,0.2058685914874133,-0.01843315112911999,0.10008788886956872,-0.00643831539110556,0.24704246389030904,-0.016927721322361377,0.6021447992628273,0.5231161915771665,-0.07988007640591537,0.06043829413797209,0.19214269627935154,0.5231877232952925,-0.032561042843595046,0.0071534036998106435,-0.13570996496294663,-0.04230469434547773,-0.13882993017759723
rig_state_virginia,0.29070518350208874,0.40132405068678056,0.21716081921125122,0.4052571218830033,0.3726587429636693,0.09624449517677172,0.3604677516536864,0.20045844982974806,0.4024034403503874,0.41095031062245424,0.3521906995280115,0.37044292865142425,0.012897538473076455,0.42271113399803767,0.37781905364593954,0.3563007792965803,0.3554694463925331,0.38711380861917594,0.40172127979602773,0.3988756629231681,0.10985724764828511,0.39423511215163376,0.39875748916488135,-0.009362681076982907,0.21680322012579453,0.5245210439158552,0.3452118587187238,0.32416391814317674,0.4094835716466755,0.42835254570753456,0.44848468818665865,-0.1788649361209802,-0.09876244777638608,0.32225958103358116,0.31359206611200297,0.35452949377579107,0.18024619268807407,0.38557248424659724,0.20992548694990018,-0.10573303236356399,0.3901716130661267,0.34208533028158933,0.3264932868708824,0.22446601859115675,-0.05450500774102235,-0.005526087596025253,0.149364947491837,0.0927645199215376,0.39581490456162705,-0.06556230766104784,0.38421275695469603,0.3769515123109009,-0.037362712695019076,0.4074328738800482,0.1905901156420179,0.5981408759004778,0.4105752332192308,0.3649127112954936,1.0,0.41849637559126507,0.4239875069221898,0.4254943053883325,0.39812607426684865,-0.07620627657004997,0.3892904767885988,-0.3402733387914712,-0.22168509039119016,0.26351318076676733,0.019753140982784065,-0.3858308584316923,-0.05255804454251524,0.21986814170184943,-0.037363500431026486,-0.23947349155911452,-0.23296205725267363,0.009079115002305039,-0.3668904235095736,0.11287365407838286,0.032535482878010946,-0.0854366638827135,-0.08429018859044905
rig_state_west_virginia,0.2965956434303531,0.8416538958214778,0.38341832635619505,0.8641956856341116,0.6962531867997407,0.5824602407538035,0.6865770873853898,0.584983620895543,0.8691875489198807,0.8694655185782038,0.548784794649994,0.5650029144627218,0.3405522924963825,0.9057245958704554,0.7815425631684078,0.68082129509369,0.7115951130881019,0.7337118784737054,0.8839578048983312,0.8105881141172822,-0.15188770633061593,0.8334824231309694,0.7057494934533474,0.260899173404118,0.35531487388396304,0.2676636681312922,0.5803381939139753,0.42094413959337823,0.7883756456389294,0.8493509279948009,0.7217800960593688,-0.08568264470623349,0.16577149826310608,0.522778506949427,0.36394869881096814,0.6633432239679029,0.4455876856208072,0.9108239771041071,0.24452080034611748,-0.3922848743050898,0.689753172198251,0.39052316610588916,0.648986839952008,0.3019203367907805,0.04966489639927144,-0.08374675293871973,-0.04211324729999238,0.2710675157964818,0.8880421254042289,-0.20517550544767155,0.7477132652299393,0.8106662782762024,0.15086175032745264,0.8215611145111383,0.3836644317141962,0.5148816266243942,0.8508475272552741,0.3755501573072911,0.41849637559126507,1.0,0.8457108045051491,0.7293641377034172,0.8305667260912987,-0.09364429946494839,0.7798552048249059,-0.5046333848817678,-0.3135480149246753,0.11497750322959743,0.40617650326015925,-0.6843608433043062,-0.17166166265130958,0.2960111821018689,-0.003833662654977973,-0.4395862070526492,-0.269650583438214,-0.0719443135798027,-0.7028322547848399,-0.08428875034395746,-0.1162630683651065,-0.2641039989936401,-0.2697515107768041
rig_state_wyoming,0.336202230309031,0.9342656155942012,0.5262094776958032,0.947679349728673,0.6932667156024109,0.6112017479983536,0.623275448848669,0.6423397960987881,0.8758902937474097,0.8866512683200767,0.5733376312017737,0.6832068057196815,0.29120571023817743,0.8605442127465279,0.7543601973838756,0.8033070236740567,0.8613977963853177,0.8146350144827449,0.9111233053396882,0.8456478499168218,-0.04319261856789206,0.9416217098022197,0.7096149258651558,0.3003040106513887,0.5088360221259208,0.26319920094898197,0.6045670888250351,0.45082362842284757,0.8365743695356078,0.8646516939549201,0.7693802406691017,-0.23148899184826247,0.12843582112778665,0.4370576177891662,0.36707989704849237,0.5473087016802678,0.3813018491032354,0.8091649072503024,0.4174710655971966,-0.18118701085168082,0.7274108438915199,0.522728656589317,0.5362862365699244,0.31354403651099155,0.21043938061798415,-0.028455661911905898,-0.12845368715771177,0.3254587495374772,0.9112302933878142,-0.16547109197335003,0.7990890601418208,0.8614836743452537,0.14951851815090983,0.8378773655552131,0.5205750213260726,0.5436885511143132,0.9400121051142463,0.4570370331335158,0.4239875069221898,0.8457108045051491,1.0,0.8404369685200528,0.9308001860824062,-0.12269856160279657,0.7550610484078175,-0.3502104551422393,-0.08700074862482458,0.018958288217817115,0.5862639382673969,-0.5713461599232001,-0.08314747812722258,0.37998187098514724,-0.07730397316773256,-0.2220905739100295,-0.06491952548479665,0.159990137614586,-0.5852257002963587,-0.07463049772234838,-0.16125170072295544,-0.34603844385808236,-0.33380092079865215
rig_traj_directional,0.2005939346918618,0.8811426343734309,0.5825925192241062,0.8662296709708764,0.6184017816394058,0.6401102000640424,0.7076741558130265,0.6694600010936125,0.8790009597948751,0.8527221969352607,0.7495283963059732,0.8348459056642682,-0.06406002753452766,0.8107072017120595,0.8500947542467466,0.874994662500258,0.6694752413050867,0.8839105421539637,0.885612996043694,0.8965344716089273,0.013684929861521854,0.8556394709260475,0.7963460157406916,0.39197356699065716,0.5427767827934574,0.2969982662385299,0.7674642473714717,0.6518826971872389,0.7700745756255915,0.9010017273616697,0.7108733155410067,-0.3926744711560488,0.21505328970039655,0.5204007365200798,0.3004729128903288,0.6582043788438268,0.5457534262531568,0.7578651722588089,0.5271869558940608,-0.1870684952483653,0.8347795109993209,0.45766312012371285,0.6679448107542113,0.3427026155999821,-0.06876065019411547,-0.06404976343704472,-0.054927488801672995,0.40620927650049155,0.8873688712181036,-0.06319846092605214,0.8688431227057578,0.8694396372711607,0.1570420897574012,0.8190922366731083,0.5282205111098139,0.5309381452430347,0.8411122113596541,0.39253875868129046,0.4254943053883325,0.7293641377034172,0.8404369685200528,1.0,0.8287160349930405,-0.1143679577211038,0.835281340469868,-0.5025144738432227,-0.09410993205287023,0.2313704232196193,0.38386642751618455,-0.6893582156030691,-0.26499322426940747,0.19543717540060906,-0.12393331935197277,-0.2721098522797462,-0.10256123100074838,0.18710389566840574,-0.698250261590784,-0.06760155784450454,-0.15835625447595872,-0.4061797563599899,-0.34270696712529264
rig_traj_horizontal,0.4230890698763983,0.9890317237289884,0.6405154300299062,0.9782737251211715,0.6542172342592125,0.6390511894351666,0.6155557563831052,0.6665906641425394,0.8819254844789212,0.9227811173771732,0.5365945844360845,0.660242330063252,0.40412978656976234,0.8855393350726194,0.7646023598779906,0.8639585181320817,0.9265468537659202,0.8317824968802923,0.9075393974045951,0.9050942225837092,-0.0596729257809147,0.9933516595121562,0.7085375335131953,0.25243436530729224,0.6303946220368989,0.24891163220360585,0.5799228523535587,0.5114455915839867,0.7932792508434885,0.8865299200051984,0.7102811566009418,-0.23059345137422976,0.07933803095058595,0.41799680415891904,0.3818768881243326,0.550265933626703,0.35780610672361673,0.8484065998339407,0.4890456192102423,-0.24689320049324542,0.6679828279703861,0.5627844995422211,0.474263767237121,0.33983614904240766,0.2601626344387534,-0.0037177621152943304,-0.15764213002069039,0.2762834524698337,0.905823130250332,-0.1961936193949252,0.8336045995299605,0.8733469759449773,0.1705501379700846,0.8761627778060908,0.5845018567530826,0.5308427458209417,0.9809114763980795,0.5358721643941609,0.39812607426684865,0.8305667260912987,0.9308001860824062,0.8287160349930405,1.0,-0.11679392009767016,0.7538722701631017,-0.3577586068157925,-0.04958644738295854,-0.04082913971871835,0.5795531357505506,-0.545192853848246,-0.01568472004724782,0.391425866831886,-0.07282597447074313,-0.16209737051391923,-0.0027288657939838748,0.21402328800475648,-0.5655125408327911,-0.06956497920127104,-0.17272410871332197,-0.3140486679467568,-0.3121301036334829
rig_traj_other,-0.06815154402539025,-0.11417122662779301,-0.12698417701708867,-0.1080200857733616,-0.16164030185292208,-0.09398325029775786,-0.07224291714117455,-0.13253570618539878,-0.14763423960673436,-0.10760966226001754,-0.03771547730181353,-0.13529996543528588,-0.058816962689352915,-0.06506170504189275,-0.07973400451395846,-0.138250299361757,-0.09240813781842003,-0.14414538312110983,-0.08772732693667999,-0.12788634609752003,0.06070996037120604,-0.10967433325459933,-0.04213273920595631,-0.07711633673259498,-0.11466956335991287,-0.04678337597038125,-0.046520260017630446,-0.0649244110828506,-0.09354738200154594,-0.13788558948442706,0.03652809810113385,0.08365553842568438,-0.07047353217749708,-0.06367689058914053,-0.00489772436407858,-0.07490651379284684,-0.10617776166732021,-0.11501708567417936,-0.11274339161847961,0.050469365319450385,-0.09092201620794785,-0.004998180799261326,-0.08579820475648561,-0.10944268531942825,-0.030991748365489884,0.0594883630096282,-0.05069759263558501,-0.09402061077803811,-0.09970515966339039,-0.046783038519287785,-0.14562689823088582,-0.12117406770274765,0.24502102355810734,-0.08254867372754061,-0.13768832585178403,0.08021437571214984,-0.1048908421509746,-0.0666679778572387,-0.07620627657004997,-0.09364429946494839,-0.12269856160279657,-0.1143679577211038,-0.11679392009767016,1.0,-0.08008584351719056,0.021056998801554438,-0.031579133457464964,0.09149809348993385,-0.1673171138984284,0.04946095026209248,-0.032733442937871636,-0.11219530353248007,-0.026661326335812516,-0.017726777037769457,-0.09545616606879664,-0.10818223188829146,0.05728680512279181,-0.060611373197049206,0.031005485061690034,0.09947645661381047,0.11957116250560652
rig_traj_vertical,0.08073579875045593,0.8195242174442724,0.524625824970809,0.794513683255391,0.5827951338822773,0.7362542090769965,0.8024705267794525,0.7144954253075462,0.8961714747330153,0.8122294912916006,0.7304679939137048,0.7322838433000936,-0.06432213762245956,0.8305430248924592,0.9199987253095953,0.8232796057781747,0.553681374593415,0.8528005831097,0.8334940769652516,0.8508940203868128,-0.17381611663164276,0.7865319898446819,0.8550232510966302,0.2404454338012332,0.4674329718385722,0.3166660342355586,0.7469589622526883,0.5893809923766515,0.7939996066444501,0.8958500739968125,0.6873264898201825,-0.32744214508450514,0.3092381887882591,0.7048384966250135,0.4137635833626049,0.7145836687332494,0.6406323868566893,0.8147060459213218,0.4474280196889798,-0.42760628435071946,0.8581697549201841,0.32704517231026975,0.7270090629188035,0.3196100721246375,-0.2954405923504573,-0.037833424192772795,0.0942257659952973,0.29240711113052975,0.8385953184985157,0.07367558527637905,0.8599977993260761,0.8968676054378887,0.19547087543256572,0.8096086836534279,0.4922680517542856,0.5306232773133649,0.7730209040979444,0.2058685914874133,0.3892904767885988,0.7798552048249059,0.7550610484078175,0.835281340469868,0.7538722701631017,-0.08008584351719056,1.0,-0.7692967101413317,-0.40176336711536886,0.35633755141268997,0.1865964448083243,-0.8887444954992846,-0.47524349637578567,0.2781334498276046,-0.06260574342043485,-0.5500135667764625,-0.3894699780494464,-0.1689963703468491,-0.8850080851352243,-0.10393414810900925,-0.10567277552846323,-0.35701159122936366,-0.2126470444269499
us_production_mbbld,0.07040056717476072,-0.42725107717903843,-0.21148411090651156,-0.40704205836769014,-0.31504130325277263,-0.5353699710486043,-0.7342971382629523,-0.4599583468957007,-0.6175250901334158,-0.4504761882972462,-0.6713366222866873,-0.535787988313362,0.24848089353785047,-0.5836322452385038,-0.709217297245115,-0.46445740473566,-0.15218191706885795,-0.617475718286238,-0.43785179306752237,-0.5354368518040152,0.19106948746242242,-0.3751426012054925,-0.7467982182022651,0.1095348525693899,-0.15070917844360188,-0.3251291484967153,-0.6781376245505586,-0.43428608388138223,-0.4874831304639261,-0.6164494425358138,-0.4702666783179135,0.21799920991801586,-0.3437026298230915,-0.7469016730399369,-0.426843496308096,-0.6166148102309417,-0.6678419174147748,-0.5949351999019701,-0.22875189882727237,0.4892366032610593,-0.7013973943874068,-0.062151687517692594,-0.630752672029591,-0.2907700844485442,0.7109356183531913,0.020919902192939155,-0.2918865775349078,-0.0901022629696472,-0.4503668332789529,-0.24291459841300905,-0.646959454574843,-0.6335562857270411,-0.19548247876401117,-0.5687151199010804,-0.20152435609037953,-0.4717430663712301,-0.3911123572032748,-0.01843315112911999,-0.3402733387914712,-0.5046333848817678,-0.3502104551422393,-0.5025144738432227,-0.3577586068157925,0.021056998801554438,-0.7692967101413317,1.0,0.7140334205483018,-0.6755958395691297,0.26670770093439494,0.9252125097812539,0.6153381351405477,-0.23123348879875374,0.08432399730978857,0.7617536296003651,0.7180916339057505,0.4899385750356292,0.9021043472656376,0.03393058554348877,-0.09202088234346299,0.1965679481808514,-0.0650914651340878
fed_funds,0.07923071795044133,-0.08913118327958715,0.006717336128862723,-0.08853085918590861,-0.15135077922370035,-0.16466607272136358,-0.3958271568672812,-0.0028830846997624435,-0.25756721128633986,-0.11189500438359587,-0.4328820197215641,-0.1700267234541891,0.10892907555633269,-0.3220722697914714,-0.2725475935107865,-0.10712548892586027,0.08795898874080525,-0.20589740578132537,-0.11351635967190651,-0.17534873754328903,0.2507162409168688,-0.05716572329084672,-0.37041863567248096,0.2868939884246715,0.0436212355776229,-0.1792382209264362,-0.417527080181912,-0.1870860858786131,-0.38483793511619846,-0.21806569733819547,-0.32755029349236264,0.11536893889824783,-0.24927014632536285,-0.5036574301725155,-0.4432475728473134,-0.3885455120210129,-0.39581628737080626,-0.35169707820988144,-0.023910569624422614,0.46033878737111955,-0.39612371170328853,0.00511917875440202,-0.47212331694590565,-0.07473842331357092,0.6309204576675358,0.07464238662222208,-0.106026831510516,0.01715101669078403,-0.1250947473499215,-0.030405984349579192,-0.23425489446730294,-0.20963354136731488,-0.056325644427899446,-0.28365671641769086,-0.012248214822265404,-0.33059736754882285,-0.07025238633077453,0.10008788886956872,-0.22168509039119016,-0.3135480149246753,-0.08700074862482458,-0.09410993205287023,-0.04958644738295854,-0.031579133457464964,-0.40176336711536886,0.7140334205483018,1.0,-0.7580572801193548,0.3043608112899351,0.6265942189215481,0.4218651450283228,-0.2632822805961319,-0.10236739211628237,0.9371512318951944,0.9362363504770791,0.7312657270424795,0.5503659986175573,-0.01046522610156653,-0.12437239408600348,-0.03154091660063498,-0.2363224533777699
unemployment,-0.1450762102494991,0.02385322496061267,0.046090963544349356,0.009107375021309832,0.19852741513482927,-0.008729692956837337,0.3945412803846694,-0.13815316412828227,0.16822159514019924,0.06761745925788393,0.6022484557960666,0.3630305278197367,-0.5384009096663833,0.17790590277291754,0.2797693913663329,0.15678915784396844,-0.18624917286791715,0.21537743868389864,0.09333579046270796,0.13972532616165315,0.1009664873181848,-0.013365107849521442,0.4136915298582092,-0.08607356475138632,0.004199629503619117,0.2977796582977131,0.5699928111087192,0.3994228507094649,0.25896707204244307,0.17044618338191783,0.31100577185133377,-0.22833566106969885,0.24080519646612739,0.38811186135445536,0.44103371831880345,0.41788410495986167,0.4555256387652379,0.1579622780824261,0.11009065951921553,-0.14246699964237247,0.4375657111518442,0.10975650410075338,0.5326607707518194,0.10803810929764897,-0.7033019287079065,-0.10306301109408895,0.15976963366963542,0.10475978145922192,0.09990866841293361,0.06925103279254054,0.20669792650715474,0.16946719516227726,0.18163511553888304,0.19844109127232393,0.01288970855658763,0.4008839900517751,-0.016075004012305282,-0.00643831539110556,0.26351318076676733,0.11497750322959743,0.018958288217817115,0.2313704232196193,-0.04082913971871835,0.09149809348993385,0.35633755141268997,-0.6755958395691297,-0.7580572801193548,1.0,-0.46964990829090947,-0.5835823584324735,-0.41699819319824516,0.07264605544888542,0.10360153348025446,-0.7687309696568222,-0.8330313314094508,-0.4769788264988851,-0.5322520462889984,0.0983832176868483,0.07803619007827825,-0.13111363921891545,0.15297879448335577
indpro,0.28400171119350454,0.5357198965427856,0.23784368210777965,0.5777831130229704,0.3099588100078834,0.37907554025238643,0.12383775766657637,0.42992795673786555,0.4188927237713604,0.45702983390750923,0.02130406341612837,0.3102027951994535,0.511428155175934,0.39996664498549256,0.27169310136723807,0.35936185778477125,0.6479136723517718,0.4051461828906214,0.4755044750265215,0.409804539278427,-0.1521585520601841,0.5601104717289047,0.1905366551923002,0.22229078597701776,0.2604630590615108,-0.18470895134964005,0.08173661224448951,-0.001700044479972921,0.45894599796870944,0.40326262679758135,0.36681771297931753,-0.1643824494971763,-0.04357963535095531,-0.09771276064300226,0.07874426350383554,0.17656360496465587,0.06026157755501559,0.37572319559205963,0.14218635527184847,-0.0726128543280662,0.26157342470246636,0.3025170558333742,0.09414012215952025,0.11355183995980744,0.5458040608423232,-0.03752481066640309,-0.24958028718527955,0.28192351683233335,0.47537756947748927,-0.24673323880004575,0.3798204608237461,0.4396719037554034,-0.15468152942908436,0.4114248808870344,0.23501283886494814,-0.01839949541509203,0.5692765551719201,0.24704246389030904,0.019753140982784065,0.40617650326015925,0.5862639382673969,0.38386642751618455,0.5795531357505506,-0.1673171138984284,0.1865964448083243,0.26670770093439494,0.3043608112899351,-0.46964990829090947,1.0,0.035155280704118025,0.2684908948695149,0.26131135888145807,-0.18525741606890994,0.1967459681142518,0.3972345808224553,0.40756621802054727,0.035577354562670305,-0.09675171340897198,-0.1708099729383856,-0.16433740802542152,-0.2614230803626586
cpi,0.11309685418692,-0.6180394368629105,-0.2600930532405379,-0.6149868074040294,-0.4818288977186409,-0.636447368316545,-0.7897411157515903,-0.6008200185200574,-0.803719510389433,-0.6421888999868499,-0.7144947661613132,-0.6240429683756853,0.20164084878381336,-0.7603533453495374,-0.8524302247343188,-0.600644846317661,-0.33865819331243296,-0.7393180843750374,-0.669845458770367,-0.6813769367547208,0.2321724594772045,-0.5725571836433468,-0.8551050575681267,-0.038407370436971344,-0.19302268249450683,-0.3288037733631655,-0.729250108484458,-0.47061738431597167,-0.6746022109918413,-0.7972113168158583,-0.6449042275945415,0.2000071899256101,-0.3228940757033693,-0.7129400819490816,-0.5048230888577697,-0.7135933629613332,-0.700996379196231,-0.734167425115751,-0.26456316114393996,0.5249160050617399,-0.8544199712495795,-0.15302695229437777,-0.7602273212671911,-0.2739961384511234,0.5590542365455543,0.06145303996759523,-0.22494550654441664,-0.25751292876867043,-0.6787714437011251,-0.14360171484700138,-0.7644682281316245,-0.7754272211997095,-0.1891361021686731,-0.7432967513959579,-0.26188448572827605,-0.5127780464940704,-0.5929605084128813,-0.016927721322361377,-0.3858308584316923,-0.6843608433043062,-0.5713461599232001,-0.6893582156030691,-0.545192853848246,0.04946095026209248,-0.8887444954992846,0.9252125097812539,0.6265942189215481,-0.5835823584324735,0.035155280704118025,1.0,0.6882430711794344,-0.13543036337593162,0.01533167293025318,0.7373431454881367,0.6492131711767348,0.45262022351313724,0.9808586112108776,0.0534515165115073,0.004598638293908957,0.3366158114858165,0.12288325740093495
ppi,0.751961779637103,-0.1050798899158796,0.13471795219131139,-0.09912842972536083,0.004683396649983521,-0.4362311541386794,-0.3465255785628236,-0.45527020775847626,-0.35113587461439705,-0.10046721254285461,-0.2603917739162908,-0.1404154385207116,0.451621454082632,-0.2774640013934907,-0.418474093985293,-0.12291080712757524,0.15314150362070914,-0.2753350838183349,-0.19338971258891488,-0.15714525113579678,0.45424600565687184,-0.06124859410733028,-0.4868818541336745,0.1520404638369076,0.2162535600502559,0.017745078486817726,-0.26311255348061124,-0.07793171532005255,-0.23261100915062138,-0.34674248504840116,-0.17593733548844842,-0.0173723899650655,-0.2102822500934728,-0.32197005804300505,-0.28287876452961047,-0.23176739055846204,-0.4817410018263641,-0.1954472137292795,0.005436625091474694,0.5208074354674893,-0.5121648544314118,0.3823777973736471,-0.3612442221238645,0.15402118234831252,0.6575704914074804,0.1326257737406201,-0.22694594104589774,-0.19346135264979508,-0.2062440681775385,-0.29021105960588167,-0.3004204950961447,-0.29644489776883837,0.0005275375372131672,-0.2823832474068648,0.05892229852555582,0.0007721891421607929,-0.08262911403534469,0.6021447992628273,-0.05255804454251524,-0.17166166265130958,-0.08314747812722258,-0.26499322426940747,-0.01568472004724782,-0.032733442937871636,-0.47524349637578567,0.6153381351405477,0.4218651450283228,-0.41699819319824516,0.2684908948695149,0.6882430711794344,1.0,0.3966895672975737,-0.15076351535925253,0.48255265924358626,0.5203916960637012,0.6466753578956665,0.6636776720540594,0.03469489696072449,-0.026166191331283905,0.2907043070904769,0.09731650686076214
ng_price,0.5708938303785094,0.3566918446162265,0.370981529801375,0.347764014128144,0.2924900933933094,0.2340073297297424,0.3677480767460143,0.1393595575716502,0.28482485469153546,0.3236461434201764,0.31769214723651096,0.403261028920953,0.34834188329029186,0.2771563403872816,0.21937332136552076,0.3645445934009773,0.35989613060023473,0.37140553812897725,0.2213863104134247,0.381306655409674,0.04752416678917248,0.35464976235795687,0.19890717252077594,-0.023281968764169252,0.40515416093473067,0.1785065911289776,0.31042415953820834,0.18767665904975228,0.3737757730852134,0.26915518181422643,0.28292883951751224,-0.3287556539131612,0.05556376507369784,0.4270589080690026,0.11491599310180958,0.19466274322685484,0.14629473940713134,0.38896869896947905,0.27669776682456576,-0.00312623300068378,0.16592019053366974,0.4635590285055269,0.13425135480581535,0.31430831043972735,0.04999403778110869,0.14928194916302714,-0.08350593038948477,-0.1248277358136721,0.22087674534006302,-0.002996543936389536,0.34485150834877176,0.38198343673464585,0.06771618897173423,0.2618873809223337,0.3016081351916071,0.31461447795080083,0.3441034955917014,0.5231161915771665,0.21986814170184943,0.2960111821018689,0.37998187098514724,0.19543717540060906,0.391425866831886,-0.11219530353248007,0.2781334498276046,-0.23123348879875374,-0.2632822805961319,0.07264605544888542,0.26131135888145807,-0.13543036337593162,0.3966895672975737,1.0,-0.18015441414558603,-0.2487785961962,-0.1125817196209273,0.15280999546978735,-0.11686554897226807,-0.08351521575274636,-0.02706924905806375,0.08996549279182185,0.11230880176418176
recession,-0.19292308475421324,-0.08049186652029504,-0.14309665159163562,-0.049828298322087405,0.0691008376489466,-0.12352959121108209,-0.07875305883861429,-0.1571549653238594,-0.014055188570053298,-0.05110664697102879,-0.08324014106167707,-0.13672548322514275,-0.03705294597127963,-0.021082154322262656,-0.09997850473760608,-0.1456518315954539,0.002555303525987459,-0.16231605353630515,0.0038331992705636386,-0.15331858213014388,-0.0012814027345107036,-0.06260498682538727,0.020708079344782065,-0.027496086769198944,-0.13287578335134786,-0.02293762097965034,-0.08741814780617031,-0.15268922730959597,0.017268511788015053,-0.035139302237829045,-0.07706760527296735,0.21728199100011966,-0.034552768727251104,-0.11949382414263794,0.09858803611566995,-0.09682010776960692,-0.0780504957220808,-0.09327090822719832,-0.1289000108072047,-0.07243152156205844,-0.034036997811557,-0.04171556844147963,-0.07487858761456061,-0.09284940226583993,0.08943735278429985,-0.03157422195677168,-0.02485673896625132,-0.023078869158295386,0.00894398749689645,-0.022937455529314175,-0.15593181778357515,-0.12776548510845323,-0.013071619829600813,-0.01149986653534316,-0.13543599719094676,-0.04511533065370399,-0.02044236232918651,-0.07988007640591537,-0.037363500431026486,-0.003833662654977973,-0.07730397316773256,-0.12393331935197277,-0.07282597447074313,-0.026661326335812516,-0.06260574342043485,0.08432399730978857,-0.10236739211628237,0.10360153348025446,-0.18525741606890994,0.01533167293025318,-0.15076351535925253,-0.18015441414558603,1.0,-0.04729670831036286,-0.13032446980744522,-0.18462796856676655,-0.0242750901346361,0.0,-0.1954783573999644,-0.1942007210770888,-0.19036811884732355
t_bill_3m,0.09809400880796713,-0.21863400442927244,-0.04852031169393305,-0.22425792400080066,-0.2732464626282473,-0.2813291246326957,-0.5171970753808985,-0.12539973248709524,-0.4104043820125622,-0.26196361745012214,-0.5793313213754288,-0.3287852356325869,0.18938123392456674,-0.4363792615342693,-0.44161835599452826,-0.2446036283098012,0.02469226668027416,-0.36174301556345206,-0.2839811572777271,-0.3220731211779508,0.24259649468627142,-0.1777541551692417,-0.5142519020081271,0.14025104166696967,-0.0018015609320149104,-0.2043008742151333,-0.5631404909260828,-0.30741205519106735,-0.49386964519538895,-0.3801656777280897,-0.444867831640422,0.1799906865995153,-0.2637459120395445,-0.5977391880974505,-0.45556323446914987,-0.5189731881679246,-0.5299912828415957,-0.4836461496389379,-0.06588515731058081,0.44525718568699596,-0.5356465139240776,-0.06497237028622993,-0.6347185357193064,-0.10971117022747294,0.6442175972126731,0.07314299759250709,-0.11917244622192519,-0.10032847046331328,-0.2941504428582644,-0.03490691597545568,-0.3834260553266396,-0.3585582440227741,-0.08378804277352332,-0.3979474461833518,-0.06449499540089401,-0.35477699196322965,-0.1909342129120039,0.06043829413797209,-0.23947349155911452,-0.4395862070526492,-0.2220905739100295,-0.2721098522797462,-0.16209737051391923,-0.017726777037769457,-0.5500135667764625,0.7617536296003651,0.9371512318951944,-0.7687309696568222,0.1967459681142518,0.7373431454881367,0.48255265924358626,-0.2487785961962,-0.04729670831036286,1.0,0.9127672289570781,0.6896445991425804,0.6627358785650944,0.014949147772749789,-0.07133933864334344,0.061860099033317684,-0.12127400808207041
treasury_2y,0.2130573396604146,-0.050564988848664894,0.08190948098009349,-0.0469933732405366,-0.15319972058216152,-0.07930666364009045,-0.341302128010958,0.03631010794972386,-0.23256239334173484,-0.06975340771778103,-0.43828181622711104,-0.1372902940475207,0.20812126300380585,-0.29499669252242505,-0.26645867784333865,-0.06280011863315661,0.12249551236352145,-0.16280465016490359,-0.10071122798066239,-0.1158883279047328,0.197060489260461,-0.02369697649483332,-0.39819936199592193,0.32169424241494343,0.1335745570136141,-0.24317503111270156,-0.4160007144164013,-0.1835246703148715,-0.3662845605204068,-0.19888721976845938,-0.3417929288729241,0.07425088268755801,-0.19529864770753058,-0.429068887902064,-0.5017015961843613,-0.34980521726118163,-0.37292617400459466,-0.2915164352847537,0.02986260171260718,0.3703500044345756,-0.42345039103674964,0.05372904464113739,-0.4584995655358793,-0.05774484130130005,0.6620942869442471,0.09232988911348988,-0.13620208666578384,-0.0492380201542931,-0.1110801353460441,-0.058580866978492144,-0.18236846489048567,-0.169817325508293,-0.14182069765778302,-0.2694905343576195,0.023458517944145177,-0.3483343003518491,-0.032694799144709095,0.19214269627935154,-0.23296205725267363,-0.269650583438214,-0.06491952548479665,-0.10256123100074838,-0.0027288657939838748,-0.09545616606879664,-0.3894699780494464,0.7180916339057505,0.9362363504770791,-0.8330313314094508,0.3972345808224553,0.6492131711767348,0.5203916960637012,-0.1125817196209273,-0.13032446980744522,0.9127672289570781,1.0,0.8156226256702667,0.5803299588673493,-0.05295575933354408,-0.11438727615535624,0.031083148659446974,-0.20561962980171852
treasury_10y,0.5095393407870957,0.17875075348198402,0.32523502160413814,0.1767437664905903,0.12082042370388237,-0.0298638711884218,-0.07899696966618049,0.006801054845128427,-0.041710748239422314,0.1789578511556768,-0.05920241280293402,0.23584841125898148,0.11256552518349325,-0.07984236665988348,-0.05209560377702946,0.21209025410803636,0.29425352575903824,0.09693201125176935,0.12069146119576397,0.15977498443888447,0.4397121334563484,0.1925335977462235,-0.16298072199391386,0.4792527961156636,0.3797468663350735,-0.07067184045349408,-0.03473984646482115,0.16764095177099986,-0.14362331323119365,0.004190088195774693,-0.06271368654139067,-0.16205597726067936,-0.08831517280737962,-0.2518144356859751,-0.29389475418639516,-0.054630533659507284,-0.21006392537101456,-0.08795130245137894,0.2085669111002245,0.3982368933072904,-0.18794785116048293,0.3837962668689867,-0.17494747530411983,0.17989562398308342,0.5541241620703599,0.06231404132675001,-0.17601070778483463,0.03442034769262853,0.10873401219591987,-0.13761322087605243,0.0555937540419384,0.05899732350779762,-0.0850107421047303,-0.04936050279015083,0.20177001988637694,-0.019195676903222044,0.18162855076120463,0.5231877232952925,0.009079115002305039,-0.0719443135798027,0.159990137614586,0.18710389566840574,0.21402328800475648,-0.10818223188829146,-0.1689963703468491,0.4899385750356292,0.7312657270424795,-0.4769788264988851,0.40756621802054727,0.45262022351313724,0.6466753578956665,0.15280999546978735,-0.18462796856676655,0.6896445991425804,0.8156226256702667,1.0,0.3845820420589657,-0.009449103121226541,-0.13412763397078015,-0.039149967502271496,-0.17093493761930117
sp500,0.1040185620830782,-0.6360459158485751,-0.2726541779719889,-0.6338932090129857,-0.5145762842248139,-0.6432456754211695,-0.8060558624876959,-0.5978560987497523,-0.8189439534275794,-0.6727510473464351,-0.7032444203653808,-0.6294504892721107,0.19066540996303447,-0.7668832373180478,-0.8750746937298638,-0.616326237970625,-0.3650587121860159,-0.7332355917761452,-0.6970751245069621,-0.6947008674440752,0.20300234119549632,-0.5909731040174404,-0.854475364171171,-0.09612222414821801,-0.2084021833421731,-0.3243143488927064,-0.7136336310076341,-0.4677471219725449,-0.6469237203012509,-0.813885886879592,-0.6245852636124473,0.13653915097627484,-0.33979752757857346,-0.7023605931374297,-0.48445896222510454,-0.7175511943234232,-0.6875710662495642,-0.7459059588072566,-0.25790150969395514,0.5353343914261447,-0.8428675684560268,-0.189836874563021,-0.7489436695525853,-0.3151046608292693,0.5065126440522904,0.05061827173626375,-0.2296023939092136,-0.2463994999026921,-0.7047759941496375,-0.14202481422773938,-0.7561456798795839,-0.7904274981455081,-0.19548247876401117,-0.7478698660627497,-0.26934046664513317,-0.5117634945583341,-0.6149276241773055,-0.032561042843595046,-0.3668904235095736,-0.7028322547848399,-0.5852257002963587,-0.698250261590784,-0.5655125408327911,0.05728680512279181,-0.8850080851352243,0.9021043472656376,0.5503659986175573,-0.5322520462889984,0.035577354562670305,0.9808586112108776,0.6636776720540594,-0.11686554897226807,-0.0242750901346361,0.6627358785650944,0.5803299588673493,0.3845820420589657,1.0,0.11037672005413941,0.053314427507975895,0.39005510618413847,0.19273338392823175
sp500_ret_m,0.027917244046276303,-0.08375415314902526,-0.03257902657842863,-0.0954748039889031,-0.04610376280044059,-0.16444906167532622,-0.03533512368990843,-0.11642328570045146,-0.09284888461963302,-0.10240321753085686,-0.03730855985912446,-0.06210754782178856,-0.013783546446459754,-0.054453371572540564,-0.09344249433540187,-0.08545079111442372,-0.03829442687947058,-0.05167592447696149,-0.0833810045690065,-0.08115550643687602,0.1053045253188735,-0.07258158076824561,-0.04469881242131695,-0.12156363837567896,-0.031107978007870865,0.009550994174802672,-0.024122143739956952,0.005854271677591822,-0.07727549081183314,-0.07684870107140251,-0.018303548429003866,0.019284806870757978,-0.062149786021981936,-0.08502173366526106,0.06768114404962908,-0.07146136018834091,-0.10306945862604416,-0.08604778952633317,-0.019408810875607703,0.12196659932674228,-0.05599668441188247,0.013086642488647578,-0.025774356790544465,-0.009688432912018033,-0.016964214507073548,-0.11596988867503007,-0.017608671988512344,-0.0643887891937,-0.08644452087045228,-0.0005158753181603678,-0.048939323951123326,-0.10939058445167527,0.05931404609486526,-0.04645815042671914,0.013728870929204516,0.05823025134366264,-0.07928271092913909,0.0071534036998106435,0.11287365407838286,-0.08428875034395746,-0.07463049772234838,-0.06760155784450454,-0.06956497920127104,-0.060611373197049206,-0.10393414810900925,0.03393058554348877,-0.01046522610156653,0.0983832176868483,-0.09675171340897198,0.0534515165115073,0.03469489696072449,-0.08351521575274636,0.0,0.014949147772749789,-0.05295575933354408,-0.009449103121226541,0.11037672005413941,1.0,0.17083883858077406,0.05992072443685347,0.016156450253719295
wti_mom_pct,0.04834520318391286,-0.17268543733304192,-0.1982133822404085,-0.1732526175771493,-0.2317227277185684,-0.12425700324969084,-0.09206027083835604,-0.04673399428625081,-0.16771584134273043,-0.20154349266021598,-0.1126680265628127,-0.20335629111654122,0.01843392229921669,-0.06725256461253967,-0.1067431576585,-0.21815474824599915,-0.17106970937219693,-0.12451383312291947,-0.22485670565783794,-0.1435746385567923,-0.03433765927957128,-0.1749337750623899,-0.08201100666422335,-0.22178093991222736,-0.17749561926007576,0.03500263387635911,-0.1094187642878349,-0.12143947761262727,-0.13682514359935788,-0.17494649986817648,-0.08884879864533557,0.02637877470453913,-0.1561839776661575,-0.07984206579140553,0.04047354037536525,-0.008414609670040143,-0.047906202624565415,-0.13062905566039545,-0.1654318462781817,-0.047256880905508294,-0.10725006976089563,-0.23250491884792937,-0.08722478304446832,-0.03322134461333666,-0.19169175670777902,-0.0238955311257296,0.10143795249536956,-0.12476581078344295,-0.21772430156828151,0.011088908708120055,-0.10799663269988839,-0.15167149794299137,0.07822266501393431,-0.07632640634622102,-0.2223368087807088,-0.06056845657861429,-0.17408713461294034,-0.13570996496294663,0.032535482878010946,-0.1162630683651065,-0.16125170072295544,-0.15835625447595872,-0.17272410871332197,0.031005485061690034,-0.10567277552846323,-0.09202088234346299,-0.12437239408600348,0.07803619007827825,-0.1708099729383856,0.004598638293908957,-0.026166191331283905,-0.02706924905806375,-0.1954783573999644,-0.07133933864334344,-0.11438727615535624,-0.13412763397078015,0.053314427507975895,0.17083883858077406,1.0,0.5631723115594083,0.6876151068538894
cpi_mom_pct,0.17268537913699203,-0.34216276141035157,-0.14628738636937427,-0.36677870626611364,-0.38408236585308236,-0.30086086922637506,-0.3215189415128053,-0.2888796685739569,-0.3987350302513274,-0.38616319073133026,-0.3148750970966444,-0.40189255951551706,0.2146214521677945,-0.30623797553477394,-0.40241457555323834,-0.3399985014985729,-0.28919172593704706,-0.3596521842964572,-0.44054930005670984,-0.3188261246107562,-0.027403223287071263,-0.3369657693009072,-0.4250473071695422,-0.2522899922468699,-0.11918548209293442,-0.13229645641422783,-0.3388639357497609,-0.24829975619509184,-0.32328844118560784,-0.4046191758893648,-0.2498990309459909,0.060217615088422285,-0.20613241418595432,-0.14469374266903434,-0.2090313033330437,-0.23569755246112445,-0.25729535335716497,-0.27103579314034093,-0.1369292496918759,0.07982921385266406,-0.4076149839647986,-0.20014671564924072,-0.3183578670212889,-0.1263063236012288,-0.010994190309817896,-0.035827006749181316,0.0023331938214687007,-0.37406781888811125,-0.43730008795332753,-0.02866241837816249,-0.3401831871353684,-0.3985652848982852,0.07479372627359747,-0.350843636932184,-0.144459305023848,-0.18469924781767552,-0.36626118147243764,-0.04230469434547773,-0.0854366638827135,-0.2641039989936401,-0.34603844385808236,-0.4061797563599899,-0.3140486679467568,0.09947645661381047,-0.35701159122936366,0.1965679481808514,-0.03154091660063498,-0.13111363921891545,-0.16433740802542152,0.3366158114858165,0.2907043070904769,0.08996549279182185,-0.1942007210770888,0.061860099033317684,0.031083148659446974,-0.039149967502271496,0.39005510618413847,0.05992072443685347,0.5631723115594083,1.0,0.673957774416418
ppi_mom_pct,0.07184440050990684,-0.31281813304958256,-0.2469139383238398,-0.3276115711507792,-0.33615794278621963,-0.22787025625203214,-0.18819294337435255,-0.20767439081165123,-0.3479159779709058,-0.36134929742381483,-0.18067086330863266,-0.2930066073687958,0.03297002551636086,-0.22650724751442106,-0.2760158811499952,-0.3456918033617377,-0.28387968964426696,-0.2407342778013538,-0.40114926339556223,-0.2891091023588197,-0.016975739980071923,-0.3144981316999143,-0.24116487910315598,-0.37875172120577094,-0.23069665967816047,-0.05834745974099618,-0.17253663054443655,-0.19223409443537046,-0.21672807929373536,-0.3587648263311927,-0.1560119537827674,-0.07897094005752152,-0.09061863020056807,-0.10836935858365696,-0.035620953444072435,-0.12189524078055801,-0.12063809140389331,-0.26752750598508807,-0.2203612874452848,0.017723388831888884,-0.2543612667146639,-0.2772408034331728,-0.22788435947466776,-0.08564404741637857,-0.265525512143043,-0.020880115985030073,0.0521364419140799,-0.2208828470736367,-0.3945997473533451,0.004782702244794494,-0.2316574139220749,-0.2955849889870305,0.08285516287383332,-0.23241117976242068,-0.2535881238175778,-0.09227120021884963,-0.32446603241033833,-0.13882993017759723,-0.08429018859044905,-0.2697515107768041,-0.33380092079865215,-0.34270696712529264,-0.3121301036334829,0.11957116250560652,-0.2126470444269499,-0.0650914651340878,-0.2363224533777699,0.15297879448335577,-0.2614230803626586,0.12288325740093495,0.09731650686076214,0.11230880176418176,-0.19036811884732355,-0.12127400808207041,-0.20561962980171852,-0.17093493761930117,0.19273338392823175,0.016156450253719295,0.6876151068538894,0.673957774416418,1.0
