,wti_price_weekly,rig_count,rig_country_canada,rig_country_united_states,rig_basin_ardmore_woodford,rig_basin_arkoma_woodford,rig_basin_barnett,rig_basin_cana_woodford,rig_basin_dj-niobrara,rig_basin_eagle_ford,rig_basin_fayetteville,rig_basin_granite_wash,rig_basin_haynesville,rig_basin_marcellus,rig_basin_mississippian,rig_basin_other,rig_basin_permian,rig_basin_utica,rig_basin_williston,rig_drillfor_gas,rig_drillfor_miscellaneous,rig_drillfor_oil,rig_state_alabama,rig_state_alaska,rig_state_alberta,rig_state_arizona,rig_state_arkansas,rig_state_british_columbia,rig_state_california,rig_state_colorado,rig_state_florida,rig_state_hawaii,rig_state_idaho,rig_state_illinois,rig_state_indiana,rig_state_kansas,rig_state_kentucky,rig_state_louisiana,rig_state_manitoba,rig_state_michigan,rig_state_mississippi,rig_state_montana,rig_state_nebraska,rig_state_nevada,rig_state_new_mexico,rig_state_new_york,rig_state_newfoundland_and_labrador,rig_state_nl_offshore,rig_state_north_dakota,rig_state_nova_scotia,rig_state_ohio,rig_state_oklahoma,rig_state_oregon,rig_state_pennsylvania,rig_state_saskatchewan,rig_state_south_dakota,rig_state_texas,rig_state_utah,rig_state_virginia,rig_state_west_virginia,rig_state_wyoming,rig_traj_directional,rig_traj_horizontal,rig_traj_other,rig_traj_vertical,us_production_mbbld,fed_funds,unemployment,indpro,cpi,ppi,ng_price,recession,t_bill_3m,treasury_2y,treasury_10y,sp500,sp500_ret_m,wti_mom_pct,cpi_mom_pct,ppi_mom_pct
wti_price_weekly,1.0,0.5410121508755876,0.47466146203368403,0.5259903305698574,0.4809312812268685,-0.06754957997342222,0.507417815037744,-0.10824820605792923,0.3750037804005013,0.5494008702154166,0.4507148049992628,0.519209309219052,0.4725731869458617,0.4002769219303674,0.494690292931365,0.5089131606168407,0.523806123284481,0.3402604027864949,0.5153584215545625,0.47536400614126256,0.44982099416178545,0.5528552403205325,0.336672681329449,0.2848790441807748,0.49149709269256175,0.27636187651859,0.4623940704599602,0.3686957163669989,0.4912526917216001,0.4031654189134839,0.3987895967971361,-0.17762289449483284,0.04292967692244188,0.32557314414043836,0.09237674713690601,0.4609366969074092,0.07811462765447819,0.481357038073013,0.34232160246141113,0.21610365554871486,0.35158928386681076,0.6042546724166867,0.12834414461402338,0.4820227509457534,0.5103235245381953,0.07228015203443675,-0.10776299815244779,0.0035062992828646536,0.5051812640345379,-0.18687369730566472,0.34437772352115426,0.34142923200183145,0.15110778943846767,0.3474847037550154,0.36807383510231584,0.4615984630030029,0.5349745345403877,0.7985591224489295,0.32561817216848765,0.44690645831663256,0.48469449490064703,0.5222711504622246,0.5358362031517401,0.030939333209459637,0.47926559286318726,-0.030019315092603003,0.14276703101617522,-0.10927976792177807,0.37631468184298666,0.2068503888115813,0.533012849047458,0.6119894404457109,-0.2439602109861301,0.16640344243730082,0.21553004165618317,0.42711057455250645,0.10873808044708777,-0.038538154339125934,0.06004191324815988,0.3038332653123102,0.16349103173288343
rig_count,0.5410121508755876,1.0,0.8049013641364064,0.9897074410560596,0.7867968302320205,0.449162758134504,0.8943294305459152,0.36849785818215103,0.9465761241074429,0.9657212893272541,0.864290462613629,0.918977776608191,0.14941723308147795,0.9318303580868439,0.9198717434308374,0.9683700352254188,0.835808616245417,0.9179342810185562,0.9635821125333125,0.9717372893468529,0.15099372872540426,0.997596875259115,0.8827173591946204,0.36275506777831074,0.7799732734455812,0.3293643974552113,0.8828629255292227,0.8270976335505485,0.9269397017715814,0.9591245894651624,0.8001093722942235,-0.305598884792989,0.24644539083026246,0.5598216733503167,0.5399486091441468,0.8772241639750107,0.5619731189707274,0.938760717952848,0.7118719505284543,-0.12361693176524553,0.9070658714672888,0.8641136784722656,0.6398774380627957,0.5207716067752555,0.1896846644850138,-0.028426658846084196,-0.0980831435354851,0.26638233497612207,0.9643428665617678,-0.13108598515559933,0.9128415344123432,0.9310038970731138,0.26236105226995377,0.9050104697049842,0.6611804582538284,0.6726946655807072,0.9859547699211184,0.8289064702818102,0.4578530323798293,0.8937913518313197,0.9595380246923354,0.9507378629318112,0.975496348380441,0.0824083641718836,0.9268118912322196,-0.5691155040191288,-0.2936356000020007,0.19072036652791122,0.38193188978615217,-0.4993812205277678,-0.25087324136712474,0.26995801014699167,-0.06924011974143152,-0.29660340820955655,-0.2853469838187712,0.035555810692908925,-0.5594474759006052,-0.030873294035756543,-0.18837957801705532,-0.2986427589362585,-0.24840228057580876
rig_country_canada,0.47466146203368403,0.8049013641364064,1.0,0.7116968379287064,0.5676351847890253,0.28696001160964957,0.6915398847249048,0.20185143793031401,0.6598494199582868,0.716931403559794,0.6489458939063144,0.6931687744669279,0.07066299977613086,0.6289152009935959,0.7038557089055443,0.9089160287830438,0.5684803737843452,0.6793662029637144,0.7159009586658768,0.8231515065103976,0.17275053258505813,0.7906568628469637,0.6174830581218392,0.3931814584526707,0.9917614292216648,0.11685439462455427,0.6734048781083758,0.8401239914144862,0.6361803795162297,0.6763675735900281,0.553725118749924,-0.29699992240275075,0.2725520145063978,0.370413520018717,0.3417333718145585,0.6649814860983859,0.4309581403907162,0.6685395740089265,0.8947669601521216,0.04152811080988326,0.6402749593032266,0.7248482635317669,0.47689199779864605,0.3796666159346784,0.15611360155440943,-0.04141093855266415,-0.14986765578686984,0.07747735689711216,0.7108512360368909,-0.0620424889545927,0.6709706791591915,0.6517044776449955,0.38084901070656235,0.6096619559560326,0.8678653605099245,0.5269725951728238,0.704186057926292,0.6723966832872728,0.2188132507932024,0.6206530692582457,0.708385207320865,0.7414174798906662,0.7906200430875711,0.11817337207753505,0.7451304536662389,-0.3980819648010822,-0.13425589625516718,0.08733909083228347,0.2803999201750806,-0.25036770496745864,-0.06034900444389587,0.25702422415700105,-0.11667610344984074,-0.13837175060416523,-0.12937806491828102,0.15571587902291367,-0.29894706541611216,-0.01721045785808842,-0.1694224456408444,-0.16045772008059353,-0.16565132753924333
rig_country_united_states,0.5259903305698574,0.9897074410560596,0.7116968379287064,1.0,0.7945328158886851,0.4625233189980111,0.8919509863758444,0.38755555436807104,0.9614438905329337,0.9703424457106472,0.8666622696745326,0.9207372769420491,0.1598415613490586,0.9514476615796544,0.9192183250503655,0.9271793639626215,0.8523499370795493,0.9228305763891484,0.9680585540636338,0.9518484110876033,0.13708857369397107,0.9902977645971405,0.8960638560765144,0.3346162995508313,0.6841733614174652,0.36172648327505613,0.8827501617777669,0.7765285875242997,0.9439059644519107,0.9723154750171976,0.8136469483029032,-0.29014887277852974,0.22601782809033683,0.5733976173466199,0.5567880216489631,0.8781062765329581,0.5613436881514151,0.9500961823470433,0.6269449464718191,-0.1563545786502489,0.9193915600229419,0.8481484937647085,0.6424907453847651,0.524938054384055,0.1869036658373705,-0.023665342128767832,-0.07997056502913029,0.2966634026542492,0.9701769301573624,-0.14021964214595267,0.918826351825585,0.9449734575687749,0.21874231259580348,0.9243409258454152,0.5734230847958839,0.6692629525030008,0.9973688150485392,0.8191187713364576,0.48924517188879063,0.9084089529192694,0.965083584179548,0.9466997993816969,0.9641436825311938,0.06905785105983123,0.9174804318818165,-0.5777273259409257,-0.3152336357646498,0.20471529942914077,0.3845163501024246,-0.530797290737815,-0.28243413310958365,0.2575971049157832,-0.0538301490935351,-0.3177544022047183,-0.3065977678858066,0.004539347967462018,-0.5901893740457876,-0.0323978583006459,-0.1821491434605521,-0.31484240097242927,-0.2541144272450015
rig_basin_ardmore_woodford,0.4809312812268685,0.7867968302320205,0.5676351847890253,0.7945328158886851,1.0,0.14599325558566606,0.8444769686412475,0.08690471122792526,0.7239850439690858,0.8663104829078381,0.8376595420882201,0.8180209881962087,0.04113347578910315,0.8063047224848721,0.8303984787299518,0.7487013059708448,0.5481546295355992,0.6571445902479311,0.8434835892771018,0.7929657277264356,0.35216275250862594,0.7754693433744526,0.7069676807363073,0.38303415038763783,0.5441805132847587,0.498505710317886,0.8340695829787927,0.6716157801410909,0.7697227171221659,0.7738432105261001,0.7188989875826106,-0.16577660378702358,0.11041888931831909,0.6685125377390985,0.34746480527699064,0.8107417378202811,0.29741146876257574,0.7894901456465464,0.5016818758466238,-0.021565072527865846,0.7227611389067972,0.8198175513703571,0.6011739919844584,0.5815712310221981,0.07868111848424268,-0.025723457171780085,0.004415344459654951,0.35673618264578094,0.8388987816612009,-0.15786839705035083,0.6509463001788065,0.6899302032154448,0.2901856278821272,0.7586166890761321,0.42140689685751315,0.7432966059017087,0.7771811841450933,0.7659998246785256,0.6053183518606059,0.8025860283637538,0.7546522891967654,0.845263693138748,0.6989720663648575,0.105074530564251,0.8376937507343539,-0.523876326187049,-0.26602051987380115,0.3670777171821865,0.10152126077975224,-0.40467034699203286,-0.18418052309386265,0.20632032209896972,0.020963166314551227,-0.27070165486958353,-0.2971964293461656,-0.008754502331040475,-0.4748872897996146,0.00587754845328199,-0.12905349187230405,-0.27096778246249337,-0.2283186396352353
rig_basin_arkoma_woodford,-0.06754957997342222,0.449162758134504,0.28696001160964957,0.4625233189980111,0.14599325558566606,1.0,0.26483769098497684,0.8145371485374859,0.556847311799084,0.3551516716969877,0.23909062787372942,0.2876819489094714,0.0437595923954267,0.49746177638794054,0.2682980918557755,0.40943688941517514,0.43601923341653276,0.6071019835331444,0.3354630694845276,0.4730843751075999,-0.4422992440271134,0.4396386830939366,0.40105458905221925,0.11320582407033672,0.26150286953569274,-0.09626475223436946,0.24498709379197278,0.32663868194833634,0.35683869126249673,0.5371850305228429,0.26562751678739444,-0.27827858742979183,0.2641561135127105,0.3396764624803111,0.16617369133652724,0.2695315418801371,0.454641311265393,0.47303807838083084,0.22482196800365073,-0.4945481669972329,0.42942927647619805,0.1163007067177641,0.3349340997084615,0.027680474540687283,-0.21394669748675665,0.0627186163095928,-0.09274524806216994,0.17663746766850083,0.35013558911535014,-0.008850763569918641,0.608379882401636,0.6667943007109045,-0.00893304737679591,0.5225179420015311,0.2820850709590182,0.04297081345129354,0.4666430823013326,0.07270157864559043,0.0035709268700880995,0.405223794330036,0.45778647192790184,0.3254272190107692,0.5115379654881074,-0.009487580944798488,0.29895964567281014,-0.5077710453137877,-0.3764339046743306,-0.1342228843894368,0.37102616090263035,-0.5941700412011424,-0.493656220298191,0.14754051370823634,-0.10896422007447455,-0.3639713412964736,-0.2550977226867929,-0.11801031046904624,-0.6158050795924717,-0.11594028766383385,-0.1291118403391408,-0.23501948417444848,-0.20421450650165845
rig_basin_barnett,0.507417815037744,0.8943294305459152,0.6915398847249048,0.8919509863758444,0.8444769686412475,0.26483769098497684,1.0,0.11680226045684895,0.8410507524042158,0.9539823879153084,0.9477686959522202,0.9634066964931561,-0.05933737120161829,0.8452904023894098,0.970522816687605,0.8872438414543437,0.5726707475892535,0.8249170428654234,0.9560771918466829,0.9067841008140992,0.29928351146189863,0.8803140942343376,0.8791277305283633,0.26871132917713614,0.6680055073343663,0.4766457429634219,0.9536156176560582,0.8057470666326271,0.9047346478067145,0.8855395642780117,0.787012579774084,-0.2516544849864099,0.26757207446859416,0.6987828225955722,0.4880251544296659,0.9480074246712242,0.5431673849371343,0.8932048174605467,0.6327489583256208,-0.06329376412968694,0.886572072205971,0.9274520990562639,0.6659660413711922,0.6435536561963965,-0.06994135073411456,-0.008399717533675499,0.06256867379010463,0.23303848541024857,0.9512938668453745,-0.053712231342284436,0.8211220452322304,0.8096770251164063,0.31665582375876594,0.8078826369456743,0.50626387624443,0.7962224825854907,0.8760210404991242,0.847233828164355,0.5625389332784704,0.8317222271429041,0.8112449219540184,0.9587598816459362,0.7827511479952032,0.1540080936230646,0.9797983138769313,-0.7223629429515562,-0.43662811277340563,0.44975792619512706,0.08744794100352951,-0.5393150872404633,-0.2938518800080397,0.24720567784579212,-0.0614598732435434,-0.4438485209116335,-0.4587497630257366,-0.11498045257279761,-0.5776656871892508,0.038734433811274636,-0.07836831749955538,-0.25953745853918136,-0.1410640133322037
rig_basin_cana_woodford,-0.10824820605792923,0.36849785818215103,0.20185143793031401,0.38755555436807104,0.08690471122792526,0.8145371485374859,0.11680226045684895,1.0,0.4360929734262297,0.2276283466066986,0.06821537639773843,0.14885623330277298,0.13514150992352064,0.44149880044004125,0.10133819507979729,0.2869008553759406,0.5236951266115034,0.48922723941777313,0.20029018350322547,0.3492099020850642,-0.4456736687319792,0.37252514234623607,0.28227555338010746,0.03321824454739434,0.19283984887122463,0.005848818047728147,0.07802120218069646,0.13802123411969736,0.23545353795936858,0.42832720831138854,0.15864024428252915,-0.349586978425081,0.029599653323267767,0.1477933541479194,0.1731012193437947,0.055066249434185144,0.27256590133271696,0.32192718242011087,0.18268527999055678,-0.3707447657369306,0.28962183828741705,0.0036365477408642874,0.10822080752890541,0.04374533427142391,-0.04034926572830381,-0.0007927900748679769,-0.03380621618951622,0.18683492052259468,0.21362349398150082,0.029804271999437117,0.4873027081400456,0.6083503646898706,-0.005574891761698346,0.48802771562448755,0.21677676425197823,0.04474518251158226,0.4097528732266399,-0.0034808363312254136,0.0893211657265687,0.31093515028265173,0.4228600505204737,0.19961465148477034,0.46923594492005477,-0.04392604644755725,0.16541380330397645,-0.3329236566892602,-0.164528212545379,-0.3222996404686071,0.48857474076457424,-0.4840281068973926,-0.44345293058483554,-0.010184635818933764,-0.1343427485258568,-0.15792982144918363,-0.06406281194591561,-0.014584182642768366,-0.4983960296973721,-0.08274558423689468,-0.06728884897789078,-0.18208228167189805,-0.13293165376286495
rig_basin_dj-niobrara,0.3750037804005013,0.9465761241074429,0.6598494199582868,0.9614438905329337,0.7239850439690858,0.556847311799084,0.8410507524042158,0.4360929734262297,1.0,0.9237328946827145,0.8289709717691646,0.8711408568082789,0.06680835252788263,0.9389466647325261,0.883734847630184,0.895861206720321,0.7758613469251352,0.9462624628253465,0.9297244809636498,0.9299220996961365,-0.013163066247977433,0.9420429602914779,0.9053867384548553,0.31967123210993864,0.6171116142310195,0.2850987968098278,0.8435961031768832,0.7745208066000999,0.9131523285527164,0.9878397512999917,0.7989916984104658,-0.2785216339158546,0.31090472039382033,0.6042522126724004,0.5580005771457572,0.8647000822022722,0.660227485936342,0.9503924226487719,0.5962964988802004,-0.314220644307624,0.9300989844166789,0.7515031261743955,0.7074358261780469,0.41209192351018215,0.02910509902426641,-0.018392113171380443,-0.01961265223467839,0.29289398522980586,0.9365127377386712,-0.05653574941084623,0.9448568009598228,0.9477874036761843,0.11287448242604882,0.9086614719224707,0.5589095434733395,0.5696958665601476,0.9527123201082647,0.693805473370535,0.44096278562603225,0.907055621115563,0.9346301639025988,0.9122013415100667,0.9220712371113673,-0.002208564565083389,0.87440637247787,-0.6586398197318328,-0.428953932547272,0.21380791674473013,0.3588916586887711,-0.659665357107995,-0.43424054807506307,0.20426378018100574,-0.03702098349682741,-0.4335699050196458,-0.4156332466536727,-0.11587645073179378,-0.7105396045011927,-0.044229900640241675,-0.1930258551647412,-0.3601001264628168,-0.29328817373485655
rig_basin_eagle_ford,0.5494008702154166,0.9657212893272541,0.716931403559794,0.9703424457106472,0.8663104829078381,0.3551516716969877,0.9539823879153084,0.2276283466066986,0.9237328946827145,1.0,0.946285723061754,0.9585992866842703,0.06650645535189224,0.9293478519488194,0.9727428446973145,0.9287528519143124,0.725973733097551,0.8883078515255866,0.9911416904955211,0.9581184544127994,0.24935020645796344,0.9571260880985325,0.904017551231554,0.37541271612717403,0.6907992838094603,0.42676298650099104,0.9551949784592865,0.8286250740201683,0.9333567975361706,0.9489256143813537,0.8183644968556932,-0.255471515677522,0.24071081143695625,0.6557812147891349,0.5104570954883765,0.9474883673996477,0.5562083056850119,0.9539831649161667,0.6260011267114873,-0.10388158142368312,0.9125124470456482,0.9034450388535435,0.7174086474419712,0.5878486047712309,0.08780086080174178,-0.011451163012745362,-0.03798567156273832,0.28471215039256553,0.9905443049840439,-0.13884141393273552,0.8839878919419506,0.8888532925433245,0.26664948760435847,0.893352369593495,0.5412220015404493,0.7300907567783017,0.9578108639585464,0.8628084472216502,0.5315995337495807,0.9021014019407289,0.9089887821674217,0.9751927954734163,0.8983580227256499,0.09984910400029377,0.9665946449788597,-0.6356376136400823,-0.35351935395170847,0.3152326473170206,0.26084224101213127,-0.5196828169970416,-0.2582164086854222,0.25983274373699994,-0.050892815830121826,-0.3580075707586353,-0.3599534739615245,-0.022170784125598145,-0.5820681149491408,-0.015701527965040697,-0.1504402428192632,-0.2896558795849198,-0.2203822601705948
rig_basin_fayetteville,0.4507148049992628,0.864290462613629,0.6489458939063144,0.8666622696745326,0.8376595420882201,0.23909062787372942,0.9477686959522202,0.06821537639773843,0.8289709717691646,0.946285723061754,1.0,0.9500049855048646,-0.11680256212721579,0.8515389658543597,0.9719116150234228,0.8592997906761211,0.5127722062950902,0.8222923665042348,0.9497874441087436,0.8987085249783393,0.317138867449459,0.8440258243397798,0.8789701581683125,0.3311168289274992,0.6220486971209458,0.4867961652981155,0.9967989575892098,0.8200423388552217,0.8716684453128393,0.8663994249778648,0.7549559413726058,-0.2513494622142073,0.25457232730439183,0.6754337022727492,0.4880186809431451,0.9578863037792865,0.550837922805127,0.8867896136413983,0.593780646617266,-0.03133362376457136,0.8844046878359672,0.8805204283234347,0.7686844240931011,0.6144406728178624,-0.09648799110607167,-0.008974817804662883,0.0066877991992715284,0.2708356819427623,0.9475909439245738,-0.07548010767942089,0.8152708896734407,0.7897661085743781,0.3173937668151833,0.832766600232974,0.4488655750251979,0.746130040050638,0.8384236943361979,0.802381989775466,0.5068725390812575,0.8010836822659138,0.7815946842069351,0.9325060760592935,0.7500586791574454,0.14644133880482382,0.9585379669468912,-0.6980698586692692,-0.43874204287380963,0.4620681885443573,0.10208689576683103,-0.5351472837043681,-0.3029124248081757,0.18421713500548745,-0.06271226900238071,-0.45113450542317407,-0.4730105342792172,-0.1272802015460289,-0.5616667601466726,0.028430798433788224,-0.07674833866633918,-0.26749754806552495,-0.15510997597449766
rig_basin_granite_wash,0.519209309219052,0.918977776608191,0.6931687744669279,0.9207372769420491,0.8180209881962087,0.2876819489094714,0.9634066964931561,0.14885623330277298,0.8711408568082789,0.9585992866842703,0.9500049855048646,1.0,-0.06384050648918686,0.8532831299628306,0.9757825119547693,0.9037870853618085,0.6292738754775401,0.8681695587033322,0.9698104278544906,0.9121210951799886,0.3084273624816543,0.9103608956897455,0.906260400781525,0.29150537785399117,0.6629534908762431,0.46834573892441933,0.9573575819110205,0.8037257572162403,0.9360475071110025,0.9071763695097486,0.7834294031273846,-0.31516452306193704,0.252266351336529,0.6500724566845396,0.5343557609817166,0.9485390168092487,0.5652643197681758,0.8888145079440333,0.6436097929090489,-0.04345772968141398,0.9279530748717876,0.9077051118335682,0.6787211459488455,0.6251460356266461,-0.011917322672452733,-0.034275268581513876,0.021053768669819325,0.2707399322925638,0.9671754996345722,-0.05780629440634641,0.861341301419516,0.8536101460020774,0.27144148834248144,0.8301669493125066,0.5333152675198506,0.7597080685803749,0.9043094940197662,0.858682877569446,0.5405553039261375,0.8196125775685361,0.8456800609377311,0.9726726682588098,0.8244589119849499,0.10487481122420728,0.9672079532884912,-0.6686301183863274,-0.3763721217521289,0.4007157304855375,0.186347804763121,-0.49628857561986606,-0.26031722788306383,0.22812924380175584,-0.07660097983113698,-0.38661563605131904,-0.39932883097499805,-0.031552421811610665,-0.5257078656759723,0.023025627575919562,-0.1093434237091855,-0.28596671784197275,-0.1772161715725382
rig_basin_haynesville,0.4725731869458617,0.14941723308147795,0.07066299977613086,0.1598415613490586,0.04113347578910315,0.0437595923954267,-0.05933737120161829,0.13514150992352064,0.06680835252788263,0.06650645535189224,-0.11680256212721579,-0.06384050648918686,1.0,0.14911189438640826,-0.06330912229196357,0.03331710118482928,0.4672518632107503,-0.011768409843926912,0.013367703936302046,0.07670493294234593,-0.13871802756977702,0.1699699580061614,-0.08198121357775963,-0.10047389799372941,0.10106552556026119,-0.03059285414991116,-0.09864698454077696,-0.1113770422352308,0.03561966823903157,0.036286715446271885,0.03383225796353343,0.21251041308877497,-0.21126090588838722,-0.13896096841085948,0.021023691989061087,-0.1294573904927004,-0.24974525658138957,0.1775137635630562,-0.015508297431901491,-0.06767313587560521,-0.09451395952843097,0.07013419392311698,-0.260156995762741,0.05075124524127774,0.6906496698023793,0.007022006791570172,-0.3377996087706455,-0.16902339715792083,0.009693899985375292,-0.32901738685376974,-0.003902818147805174,0.049182524304193787,-0.010350755158486553,0.11033337558781561,0.08153551975635526,-0.010205751833348797,0.19282599172920473,0.19473538499127813,-0.002766896673797365,0.17894035114198617,0.1857207694359316,-0.040477346936809565,0.27747757184614114,-0.023374094303285874,-0.07209642560020564,0.34769910498517714,0.18597541279327598,-0.3072771659408108,0.3434529902685564,0.25544106629908514,0.4495561117200906,0.511284618594888,-0.02373408990238431,0.23466439245612322,0.2989830661834813,0.16451279892260878,0.16948199590460902,-0.07325746173281408,-0.06012741220372712,0.26522972890448127,0.04499670120086768
rig_basin_marcellus,0.4002769219303674,0.9318303580868439,0.6289152009935959,0.9514476615796544,0.8063047224848721,0.49746177638794054,0.8452904023894098,0.44149880044004125,0.9389466647325261,0.9293478519488194,0.8515389658543597,0.8532831299628306,0.14911189438640826,1.0,0.8789764907715598,0.8583809984992573,0.7778518901335161,0.8797640568313061,0.9182343486432684,0.9270312917515957,0.02973471214937008,0.923756782897995,0.8483121137154748,0.2818682087092734,0.6005208091019514,0.32644263258280964,0.8602545733642679,0.7294384176100548,0.8882388768769631,0.949396172523093,0.8176242040854707,-0.25118722156554874,0.17938977215426352,0.576415499522912,0.5621330450276028,0.8424729765634172,0.5193092781461064,0.9436528730909878,0.5529347300987477,-0.26595565459538606,0.883525349968117,0.7756435892982466,0.6703135798220036,0.49952837615516105,0.06792809945583045,-0.029940688443934105,-0.10324931166128001,0.33641957577736814,0.9222705695803327,-0.13659702711870444,0.8732503131119185,0.9264246411448092,0.260767097416409,0.9811066610321726,0.4904726419560831,0.6475753204779118,0.9435317640623448,0.68903330721469,0.46959944242406787,0.9243009328321079,0.9152008645148997,0.8909843973115129,0.8983921221471676,0.10841095630043726,0.8852240428483502,-0.6478725325298157,-0.43382605071296515,0.2713577917028804,0.3181744884534064,-0.6616160344344649,-0.43067251982948124,0.18925438322114785,-0.04626230988265077,-0.434021279620428,-0.42190894741991175,-0.14905063909615282,-0.7096165495545625,-0.02239202338387093,-0.11573289464830726,-0.29642870509632846,-0.20314899278697296
rig_basin_mississippian,0.494690292931365,0.9198717434308374,0.7038557089055443,0.9192183250503655,0.8303984787299518,0.2682980918557755,0.970522816687605,0.10133819507979729,0.883734847630184,0.9727428446973145,0.9719116150234228,0.9757825119547693,-0.06330912229196357,0.8789764907715598,1.0,0.9110594867786991,0.6038363509568638,0.8617022666159325,0.9825436023434357,0.9281978208246519,0.26090745789324776,0.906992106598382,0.9087558874690634,0.30620429167192487,0.6751806379471246,0.40521154224176525,0.9821213970039966,0.8472886669868919,0.9296176651586672,0.9109115406619669,0.8178258975971813,-0.2528620536314161,0.27336707435782004,0.6322383642550901,0.5451527865840473,0.9791875466406763,0.6020647593857222,0.9195736852561162,0.6366043897921615,-0.07768140234588831,0.9247837447128798,0.9152675341337037,0.7505736715042999,0.5639743261243878,-0.03133347109543493,-0.03153918599469713,0.010555770102742282,0.2568745088663792,0.9804308259380636,-0.08447753610433807,0.856507405947489,0.8359603199268071,0.29816828933393036,0.8484371405284714,0.5167353743443451,0.7343678756004877,0.898066839529791,0.8352286245186947,0.497714025178402,0.8518123718425402,0.8419262529384213,0.9685263526673699,0.8200642571588787,0.1304457390896105,0.982383464196133,-0.6871608227578266,-0.42968153773167883,0.4395879690181703,0.1514788857391852,-0.5426468734704156,-0.3016012235630095,0.21468409219202855,-0.06212183965820188,-0.43973851667573943,-0.4607317540793758,-0.11530433903186206,-0.5756902466525987,0.024833904506141136,-0.09806261436147756,-0.27769567713859866,-0.1661689178453299
rig_basin_other,0.5089131606168407,0.9683700352254188,0.9089160287830438,0.9271793639626215,0.7487013059708448,0.40943688941517514,0.8872438414543437,0.2869008553759406,0.895861206720321,0.9287528519143124,0.8592997906761211,0.9037870853618085,0.03331710118482928,0.8583809984992573,0.9110594867786991,1.0,0.7155418104770378,0.8883845728712242,0.9326354851043127,0.9705849017727194,0.17555181873535686,0.957195163148239,0.8536701166147684,0.40190223109310647,0.8836307557030176,0.27238509796374244,0.8785888017929805,0.9005629957018402,0.8745259958706201,0.9113362162079596,0.7569358534619793,-0.32902626106068755,0.3093367252587022,0.5596271717231422,0.48995692654517875,0.8802234423159044,0.588555295119738,0.8909995790239974,0.81810758150306,-0.08107155264116916,0.8794476754891709,0.8626879365266926,0.6658521247776411,0.4916736909105979,0.09365503460381427,-0.03161141147127769,-0.08100056624403205,0.2154639492122138,0.931567579661244,-0.0805410923383487,0.8814604676627005,0.873058356911603,0.3049948370860036,0.8311384336721105,0.7587075599663925,0.6571573955830463,0.9157013441139349,0.8043851943948751,0.3998386430469859,0.8374291286232457,0.8991359895008878,0.9389329367360371,0.9281367830606596,0.09362608383639667,0.9261017913304648,-0.5911159506372275,-0.29611870019693487,0.20848573400801043,0.3249576840822041,-0.46904104507047933,-0.23563424234010588,0.2567394097685968,-0.10468954335331214,-0.303073830012341,-0.2963607780051759,0.04879162948358658,-0.5208196555423009,-0.020496527278050073,-0.1807095129927991,-0.2779618984613767,-0.2313221060416799
rig_basin_permian,0.523806123284481,0.835808616245417,0.5684803737843452,0.8523499370795493,0.5481546295355992,0.43601923341653276,0.5726707475892535,0.5236951266115034,0.7758613469251352,0.725973733097551,0.5127722062950902,0.6292738754775401,0.4672518632107503,0.7778518901335161,0.6038363509568638,0.7155418104770378,1.0,0.7142953280495435,0.7159499999671183,0.7176611834495585,0.030470150692545914,0.862079494663348,0.6322392638138998,0.2537553342312162,0.5584973335930485,0.2087184322283091,0.5395351100553906,0.4795337440068002,0.7419157881928534,0.7644540355851824,0.6208965514086385,-0.22506210976918817,0.05612198371363999,0.24456765707324285,0.4872982844074246,0.5273165312903022,0.3083966627177103,0.7211723314442134,0.46754365353460947,-0.0978723794189197,0.6628654655713752,0.6025021575235913,0.2792903900110023,0.3508570115807903,0.5698142928860306,-0.02452566234702788,-0.21537555342562922,0.24495599016988934,0.719679657710907,-0.21860876736736815,0.7127560530475898,0.7911651369489173,0.12433512041728528,0.763877667163232,0.513274883992848,0.44368444171567756,0.8791832775253217,0.6573315995475536,0.33120927655265564,0.721808567954271,0.8761631919904438,0.678366384548427,0.9110656338813693,0.01526572391524129,0.6136758288822278,-0.1819180738967524,-0.007624402493141425,-0.11372458583265649,0.5638143397229368,-0.2690948223858262,-0.07489678473706064,0.2554180744537361,0.010182590529635096,-0.0010263274502341966,0.02518221549569162,0.19364414378672726,-0.34368858405199154,-0.07727151372458743,-0.2421182030948275,-0.2559746482576218,-0.27168779229510437
rig_basin_utica,0.3402604027864949,0.9179342810185562,0.6793662029637144,0.9228305763891484,0.6571445902479311,0.6071019835331444,0.8249170428654234,0.48922723941777313,0.9462624628253465,0.8883078515255866,0.8222923665042348,0.8681695587033322,-0.011768409843926912,0.8797640568313061,0.8617022666159325,0.8883845728712242,0.7142953280495435,1.0,0.8932356712046751,0.9234319637932792,0.015482646114688813,0.9070328383773414,0.9131979863084277,0.2685025328422018,0.6421476662573976,0.2547738785484636,0.8398784096546472,0.8038579245572497,0.8663131866369951,0.9534214636517313,0.7388720650765842,-0.37009841711083735,0.267794573503208,0.5892056422251993,0.49997205629973035,0.8341279013901592,0.7151988921429687,0.8977285324334683,0.6223825256854448,-0.2588214665990271,0.8922282396359229,0.7258957793002251,0.6995218390651418,0.39185857695240817,-0.04404020288294762,-0.0231556758732787,-0.046112782417993214,0.2755971830710241,0.8997299540233156,-0.05241188831978844,0.9983297229971607,0.9511237942561276,0.12950442668316287,0.8676539295120751,0.5437173596013226,0.5233793663770262,0.9105685039209473,0.6904203033709804,0.40804985353310425,0.8306595147068632,0.8768695201192986,0.8851073727162653,0.8935798133082634,0.023552311004954477,0.8490239049327825,-0.6869398313919726,-0.4144568215482814,0.22320183834968121,0.3409747607341114,-0.6200875741565134,-0.41213550093376705,0.17941918501015655,-0.0996906925690517,-0.42260007177904807,-0.3977669297098804,-0.06449433230031447,-0.6429091539876519,-0.0031494641008202734,-0.1320771686870839,-0.3267220459686943,-0.21832136576865044
rig_basin_williston,0.5153584215545625,0.9635821125333125,0.7159009586658768,0.9680585540636338,0.8434835892771018,0.3354630694845276,0.9560771918466829,0.20029018350322547,0.9297244809636498,0.9911416904955211,0.9497874441087436,0.9698104278544906,0.013367703936302046,0.9182343486432684,0.9825436023434357,0.9326354851043127,0.7159499999671183,0.8932356712046751,1.0,0.950841146200002,0.24279420186384884,0.9565517722743581,0.9142822236269251,0.36027762082781417,0.6859478834571361,0.41268780923212994,0.9610222666117951,0.8309667870031451,0.9535936647161083,0.950847731673877,0.8325141738323166,-0.2577560838004433,0.27437705602772783,0.6276470227106,0.5448495510112357,0.9583072440027312,0.5873564307149531,0.9427719004574332,0.6448727607125941,-0.09686096527145362,0.9393990597257431,0.9087357864913498,0.7263782085856704,0.5687252551704454,0.07410975450084205,-0.03704672615595607,-0.023885215161379567,0.29180124020881815,0.9995671094455374,-0.11014305893225207,0.8882948375346572,0.8842125323495,0.26271868729328285,0.8836532689053544,0.5490440128121407,0.7314611199856068,0.9532557148862248,0.8480393726008076,0.5176402610335902,0.8953241915332992,0.913781994850215,0.9812663573541378,0.8916275759924724,0.10294748645573365,0.9712253600561365,-0.6344136798601778,-0.36841960282057074,0.34602163019851645,0.24555625172580328,-0.530124921664832,-0.28819527470318684,0.21981761311090867,-0.04094614632186434,-0.37710732706862254,-0.38789036618046935,-0.04921475749837125,-0.5787918855931551,-0.0034230168457420112,-0.15440752257194307,-0.3171233386340876,-0.23372536713406744
rig_drillfor_gas,0.47536400614126256,0.9717372893468529,0.8231515065103976,0.9518484110876033,0.7929657277264356,0.4730843751075999,0.9067841008140992,0.3492099020850642,0.9299220996961365,0.9581184544127994,0.8987085249783393,0.9121210951799886,0.07670493294234593,0.9270312917515957,0.9281978208246519,0.9705849017727194,0.7176611834495585,0.9234319637932792,0.950841146200002,1.0,0.12666920770725504,0.9530810203904665,0.8792207804193624,0.38128801570176984,0.7983014902396286,0.30570936963484563,0.911990383643377,0.8974233115523021,0.8795970167514924,0.9491868046264427,0.7881159051225448,-0.3211325010231965,0.2713440783196143,0.6185286762056375,0.49675170695429016,0.8983036274780855,0.5828936787467519,0.9462626313941679,0.7361320881019723,-0.14701366392663792,0.8958357669114988,0.8643798112148191,0.7170287810166892,0.515004248692208,0.043855265972749545,-0.010593963914199457,-0.10366161343046477,0.24669895405755388,0.9508450019111483,-0.11002583799304534,0.916504445474998,0.9143056006033101,0.2939927587042495,0.9019228967907772,0.6381562661569469,0.6718907892667113,0.9375072994071597,0.7878826985244127,0.452633570702687,0.8873471816127889,0.9083778198663949,0.9438704303189702,0.9287297372150638,0.10962812291433849,0.9344785858642501,-0.6522517917232926,-0.36471089304062854,0.24346685319604885,0.3185625435600717,-0.5488153064380119,-0.29998130624401614,0.2498752990406823,-0.10687833624837785,-0.3676346000644754,-0.35176801205444275,-0.01368314943741176,-0.6049350131329843,-0.014203575018534675,-0.16248946629938857,-0.2885079720819791,-0.22856322131213447
rig_drillfor_miscellaneous,0.44982099416178545,0.15099372872540426,0.17275053258505813,0.13708857369397107,0.35216275250862594,-0.4422992440271134,0.29928351146189863,-0.4456736687319792,-0.013163066247977433,0.24935020645796344,0.317138867449459,0.3084273624816543,-0.13871802756977702,0.02973471214937008,0.26090745789324776,0.17555181873535686,0.030470150692545914,0.015482646114688813,0.24279420186384884,0.12666920770725504,1.0,0.1520560203747179,0.10573023906250098,0.28927795241081306,0.1815512733640057,0.32947721896607757,0.30846086095161973,0.16868290387835894,0.16033377235102098,0.061045805449942904,0.15061040628913394,0.09176036335648675,-0.03395047517069687,0.1945778887552737,-0.0271044403140286,0.24322554178138647,-0.13417555567347517,0.03279261420987034,0.11752732104096261,0.5662559318875743,0.08648197150694353,0.3738069152561522,0.04244888294090126,0.5568879204901359,0.2276066372348731,0.11850977006781466,0.04323136540927593,0.17107704146398692,0.23088417105137332,0.018951185076550355,0.011218404894353325,-0.03248392623944122,0.10114346147862094,0.016145599640854817,0.09145259478524945,0.36333466007825665,0.13118172485188448,0.49388882235656806,0.28961323032131486,0.04997085105577445,0.0957807113663451,0.28326986012224076,0.06811150669837818,0.06068078268424585,0.2520051843394965,0.11647778065200408,0.3982116819109703,0.14288445457036508,-0.07750364460435646,0.38783355507248046,0.42186480141162874,0.03617538770449129,-0.025580265072115544,0.38477951829046475,0.3215086902318449,0.4829289845248156,0.3297021105460422,0.09464025191465,-0.007761294023441435,-0.0666766942245141,-0.04485402445996162
rig_drillfor_oil,0.5528552403205325,0.997596875259115,0.7906568628469637,0.9902977645971405,0.7754693433744526,0.4396386830939366,0.8803140942343376,0.37252514234623607,0.9420429602914779,0.9571260880985325,0.8440258243397798,0.9103608956897455,0.1699699580061614,0.923756782897995,0.906992106598382,0.957195163148239,0.862079494663348,0.9070328383773414,0.9565517722743581,0.9530810203904665,0.1520560203747179,1.0,0.8744044245006659,0.3523295964314922,0.7659155561307815,0.3315151498634183,0.8640099536033661,0.7973113490461555,0.9308464634092872,0.9521470042049076,0.7949221014247088,-0.2983780872007602,0.23679474352321842,0.5360206771842262,0.5473774037334324,0.8610973561144702,0.550787623267281,0.9269805887414729,0.6970441571399071,-0.11808277089032507,0.9008746346260391,0.8536495922427977,0.6105385123506539,0.5146901383429543,0.2296881035679206,-0.033937213659765694,-0.09565418448074242,0.26872188010169384,0.9575824489054243,-0.1360603048495064,0.9025511469513267,0.926728656036169,0.24994798601998122,0.8967642718039305,0.6609075012054274,0.6645145954946757,0.9897284369137477,0.8304059245970925,0.45346749414328663,0.8864911975526008,0.9645381293233501,0.9419208372925502,0.9791691918265695,0.07328610717862855,0.9140976515692358,-0.5394528819194124,-0.2715818933234781,0.17261584128133825,0.39711885791896373,-0.48158925693155635,-0.23582709983657918,0.2729980531528063,-0.05734247244107155,-0.27447129903261414,-0.2643954425911454,0.047486183578184064,-0.5419484977920127,-0.03590728417973147,-0.19407900886439491,-0.2983251128579882,-0.25154705975219416
rig_state_alabama,0.336672681329449,0.8827173591946204,0.6174830581218392,0.8960638560765144,0.7069676807363073,0.40105458905221925,0.8791277305283633,0.28227555338010746,0.9053867384548553,0.904017551231554,0.8789701581683125,0.906260400781525,-0.08198121357775963,0.8483121137154748,0.9087558874690634,0.8536701166147684,0.6322392638138998,0.9131979863084277,0.9142822236269251,0.8792207804193624,0.10573023906250098,0.8744044245006659,1.0,0.20648199262012304,0.5809151327135728,0.3866671297849328,0.890401750309973,0.7656532592783873,0.88101151074737,0.9157157013632921,0.7411361199733929,-0.27846900576737,0.2351993112099582,0.6233635753366235,0.5444729804847882,0.8851492978763322,0.6573982331323831,0.8896395783851061,0.6103379624314142,-0.19308173506175022,0.9159585272208732,0.7931256180609944,0.7035687225993885,0.45318129513825556,-0.08932499822979749,-0.022401135080013655,0.05833446602462887,0.2524443060313572,0.9165843472083907,-0.0168338268511023,0.9120461987845412,0.8779215831497812,0.19847486463564296,0.8277943185238057,0.47185111072787306,0.6213530672164707,0.8818614761982695,0.7184051779957732,0.4851562194031326,0.8121354179353419,0.8293256149728919,0.9013362526147379,0.8131563772369788,0.097009166328622,0.8968178960622742,-0.7116407586323882,-0.45606610508182155,0.3582924400513774,0.19899960120748975,-0.6218503269768414,-0.42006529206444326,0.15112372345149946,-0.03824683242840316,-0.46979460371461335,-0.4796462818532108,-0.167814277460148,-0.645382992675016,0.014640157839272298,-0.12160351364367955,-0.3631719621211902,-0.22282409635967979
rig_state_alaska,0.2848790441807748,0.36275506777831074,0.3931814584526707,0.3346162995508313,0.38303415038763783,0.11320582407033672,0.26871132917713614,0.03321824454739434,0.31967123210993864,0.37541271612717403,0.3311168289274992,0.29150537785399117,-0.10047389799372941,0.2818682087092734,0.30620429167192487,0.40190223109310647,0.2537553342312162,0.2685025328422018,0.36027762082781417,0.38128801570176984,0.28927795241081306,0.3523295964314922,0.20648199262012304,1.0,0.39409956463339607,0.019858330035102834,0.32771070111092027,0.4301793687817022,0.2165293947948741,0.3090844082915989,0.22931214898891833,-0.14327265054831942,0.20659035742625068,0.18438661326661354,-0.10854142709831145,0.36660897674377296,0.17675124408620072,0.2778558821769569,0.22994412237875156,0.14439061601731684,0.25353849568996273,0.29580470330820036,0.4362496995283578,0.2059588701417562,0.19584345169148795,-0.0413916919538294,-0.11715856979577272,0.23618422353925597,0.36272647982637896,-0.09763997764947063,0.2645079006758919,0.2776832120740485,0.0369524913700381,0.23667370212046335,0.270657250628203,0.12967461989976006,0.3166324312706219,0.3469988151942429,0.04786412782838304,0.34076448875117216,0.3782382916547521,0.35532312020690177,0.37139393012099114,-0.03333352229021002,0.2914353919641043,0.027259680655353693,0.3006987547530516,-0.25238347355048235,0.34981680154361144,0.1210784210002268,0.19371502383862407,0.04140198731585691,-0.031224663207763514,0.2900804761752565,0.3127541953298252,0.5171025233369607,-0.004007993683199303,-0.14194998219796462,-0.23096407353339207,-0.2464744344637449,-0.3474233053916081
rig_state_alberta,0.49149709269256175,0.7799732734455812,0.9917614292216648,0.6841733614174652,0.5441805132847587,0.26150286953569274,0.6680055073343663,0.19283984887122463,0.6171116142310195,0.6907992838094603,0.6220486971209458,0.6629534908762431,0.10106552556026119,0.6005208091019514,0.6751806379471246,0.8836307557030176,0.5584973335930485,0.6421476662573976,0.6859478834571361,0.7983014902396286,0.1815512733640057,0.7659155561307815,0.5809151327135728,0.39409956463339607,1.0,0.09984322996537373,0.6468212320212663,0.8127744453406297,0.5961913488261386,0.6332160559771046,0.5102967258844366,-0.28644450140927086,0.26413419156441265,0.3251901017524366,0.30790998194940056,0.6338787098294311,0.4055127826335143,0.6356918830520301,0.865782135811347,0.08149458406183555,0.6012138555961387,0.713824204724657,0.4381291459321584,0.38696132178325554,0.1824817822401369,-0.02732197717292568,-0.15718306236387034,0.026665047985876565,0.6797255697038841,-0.06838824710050306,0.6331005037177382,0.6223462021256599,0.4232670276472879,0.586749855097391,0.8156041076791632,0.503188355676784,0.6790268956919139,0.6683577184376813,0.1758512311794083,0.5820945020515179,0.6781273038566966,0.7057689382899044,0.7689402630552832,0.15117844560920332,0.7217935519278396,-0.36382240891857637,-0.09859562429412667,0.06802392327017238,0.27363444479885946,-0.2041846510907121,-0.012562782700016003,0.2756666993491519,-0.11056402064473135,-0.10056262936327251,-0.08737128455795064,0.18427861265507678,-0.2599484917689956,-0.022767905111536466,-0.1537604137025149,-0.1329409699103296,-0.13612214579157753
rig_state_arizona,0.27636187651859,0.3293643974552113,0.11685439462455427,0.36172648327505613,0.498505710317886,-0.09626475223436946,0.4766457429634219,0.005848818047728147,0.2850987968098278,0.42676298650099104,0.4867961652981155,0.46834573892441933,-0.03059285414991116,0.32644263258280964,0.40521154224176525,0.27238509796374244,0.2087184322283091,0.2547738785484636,0.41268780923212994,0.30570936963484563,0.32947721896607757,0.3315151498634183,0.3866671297849328,0.019858330035102834,0.09984322996537373,1.0,0.45824101450021304,0.17862882652405088,0.3969012944979204,0.34244745722515096,0.18790659213254438,-0.09908895943237511,-0.053780924191293523,0.4517543220718077,0.27702943486632325,0.3807498950466846,-0.008877490125758496,0.3448435956872133,0.18685119270981598,0.049565307581244944,0.3597810432479187,0.4024428477746534,0.19985545790492149,0.5471869868868073,-0.026402959573769067,0.04329818569448037,0.2363205580166309,0.12218968934014732,0.40709479381974695,-0.03467968786188739,0.254692958996733,0.2940091719138463,-0.02106626701368965,0.3317051345954264,0.08815422129274149,0.6387277206815807,0.36081310547570117,0.47436483486038444,0.6296425785176449,0.26569240874919403,0.29725317606527074,0.44433480454205293,0.23228035218845658,-0.032668816592317386,0.4438322956072228,-0.34098049733059144,-0.15691687641469942,0.26505143556578487,-0.08114425829627529,-0.20619047927366235,-0.08837389314574291,0.07558017399672325,-0.02128292476437617,-0.16036197803029975,-0.18436683264116732,-0.06209326986817718,-0.22991632130154555,0.0209479672141606,0.0383789030894716,-0.10343436231698062,-0.028908732914196645
rig_state_arkansas,0.4623940704599602,0.8828629255292227,0.6734048781083758,0.8827501617777669,0.8340695829787927,0.24498709379197278,0.9536156176560582,0.07802120218069646,0.8435961031768832,0.9551949784592865,0.9967989575892098,0.9573575819110205,-0.09864698454077696,0.8602545733642679,0.9821213970039966,0.8785888017929805,0.5395351100553906,0.8398784096546472,0.9610222666117951,0.911990383643377,0.30846086095161973,0.8640099536033661,0.890401750309973,0.32771070111092027,0.6468212320212663,0.45824101450021304,1.0,0.838410617525115,0.8851318401410304,0.8778431162660217,0.7721591522203088,-0.25087624651525375,0.2630988045757686,0.65331810726022,0.5110042228927394,0.9641449274339713,0.5679710086609235,0.8959929353345214,0.6156800160163398,-0.039925421892307765,0.8952738581507,0.8934952857268295,0.7716271684087417,0.6050897699106699,-0.0726572906268147,-0.019953845302116396,0.0023684737908655513,0.26372567737934144,0.9587851940288477,-0.07734691578578465,0.8334834690205948,0.8038573998807853,0.31927517442200554,0.8387771736553324,0.4699660673730073,0.7379631890933264,0.8559088802861575,0.8119793031412244,0.49939136710806287,0.8155736571481226,0.8001304575920593,0.9423191531792955,0.774125534644952,0.1463549334496194,0.9660464622370614,-0.6912560138067995,-0.4353699233104015,0.45849472295614624,0.11827890971990851,-0.5330627106158958,-0.2985818041001716,0.19363949457703883,-0.06221277850711041,-0.4470588879927762,-0.4682650035930286,-0.12258339422222729,-0.559327012285582,0.03115150060787091,-0.08207913791576452,-0.2707919927750837,-0.15668416119416304
rig_state_british_columbia,0.3686957163669989,0.8270976335505485,0.8401239914144862,0.7765285875242997,0.6716157801410909,0.32663868194833634,0.8057470666326271,0.13802123411969736,0.7745208066000999,0.8286250740201683,0.8200423388552217,0.8037257572162403,-0.1113770422352308,0.7294384176100548,0.8472886669868919,0.9005629957018402,0.4795337440068002,0.8038579245572497,0.8309667870031451,0.8974233115523021,0.16868290387835894,0.7973113490461555,0.7656532592783873,0.4301793687817022,0.8127744453406297,0.17862882652405088,0.838410617525115,1.0,0.7323314319407658,0.7883501783618713,0.6508572152871133,-0.3378288305512424,0.3672783402669058,0.5226061211058062,0.36973147259098843,0.8453689872713683,0.5964509210305319,0.7905217323988546,0.7315976157183096,-0.06492801408399004,0.7717133788604994,0.7677156176299169,0.7509110243222026,0.36402098619982526,-0.06865780759123073,-0.01955887100627693,-0.13851424968610426,0.18210734556239558,0.8303520925818394,-0.09127326817682346,0.8010302809743572,0.7249649055697097,0.22546355626218587,0.6996088521868278,0.6095128070706939,0.54284342963348,0.7527830908643641,0.6940037487140343,0.34123461504278274,0.7243416854400633,0.7224123779744611,0.8423660912479465,0.7611703325621149,0.06824931739093315,0.8430805366323512,-0.588843337983089,-0.3081330088689617,0.29497530531900984,0.17451718273361383,-0.43297059610617294,-0.24688289192825683,0.1375093114850506,-0.09885292246130378,-0.3212058121523401,-0.33786718245071556,0.00879083445590681,-0.4642369320404322,0.017818141167612923,-0.15735209377801063,-0.2782339093599104,-0.1909600066289505
rig_state_california,0.4912526917216001,0.9269397017715814,0.6361803795162297,0.9439059644519107,0.7697227171221659,0.35683869126249673,0.9047346478067145,0.23545353795936858,0.9131523285527164,0.9333567975361706,0.8716684453128393,0.9360475071110025,0.03561966823903157,0.8882388768769631,0.9296176651586672,0.8745259958706201,0.7419157881928534,0.8663131866369951,0.9535936647161083,0.8795970167514924,0.16033377235102098,0.9308464634092872,0.88101151074737,0.2165293947948741,0.5961913488261386,0.3969012944979204,0.8851318401410304,0.7323314319407658,1.0,0.9300304082800301,0.8169104069548336,-0.2982018639700673,0.25300236433090917,0.5913162072533737,0.5817943955795409,0.8980167522598801,0.5634832097446805,0.9001954250807853,0.5829065681761803,-0.1768053499422209,0.9314728693296301,0.8440543127306114,0.6245682487241468,0.5241997507730504,0.08429861191759258,-0.06465333757238743,-0.027201660112903807,0.29419772577555736,0.9548305256881631,-0.11861077019759239,0.8630868041749623,0.8666173872237389,0.17402983111046774,0.8521703137601423,0.5421783272688597,0.7002951436676708,0.936556253532044,0.7928054764518957,0.5310532383562602,0.8731257027698719,0.9014494259834017,0.9445104208887272,0.8625865100113748,0.04498765998980976,0.9230247314236402,-0.6161062679898018,-0.43385652929718344,0.3470439086784978,0.25777586582418277,-0.5686070822318567,-0.34538087794363204,0.2284432152516506,-0.03417988785566875,-0.4440475366991939,-0.45971246405300703,-0.1383660845485706,-0.5769274158769159,0.001986084961780334,-0.1211216895867606,-0.27422514180952895,-0.17240672125154324
rig_state_colorado,0.4031654189134839,0.9591245894651624,0.6763675735900281,0.9723154750171976,0.7738432105261001,0.5371850305228429,0.8855395642780117,0.42832720831138854,0.9878397512999917,0.9489256143813537,0.8663994249778648,0.9071763695097486,0.036286715446271885,0.949396172523093,0.9109115406619669,0.9113362162079596,0.7644540355851824,0.9534214636517313,0.950847731673877,0.9491868046264427,0.061045805449942904,0.9521470042049076,0.9157157013632921,0.3090844082915989,0.6332160559771046,0.34244745722515096,0.8778431162660217,0.7883501783618713,0.9300304082800301,1.0,0.820665621971605,-0.29708133774685036,0.262820615298243,0.6558429846087208,0.5478135806221145,0.8822721637898867,0.6284245558262727,0.9557263872227205,0.6253767346103455,-0.2711654327263525,0.9331267322449778,0.8012980118818749,0.6974765251560457,0.4734559287707508,0.010755610915950885,-0.02086524987322406,-0.007981841472133532,0.3276476603897697,0.9553399911879589,-0.06546362457578703,0.9507881218627813,0.9557240295776855,0.1579722356126556,0.9218076185851914,0.5699387395422079,0.6458254797415192,0.9626614942840639,0.7391081661172414,0.5060966224251637,0.9118904153712301,0.9317281652407117,0.9436590619012702,0.9206402973021284,0.02741868378981908,0.9075926599986855,-0.6876755521207473,-0.4165590080379399,0.2480815401817655,0.32990376549061756,-0.6516058903792867,-0.4247164080866205,0.18773947110134714,-0.056907872784569456,-0.42272458170529414,-0.4112887139528233,-0.09312177042434358,-0.7009427720783854,-0.020235579614723952,-0.17356116183694578,-0.3553118445998704,-0.2788356488166628
rig_state_florida,0.3987895967971361,0.8001093722942235,0.553725118749924,0.8136469483029032,0.7188989875826106,0.26562751678739444,0.787012579774084,0.15864024428252915,0.7989916984104658,0.8183644968556932,0.7549559413726058,0.7834294031273846,0.03383225796353343,0.8176242040854707,0.8178258975971813,0.7569358534619793,0.6208965514086385,0.7388720650765842,0.8325141738323166,0.7881159051225448,0.15061040628913394,0.7949221014247088,0.7411361199733929,0.22931214898891833,0.5102967258844366,0.18790659213254438,0.7721591522203088,0.6508572152871133,0.8169104069548336,0.820665621971605,1.0,-0.1650943851193477,0.10328150369847103,0.5486761087664117,0.5209093348724277,0.7856278100247384,0.451282181346501,0.7938840933802149,0.5458399671780652,-0.1516070305475402,0.779770016382441,0.7729293404500496,0.594016479487943,0.3597809349702127,0.08869627884453621,-0.057586627631570755,-0.0497076584770309,0.3138815825159133,0.8319820991564523,-0.10477086523643181,0.7281163569332172,0.7252626217155764,0.19228606454491579,0.7680035412146479,0.4872486485092843,0.662904615069372,0.799886288568526,0.6377423925099676,0.4918805376521766,0.8410796713129773,0.8171247512560671,0.8244151081646671,0.7486236205159021,0.13587049292655481,0.7830174989595938,-0.49157021699887843,-0.35016194005416057,0.29159977479827526,0.2438869306155117,-0.4915175823860115,-0.31384428829247196,0.12051045269971733,-0.06429788097303298,-0.3588527868180651,-0.3804218077340418,-0.10545724082876176,-0.5049404098784329,0.019848854029307913,-0.10251573369642057,-0.2183425202802352,-0.1680927567380389
rig_state_hawaii,-0.17762289449483284,-0.305598884792989,-0.29699992240275075,-0.29014887277852974,-0.16577660378702358,-0.27827858742979183,-0.2516544849864099,-0.349586978425081,-0.2785216339158546,-0.255471515677522,-0.2513494622142073,-0.31516452306193704,0.21251041308877497,-0.25118722156554874,-0.2528620536314161,-0.32902626106068755,-0.22506210976918817,-0.37009841711083735,-0.2577560838004433,-0.3211325010231965,0.09176036335648675,-0.2983780872007602,-0.27846900576737,-0.14327265054831942,-0.28644450140927086,-0.09908895943237511,-0.25087624651525375,-0.3378288305512424,-0.2982018639700673,-0.29708133774685036,-0.1650943851193477,1.0,-0.13663231641554272,-0.19922792364546357,-0.060172263937065235,-0.25489742631629303,-0.18825475368379446,-0.21926918778299714,-0.2726518167245456,-0.05005899028503548,-0.31695446630732493,-0.19820753866860055,-0.19578844330502584,-0.12995763163290003,0.08590558407374188,0.0668957707446504,0.11119242651110672,-0.1919958275945482,-0.26026327143150113,-0.06308843437702119,-0.36134559073302275,-0.3819913297124097,-0.06024053185790367,-0.29663367122668066,-0.22031543364226713,-0.16137359014880287,-0.2844490826692897,-0.24805881143369882,-0.15485759061347423,-0.1586450533997359,-0.27956147923606556,-0.29558610711969313,-0.2978344836299001,0.004534283115155557,-0.2814439932726365,0.25948366200833467,0.14503628312963246,0.09629547452842141,-0.32843543526990654,0.1596453142311713,0.09502496294200567,-0.10117415823979632,0.2263031610024972,0.17104952715931349,0.14019781899529085,-0.13550920837475516,0.0487799455164803,0.0011625794196651342,0.026110955791154727,-0.03382970458760787,-0.1475363388114907
rig_state_idaho,0.04292967692244188,0.24644539083026246,0.2725520145063978,0.22601782809033683,0.11041888931831909,0.2641561135127105,0.26757207446859416,0.029599653323267767,0.31090472039382033,0.24071081143695625,0.25457232730439183,0.252266351336529,-0.21126090588838722,0.17938977215426352,0.27336707435782004,0.3093367252587022,0.05612198371363999,0.267794573503208,0.27437705602772783,0.2713440783196143,-0.03395047517069687,0.23679474352321842,0.2351993112099582,0.20659035742625068,0.26413419156441265,-0.053780924191293523,0.2630988045757686,0.3672783402669058,0.25300236433090917,0.262820615298243,0.10328150369847103,-0.13663231641554272,1.0,0.2531858502874775,0.048852662202546526,0.33357338757160865,0.3701544349849212,0.25124217469884447,0.18253451538041737,-0.17553428278965885,0.3587773814232955,0.14271222531031905,0.28087302803843694,0.09748843049561795,-0.22533230761195872,-0.06671688537946327,0.18259982081871748,-0.1421989896185549,0.2815068890218479,0.23930449179453275,0.2753918384762226,0.23390330108663754,-0.03269578665122803,0.15148779380634703,0.18388818096424378,0.08035701849358168,0.21557836420200388,0.1316119677592018,-0.08404956908356148,0.22416260874182006,0.21806703237992842,0.28062035862561296,0.2018926005061068,-0.050703461451257176,0.2934547534843141,-0.3189586205622511,-0.23346873823447817,0.11923186964628689,0.019951319532986192,-0.27109619431883125,-0.2165107444232242,0.07033579264425721,-0.03303204915033021,-0.2385387477053489,-0.2303512278818049,-0.08378112937826844,-0.2788347248743548,-0.0074742669255170955,-0.09215283543505583,-0.1321464062108354,-0.07929832519650608
rig_state_illinois,0.32557314414043836,0.5598216733503167,0.370413520018717,0.5733976173466199,0.6685125377390985,0.3396764624803111,0.6987828225955722,0.1477933541479194,0.6042522126724004,0.6557812147891349,0.6754337022727492,0.6500724566845396,-0.13896096841085948,0.576415499522912,0.6322383642550901,0.5596271717231422,0.24456765707324285,0.5892056422251993,0.6276470227106,0.6185286762056375,0.1945778887552737,0.5360206771842262,0.6233635753366235,0.18438661326661354,0.3251901017524366,0.4517543220718077,0.65331810726022,0.5226061211058062,0.5913162072533737,0.6558429846087208,0.5486761087664117,-0.19922792364546357,0.2531858502874775,1.0,0.08565452275726607,0.6432228344299611,0.30764861040909547,0.6559972723291271,0.37231057552798397,-0.2500452209886903,0.5980834927293188,0.5701842506646261,0.47209522626092326,0.48715422527283125,-0.3268125739683347,0.03247661707761956,0.2142584354071938,0.20827158185879321,0.6273269878066736,0.12695981243340235,0.5940233403115307,0.5573325486167621,0.06339952044790477,0.5222137888223871,0.32711133237795637,0.5840702850285081,0.5541254200062276,0.5539572900005569,0.5930174528054507,0.6151073548283289,0.5206674492711463,0.6800844865753142,0.4537422091794947,0.019384961767530764,0.6569447953850421,-0.7080017869052816,-0.4920534816692879,0.283946116483111,0.012666319886817283,-0.5381635489786268,-0.322058797535949,0.2296654634603368,-0.08910680560684922,-0.4936282851348319,-0.46912192207000664,-0.18881913373756531,-0.5680613663043073,-0.009831437932319062,-0.0308101035175725,-0.09016115989619054,-0.0771307682177169
rig_state_indiana,0.09237674713690601,0.5399486091441468,0.3417333718145585,0.5567880216489631,0.34746480527699064,0.16617369133652724,0.4880251544296659,0.1731012193437947,0.5580005771457572,0.5104570954883765,0.4880186809431451,0.5343557609817166,0.021023691989061087,0.5621330450276028,0.5451527865840473,0.48995692654517875,0.4872982844074246,0.49997205629973035,0.5448495510112357,0.49675170695429016,-0.0271044403140286,0.5473774037334324,0.5444729804847882,-0.10854142709831145,0.30790998194940056,0.27702943486632325,0.5110042228927394,0.36973147259098843,0.5817943955795409,0.5478135806221145,0.5209093348724277,-0.060172263937065235,0.048852662202546526,0.08565452275726607,1.0,0.48812603742216704,0.317488804698973,0.5166298103824712,0.36029823748448625,-0.28636103209015196,0.5983823589705155,0.4715427302163278,0.3410730869345154,0.25844727340104867,0.04813965942076062,-0.0948421125882617,-0.01924215402784153,0.19032906032537866,0.5452271512505452,-0.003756664037006227,0.4877562295282981,0.5414964016043545,0.02497300087518218,0.5834088364634662,0.345700431334539,0.45928752545845086,0.5598426361287814,0.2964913732282136,0.28563389739215245,0.4708229561309003,0.5082896450854045,0.5065767523776702,0.5133440283651283,-0.012537284002489716,0.5340966048709271,-0.3767466441703335,-0.39008006104637316,0.36697932850626125,0.08920311114088476,-0.49350858506773454,-0.42570249609100924,0.02529033126351096,0.0615065061305201,-0.3908216932961438,-0.4046313665489124,-0.2971893507163284,-0.4644141362063202,0.010783108529324428,-0.05462052278705092,-0.2968489230432916,-0.11586291673924107
rig_state_kansas,0.4609366969074092,0.8772241639750107,0.6649814860983859,0.8781062765329581,0.8107417378202811,0.2695315418801371,0.9480074246712242,0.055066249434185144,0.8647000822022722,0.9474883673996477,0.9578863037792865,0.9485390168092487,-0.1294573904927004,0.8424729765634172,0.9791875466406763,0.8802234423159044,0.5273165312903022,0.8341279013901592,0.9583072440027312,0.8983036274780855,0.24322554178138647,0.8610973561144702,0.8851492978763322,0.36660897674377296,0.6338787098294311,0.3807498950466846,0.9641449274339713,0.8453689872713683,0.8980167522598801,0.8822721637898867,0.7856278100247384,-0.25489742631629303,0.33357338757160865,0.6432228344299611,0.48812603742216704,1.0,0.6345905415576972,0.8967805322231819,0.5820890352442755,-0.10884265573580823,0.9100286763558856,0.8740957741193459,0.8053019907541967,0.5309719847057037,-0.09641053918477942,-0.0507934488492362,0.026134199081388813,0.26252092223192447,0.9577221737302117,-0.09863589421651434,0.8303008988260514,0.7961861430686487,0.254184775672151,0.801167812920232,0.4765255972832164,0.6691239367607253,0.8515277015365326,0.7953225329070406,0.46833340154067404,0.8381754830687689,0.8012853844020364,0.9478350648370859,0.7678881900993448,0.10700982509356441,0.9572619870243984,-0.6926129161718173,-0.44880144802133237,0.4459643234422284,0.13051564937105542,-0.5460334791100491,-0.31230055522807454,0.20037531119220856,-0.06323190468484043,-0.45997017404381013,-0.47799566757426176,-0.11808483335307655,-0.577163544579795,0.00861528738635636,-0.09350025957974127,-0.2723780142503838,-0.1654137224622779
rig_state_kentucky,0.07811462765447819,0.5619731189707274,0.4309581403907162,0.5613436881514151,0.29741146876257574,0.454641311265393,0.5431673849371343,0.27256590133271696,0.660227485936342,0.5562083056850119,0.550837922805127,0.5652643197681758,-0.24974525658138957,0.5193092781461064,0.6020647593857222,0.588555295119738,0.3083966627177103,0.7151988921429687,0.5873564307149531,0.5828936787467519,-0.13417555567347517,0.550787623267281,0.6573982331323831,0.17675124408620072,0.4055127826335143,-0.008877490125758496,0.5679710086609235,0.5964509210305319,0.5634832097446805,0.6284245558262727,0.451282181346501,-0.18825475368379446,0.3701544349849212,0.30764861040909547,0.317488804698973,0.6345905415576972,1.0,0.6048155323174318,0.3550751774733817,-0.28018767975521053,0.6249485485971858,0.41071235873908846,0.6832026706222678,0.07848185054014956,-0.28256144343875583,-0.04563772910520558,0.1601052724577605,0.11651337858850605,0.5966747119329199,0.09827601025735964,0.7171989096724305,0.6223904349397443,-0.00543594310258168,0.5021792960756523,0.3017915443928128,0.17691988894146515,0.5357141976447433,0.3646730613502207,0.07962819700978573,0.5265590650799338,0.514113525008482,0.5669704207963825,0.5213333264339997,-0.03720448790518455,0.5660708938095856,-0.5855350903365422,-0.4207402836902944,0.20003359864954073,0.16683735154656762,-0.5286280412509228,-0.41211259997185573,0.10443419334643847,-0.06684224037417816,-0.4330248225701282,-0.41781586550326605,-0.17632325887340267,-0.5293358904111505,-0.03383667752279338,-0.057730382152693785,-0.22562031379432085,-0.12169835988874404
rig_state_louisiana,0.481357038073013,0.938760717952848,0.6685395740089265,0.9500961823470433,0.7894901456465464,0.47303807838083084,0.8932048174605467,0.32192718242011087,0.9503924226487719,0.9539831649161667,0.8867896136413983,0.8888145079440333,0.1775137635630562,0.9436528730909878,0.9195736852561162,0.8909995790239974,0.7211723314442134,0.8977285324334683,0.9427719004574332,0.9462626313941679,0.03279261420987034,0.9269805887414729,0.8896395783851061,0.2778558821769569,0.6356918830520301,0.3448435956872133,0.8959929353345214,0.7905217323988546,0.9001954250807853,0.9557263872227205,0.7938840933802149,-0.21926918778299714,0.25124217469884447,0.6559972723291271,0.5166298103824712,0.8967805322231819,0.6048155323174318,1.0,0.5962471471757909,-0.2770308078157478,0.8985260995283588,0.8214962826433072,0.7201311385057297,0.4853211775263565,0.032019799654387456,-0.02402334303423846,-0.04412613671773652,0.25885470179996284,0.9451468348472131,-0.11786533504955411,0.8978529243362294,0.8999035666494557,0.21495521315749255,0.9018789338259958,0.5244725836325584,0.6489000692913655,0.936724299587508,0.7600747599976995,0.46515959012666797,0.9228158572838311,0.8896533131895609,0.914818198476298,0.8934917432883054,0.06676752331288874,0.9097992059271592,-0.6787776919364,-0.47049446774540926,0.26596765823725194,0.2990537568941131,-0.6257406542512555,-0.3418056519969849,0.3049685604236702,-0.07920877879593632,-0.46685136134692456,-0.4483993773708071,-0.16100462056840745,-0.6859889968289137,-0.03448116645027832,-0.14344309463561014,-0.24452178019549964,-0.2069274372580155
rig_state_manitoba,0.34232160246141113,0.7118719505284543,0.8947669601521216,0.6269449464718191,0.5016818758466238,0.22482196800365073,0.6327489583256208,0.18268527999055678,0.5962964988802004,0.6260011267114873,0.593780646617266,0.6436097929090489,-0.015508297431901491,0.5529347300987477,0.6366043897921615,0.81810758150306,0.46754365353460947,0.6223825256854448,0.6448727607125941,0.7361320881019723,0.11752732104096261,0.6970441571399071,0.6103379624314142,0.22994412237875156,0.865782135811347,0.18685119270981598,0.6156800160163398,0.7315976157183096,0.5829065681761803,0.6253767346103455,0.5458399671780652,-0.2726518167245456,0.18253451538041737,0.37231057552798397,0.36029823748448625,0.5820890352442755,0.3550751774733817,0.5962471471757909,1.0,0.030595739311885042,0.6142252183216714,0.6797672094491635,0.43900315504089277,0.3319170269814785,0.0628659299794892,-0.08065382476920353,-0.05919755442824789,0.10227076060644735,0.6379645206088715,0.0003521138886142126,0.6111366596173872,0.5856349583003958,0.42274664120368616,0.5386828894854744,0.8361036322570368,0.5873850391852192,0.615425857825048,0.5633499601794405,0.30219807308207464,0.5583289822601388,0.6367859350239966,0.6824199634805058,0.6871333296187259,0.15041640051122698,0.6735370740961208,-0.4099167060231442,-0.18374265904343973,0.15417000595150726,0.1811914374062654,-0.2844879401631262,-0.1362550552568881,0.14611806406203173,-0.09687325102163974,-0.19273715746933762,-0.19417952426880214,0.05034385273627739,-0.3048146767300772,0.025180670301179087,-0.1337073314889093,-0.15825467202931853,-0.1744345875975032
rig_state_michigan,0.21610365554871486,-0.12361693176524553,0.04152811080988326,-0.1563545786502489,-0.021565072527865846,-0.4945481669972329,-0.06329376412968694,-0.3707447657369306,-0.314220644307624,-0.10388158142368312,-0.03133362376457136,-0.04345772968141398,-0.06767313587560521,-0.26595565459538606,-0.07768140234588831,-0.08107155264116916,-0.0978723794189197,-0.2588214665990271,-0.09686096527145362,-0.14701366392663792,0.5662559318875743,-0.11808277089032507,-0.19308173506175022,0.14439061601731684,0.08149458406183555,0.049565307581244944,-0.039925421892307765,-0.06492801408399004,-0.1768053499422209,-0.2711654327263525,-0.1516070305475402,-0.05005899028503548,-0.17553428278965885,-0.2500452209886903,-0.28636103209015196,-0.10884265573580823,-0.28018767975521053,-0.2770308078157478,0.030595739311885042,1.0,-0.21641227071297617,0.07658801186053057,-0.19819174018151225,0.16388547244051502,0.3366071486848676,0.09817632565525362,-0.11611038579321709,-0.057300640671431494,-0.10909825092239823,-0.11319021061358292,-0.2695532580155311,-0.2690631062231058,0.29855031796999687,-0.2326866914750235,-0.051823635006268236,0.0743063928847225,-0.15684577711069647,0.20783565501121082,-0.07347798220952907,-0.2901356661838087,-0.12256466868106242,-0.10113149250625462,-0.13807436189939357,0.20982201085106544,-0.08299202516048028,0.40923992982207313,0.578143512577497,-0.12442513124748726,0.009122324155563237,0.6048836375335275,0.559324707612471,-0.06542097456359684,-0.06946483330953684,0.5565067420877566,0.47264977962613564,0.4954757654838557,0.5973605642301976,0.11767718982766188,-0.018105695798938625,0.04247698217849536,0.0007815980970599811
rig_state_mississippi,0.35158928386681076,0.9070658714672888,0.6402749593032266,0.9193915600229419,0.7227611389067972,0.42942927647619805,0.886572072205971,0.28962183828741705,0.9300989844166789,0.9125124470456482,0.8844046878359672,0.9279530748717876,-0.09451395952843097,0.883525349968117,0.9247837447128798,0.8794476754891709,0.6628654655713752,0.8922282396359229,0.9393990597257431,0.8958357669114988,0.08648197150694353,0.9008746346260391,0.9159585272208732,0.25353849568996273,0.6012138555961387,0.3597810432479187,0.8952738581507,0.7717133788604994,0.9314728693296301,0.9331267322449778,0.779770016382441,-0.31695446630732493,0.3587773814232955,0.5980834927293188,0.5983823589705155,0.9100286763558856,0.6249485485971858,0.8985260995283588,0.6142252183216714,-0.21641227071297617,1.0,0.8044113021204471,0.7041952117251992,0.49072126489206935,-0.06997613638082198,-0.04570541013989693,0.04222279274182349,0.29064613872775735,0.9423030015142198,-0.028218196645529905,0.8873773975726723,0.894735584927861,0.21218873000914526,0.8613783200294708,0.5112413163227663,0.6580517405134602,0.9049015107709989,0.7020659573754151,0.44551810062213865,0.845923965657326,0.8728825736714136,0.9295831128071289,0.834798283008585,0.06761123007168561,0.9217310053213992,-0.7020092868022303,-0.4720351855516124,0.35591758989670863,0.24519997188238882,-0.6534221092655742,-0.4560927369579137,0.13449150251770292,-0.06805448663121191,-0.48496533129290464,-0.4905889106973124,-0.16945181915941476,-0.6690744695688832,-0.009050332606030135,-0.13317566139070383,-0.3514161146718115,-0.2297615189643645
rig_state_montana,0.6042546724166867,0.8641136784722656,0.7248482635317669,0.8481484937647085,0.8198175513703571,0.1163007067177641,0.9274520990562639,0.0036365477408642874,0.7515031261743955,0.9034450388535435,0.8805204283234347,0.9077051118335682,0.07013419392311698,0.7756435892982466,0.9152675341337037,0.8626879365266926,0.6025021575235913,0.7258957793002251,0.9087357864913498,0.8643798112148191,0.3738069152561522,0.8536495922427977,0.7931256180609944,0.29580470330820036,0.713824204724657,0.4024428477746534,0.8934952857268295,0.7677156176299169,0.8440543127306114,0.8012980118818749,0.7729293404500496,-0.19820753866860055,0.14271222531031905,0.5701842506646261,0.4715427302163278,0.8740957741193459,0.41071235873908846,0.8214962826433072,0.6797672094491635,0.07658801186053057,0.8044113021204471,1.0,0.5614052084218583,0.6150623839744089,0.14214737572876512,-0.027847855021290523,-0.026646592373326613,0.16741951982058337,0.8963462411720754,-0.12288723957016967,0.7182267537990776,0.7143810015297365,0.41858314321185514,0.7371882288335004,0.5299720611891019,0.785730989256638,0.8349073061460166,0.8797154914647634,0.5394777174323004,0.7757777038812764,0.7895172028198014,0.8998957041867873,0.7771807139957424,0.26228066644579173,0.9120413564645684,-0.5155269220269529,-0.25179937219105175,0.374372225492389,0.13605752301164128,-0.3299025928555659,-0.08503289264554509,0.2939171162980967,-0.05574271841254417,-0.25451022031938497,-0.2745203851956281,0.03569740826968335,-0.3885916276470527,0.044395005751983095,-0.13078311870029918,-0.21920660434529518,-0.18767396133832298
rig_state_nebraska,0.12834414461402338,0.6398774380627957,0.47689199779864605,0.6424907453847651,0.6011739919844584,0.3349340997084615,0.6659660413711922,0.10822080752890541,0.7074358261780469,0.7174086474419712,0.7686844240931011,0.6787211459488455,-0.260156995762741,0.6703135798220036,0.7505736715042999,0.6658521247776411,0.2792903900110023,0.6995218390651418,0.7263782085856704,0.7170287810166892,0.04244888294090126,0.6105385123506539,0.7035687225993885,0.4362496995283578,0.4381291459321584,0.19985545790492149,0.7716271684087417,0.7509110243222026,0.6245682487241468,0.6974765251560457,0.594016479487943,-0.19578844330502584,0.28087302803843694,0.47209522626092326,0.3410730869345154,0.8053019907541967,0.6832026706222678,0.7201311385057297,0.43900315504089277,-0.19819174018151225,0.7041952117251992,0.5614052084218583,1.0,0.2644433663678052,-0.26007410779291973,-0.04572407866767132,0.037104174043579456,0.3443063708513868,0.7331251063276925,-0.08749855416798029,0.6941018766311756,0.6449279040426814,0.1228845823960609,0.6436469644046205,0.2974851561158622,0.3888214537019947,0.5986543200457667,0.43993324718991245,0.2604604241152284,0.6629502858049585,0.5880873652063959,0.6892884488421853,0.5597529091040817,0.04227435100631648,0.7001428259459421,-0.5999743549790791,-0.45240049057389753,0.3176418720745074,0.15161149984793879,-0.5467103570169017,-0.3923605679278616,0.05915148301600264,-0.06384497578461937,-0.4669369688716858,-0.4630825426797419,-0.17700041041294842,-0.5602950706296413,-0.06560577198382936,-0.12064511015053887,-0.30416012637126416,-0.2193304554312759
rig_state_nevada,0.4820227509457534,0.5207716067752555,0.3796666159346784,0.524938054384055,0.5815712310221981,0.027680474540687283,0.6435536561963965,0.04374533427142391,0.41209192351018215,0.5878486047712309,0.6144406728178624,0.6251460356266461,0.05075124524127774,0.49952837615516105,0.5639743261243878,0.4916736909105979,0.3508570115807903,0.39185857695240817,0.5687252551704454,0.515004248692208,0.5568879204901359,0.5146901383429543,0.45318129513825556,0.2059588701417562,0.38696132178325554,0.5471869868868073,0.6050897699106699,0.36402098619982526,0.5241997507730504,0.4734559287707508,0.3597809349702127,-0.12995763163290003,0.09748843049561795,0.48715422527283125,0.25844727340104867,0.5309719847057037,0.07848185054014956,0.4853211775263565,0.3319170269814785,0.16388547244051502,0.49072126489206935,0.6150623839744089,0.2644433663678052,1.0,0.016489802796015,0.0374573240454377,0.05276133768474115,0.19343032197231932,0.5601733043845186,0.06784152646895612,0.38534959712500366,0.44860805908122103,0.31632124676345236,0.4982608054893647,0.24899442639439445,0.6224831384712055,0.5267158888164511,0.6090377151252621,0.45798467747368793,0.4305861080023741,0.4376517741099717,0.5843353610284959,0.426828763695796,0.12564193028821835,0.6236516076528914,-0.4081392806860429,-0.16224771514201566,0.2418851358655531,0.06366303970888934,-0.2141813427986251,-0.027001430114118992,0.248011824435187,-0.07454336398332821,-0.15850907161097394,-0.15377851866033518,0.06480001689249394,-0.2575405527346867,0.0227558866543638,-0.0005257330726557995,-0.08978092925320957,-0.023263347276189703
rig_state_new_mexico,0.5103235245381953,0.1896846644850138,0.15611360155440943,0.1869036658373705,0.07868111848424268,-0.21394669748675665,-0.06994135073411456,-0.04034926572830381,0.02910509902426641,0.08780086080174178,-0.09648799110607167,-0.011917322672452733,0.6906496698023793,0.06792809945583045,-0.03133347109543493,0.09365503460381427,0.5698142928860306,-0.04404020288294762,0.07410975450084205,0.043855265972749545,0.2276066372348731,0.2296881035679206,-0.08932499822979749,0.19584345169148795,0.1824817822401369,-0.026402959573769067,-0.0726572906268147,-0.06865780759123073,0.08429861191759258,0.010755610915950885,0.08869627884453621,0.08590558407374188,-0.22533230761195872,-0.3268125739683347,0.04813965942076062,-0.09641053918477942,-0.28256144343875583,0.032019799654387456,0.0628659299794892,0.3366071486848676,-0.06997613638082198,0.14214737572876512,-0.26007410779291973,0.016489802796015,1.0,-0.017641316124852445,-0.3586245011110879,0.01709136208458117,0.06915630030915879,-0.3681907208875519,-0.044895915835406836,0.0012556497402880932,-0.012954737603774141,0.04703417815347136,0.17970568518852859,0.01527739937380435,0.218593736172966,0.3199460295590883,0.005558877530128945,0.09467956565067864,0.26603913850019767,0.026381309818294257,0.32251611262539254,-0.03461204609729213,-0.06164905483185994,0.6496779441453278,0.6037757091415099,-0.3679773547755243,0.42636436280117435,0.5631578819764284,0.6349287992242,0.23750450455208938,0.08182601583984855,0.6192043079827506,0.6158738645266579,0.5478433990393112,0.4847775600294039,-0.06899453344019617,-0.2071738136444208,0.038939009672097014,-0.17116172902048069
rig_state_new_york,0.07228015203443675,-0.028426658846084196,-0.04141093855266415,-0.023665342128767832,-0.025723457171780085,0.0627186163095928,-0.008399717533675499,-0.0007927900748679769,-0.018392113171380443,-0.011451163012745362,-0.008974817804662883,-0.034275268581513876,0.007022006791570172,-0.029940688443934105,-0.03153918599469713,-0.03161141147127769,-0.02452566234702788,-0.0231556758732787,-0.03704672615595607,-0.010593963914199457,0.11850977006781466,-0.033937213659765694,-0.022401135080013655,-0.0413916919538294,-0.02732197717292568,0.04329818569448037,-0.019953845302116396,-0.01955887100627693,-0.06465333757238743,-0.02086524987322406,-0.057586627631570755,0.0668957707446504,-0.06671688537946327,0.03247661707761956,-0.0948421125882617,-0.0507934488492362,-0.04563772910520558,-0.02402334303423846,-0.08065382476920353,0.09817632565525362,-0.04570541013989693,-0.027847855021290523,-0.04572407866767132,0.0374573240454377,-0.017641316124852445,1.0,-0.044131113177554644,-0.11479275539492403,-0.0378395446921197,-0.04302121606998471,-0.02452367211647076,-0.008659598488273985,-0.026133350121064613,-0.008767049971519997,-0.08675283140725396,-0.010501410582940159,-0.0177317059981803,0.046321223519512324,-0.012398294518559573,-0.08463303101559132,-0.04161457639422834,-0.038656088774516574,-0.024994774098483434,0.1609045846901073,-0.027055069713614814,-0.021409093861164095,0.051467990425690426,-0.06495640423145772,-0.006465907242176432,0.02997602729351875,0.06658701476677882,0.07421129639132441,-0.026402120703505772,0.05458656802715283,0.07504368718320788,0.06712604699484959,-0.018050691028965036,-0.09441294464016062,0.009786503575574767,-0.014924013757592386,0.010054134787914452
rig_state_newfoundland_and_labrador,-0.10776299815244779,-0.0980831435354851,-0.14986765578686984,-0.07997056502913029,0.004415344459654951,-0.09274524806216994,0.06256867379010463,-0.03380621618951622,-0.01961265223467839,-0.03798567156273832,0.0066877991992715284,0.021053768669819325,-0.3377996087706455,-0.10324931166128001,0.010555770102742282,-0.08100056624403205,-0.21537555342562922,-0.046112782417993214,-0.023885215161379567,-0.10366161343046477,0.04323136540927593,-0.09565418448074242,0.05833446602462887,-0.11715856979577272,-0.15718306236387034,0.2363205580166309,0.0023684737908655513,-0.13851424968610426,-0.027201660112903807,-0.007981841472133532,-0.0497076584770309,0.11119242651110672,0.18259982081871748,0.2142584354071938,-0.01924215402784153,0.026134199081388813,0.1601052724577605,-0.04412613671773652,-0.05919755442824789,-0.11611038579321709,0.04222279274182349,-0.026646592373326613,0.037104174043579456,0.05276133768474115,-0.3586245011110879,-0.044131113177554644,1.0,-0.037283343930794216,-0.02427309056742828,0.4076489944080778,-0.03992657107677718,-0.025670242087443975,-0.02162723054183032,-0.11765897460788836,-0.1097729691462795,0.04564393896913418,-0.08715031652423212,-0.06298380811312215,0.11702808475320499,-0.057550613944110186,-0.10585591341578067,0.011223153412698703,-0.16886776666956968,-0.033538738852578145,0.024656418401533937,-0.23721991839271397,-0.13888446288237752,0.040917185727971254,-0.1155433208133177,-0.17365356775970234,-0.18599982927383785,-0.0914955462026048,-0.021849657567924955,-0.1462510642120021,-0.14567081081159197,-0.1442879529084892,-0.17861945835762538,0.035571577709590164,0.07148295286509092,-0.03637081998113511,0.036979129818151185
rig_state_nl_offshore,0.0035062992828646536,0.26638233497612207,0.07747735689711216,0.2966634026542492,0.35673618264578094,0.17663746766850083,0.23303848541024857,0.18683492052259468,0.29289398522980586,0.28471215039256553,0.2708356819427623,0.2707399322925638,-0.16902339715792083,0.33641957577736814,0.2568745088663792,0.2154639492122138,0.24495599016988934,0.2755971830710241,0.29180124020881815,0.24669895405755388,0.17107704146398692,0.26872188010169384,0.2524443060313572,0.23618422353925597,0.026665047985876565,0.12218968934014732,0.26372567737934144,0.18210734556239558,0.29419772577555736,0.3276476603897697,0.3138815825159133,-0.1919958275945482,-0.1421989896185549,0.20827158185879321,0.19032906032537866,0.26252092223192447,0.11651337858850605,0.25885470179996284,0.10227076060644735,-0.057300640671431494,0.29064613872775735,0.16741951982058337,0.3443063708513868,0.19343032197231932,0.01709136208458117,-0.11479275539492403,-0.037283343930794216,1.0,0.29816171310048667,-0.12790152734407934,0.2740962132129513,0.3143172763443663,-0.07166155522248689,0.33645264883467757,0.13367160685772078,0.21443201351217864,0.2856834616761916,0.1235459424878242,0.147506410160529,0.297655878981526,0.2817691606649632,0.3026589366037507,0.2514455834422974,-0.10022189913792327,0.2421719841486279,-0.16006121931640394,-0.08659949012106538,0.09563757487515345,0.1569005371217713,-0.23895970206651695,-0.2448641657117462,-0.1590218879956332,-0.028790620802754976,-0.10592923411418059,-0.12394880927617899,-0.009400022916677412,-0.21049486901049033,-0.05942881917688842,-0.087336615709468,-0.316504493672666,-0.2023189646299458
rig_state_north_dakota,0.5051812640345379,0.9643428665617678,0.7108512360368909,0.9701769301573624,0.8388987816612009,0.35013558911535014,0.9512938668453745,0.21362349398150082,0.9365127377386712,0.9905443049840439,0.9475909439245738,0.9671754996345722,0.009693899985375292,0.9222705695803327,0.9804308259380636,0.931567579661244,0.719679657710907,0.8997299540233156,0.9995671094455374,0.9508450019111483,0.23088417105137332,0.9575824489054243,0.9165843472083907,0.36272647982637896,0.6797255697038841,0.40709479381974695,0.9587851940288477,0.8303520925818394,0.9548305256881631,0.9553399911879589,0.8319820991564523,-0.26026327143150113,0.2815068890218479,0.6273269878066736,0.5452271512505452,0.9577221737302117,0.5966747119329199,0.9451468348472131,0.6379645206088715,-0.10909825092239823,0.9423030015142198,0.8963462411720754,0.7331251063276925,0.5601733043845186,0.06915630030915879,-0.0378395446921197,-0.02427309056742828,0.29816171310048667,1.0,-0.10873369225227501,0.895033969320338,0.890602989016013,0.2505859169423626,0.888115450967358,0.5471801565483877,0.7202654524407768,0.9553617580496451,0.8396550632473044,0.511561889321693,0.8981027797361925,0.9169241830312898,0.9801394591668655,0.8943249821388792,0.09210297090112055,0.9683970247734338,-0.6381169162519269,-0.37398919791168805,0.34084355589364174,0.25257876967046095,-0.5407245193245699,-0.30076654199256536,0.21317919760496468,-0.03968136389354911,-0.3830417726874024,-0.39300820336293474,-0.0545171531900926,-0.5883387866666658,-0.006489632499447423,-0.15547010181664556,-0.32194593475844363,-0.23611917710839728
rig_state_nova_scotia,-0.18687369730566472,-0.13108598515559933,-0.0620424889545927,-0.14021964214595267,-0.15786839705035083,-0.008850763569918641,-0.053712231342284436,0.029804271999437117,-0.05653574941084623,-0.13884141393273552,-0.07548010767942089,-0.05780629440634641,-0.32901738685376974,-0.13659702711870444,-0.08447753610433807,-0.0805410923383487,-0.21860876736736815,-0.05241188831978844,-0.11014305893225207,-0.11002583799304534,0.018951185076550355,-0.1360603048495064,-0.0168338268511023,-0.09763997764947063,-0.06838824710050306,-0.03467968786188739,-0.07734691578578465,-0.09127326817682346,-0.11861077019759239,-0.06546362457578703,-0.10477086523643181,-0.06308843437702119,0.23930449179453275,0.12695981243340235,-0.003756664037006227,-0.09863589421651434,0.09827601025735964,-0.11786533504955411,0.0003521138886142126,-0.11319021061358292,-0.028218196645529905,-0.12288723957016967,-0.08749855416798029,0.06784152646895612,-0.3681907208875519,-0.04302121606998471,0.4076489944080778,-0.12790152734407934,-0.10873369225227501,1.0,-0.05161992400689835,-0.05971972120108324,-0.02108330588426394,-0.11466610047789923,-0.014274161130255156,-0.0670751056916053,-0.1416292750777916,-0.17462695794859356,-0.05419789385500977,-0.15076023281391734,-0.14150358288361323,-0.08789296905738907,-0.16447623890856197,-0.03269523986595046,-0.05618847211817965,-0.20374862496522247,-0.12453237356756207,-0.019720448884923983,-0.11674776977472476,-0.15105637469437913,-0.19705659001323378,-0.0511383863280413,-0.021300138872612104,-0.12783151033372722,-0.11584545289061035,-0.12611376883789074,-0.15379221335191942,0.023529908243092708,-0.018446180279910702,-0.04681612163576608,-0.024152329254480874
rig_state_ohio,0.34437772352115426,0.9128415344123432,0.6709706791591915,0.918826351825585,0.6509463001788065,0.608379882401636,0.8211220452322304,0.4873027081400456,0.9448568009598228,0.8839878919419506,0.8152708896734407,0.861341301419516,-0.003902818147805174,0.8732503131119185,0.856507405947489,0.8814604676627005,0.7127560530475898,0.9983297229971607,0.8882948375346572,0.916504445474998,0.011218404894353325,0.9025511469513267,0.9120461987845412,0.2645079006758919,0.6331005037177382,0.254692958996733,0.8334834690205948,0.8010302809743572,0.8630868041749623,0.9507881218627813,0.7281163569332172,-0.36134559073302275,0.2753918384762226,0.5940233403115307,0.4877562295282981,0.8303008988260514,0.7171989096724305,0.8978529243362294,0.6111366596173872,-0.2695532580155311,0.8873773975726723,0.7182267537990776,0.6941018766311756,0.38534959712500366,-0.044895915835406836,-0.02452367211647076,-0.03992657107677718,0.2740962132129513,0.895033969320338,-0.05161992400689835,1.0,0.9448893860018245,0.11570375264720967,0.8577360428085706,0.5371707821372064,0.5144743376947198,0.90729764999941,0.6913031034188116,0.40082206389322467,0.8279553042441273,0.8694917025959807,0.8805607270391074,0.8889077717260064,0.016570466332633874,0.843494760000893,-0.6875528484748229,-0.4161536809414255,0.22078152857910036,0.3351776621752019,-0.6211206663606365,-0.4108266962045288,0.17767245530109324,-0.09703598463033256,-0.4238818904347923,-0.39954797021163374,-0.07149909739367902,-0.645352254350074,0.0011049516782247672,-0.1274086094657747,-0.3222007616510642,-0.21538318268089415
rig_state_oklahoma,0.34142923200183145,0.9310038970731138,0.6517044776449955,0.9449734575687749,0.6899302032154448,0.6667943007109045,0.8096770251164063,0.6083503646898706,0.9477874036761843,0.8888532925433245,0.7897661085743781,0.8536101460020774,0.049182524304193787,0.9264246411448092,0.8359603199268071,0.873058356911603,0.7911651369489173,0.9511237942561276,0.8842125323495,0.9143056006033101,-0.03248392623944122,0.926728656036169,0.8779215831497812,0.2776832120740485,0.6223462021256599,0.2940091719138463,0.8038573998807853,0.7249649055697097,0.8666173872237389,0.9557240295776855,0.7252626217155764,-0.3819913297124097,0.23390330108663754,0.5573325486167621,0.5414964016043545,0.7961861430686487,0.6223904349397443,0.8999035666494557,0.5856349583003958,-0.2690631062231058,0.894735584927861,0.7143810015297365,0.6449279040426814,0.44860805908122103,0.0012556497402880932,-0.008659598488273985,-0.025670242087443975,0.3143172763443663,0.890602989016013,-0.05971972120108324,0.9448893860018245,1.0,0.1974328917168873,0.9291634974866813,0.5271263256363383,0.56472066235597,0.9412738143554403,0.6569348035865453,0.407240626500089,0.8348636656836953,0.9073474291802381,0.8681604887221194,0.9188142945198658,0.05786759280318186,0.846987070033981,-0.6786828071547303,-0.39212612384618706,0.14421233013802864,0.4229177359843873,-0.654417042899152,-0.4417478461849782,0.19823659679556796,-0.11028923113451157,-0.3955406465822554,-0.3561986076311923,-0.051471195549095614,-0.6955008057889397,-0.04864779368528395,-0.16152668720278363,-0.35048720548664064,-0.24931773576988422
rig_state_oregon,0.15110778943846767,0.26236105226995377,0.38084901070656235,0.21874231259580348,0.2901856278821272,-0.00893304737679591,0.31665582375876594,-0.005574891761698346,0.11287448242604882,0.26664948760435847,0.3173937668151833,0.27144148834248144,-0.010350755158486553,0.260767097416409,0.29816828933393036,0.3049948370860036,0.12433512041728528,0.12950442668316287,0.26271868729328285,0.2939927587042495,0.10114346147862094,0.24994798601998122,0.19847486463564296,0.0369524913700381,0.4232670276472879,-0.02106626701368965,0.31927517442200554,0.22546355626218587,0.17402983111046774,0.1579722356126556,0.19228606454491579,-0.06024053185790367,-0.03269578665122803,0.06339952044790477,0.02497300087518218,0.254184775672151,-0.00543594310258168,0.21495521315749255,0.42274664120368616,0.29855031796999687,0.21218873000914526,0.41858314321185514,0.1228845823960609,0.31632124676345236,-0.012954737603774141,-0.026133350121064613,-0.02162723054183032,-0.07166155522248689,0.2505859169423626,-0.02108330588426394,0.11570375264720967,0.1974328917168873,1.0,0.2989637277842877,0.2013324606626293,0.28147275459049276,0.2121322409178912,0.24558459432148771,-0.03292265224751405,0.15734284230120887,0.18412748958969904,0.22389682671739541,0.21315399113409553,0.6781948324698719,0.35206744348301094,-0.22295875331324969,-0.09312565654346758,0.19004098319946444,-0.08143909458829575,-0.12641269144742778,-0.05713798899934616,0.005189643629716949,-0.012938825017864457,-0.09568502762069492,-0.11448844351911058,-0.07217827276230264,-0.14962745431264812,0.06243438124976789,0.05077579999721481,0.05246374799416239,0.05057533197221052
rig_state_pennsylvania,0.3474847037550154,0.9050104697049842,0.6096619559560326,0.9243409258454152,0.7586166890761321,0.5225179420015311,0.8078826369456743,0.48802771562448755,0.9086614719224707,0.893352369593495,0.832766600232974,0.8301669493125066,0.11033337558781561,0.9811066610321726,0.8484371405284714,0.8311384336721105,0.763877667163232,0.8676539295120751,0.8836532689053544,0.9019228967907772,0.016145599640854817,0.8967642718039305,0.8277943185238057,0.23667370212046335,0.586749855097391,0.3317051345954264,0.8387771736553324,0.6996088521868278,0.8521703137601423,0.9218076185851914,0.7680035412146479,-0.29663367122668066,0.15148779380634703,0.5222137888223871,0.5834088364634662,0.801167812920232,0.5021792960756523,0.9018789338259958,0.5386828894854744,-0.2326866914750235,0.8613783200294708,0.7371882288335004,0.6436469644046205,0.4982608054893647,0.04703417815347136,-0.008767049971519997,-0.11765897460788836,0.33645264883467757,0.888115450967358,-0.11466610047789923,0.8577360428085706,0.9291634974866813,0.2989637277842877,1.0,0.461026070927637,0.6189109526874578,0.9171264196942256,0.643936892188137,0.42263397957980414,0.8357613940911247,0.879361295012391,0.852216612232379,0.8747628143861166,0.130549106997029,0.8610169849105699,-0.6469366124793223,-0.4213549631682872,0.27653793276273086,0.31488232233842084,-0.6661235858903076,-0.4574737914579205,0.15224220370639674,-0.05722736783497247,-0.4233124293416001,-0.40984825214072435,-0.14893468178152852,-0.7035373812551522,-0.011057291144247288,-0.09677893457478462,-0.3093389658239194,-0.1873111712829759
rig_state_saskatchewan,0.36807383510231584,0.6611804582538284,0.8678653605099245,0.5734230847958839,0.42140689685751315,0.2820850709590182,0.50626387624443,0.21677676425197823,0.5589095434733395,0.5412220015404493,0.4488655750251979,0.5333152675198506,0.08153551975635526,0.4904726419560831,0.5167353743443451,0.7587075599663925,0.513274883992848,0.5437173596013226,0.5490440128121407,0.6381562661569469,0.09145259478524945,0.6609075012054274,0.47185111072787306,0.270657250628203,0.8156041076791632,0.08815422129274149,0.4699660673730073,0.6095128070706939,0.5421783272688597,0.5699387395422079,0.4872486485092843,-0.22031543364226713,0.18388818096424378,0.32711133237795637,0.345700431334539,0.4765255972832164,0.3017915443928128,0.5244725836325584,0.8361036322570368,-0.051823635006268236,0.5112413163227663,0.5299720611891019,0.2974851561158622,0.24899442639439445,0.17970568518852859,-0.08675283140725396,-0.1097729691462795,0.13367160685772078,0.5471801565483877,-0.014274161130255156,0.5371707821372064,0.5271263256363383,0.2013324606626293,0.461026070927637,1.0,0.4357916599284152,0.5710298628021829,0.494313667720326,0.22030057341475395,0.5223224533127102,0.6149505175321139,0.5962862210470082,0.6765901417733808,-0.015260405532794782,0.5567491297911529,-0.27640047999419737,-0.1042653391076306,-0.019444265929022694,0.31042546611273353,-0.21763561480347876,-0.0780376942815329,0.2187759119399243,-0.12130501182935823,-0.10773147991158452,-0.09794567888260342,0.11819555788543236,-0.24180871802605863,-0.019251110475253182,-0.19378678175564784,-0.1279049745280984,-0.20673480744768927
rig_state_south_dakota,0.4615984630030029,0.6726946655807072,0.5269725951728238,0.6692629525030008,0.7432966059017087,0.04297081345129354,0.7962224825854907,0.04474518251158226,0.5696958665601476,0.7300907567783017,0.746130040050638,0.7597080685803749,-0.010205751833348797,0.6475753204779118,0.7343678756004877,0.6571573955830463,0.44368444171567756,0.5233793663770262,0.7314611199856068,0.6718907892667113,0.36333466007825665,0.6645145954946757,0.6213530672164707,0.12967461989976006,0.503188355676784,0.6387277206815807,0.7379631890933264,0.54284342963348,0.7002951436676708,0.6458254797415192,0.662904615069372,-0.16137359014880287,0.08035701849358168,0.5840702850285081,0.45928752545845086,0.6691239367607253,0.17691988894146515,0.6489000692913655,0.5873850391852192,0.0743063928847225,0.6580517405134602,0.785730989256638,0.3888214537019947,0.6224831384712055,0.01527739937380435,-0.010501410582940159,0.04564393896913418,0.21443201351217864,0.7202654524407768,-0.0670751056916053,0.5144743376947198,0.56472066235597,0.28147275459049276,0.6189109526874578,0.4357916599284152,1.0,0.6627270268567319,0.6993564287516698,0.643623214586573,0.6361776576081899,0.6133460258460799,0.7531144943029069,0.5664190118771237,0.17971600228468937,0.772188867711203,-0.5204476081254263,-0.2769672011576276,0.38385543844151254,-0.002286530154395294,-0.36428788098730863,-0.1771081422634408,0.1324176725216769,-0.04116399298869932,-0.2822541799673002,-0.3136316777519105,-0.07799747954685475,-0.3968782978557614,0.03110091039753153,-0.031864902778705184,-0.1602583500892673,-0.07491379494838621
rig_state_texas,0.5349745345403877,0.9859547699211184,0.704186057926292,0.9973688150485392,0.7771811841450933,0.4666430823013326,0.8760210404991242,0.4097528732266399,0.9527123201082647,0.9578108639585464,0.8384236943361979,0.9043094940197662,0.19282599172920473,0.9435317640623448,0.898066839529791,0.9157013441139349,0.8791832775253217,0.9105685039209473,0.9532557148862248,0.9375072994071597,0.13118172485188448,0.9897284369137477,0.8818614761982695,0.3166324312706219,0.6790268956919139,0.36081310547570117,0.8559088802861575,0.7527830908643641,0.936556253532044,0.9626614942840639,0.799886288568526,-0.2844490826692897,0.21557836420200388,0.5541254200062276,0.5598426361287814,0.8515277015365326,0.5357141976447433,0.936724299587508,0.615425857825048,-0.15684577711069647,0.9049015107709989,0.8349073061460166,0.5986543200457667,0.5267158888164511,0.218593736172966,-0.0177317059981803,-0.08715031652423212,0.2856834616761916,0.9553617580496451,-0.1416292750777916,0.90729764999941,0.9412738143554403,0.2121322409178912,0.9171264196942256,0.5710298628021829,0.6627270268567319,1.0,0.8158720660531807,0.48699421564139084,0.8980823968581654,0.9643869983305133,0.9327500651820316,0.9679754317772836,0.06544741609904318,0.9020251037852892,-0.5567234485465412,-0.2936243306529449,0.18020834962834764,0.3952130560673659,-0.5190361089133047,-0.27277648567496826,0.26078819379684987,-0.043143009856241706,-0.29473078621539917,-0.2819971245311512,0.017987971043642033,-0.5824128063778853,-0.034602580935798884,-0.18722402648167702,-0.31219037679221934,-0.2502260786006883
rig_state_utah,0.7985591224489295,0.8289064702818102,0.6723966832872728,0.8191187713364576,0.7659998246785256,0.07270157864559043,0.847233828164355,-0.0034808363312254136,0.693805473370535,0.8628084472216502,0.802381989775466,0.858682877569446,0.19473538499127813,0.68903330721469,0.8352286245186947,0.8043851943948751,0.6573315995475536,0.6904203033709804,0.8480393726008076,0.7878826985244127,0.49388882235656806,0.8304059245970925,0.7184051779957732,0.3469988151942429,0.6683577184376813,0.47436483486038444,0.8119793031412244,0.6940037487140343,0.7928054764518957,0.7391081661172414,0.6377423925099676,-0.24805881143369882,0.1316119677592018,0.5539572900005569,0.2964913732282136,0.7953225329070406,0.3646730613502207,0.7600747599976995,0.5633499601794405,0.20783565501121082,0.7020659573754151,0.8797154914647634,0.43993324718991245,0.6090377151252621,0.3199460295590883,0.046321223519512324,-0.06298380811312215,0.1235459424878242,0.8396550632473044,-0.17462695794859356,0.6913031034188116,0.6569348035865453,0.24558459432148771,0.643936892188137,0.494313667720326,0.6993564287516698,0.8158720660531807,1.0,0.5360073185557778,0.7032531394036848,0.7549431798790077,0.8557157077784743,0.7690545003469508,0.09340677406532372,0.825227259226935,-0.3672783900218785,-0.05167356693779925,0.20352427735622944,0.23758272119524712,-0.11546986404931528,0.17071481983092973,0.3895530861371125,-0.0661404780265183,-0.05130859142597291,-0.06196593514243573,0.2593693134152791,-0.19772350059050547,0.010564763076670614,-0.12180163345671235,-0.0971013042314482,-0.1112250531576896
rig_state_virginia,0.32561817216848765,0.4578530323798293,0.2188132507932024,0.48924517188879063,0.6053183518606059,0.0035709268700880995,0.5625389332784704,0.0893211657265687,0.44096278562603225,0.5315995337495807,0.5068725390812575,0.5405553039261375,-0.002766896673797365,0.46959944242406787,0.497714025178402,0.3998386430469859,0.33120927655265564,0.40804985353310425,0.5176402610335902,0.452633570702687,0.28961323032131486,0.45346749414328663,0.4851562194031326,0.04786412782838304,0.1758512311794083,0.6296425785176449,0.49939136710806287,0.34123461504278274,0.5310532383562602,0.5060966224251637,0.4918805376521766,-0.15485759061347423,-0.08404956908356148,0.5930174528054507,0.28563389739215245,0.46833340154067404,0.07962819700978573,0.46515959012666797,0.30219807308207464,-0.07347798220952907,0.44551810062213865,0.5394777174323004,0.2604604241152284,0.45798467747368793,0.005558877530128945,-0.012398294518559573,0.11702808475320499,0.147506410160529,0.511561889321693,-0.05419789385500977,0.40082206389322467,0.407240626500089,-0.03292265224751405,0.42263397957980414,0.22030057341475395,0.643623214586573,0.48699421564139084,0.5360073185557778,1.0,0.5138114749401357,0.47208401394160193,0.5648895617850258,0.3803360331090847,-0.051055276537971726,0.512172762603138,-0.381576601022628,-0.1973298794402552,0.2607054715828227,0.010091127493247573,-0.28083859282776186,-0.1534676244861454,0.09240960796784076,-0.033261247964445795,-0.2008085189406546,-0.2232706364527248,-0.03938651879053572,-0.29552207587897344,0.06980576139896828,0.019685911197895138,-0.07528068769494596,-0.07082713191408273
rig_state_west_virginia,0.44690645831663256,0.8937913518313197,0.6206530692582457,0.9084089529192694,0.8025860283637538,0.405223794330036,0.8317222271429041,0.31093515028265173,0.907055621115563,0.9021014019407289,0.8010836822659138,0.8196125775685361,0.17894035114198617,0.9243009328321079,0.8518123718425402,0.8374291286232457,0.721808567954271,0.8306595147068632,0.8953241915332992,0.8873471816127889,0.04997085105577445,0.8864911975526008,0.8121354179353419,0.34076448875117216,0.5820945020515179,0.26569240874919403,0.8155736571481226,0.7243416854400633,0.8731257027698719,0.9118904153712301,0.8410796713129773,-0.1586450533997359,0.22416260874182006,0.6151073548283289,0.4708229561309003,0.8381754830687689,0.5265590650799338,0.9228158572838311,0.5583289822601388,-0.2901356661838087,0.845923965657326,0.7757777038812764,0.6629502858049585,0.4305861080023741,0.09467956565067864,-0.08463303101559132,-0.057550613944110186,0.297655878981526,0.8981027797361925,-0.15076023281391734,0.8279553042441273,0.8348636656836953,0.15734284230120887,0.8357613940911247,0.5223224533127102,0.6361776576081899,0.8980823968581654,0.7032531394036848,0.5138114749401357,1.0,0.8998438874431491,0.8807777446631861,0.8595922578705505,0.04710477720336808,0.8413014775490049,-0.5814211316985844,-0.40605572255836514,0.22591818786519266,0.3057976875369815,-0.5762865146483909,-0.3330803356817035,0.2389883465277347,-0.029541158016420953,-0.40496421127137777,-0.3967029935053299,-0.11748255449149674,-0.6346103902426066,-0.04485244458416863,-0.15517256938998314,-0.25284796365215595,-0.22585377216341937
rig_state_wyoming,0.48469449490064703,0.9595380246923354,0.708385207320865,0.965083584179548,0.7546522891967654,0.45778647192790184,0.8112449219540184,0.4228600505204737,0.9346301639025988,0.9089887821674217,0.7815946842069351,0.8456800609377311,0.1857207694359316,0.9152008645148997,0.8419262529384213,0.8991359895008878,0.8761631919904438,0.8768695201192986,0.913781994850215,0.9083778198663949,0.0957807113663451,0.9645381293233501,0.8293256149728919,0.3782382916547521,0.6781273038566966,0.29725317606527074,0.8001304575920593,0.7224123779744611,0.9014494259834017,0.9317281652407117,0.8171247512560671,-0.27956147923606556,0.21806703237992842,0.5206674492711463,0.5082896450854045,0.8012853844020364,0.514113525008482,0.8896533131895609,0.6367859350239966,-0.12256466868106242,0.8728825736714136,0.7895172028198014,0.5880873652063959,0.4376517741099717,0.26603913850019767,-0.04161457639422834,-0.10585591341578067,0.2817691606649632,0.9169241830312898,-0.14150358288361323,0.8694917025959807,0.9073474291802381,0.18412748958969904,0.879361295012391,0.6149505175321139,0.6133460258460799,0.9643869983305133,0.7549431798790077,0.47208401394160193,0.8998438874431491,1.0,0.8950406615610917,0.9597443941020569,0.043066896639240154,0.8438526033394784,-0.46980376633096055,-0.24558105578731718,0.08939489962156019,0.4711810156458004,-0.4770623961295494,-0.2570664177467278,0.25146094108619005,-0.07393849679026546,-0.2502820163597703,-0.23886278964272095,0.054451586829980456,-0.5322065846510196,-0.05277250403435742,-0.20211254854721641,-0.3060493524772137,-0.2954897273769453
rig_traj_directional,0.5222711504622246,0.9507378629318112,0.7414174798906662,0.9466997993816969,0.845263693138748,0.3254272190107692,0.9587598816459362,0.19961465148477034,0.9122013415100667,0.9751927954734163,0.9325060760592935,0.9726726682588098,-0.040477346936809565,0.8909843973115129,0.9685263526673699,0.9389329367360371,0.678366384548427,0.8851073727162653,0.9812663573541378,0.9438704303189702,0.28326986012224076,0.9419208372925502,0.9013362526147379,0.35532312020690177,0.7057689382899044,0.44433480454205293,0.9423191531792955,0.8423660912479465,0.9445104208887272,0.9436590619012702,0.8244151081646671,-0.29558610711969313,0.28062035862561296,0.6800844865753142,0.5065767523776702,0.9478350648370859,0.5669704207963825,0.914818198476298,0.6824199634805058,-0.10113149250625462,0.9295831128071289,0.8998957041867873,0.6892884488421853,0.5843353610284959,0.026381309818294257,-0.038656088774516574,0.011223153412698703,0.3026589366037507,0.9801394591668655,-0.08789296905738907,0.8805607270391074,0.8681604887221194,0.22389682671739541,0.852216612232379,0.5962862210470082,0.7531144943029069,0.9327500651820316,0.8557157077784743,0.5648895617850258,0.8807777446631861,0.8950406615610917,1.0,0.8679530765973222,0.06419484748734841,0.9696731862111648,-0.6555927534368329,-0.3484807288485245,0.3534728894338102,0.21981746840139468,-0.5192407237816444,-0.2891819871715328,0.19655280904140734,-0.07323370758495036,-0.35985342313163177,-0.37655471314606626,-0.011836357964066263,-0.5637289143411903,0.011176557998619673,-0.12083629027896797,-0.29280799244571715,-0.20809182899636885
rig_traj_horizontal,0.5358362031517401,0.975496348380441,0.7906200430875711,0.9641436825311938,0.6989720663648575,0.5115379654881074,0.7827511479952032,0.46923594492005477,0.9220712371113673,0.8983580227256499,0.7500586791574454,0.8244589119849499,0.27747757184614114,0.8983921221471676,0.8200642571588787,0.9281367830606596,0.9110656338813693,0.8935798133082634,0.8916275759924724,0.9287297372150638,0.06811150669837818,0.9791691918265695,0.8131563772369788,0.37139393012099114,0.7689402630552832,0.23228035218845658,0.774125534644952,0.7611703325621149,0.8625865100113748,0.9206402973021284,0.7486236205159021,-0.2978344836299001,0.2018926005061068,0.4537422091794947,0.5133440283651283,0.7678881900993448,0.5213333264339997,0.8934917432883054,0.6871333296187259,-0.13807436189939357,0.834798283008585,0.7771807139957424,0.5597529091040817,0.426828763695796,0.32251611262539254,-0.024994774098483434,-0.16886776666956968,0.2514455834422974,0.8943249821388792,-0.16447623890856197,0.8889077717260064,0.9188142945198658,0.21315399113409553,0.8747628143861166,0.6765901417733808,0.5664190118771237,0.9679754317772836,0.7690545003469508,0.3803360331090847,0.8595922578705505,0.9597443941020569,0.8679530765973222,1.0,0.04810963061028409,0.8230587450865178,-0.4419263855296276,-0.19381337879667365,0.03736010955907709,0.5005770819689357,-0.4242836009467616,-0.18266434251075309,0.294352606111422,-0.06685281898320736,-0.1916573457124146,-0.16186070885817058,0.11852188012075487,-0.4959052520663724,-0.06277484527239827,-0.23476031045192633,-0.2924703497038001,-0.28655204590547845
rig_traj_other,0.030939333209459637,0.0824083641718836,0.11817337207753505,0.06905785105983123,0.105074530564251,-0.009487580944798488,0.1540080936230646,-0.04392604644755725,-0.002208564565083389,0.09984910400029377,0.14644133880482382,0.10487481122420728,-0.023374094303285874,0.10841095630043726,0.1304457390896105,0.09362608383639667,0.01526572391524129,0.023552311004954477,0.10294748645573365,0.10962812291433849,0.06068078268424585,0.07328610717862855,0.097009166328622,-0.03333352229021002,0.15117844560920332,-0.032668816592317386,0.1463549334496194,0.06824931739093315,0.04498765998980976,0.02741868378981908,0.13587049292655481,0.004534283115155557,-0.050703461451257176,0.019384961767530764,-0.012537284002489716,0.10700982509356441,-0.03720448790518455,0.06676752331288874,0.15041640051122698,0.20982201085106544,0.06761123007168561,0.26228066644579173,0.04227435100631648,0.12564193028821835,-0.03461204609729213,0.1609045846901073,-0.033538738852578145,-0.10022189913792327,0.09210297090112055,-0.03269523986595046,0.016570466332633874,0.05786759280318186,0.6781948324698719,0.130549106997029,-0.015260405532794782,0.17971600228468937,0.06544741609904318,0.09340677406532372,-0.051055276537971726,0.04710477720336808,0.043066896639240154,0.06419484748734841,0.04810963061028409,1.0,0.1556949298849452,-0.11518393906498935,-0.059712322988855975,0.1296952006245001,-0.09805974595461152,-0.06568007732086308,-0.0545358659921001,-0.05459616196282527,-0.02006506901075622,-0.06529284630775764,-0.08760108053681646,-0.08381879259082013,-0.06413314194858903,0.03270294072805807,0.047021641825549104,0.023809005356159266,0.08035541827258742
rig_traj_vertical,0.47926559286318726,0.9268118912322196,0.7451304536662389,0.9174804318818165,0.8376937507343539,0.29895964567281014,0.9797983138769313,0.16541380330397645,0.87440637247787,0.9665946449788597,0.9585379669468912,0.9672079532884912,-0.07209642560020564,0.8852240428483502,0.982383464196133,0.9261017913304648,0.6136758288822278,0.8490239049327825,0.9712253600561365,0.9344785858642501,0.2520051843394965,0.9140976515692358,0.8968178960622742,0.2914353919641043,0.7217935519278396,0.4438322956072228,0.9660464622370614,0.8430805366323512,0.9230247314236402,0.9075926599986855,0.7830174989595938,-0.2814439932726365,0.2934547534843141,0.6569447953850421,0.5340966048709271,0.9572619870243984,0.5660708938095856,0.9097992059271592,0.6735370740961208,-0.08299202516048028,0.9217310053213992,0.9120413564645684,0.7001428259459421,0.6236516076528914,-0.06164905483185994,-0.027055069713614814,0.024656418401533937,0.2421719841486279,0.9683970247734338,-0.05618847211817965,0.843494760000893,0.846987070033981,0.35206744348301094,0.8610169849105699,0.5567491297911529,0.772188867711203,0.9020251037852892,0.825227259226935,0.512172762603138,0.8413014775490049,0.8438526033394784,0.9696731862111648,0.8230587450865178,0.1556949298849452,1.0,-0.728984937835567,-0.44877321856430463,0.4307974046322542,0.13293477806538453,-0.5839464049378784,-0.34880324752476083,0.20896649179469662,-0.062147583889204924,-0.45884543481188855,-0.47783658996474454,-0.13513767341265942,-0.6161649341734001,0.02586105891811741,-0.08710415361049395,-0.269931077749099,-0.14350243226651488
us_production_mbbld,-0.030019315092603003,-0.5691155040191288,-0.3980819648010822,-0.5777273259409257,-0.523876326187049,-0.5077710453137877,-0.7223629429515562,-0.3329236566892602,-0.6586398197318328,-0.6356376136400823,-0.6980698586692692,-0.6686301183863274,0.34769910498517714,-0.6478725325298157,-0.6871608227578266,-0.5911159506372275,-0.1819180738967524,-0.6869398313919726,-0.6344136798601778,-0.6522517917232926,0.11647778065200408,-0.5394528819194124,-0.7116407586323882,0.027259680655353693,-0.36382240891857637,-0.34098049733059144,-0.6912560138067995,-0.588843337983089,-0.6161062679898018,-0.6876755521207473,-0.49157021699887843,0.25948366200833467,-0.3189586205622511,-0.7080017869052816,-0.3767466441703335,-0.6926129161718173,-0.5855350903365422,-0.6787776919364,-0.4099167060231442,0.40923992982207313,-0.7020092868022303,-0.5155269220269529,-0.5999743549790791,-0.4081392806860429,0.6496779441453278,-0.021409093861164095,-0.23721991839271397,-0.16006121931640394,-0.6381169162519269,-0.20374862496522247,-0.6875528484748229,-0.6786828071547303,-0.22295875331324969,-0.6469366124793223,-0.27640047999419737,-0.5204476081254263,-0.5567234485465412,-0.3672783900218785,-0.381576601022628,-0.5814211316985844,-0.46980376633096055,-0.6555927534368329,-0.4419263855296276,-0.11518393906498935,-0.728984937835567,1.0,0.7805953424482318,-0.4965676529680617,0.1484277490089596,0.8737283358940394,0.7136961620721533,-0.0841942206890406,0.08907259319837063,0.7860721442367181,0.7651311876476365,0.5206344183657943,0.8610704842177849,-0.018166528969377798,-0.1041889007661097,0.20139476723792749,-0.029841383301568127
fed_funds,0.14276703101617522,-0.2936356000020007,-0.13425589625516718,-0.3152336357646498,-0.26602051987380115,-0.3764339046743306,-0.43662811277340563,-0.164528212545379,-0.428953932547272,-0.35351935395170847,-0.43874204287380963,-0.3763721217521289,0.18597541279327598,-0.43382605071296515,-0.42968153773167883,-0.29611870019693487,-0.007624402493141425,-0.4144568215482814,-0.36841960282057074,-0.36471089304062854,0.3982116819109703,-0.2715818933234781,-0.45606610508182155,0.3006987547530516,-0.09859562429412667,-0.15691687641469942,-0.4353699233104015,-0.3081330088689617,-0.43385652929718344,-0.4165590080379399,-0.35016194005416057,0.14503628312963246,-0.23346873823447817,-0.4920534816692879,-0.39008006104637316,-0.44880144802133237,-0.4207402836902944,-0.47049446774540926,-0.18374265904343973,0.578143512577497,-0.4720351855516124,-0.25179937219105175,-0.45240049057389753,-0.16224771514201566,0.6037757091415099,0.051467990425690426,-0.13888446288237752,-0.08659949012106538,-0.37398919791168805,-0.12453237356756207,-0.4161536809414255,-0.39212612384618706,-0.09312565654346758,-0.4213549631682872,-0.1042653391076306,-0.2769672011576276,-0.2936243306529449,-0.05167356693779925,-0.1973298794402552,-0.40605572255836514,-0.24558105578731718,-0.3484807288485245,-0.19381337879667365,-0.059712322988855975,-0.44877321856430463,0.7805953424482318,1.0,-0.5233561456779996,0.22541215886852528,0.842300216366923,0.7141707490749132,-0.17494556937909853,-0.08162196157740823,0.9968294599609931,0.9591598034413328,0.8519236363360061,0.7287311047233325,0.036033298712948046,-0.08634210062842733,0.019192426368504392,-0.16605051313643956
unemployment,-0.10927976792177807,0.19072036652791122,0.08733909083228347,0.20471529942914077,0.3670777171821865,-0.1342228843894368,0.44975792619512706,-0.3222996404686071,0.21380791674473013,0.3152326473170206,0.4620681885443573,0.4007157304855375,-0.3072771659408108,0.2713577917028804,0.4395879690181703,0.20848573400801043,-0.11372458583265649,0.22320183834968121,0.34602163019851645,0.24346685319604885,0.14288445457036508,0.17261584128133825,0.3582924400513774,-0.25238347355048235,0.06802392327017238,0.26505143556578487,0.45849472295614624,0.29497530531900984,0.3470439086784978,0.2480815401817655,0.29159977479827526,0.09629547452842141,0.11923186964628689,0.283946116483111,0.36697932850626125,0.4459643234422284,0.20003359864954073,0.26596765823725194,0.15417000595150726,-0.12442513124748726,0.35591758989670863,0.374372225492389,0.3176418720745074,0.2418851358655531,-0.3679773547755243,-0.06495640423145772,0.040917185727971254,0.09563757487515345,0.34084355589364174,-0.019720448884923983,0.22078152857910036,0.14421233013802864,0.19004098319946444,0.27653793276273086,-0.019444265929022694,0.38385543844151254,0.18020834962834764,0.20352427735622944,0.2607054715828227,0.22591818786519266,0.08939489962156019,0.3534728894338102,0.03736010955907709,0.1296952006245001,0.4307974046322542,-0.4965676529680617,-0.5233561456779996,1.0,-0.7305154333341208,-0.41193375395566434,-0.41061890968773196,-0.11447123027272092,0.3065453444917179,-0.5302739206016003,-0.6069696478567768,-0.5164722677549612,-0.3496825651389268,0.23946665277543364,0.1465085629204376,-0.22721078096296163,0.009615700328989327
indpro,0.37631468184298666,0.38193188978615217,0.2803999201750806,0.3845163501024246,0.10152126077975224,0.37102616090263035,0.08744794100352951,0.48857474076457424,0.3588916586887711,0.26084224101213127,0.10208689576683103,0.186347804763121,0.3434529902685564,0.3181744884534064,0.1514788857391852,0.3249576840822041,0.5638143397229368,0.3409747607341114,0.24555625172580328,0.3185625435600717,-0.07750364460435646,0.39711885791896373,0.19899960120748975,0.34981680154361144,0.27363444479885946,-0.08114425829627529,0.11827890971990851,0.17451718273361383,0.25777586582418277,0.32990376549061756,0.2438869306155117,-0.32843543526990654,0.019951319532986192,0.012666319886817283,0.08920311114088476,0.13051564937105542,0.16683735154656762,0.2990537568941131,0.1811914374062654,0.009122324155563237,0.24519997188238882,0.13605752301164128,0.15161149984793879,0.06366303970888934,0.42636436280117435,-0.006465907242176432,-0.1155433208133177,0.1569005371217713,0.25257876967046095,-0.11674776977472476,0.3351776621752019,0.4229177359843873,-0.08143909458829575,0.31488232233842084,0.31042546611273353,-0.002286530154395294,0.3952130560673659,0.23758272119524712,0.010091127493247573,0.3057976875369815,0.4711810156458004,0.21981746840139468,0.5005770819689357,-0.09805974595461152,0.13293477806538453,0.1484277490089596,0.22541215886852528,-0.7305154333341208,1.0,0.048620346899096924,0.1797146361651009,0.23507007767938343,-0.42289513466694933,0.22930274751693402,0.30109460904651214,0.4208249247641507,0.01716398950982476,-0.2097344011286529,-0.20785560358049332,0.07080857959906249,-0.09619153568755749
cpi,0.2068503888115813,-0.4993812205277678,-0.25036770496745864,-0.530797290737815,-0.40467034699203286,-0.5941700412011424,-0.5393150872404633,-0.4840281068973926,-0.659665357107995,-0.5196828169970416,-0.5351472837043681,-0.49628857561986606,0.25544106629908514,-0.6616160344344649,-0.5426468734704156,-0.46904104507047933,-0.2690948223858262,-0.6200875741565134,-0.530124921664832,-0.5488153064380119,0.38783355507248046,-0.48158925693155635,-0.6218503269768414,0.1210784210002268,-0.2041846510907121,-0.20619047927366235,-0.5330627106158958,-0.43297059610617294,-0.5686070822318567,-0.6516058903792867,-0.4915175823860115,0.1596453142311713,-0.27109619431883125,-0.5381635489786268,-0.49350858506773454,-0.5460334791100491,-0.5286280412509228,-0.6257406542512555,-0.2844879401631262,0.6048836375335275,-0.6534221092655742,-0.3299025928555659,-0.5467103570169017,-0.2141813427986251,0.5631578819764284,0.02997602729351875,-0.17365356775970234,-0.23895970206651695,-0.5407245193245699,-0.15105637469437913,-0.6211206663606365,-0.654417042899152,-0.12641269144742778,-0.6661235858903076,-0.21763561480347876,-0.36428788098730863,-0.5190361089133047,-0.11546986404931528,-0.28083859282776186,-0.5762865146483909,-0.4770623961295494,-0.5192407237816444,-0.4242836009467616,-0.06568007732086308,-0.5839464049378784,0.8737283358940394,0.842300216366923,-0.41193375395566434,0.048620346899096924,1.0,0.9166962489480587,0.07410251393533268,-0.03350815567188867,0.8491004039346749,0.8338733553653399,0.7038820156632718,0.9564074059199786,0.01676616768055375,-0.015247646064264103,0.2793887699166341,0.06352325326458116
ppi,0.533012849047458,-0.25087324136712474,-0.06034900444389587,-0.28243413310958365,-0.18418052309386265,-0.493656220298191,-0.2938518800080397,-0.44345293058483554,-0.43424054807506307,-0.2582164086854222,-0.3029124248081757,-0.26031722788306383,0.4495561117200906,-0.43067251982948124,-0.3016012235630095,-0.23563424234010588,-0.07489678473706064,-0.41213550093376705,-0.28819527470318684,-0.29998130624401614,0.42186480141162874,-0.23582709983657918,-0.42006529206444326,0.19371502383862407,-0.012562782700016003,-0.08837389314574291,-0.2985818041001716,-0.24688289192825683,-0.34538087794363204,-0.4247164080866205,-0.31384428829247196,0.09502496294200567,-0.2165107444232242,-0.322058797535949,-0.42570249609100924,-0.31230055522807454,-0.41211259997185573,-0.3418056519969849,-0.1362550552568881,0.559324707612471,-0.4560927369579137,-0.08503289264554509,-0.3923605679278616,-0.027001430114118992,0.6349287992242,0.06658701476677882,-0.18599982927383785,-0.2448641657117462,-0.30076654199256536,-0.19705659001323378,-0.4108266962045288,-0.4417478461849782,-0.05713798899934616,-0.4574737914579205,-0.0780376942815329,-0.1771081422634408,-0.27277648567496826,0.17071481983092973,-0.1534676244861454,-0.3330803356817035,-0.2570664177467278,-0.2891819871715328,-0.18266434251075309,-0.0545358659921001,-0.34880324752476083,0.7136961620721533,0.7141707490749132,-0.41061890968773196,0.1797146361651009,0.9166962489480587,1.0,0.38051248274776484,-0.11277762866593347,0.7357670919866917,0.7617288115022323,0.7121757560779648,0.8359620846518497,-0.030900949956842734,-0.020039129569137275,0.3771019469622614,0.10989347758904852
ng_price,0.6119894404457109,0.26995801014699167,0.25702422415700105,0.2575971049157832,0.20632032209896972,0.14754051370823634,0.24720567784579212,-0.010184635818933764,0.20426378018100574,0.25983274373699994,0.18421713500548745,0.22812924380175584,0.511284618594888,0.18925438322114785,0.21468409219202855,0.2567394097685968,0.2554180744537361,0.17941918501015655,0.21981761311090867,0.2498752990406823,0.03617538770449129,0.2729980531528063,0.15112372345149946,0.04140198731585691,0.2756666993491519,0.07558017399672325,0.19363949457703883,0.1375093114850506,0.2284432152516506,0.18773947110134714,0.12051045269971733,-0.10117415823979632,0.07033579264425721,0.2296654634603368,0.02529033126351096,0.20037531119220856,0.10443419334643847,0.3049685604236702,0.14611806406203173,-0.06542097456359684,0.13449150251770292,0.2939171162980967,0.05915148301600264,0.248011824435187,0.23750450455208938,0.07421129639132441,-0.0914955462026048,-0.1590218879956332,0.21317919760496468,-0.0511383863280413,0.17767245530109324,0.19823659679556796,0.005189643629716949,0.15224220370639674,0.2187759119399243,0.1324176725216769,0.26078819379684987,0.3895530861371125,0.09240960796784076,0.2389883465277347,0.25146094108619005,0.19655280904140734,0.294352606111422,-0.05459616196282527,0.20896649179469662,-0.0841942206890406,-0.17494556937909853,-0.11447123027272092,0.23507007767938343,0.07410251393533268,0.38051248274776484,1.0,-0.13269893918118275,-0.13154368597402857,-0.005670034665308569,0.09529141698155603,0.019207982321697674,-0.17553576365046714,-0.039466765331523046,0.2784446544552035,0.15068325608631405
recession,-0.2439602109861301,-0.06924011974143152,-0.11667610344984074,-0.0538301490935351,0.020963166314551227,-0.10896422007447455,-0.0614598732435434,-0.1343427485258568,-0.03702098349682741,-0.050892815830121826,-0.06271226900238071,-0.07660097983113698,-0.02373408990238431,-0.04626230988265077,-0.06212183965820188,-0.10468954335331214,0.010182590529635096,-0.0996906925690517,-0.04094614632186434,-0.10687833624837785,-0.025580265072115544,-0.05734247244107155,-0.03824683242840316,-0.031224663207763514,-0.11056402064473135,-0.02128292476437617,-0.06221277850711041,-0.09885292246130378,-0.03417988785566875,-0.056907872784569456,-0.06429788097303298,0.2263031610024972,-0.03303204915033021,-0.08910680560684922,0.0615065061305201,-0.06323190468484043,-0.06684224037417816,-0.07920877879593632,-0.09687325102163974,-0.06946483330953684,-0.06805448663121191,-0.05574271841254417,-0.06384497578461937,-0.07454336398332821,0.08182601583984855,-0.026402120703505772,-0.021849657567924955,-0.028790620802754976,-0.03968136389354911,-0.021300138872612104,-0.09703598463033256,-0.11028923113451157,-0.012938825017864457,-0.05722736783497247,-0.12130501182935823,-0.04116399298869932,-0.043143009856241706,-0.0661404780265183,-0.033261247964445795,-0.029541158016420953,-0.07393849679026546,-0.07323370758495036,-0.06685281898320736,-0.02006506901075622,-0.062147583889204924,0.08907259319837063,-0.08162196157740823,0.3065453444917179,-0.42289513466694933,-0.03350815567188867,-0.11277762866593347,-0.13269893918118275,1.0,-0.08864180975653511,-0.11100214800446954,-0.20167157596042742,-0.04793259449332532,-0.028401714362336832,-0.45134892274185007,-0.3558899645765727,-0.31860567156296793
t_bill_3m,0.16640344243730082,-0.29660340820955655,-0.13837175060416523,-0.3177544022047183,-0.27070165486958353,-0.3639713412964736,-0.4438485209116335,-0.15792982144918363,-0.4335699050196458,-0.3580075707586353,-0.45113450542317407,-0.38661563605131904,0.23466439245612322,-0.434021279620428,-0.43973851667573943,-0.303073830012341,-0.0010263274502341966,-0.42260007177904807,-0.37710732706862254,-0.3676346000644754,0.38477951829046475,-0.27447129903261414,-0.46979460371461335,0.2900804761752565,-0.10056262936327251,-0.16036197803029975,-0.4470588879927762,-0.3212058121523401,-0.4440475366991939,-0.42272458170529414,-0.3588527868180651,0.17104952715931349,-0.2385387477053489,-0.4936282851348319,-0.3908216932961438,-0.45997017404381013,-0.4330248225701282,-0.46685136134692456,-0.19273715746933762,0.5565067420877566,-0.48496533129290464,-0.25451022031938497,-0.4669369688716858,-0.15850907161097394,0.6192043079827506,0.05458656802715283,-0.1462510642120021,-0.10592923411418059,-0.3830417726874024,-0.12783151033372722,-0.4238818904347923,-0.3955406465822554,-0.09568502762069492,-0.4233124293416001,-0.10773147991158452,-0.2822541799673002,-0.29473078621539917,-0.05130859142597291,-0.2008085189406546,-0.40496421127137777,-0.2502820163597703,-0.35985342313163177,-0.1916573457124146,-0.06529284630775764,-0.45884543481188855,0.7860721442367181,0.9968294599609931,-0.5302739206016003,0.22930274751693402,0.8491004039346749,0.7357670919866917,-0.13154368597402857,-0.08864180975653511,1.0,0.973429782500053,0.8556727890428448,0.7258274132927323,0.03291709604841363,-0.08038095592326097,0.03698484784735233,-0.16177184480996695
treasury_2y,0.21553004165618317,-0.2853469838187712,-0.12937806491828102,-0.3065977678858066,-0.2971964293461656,-0.2550977226867929,-0.4587497630257366,-0.06406281194591561,-0.4156332466536727,-0.3599534739615245,-0.4730105342792172,-0.39932883097499805,0.2989830661834813,-0.42190894741991175,-0.4607317540793758,-0.2963607780051759,0.02518221549569162,-0.3977669297098804,-0.38789036618046935,-0.35176801205444275,0.3215086902318449,-0.2643954425911454,-0.4796462818532108,0.3127541953298252,-0.08737128455795064,-0.18436683264116732,-0.4682650035930286,-0.33786718245071556,-0.45971246405300703,-0.4112887139528233,-0.3804218077340418,0.14019781899529085,-0.2303512278818049,-0.46912192207000664,-0.4046313665489124,-0.47799566757426176,-0.41781586550326605,-0.4483993773708071,-0.19417952426880214,0.47264977962613564,-0.4905889106973124,-0.2745203851956281,-0.4630825426797419,-0.15377851866033518,0.6158738645266579,0.07504368718320788,-0.14567081081159197,-0.12394880927617899,-0.39300820336293474,-0.11584545289061035,-0.39954797021163374,-0.3561986076311923,-0.11448844351911058,-0.40984825214072435,-0.09794567888260342,-0.3136316777519105,-0.2819971245311512,-0.06196593514243573,-0.2232706364527248,-0.3967029935053299,-0.23886278964272095,-0.37655471314606626,-0.16186070885817058,-0.08760108053681646,-0.47783658996474454,0.7651311876476365,0.9591598034413328,-0.6069696478567768,0.30109460904651214,0.8338733553653399,0.7617288115022323,-0.005670034665308569,-0.11100214800446954,0.973429782500053,1.0,0.8862189251297702,0.6951375218107501,-0.02375647437246532,-0.08094511325312118,0.08592093989989802,-0.1339224578673545
treasury_10y,0.42711057455250645,0.035555810692908925,0.15571587902291367,0.004539347967462018,-0.008754502331040475,-0.11801031046904624,-0.11498045257279761,-0.014584182642768366,-0.11587645073179378,-0.022170784125598145,-0.1272802015460289,-0.031552421811610665,0.16451279892260878,-0.14905063909615282,-0.11530433903186206,0.04879162948358658,0.19364414378672726,-0.06449433230031447,-0.04921475749837125,-0.01368314943741176,0.4829289845248156,0.047486183578184064,-0.167814277460148,0.5171025233369607,0.18427861265507678,-0.06209326986817718,-0.12258339422222729,0.00879083445590681,-0.1383660845485706,-0.09312177042434358,-0.10545724082876176,-0.13550920837475516,-0.08378112937826844,-0.18881913373756531,-0.2971893507163284,-0.11808483335307655,-0.17632325887340267,-0.16100462056840745,0.05034385273627739,0.4954757654838557,-0.16945181915941476,0.03569740826968335,-0.17700041041294842,0.06480001689249394,0.5478433990393112,0.06712604699484959,-0.1442879529084892,-0.009400022916677412,-0.0545171531900926,-0.12611376883789074,-0.07149909739367902,-0.051471195549095614,-0.07217827276230264,-0.14893468178152852,0.11819555788543236,-0.07799747954685475,0.017987971043642033,0.2593693134152791,-0.03938651879053572,-0.11748255449149674,0.054451586829980456,-0.011836357964066263,0.11852188012075487,-0.08381879259082013,-0.13513767341265942,0.5206344183657943,0.8519236363360061,-0.5164722677549612,0.4208249247641507,0.7038820156632718,0.7121757560779648,0.09529141698155603,-0.20167157596042742,0.8556727890428448,0.8862189251297702,1.0,0.577449390190953,-0.019207835494747454,-0.1113666546302237,0.028127455785090606,-0.1372325638230492
sp500,0.10873808044708777,-0.5594474759006052,-0.29894706541611216,-0.5901893740457876,-0.4748872897996146,-0.6158050795924717,-0.5776656871892508,-0.4983960296973721,-0.7105396045011927,-0.5820681149491408,-0.5616667601466726,-0.5257078656759723,0.16948199590460902,-0.7096165495545625,-0.5756902466525987,-0.5208196555423009,-0.34368858405199154,-0.6429091539876519,-0.5787918855931551,-0.6049350131329843,0.3297021105460422,-0.5419484977920127,-0.645382992675016,-0.004007993683199303,-0.2599484917689956,-0.22991632130154555,-0.559327012285582,-0.4642369320404322,-0.5769274158769159,-0.7009427720783854,-0.5049404098784329,0.0487799455164803,-0.2788347248743548,-0.5680613663043073,-0.4644141362063202,-0.577163544579795,-0.5293358904111505,-0.6859889968289137,-0.3048146767300772,0.5973605642301976,-0.6690744695688832,-0.3885916276470527,-0.5602950706296413,-0.2575405527346867,0.4847775600294039,-0.018050691028965036,-0.17861945835762538,-0.21049486901049033,-0.5883387866666658,-0.15379221335191942,-0.645352254350074,-0.6955008057889397,-0.14962745431264812,-0.7035373812551522,-0.24180871802605863,-0.3968782978557614,-0.5824128063778853,-0.19772350059050547,-0.29552207587897344,-0.6346103902426066,-0.5322065846510196,-0.5637289143411903,-0.4959052520663724,-0.06413314194858903,-0.6161649341734001,0.8610704842177849,0.7287311047233325,-0.3496825651389268,0.01716398950982476,0.9564074059199786,0.8359620846518497,0.019207982321697674,-0.04793259449332532,0.7258274132927323,0.6951375218107501,0.577449390190953,1.0,0.07902684084852848,0.033492648281261396,0.3226234144626972,0.1643144674873365
sp500_ret_m,-0.038538154339125934,-0.030873294035756543,-0.01721045785808842,-0.0323978583006459,0.00587754845328199,-0.11594028766383385,0.038734433811274636,-0.08274558423689468,-0.044229900640241675,-0.015701527965040697,0.028430798433788224,0.023025627575919562,-0.07325746173281408,-0.02239202338387093,0.024833904506141136,-0.020496527278050073,-0.07727151372458743,-0.0031494641008202734,-0.0034230168457420112,-0.014203575018534675,0.09464025191465,-0.03590728417973147,0.014640157839272298,-0.14194998219796462,-0.022767905111536466,0.0209479672141606,0.03115150060787091,0.017818141167612923,0.001986084961780334,-0.020235579614723952,0.019848854029307913,0.0011625794196651342,-0.0074742669255170955,-0.009831437932319062,0.010783108529324428,0.00861528738635636,-0.03383667752279338,-0.03448116645027832,0.025180670301179087,0.11767718982766188,-0.009050332606030135,0.044395005751983095,-0.06560577198382936,0.0227558866543638,-0.06899453344019617,-0.09441294464016062,0.035571577709590164,-0.05942881917688842,-0.006489632499447423,0.023529908243092708,0.0011049516782247672,-0.04864779368528395,0.06243438124976789,-0.011057291144247288,-0.019251110475253182,0.03110091039753153,-0.034602580935798884,0.010564763076670614,0.06980576139896828,-0.04485244458416863,-0.05277250403435742,0.011176557998619673,-0.06277484527239827,0.03270294072805807,0.02586105891811741,-0.018166528969377798,0.036033298712948046,0.23946665277543364,-0.2097344011286529,0.01676616768055375,-0.030900949956842734,-0.17553576365046714,-0.028401714362336832,0.03291709604841363,-0.02375647437246532,-0.019207835494747454,0.07902684084852848,1.0,0.18683710480114765,0.010719689560018461,-0.03592840022908212
wti_mom_pct,0.06004191324815988,-0.18837957801705532,-0.1694224456408444,-0.1821491434605521,-0.12905349187230405,-0.1291118403391408,-0.07836831749955538,-0.06728884897789078,-0.1930258551647412,-0.1504402428192632,-0.07674833866633918,-0.1093434237091855,-0.06012741220372712,-0.11573289464830726,-0.09806261436147756,-0.1807095129927991,-0.2421182030948275,-0.1320771686870839,-0.15440752257194307,-0.16248946629938857,-0.007761294023441435,-0.19407900886439491,-0.12160351364367955,-0.23096407353339207,-0.1537604137025149,0.0383789030894716,-0.08207913791576452,-0.15735209377801063,-0.1211216895867606,-0.17356116183694578,-0.10251573369642057,0.026110955791154727,-0.09215283543505583,-0.0308101035175725,-0.05462052278705092,-0.09350025957974127,-0.057730382152693785,-0.14344309463561014,-0.1337073314889093,-0.018105695798938625,-0.13317566139070383,-0.13078311870029918,-0.12064511015053887,-0.0005257330726557995,-0.2071738136444208,0.009786503575574767,0.07148295286509092,-0.087336615709468,-0.15547010181664556,-0.018446180279910702,-0.1274086094657747,-0.16152668720278363,0.05077579999721481,-0.09677893457478462,-0.19378678175564784,-0.031864902778705184,-0.18722402648167702,-0.12180163345671235,0.019685911197895138,-0.15517256938998314,-0.20211254854721641,-0.12083629027896797,-0.23476031045192633,0.047021641825549104,-0.08710415361049395,-0.1041889007661097,-0.08634210062842733,0.1465085629204376,-0.20785560358049332,-0.015247646064264103,-0.020039129569137275,-0.039466765331523046,-0.45134892274185007,-0.08038095592326097,-0.08094511325312118,-0.1113666546302237,0.033492648281261396,0.18683710480114765,1.0,0.5133134171158645,0.6719995665505533
cpi_mom_pct,0.3038332653123102,-0.2986427589362585,-0.16045772008059353,-0.31484240097242927,-0.27096778246249337,-0.23501948417444848,-0.25953745853918136,-0.18208228167189805,-0.3601001264628168,-0.2896558795849198,-0.26749754806552495,-0.28596671784197275,0.26522972890448127,-0.29642870509632846,-0.27769567713859866,-0.2779618984613767,-0.2559746482576218,-0.3267220459686943,-0.3171233386340876,-0.2885079720819791,-0.0666766942245141,-0.2983251128579882,-0.3631719621211902,-0.2464744344637449,-0.1329409699103296,-0.10343436231698062,-0.2707919927750837,-0.2782339093599104,-0.27422514180952895,-0.3553118445998704,-0.2183425202802352,-0.03382970458760787,-0.1321464062108354,-0.09016115989619054,-0.2968489230432916,-0.2723780142503838,-0.22562031379432085,-0.24452178019549964,-0.15825467202931853,0.04247698217849536,-0.3514161146718115,-0.21920660434529518,-0.30416012637126416,-0.08978092925320957,0.038939009672097014,-0.014924013757592386,-0.03637081998113511,-0.316504493672666,-0.32194593475844363,-0.04681612163576608,-0.3222007616510642,-0.35048720548664064,0.05246374799416239,-0.3093389658239194,-0.1279049745280984,-0.1602583500892673,-0.31219037679221934,-0.0971013042314482,-0.07528068769494596,-0.25284796365215595,-0.3060493524772137,-0.29280799244571715,-0.2924703497038001,0.023809005356159266,-0.269931077749099,0.20139476723792749,0.019192426368504392,-0.22721078096296163,0.07080857959906249,0.2793887699166341,0.3771019469622614,0.2784446544552035,-0.3558899645765727,0.03698484784735233,0.08592093989989802,0.028127455785090606,0.3226234144626972,0.010719689560018461,0.5133134171158645,1.0,0.7316987055998195
ppi_mom_pct,0.16349103173288343,-0.24840228057580876,-0.16565132753924333,-0.2541144272450015,-0.2283186396352353,-0.20421450650165845,-0.1410640133322037,-0.13293165376286495,-0.29328817373485655,-0.2203822601705948,-0.15510997597449766,-0.1772161715725382,0.04499670120086768,-0.20314899278697296,-0.1661689178453299,-0.2313221060416799,-0.27168779229510437,-0.21832136576865044,-0.23372536713406744,-0.22856322131213447,-0.04485402445996162,-0.25154705975219416,-0.22282409635967979,-0.3474233053916081,-0.13612214579157753,-0.028908732914196645,-0.15668416119416304,-0.1909600066289505,-0.17240672125154324,-0.2788356488166628,-0.1680927567380389,-0.1475363388114907,-0.07929832519650608,-0.0771307682177169,-0.11586291673924107,-0.1654137224622779,-0.12169835988874404,-0.2069274372580155,-0.1744345875975032,0.0007815980970599811,-0.2297615189643645,-0.18767396133832298,-0.2193304554312759,-0.023263347276189703,-0.17116172902048069,0.010054134787914452,0.036979129818151185,-0.2023189646299458,-0.23611917710839728,-0.024152329254480874,-0.21538318268089415,-0.24931773576988422,0.05057533197221052,-0.1873111712829759,-0.20673480744768927,-0.07491379494838621,-0.2502260786006883,-0.1112250531576896,-0.07082713191408273,-0.22585377216341937,-0.2954897273769453,-0.20809182899636885,-0.28655204590547845,0.08035541827258742,-0.14350243226651488,-0.029841383301568127,-0.16605051313643956,0.009615700328989327,-0.09619153568755749,0.06352325326458116,0.10989347758904852,0.15068325608631405,-0.31860567156296793,-0.16177184480996695,-0.1339224578673545,-0.1372325638230492,0.1643144674873365,-0.03592840022908212,0.6719995665505533,0.7316987055998195,1.0
