,wti_price_d,t10y2y,dxy,sp500
2000-01-03,,0.2,,1455.22
2000-01-04,25.56,0.19,,1399.42
2000-01-05,24.65,0.24,,1402.11
2000-01-06,24.79,0.22,,1403.45
2000-01-07,24.79,0.21,,1441.47
2000-01-10,24.71,0.19,,1457.6
2000-01-11,25.69,0.22,,1438.56
2000-01-12,26.3,0.23,,1432.25
2000-01-13,26.63,0.23,,1449.68
2000-01-14,28.01,0.25,,1465.15
2000-01-17,,,,1465.15
2000-01-18,28.98,0.28,,1455.14
2000-01-19,29.11,0.27,,1455.9
2000-01-20,29.67,0.3,,1445.57
2000-01-21,29.71,0.31,,1441.36
2000-01-24,29.25,0.26,,1401.53
2000-01-25,30.28,0.26,,1410.03
2000-01-26,27.66,0.24,,1404.09
2000-01-27,27.22,0.17,,1398.56
2000-01-28,27.27,0.08,,1360.16
2000-01-31,27.65,0.07,,1394.46
2000-02-01,28.28,0.02,,1409.28
2000-02-02,27.52,-0.03,,1409.12
2000-02-03,28.26,-0.07,,1424.97
2000-02-04,28.67,-0.1,,1424.37
2000-02-07,28.4,-0.04,,1424.24
2000-02-08,28.05,-0.1,,1441.72
2000-02-09,28.71,-0.13,,1411.71
2000-02-10,29.49,0.0,,1416.83
2000-02-11,29.51,-0.02,,1387.12
2000-02-14,30.3,-0.06,,1389.94
2000-02-15,30.17,-0.1,,1402.05
2000-02-16,30.01,-0.07,,1387.67
2000-02-17,29.37,-0.11,,1388.26
2000-02-18,29.51,-0.17,,1346.09
2000-02-21,,,,1346.09
2000-02-22,29.63,-0.21,,1352.17
2000-02-23,30.19,-0.17,,1360.69
2000-02-24,30.23,-0.16,,1353.43
2000-02-25,30.34,-0.09,,1333.36
2000-02-28,30.11,-0.1,,1348.05
2000-02-29,30.57,-0.11,,1366.42
2000-03-01,31.71,-0.13,,1379.19
2000-03-02,31.51,-0.12,,1381.76
2000-03-03,31.46,-0.11,,1409.17
2000-03-06,32.19,-0.13,,1391.28
2000-03-07,33.9,-0.09,,1355.62
2000-03-08,31.22,-0.12,,1366.7
2000-03-09,31.61,-0.13,,1401.69
2000-03-10,31.76,-0.16,,1395.07
2000-03-13,32.11,-0.16,,1383.62
2000-03-14,31.93,-0.17,,1359.15
2000-03-15,30.47,-0.21,,1392.14
2000-03-16,31.1,-0.24,,1458.47
2000-03-17,30.86,-0.3,,1464.47
2000-03-20,29.33,-0.34,,1456.63
2000-03-21,28.01,-0.37,,1493.87
2000-03-22,27.28,-0.37,,1500.64
2000-03-23,27.47,-0.44,,1527.35
2000-03-24,27.86,-0.44,,1527.46
2000-03-27,27.59,-0.45,,1523.86
2000-03-28,27.1,-0.43,,1507.73
2000-03-29,26.36,-0.41,,1508.52
2000-03-30,26.67,-0.46,,1487.92
2000-03-31,26.86,-0.47,,1498.58
2000-04-03,26.28,-0.45,,1505.97
2000-04-04,25.46,-0.45,,1494.73
2000-04-05,25.76,-0.45,,1487.37
2000-04-06,25.51,-0.45,,1501.34
2000-04-07,24.97,-0.52,,1516.35
2000-04-10,23.91,-0.51,,1504.46
2000-04-11,24.17,-0.47,,1500.59
2000-04-12,25.49,-0.43,,1467.17
2000-04-13,25.29,-0.46,,1440.51
2000-04-14,25.48,-0.42,,1356.56
2000-04-17,26.06,-0.32,,1401.44
2000-04-18,25.92,-0.28,,1441.61
2000-04-19,27.38,-0.34,,1427.47
2000-04-20,27.29,-0.39,,1434.54
2000-04-21,,,,1434.54
2000-04-24,27.41,-0.36,,1429.86
2000-04-25,26.41,-0.34,,1477.44
2000-04-26,24.69,-0.36,,1460.99
2000-04-27,25.53,-0.4,,1464.92
2000-04-28,25.71,-0.45,,1452.43
2000-05-01,25.84,-0.44,,1468.25
2000-05-02,26.86,-0.4,,1446.29
2000-05-03,26.6,-0.33,,1415.1
2000-05-04,27.08,-0.31,,1409.57
2000-05-05,27.37,-0.33,,1432.63
2000-05-08,28.05,-0.3,,1424.17
2000-05-09,28.46,-0.33,,1412.14
2000-05-10,28.1,-0.37,,1383.05
2000-05-11,29.25,-0.39,,1407.81
2000-05-12,29.64,-0.4,,1420.96
2000-05-15,29.95,-0.41,,1452.36
2000-05-16,29.76,-0.46,,1466.04
2000-05-17,29.38,-0.42,,1447.8
2000-05-18,30.28,-0.37,,1437.21
2000-05-19,30.02,-0.35,,1406.95
2000-05-22,28.62,-0.37,,1400.72
2000-05-23,28.61,-0.38,,1373.86
2000-05-24,29.89,-0.32,,1399.05
2000-05-25,30.43,-0.32,,1381.52
2000-05-26,29.76,-0.36,,1378.02
2000-05-29,,,,1378.02
2000-05-30,30.36,-0.36,,1422.45
2000-05-31,29.03,-0.4,,1420.6
2000-06-01,30.19,-0.41,,1448.81
2000-06-02,30.34,-0.37,,1477.26
2000-06-05,29.87,-0.37,,1467.63
2000-06-06,29.78,-0.37,,1457.84
2000-06-07,29.29,-0.39,,1471.36
2000-06-08,29.78,-0.43,,1461.67
2000-06-09,30.22,-0.43,,1456.95
2000-06-12,31.76,-0.43,,1446.0
2000-06-13,32.73,-0.38,,1469.44
2000-06-14,32.72,-0.38,,1470.54
2000-06-15,32.7,-0.39,,1478.73
2000-06-16,32.35,-0.39,,1464.46
2000-06-19,31.57,-0.4,,1486.0
2000-06-20,33.07,-0.4,,1475.95
2000-06-21,33.64,-0.39,,1479.13
2000-06-22,34.72,-0.38,,1452.18
2000-06-23,34.76,-0.36,,1441.48
2000-06-26,31.56,-0.39,,1455.31
2000-06-27,32.01,-0.4,,1450.55
2000-06-28,31.86,-0.32,,1454.82
2000-06-29,32.73,-0.33,,1442.39
2000-06-30,32.44,-0.35,,1454.6
2000-07-03,,-0.31,,1469.54
2000-07-04,,,,1469.54
2000-07-05,30.76,-0.3,,1446.23
2000-07-06,30.19,-0.29,,1456.67
2000-07-07,30.26,-0.28,,1478.9
2000-07-10,29.51,-0.27,,1475.62
2000-07-11,29.61,-0.26,,1480.88
2000-07-12,30.34,-0.25,,1492.92
2000-07-13,31.41,-0.3,,1495.84
2000-07-14,31.31,-0.31,,1509.98
2000-07-17,30.71,-0.29,,1510.49
2000-07-18,31.94,-0.28,,1493.74
2000-07-19,31.1,-0.3,,1481.96
2000-07-20,30.94,-0.31,,1495.57
2000-07-21,28.56,-0.31,,1480.19
2000-07-24,27.97,-0.31,,1464.29
2000-07-25,27.89,-0.31,,1474.47
2000-07-26,27.81,-0.25,,1452.42
2000-07-27,28.21,-0.25,,1449.62
2000-07-28,28.22,-0.26,,1419.89
2000-07-31,27.5,-0.26,,1430.83
2000-08-01,27.85,-0.27,,1438.1
2000-08-02,28.27,-0.25,,1438.7
2000-08-03,28.92,-0.27,,1452.56
2000-08-04,29.94,-0.24,,1462.93
2000-08-07,28.93,-0.23,,1479.32
2000-08-08,29.26,-0.23,,1482.8
2000-08-09,30.38,-0.37,,1472.87
2000-08-10,31.09,-0.4,,1460.25
2000-08-11,31.02,-0.46,,1471.84
2000-08-14,31.92,-0.47,,1491.56
2000-08-15,31.43,-0.47,,1484.43
2000-08-16,31.91,-0.47,,1479.85
2000-08-17,31.88,-0.49,,1496.07
2000-08-18,31.97,-0.49,,1491.72
2000-08-21,32.42,-0.49,,1499.48
2000-08-22,31.24,-0.49,,1498.13
2000-08-23,31.23,-0.47,,1505.97
2000-08-24,33.41,-0.46,,1508.31
2000-08-25,34.01,-0.46,,1506.45
2000-08-28,32.92,-0.45,,1514.09
2000-08-29,32.73,-0.45,,1509.84
2000-08-30,33.25,-0.43,,1502.59
2000-08-31,33.09,-0.45,,1517.68
2000-09-01,33.42,-0.41,,1520.77
2000-09-04,,,,1520.77
2000-09-05,33.92,-0.4,,1507.08
2000-09-06,34.97,-0.39,,1492.25
2000-09-07,35.18,-0.38,,1502.51
2000-09-08,33.62,-0.38,,1494.5
2000-09-11,35.14,-0.35,,1489.26
2000-09-12,34.25,-0.34,,1481.99
2000-09-13,33.87,-0.35,,1484.91
2000-09-14,34.37,-0.32,,1480.87
2000-09-15,35.87,-0.23,,1465.81
2000-09-18,36.75,-0.16,,1444.51
2000-09-19,36.96,-0.19,,1459.9
2000-09-20,37.22,-0.2,,1451.34
2000-09-21,33.84,-0.23,,1449.05
2000-09-22,32.66,-0.24,,1448.72
2000-09-25,31.5,-0.27,,1439.03
2000-09-26,31.78,-0.26,,1427.21
2000-09-27,31.23,-0.17,,1426.57
2000-09-28,30.26,-0.2,,1458.29
2000-09-29,30.87,-0.18,,1436.51
2000-10-02,32.05,-0.15,,1436.23
2000-10-03,31.86,-0.13,,1426.46
2000-10-04,30.91,-0.13,,1434.32
2000-10-05,30.66,-0.15,,1436.28
2000-10-06,30.86,-0.16,,1408.99
2000-10-09,31.98,,,1402.03
2000-10-10,33.29,-0.18,,1387.02
2000-10-11,33.2,-0.16,,1364.59
2000-10-12,36.06,-0.13,,1329.78
2000-10-13,34.96,-0.11,,1374.17
2000-10-16,33.18,-0.15,,1374.62
2000-10-17,33.36,-0.15,,1349.97
2000-10-18,33.51,-0.16,,1342.13
2000-10-19,33.06,-0.2,,1388.76
2000-10-20,34.31,-0.2,,1396.93
2000-10-23,34.9,-0.23,,1395.78
2000-10-24,34.53,-0.23,,1398.13
2000-10-25,33.62,-0.2,,1364.9
2000-10-26,33.75,-0.21,,1364.44
2000-10-27,32.78,-0.22,,1379.58
2000-10-30,32.86,-0.23,,1398.66
2000-10-31,32.7,-0.17,,1429.4
2000-11-01,33.14,-0.14,,1421.22
2000-11-02,32.59,-0.13,,1428.32
2000-11-03,32.62,-0.11,,1426.69
2000-11-06,33.02,-0.12,,1432.19
2000-11-07,33.44,-0.12,,1431.87
2000-11-08,32.92,-0.12,,1409.28
2000-11-09,33.87,-0.12,,1400.14
2000-11-10,34.05,-0.1,,1365.98
2000-11-13,34.3,-0.13,,1351.26
2000-11-14,34.72,-0.16,,1382.95
2000-11-15,35.54,-0.18,,1389.81
2000-11-16,34.84,-0.19,,1372.32
2000-11-17,35.62,-0.17,,1367.72
2000-11-20,35.98,-0.19,,1342.62
2000-11-21,35.54,-0.19,,1347.35
2000-11-22,36.06,-0.23,,1322.36
2000-11-23,,,,1322.36
2000-11-24,36.06,-0.23,,1341.77
2000-11-27,36.24,-0.22,,1348.97
2000-11-28,34.02,-0.2,,1336.09
2000-11-29,34.58,-0.14,,1341.93
2000-11-30,33.61,-0.13,,1314.95
2000-12-01,32.06,-0.1,,1315.23
2000-12-04,31.28,-0.06,,1324.97
2000-12-05,29.25,-0.06,,1376.54
2000-12-06,30.24,-0.1,,1351.46
2000-12-07,29.36,-0.13,,1343.55
2000-12-08,28.31,-0.15,,1369.89
2000-12-11,29.75,-0.15,,1380.2
2000-12-12,29.81,-0.18,,1371.18
2000-12-13,28.75,-0.16,,1359.99
2000-12-14,28.06,-0.2,,1340.93
2000-12-15,28.86,-0.18,,1312.15
2000-12-18,29.52,-0.16,,1322.74
2000-12-19,29.34,-0.16,,1305.6
2000-12-20,25.83,-0.16,,1264.74
2000-12-21,26.06,-0.11,,1274.86
2000-12-22,26.16,-0.08,,1305.95
2000-12-25,,,,1305.95
2000-12-26,27.0,-0.06,,1315.19
2000-12-27,26.55,0.01,,1328.92
2000-12-28,25.82,-0.05,,1334.22
2000-12-29,26.72,0.01,,1320.28
2001-01-01,,,,1320.28
2001-01-02,27.29,0.05,,1283.27
2001-01-03,27.93,0.22,,1347.56
2001-01-04,27.95,0.26,,1333.34
2001-01-05,28.02,0.37,,1298.35
2001-01-08,27.44,0.4,,1295.86
2001-01-09,27.72,0.34,,1300.8
2001-01-10,29.42,0.34,,1313.27
2001-01-11,29.42,0.37,,1326.82
2001-01-12,30.07,0.35,,1318.55
2001-01-15,,,,1318.55
2001-01-16,30.19,0.35,,1326.65
2001-01-17,29.77,0.35,,1329.47
2001-01-18,30.42,0.4,,1347.97
2001-01-19,32.12,0.44,,1342.54
2001-01-22,32.21,0.5,,1342.9
2001-01-23,31.66,0.48,,1360.4
2001-01-24,31.46,0.52,,1364.3
2001-01-25,31.61,0.51,,1357.51
2001-01-26,29.79,0.51,,1354.95
2001-01-29,29.07,0.55,,1364.17
2001-01-30,29.12,0.54,,1373.73
2001-01-31,28.62,0.57,,1366.01
2001-02-01,29.88,0.55,,1373.47
2001-02-02,31.27,0.52,,1349.47
2001-02-05,30.55,0.5,,1354.31
2001-02-06,30.27,0.5,,1352.26
2001-02-07,31.27,0.4,,1340.89
2001-02-08,31.57,0.37,,1332.53
2001-02-09,30.93,0.36,,1314.76
2001-02-12,30.52,0.38,,1330.31
2001-02-13,30.12,0.32,,1318.8
2001-02-14,29.55,0.29,,1315.92
2001-02-15,28.96,0.3,,1326.61
2001-02-16,29.22,0.36,,1301.53
2001-02-19,,,,1301.53
2001-02-20,28.6,0.38,,1278.94
2001-02-21,28.64,0.46,,1255.27
2001-02-22,28.52,0.52,,1252.82
2001-02-23,28.83,0.57,,1245.86
2001-02-26,28.27,0.59,,1267.65
2001-02-27,28.26,0.52,,1257.94
2001-02-28,27.35,0.51,,1239.94
2001-03-01,27.78,0.46,,1241.23
2001-03-02,27.89,0.47,,1234.18
2001-03-05,28.61,0.49,,1241.41
2001-03-06,28.4,0.5,,1253.8
2001-03-07,28.95,0.49,,1261.89
2001-03-08,28.31,0.46,,1264.74
2001-03-09,27.97,0.48,,1233.42
2001-03-12,27.91,0.46,,1180.16
2001-03-13,27.45,0.49,,1197.66
2001-03-14,26.49,0.52,,1166.71
2001-03-15,26.56,0.59,,1173.56
2001-03-16,26.68,0.52,,1150.53
2001-03-19,26.17,0.5,,1170.81
2001-03-20,25.99,0.54,,1142.62
2001-03-21,26.43,0.56,,1122.14
2001-03-22,26.19,0.56,,1117.58
2001-03-23,27.31,0.56,,1139.83
2001-03-26,27.4,0.58,,1152.69
2001-03-27,27.62,0.59,,1182.17
2001-03-28,26.43,0.67,,1153.29
2001-03-29,26.47,0.71,,1147.95
2001-03-30,26.37,0.75,,1160.33
2001-04-02,25.7,0.76,,1145.87
2001-04-03,26.65,0.79,,1106.46
2001-04-04,27.16,0.82,,1103.25
2001-04-05,27.24,0.79,,1151.44
2001-04-06,27.07,0.82,,1128.43
2001-04-09,27.45,0.83,,1137.59
2001-04-10,28.47,0.85,,1168.38
2001-04-11,28.42,0.83,,1165.89
2001-04-12,28.75,0.81,,1183.5
2001-04-13,,,,1183.5
2001-04-16,28.81,0.79,,1179.68
2001-04-17,27.89,0.8,,1191.81
2001-04-18,27.83,0.88,,1238.16
2001-04-19,27.92,0.98,,1253.69
2001-04-20,27.0,1.03,,1242.98
2001-04-23,26.97,1.05,,1224.36
2001-04-24,25.24,1.06,,1209.47
2001-04-25,25.93,1.08,,1228.75
2001-04-26,28.47,1.06,,1234.52
2001-04-27,28.35,1.06,,1253.05
2001-04-30,28.48,1.05,,1249.46
2001-05-01,28.37,1.07,,1266.44
2001-05-02,27.89,1.04,,1267.43
2001-05-03,28.66,1.0,,1248.58
2001-05-04,28.41,1.07,,1266.61
2001-05-07,27.79,1.09,,1263.51
2001-05-08,27.35,1.14,,1261.2
2001-05-09,28.39,1.13,,1255.54
2001-05-10,28.5,1.14,,1255.18
2001-05-11,28.59,1.15,,1245.67
2001-05-14,28.83,1.17,,1248.92
2001-05-15,28.9,1.22,,1249.44
2001-05-16,28.77,1.23,,1284.99
2001-05-17,29.02,1.13,,1288.49
2001-05-18,29.9,1.04,,1291.96
2001-05-21,29.96,1.04,,1312.83
2001-05-22,29.75,1.08,,1309.38
2001-05-23,28.85,1.12,,1289.05
2001-05-24,27.97,1.2,,1293.17
2001-05-25,28.08,1.21,,1277.89
2001-05-28,,,,1277.89
2001-05-29,28.76,1.21,,1267.93
2001-05-30,28.71,1.2,,1248.08
2001-05-31,28.39,1.21,,1255.82
2001-06-01,27.88,1.17,,1260.67
2001-06-04,28.14,1.16,,1267.11
2001-06-05,27.84,1.17,,1283.57
2001-06-06,27.56,1.15,,1270.03
2001-06-07,27.91,1.19,,1276.96
2001-06-08,28.43,1.21,,1264.96
2001-06-11,28.94,1.21,,1254.39
2001-06-12,29.13,1.18,,1255.85
2001-06-13,28.81,1.2,,1241.6
2001-06-14,29.12,1.22,,1219.87
2001-06-15,28.52,1.26,,1214.36
2001-06-18,27.55,1.29,,1208.43
2001-06-19,27.49,1.27,,1212.58
2001-06-20,26.52,1.26,,1223.14
2001-06-21,26.85,1.23,,1237.04
2001-06-22,27.02,1.21,,1225.35
2001-06-25,27.11,1.2,,1218.6
2001-06-26,26.97,1.21,,1216.76
2001-06-27,25.67,1.2,,1211.07
2001-06-28,25.75,1.13,,1226.2
2001-06-29,26.37,1.17,,1224.38
2001-07-02,26.02,1.16,,1236.72
2001-07-03,26.28,1.17,,1234.45
2001-07-04,,,,1234.45
2001-07-05,27.07,1.2,,1219.24
2001-07-06,28.1,1.25,,1190.59
2001-07-09,27.63,1.22,,1198.78
2001-07-10,27.22,1.24,,1181.52
2001-07-11,27.07,1.24,,1180.18
2001-07-12,26.85,1.2,,1208.14
2001-07-13,26.57,1.15,,1215.68
2001-07-16,26.02,1.14,,1202.45
2001-07-17,25.33,1.13,,1214.44
2001-07-18,24.65,1.16,,1207.71
2001-07-19,24.65,1.15,,1215.02
2001-07-20,25.67,1.17,,1210.85
2001-07-23,25.88,1.15,,1191.03
2001-07-24,26.18,1.16,,1171.65
2001-07-25,26.71,1.22,,1190.49
2001-07-26,26.74,1.25,,1202.93
2001-07-27,26.98,1.26,,1205.82
2001-07-30,26.6,1.25,,1204.52
2001-07-31,26.7,1.28,,1211.23
2001-08-01,26.83,1.28,,1215.93
2001-08-02,27.86,1.28,,1220.75
2001-08-03,27.51,1.29,,1214.35
2001-08-06,27.7,1.31,,1200.48
2001-08-07,28.17,1.3,,1204.4
2001-08-08,27.62,1.22,,1183.53
2001-08-09,27.72,1.27,,1183.43
2001-08-10,28.12,1.26,,1190.16
2001-08-13,27.85,1.27,,1191.29
2001-08-14,28.1,1.23,,1186.73
2001-08-15,27.51,1.2,,1178.02
2001-08-16,27.47,1.2,,1181.66
2001-08-17,26.65,1.17,,1161.97
2001-08-20,27.2,1.17,,1171.41
2001-08-21,27.93,1.18,,1157.26
2001-08-22,27.17,1.15,,1165.31
2001-08-23,25.63,1.17,,1162.09
2001-08-24,28.34,1.17,,1184.93
2001-08-27,26.69,1.16,,1179.21
2001-08-28,27.16,1.14,,1161.51
2001-08-29,27.07,1.11,,1148.56
2001-08-30,26.65,1.18,,1129.03
2001-08-31,26.65,1.21,,1133.58
2001-09-03,,,,1133.58
2001-09-04,26.94,1.16,,1132.94
2001-09-05,27.03,1.18,,1131.74
2001-09-06,27.54,1.21,,1106.4
2001-09-07,27.99,1.27,,1085.78
2001-09-10,27.66,1.31,,1092.54
2001-09-11,27.65,,,1092.54
2001-09-12,27.64,,,1092.54
2001-09-13,28.58,1.65,,1092.54
2001-09-14,29.59,1.7,,1092.54
2001-09-17,28.84,1.67,,1038.77
2001-09-18,27.81,1.76,,1032.74
2001-09-19,26.73,1.88,,1016.1
2001-09-20,26.6,1.84,,984.54
2001-09-21,25.46,1.79,,965.8
2001-09-24,21.46,1.79,,1003.45
2001-09-25,21.63,1.84,,1012.27
2001-09-26,22.4,1.83,,1007.04
2001-09-27,22.8,1.8,,1018.61
2001-09-28,23.44,1.74,,1040.94
2001-10-01,23.12,1.73,,1038.55
2001-10-02,22.7,1.76,,1051.33
2001-10-03,22.17,1.73,,1072.28
2001-10-04,22.7,1.78,,1069.63
2001-10-05,22.32,1.81,,1071.38
2001-10-08,22.25,,,1062.44
2001-10-09,22.55,1.88,,1056.75
2001-10-10,22.51,1.83,,1080.99
2001-10-11,23.49,1.81,,1097.43
2001-10-12,22.49,1.87,,1091.65
2001-10-15,22.37,1.84,,1089.98
2001-10-16,22.01,1.82,,1097.54
2001-10-17,21.89,1.79,,1077.09
2001-10-18,21.33,1.81,,1068.61
2001-10-19,21.99,1.86,,1073.48
2001-10-22,21.78,1.84,,1089.9
2001-10-23,21.28,1.85,,1084.78
2001-10-24,22.0,1.89,,1085.2
2001-10-25,21.75,1.93,,1100.09
2001-10-26,22.07,1.9,,1104.61
2001-10-29,22.1,1.95,,1078.3
2001-10-30,21.83,1.96,,1059.79
2001-10-31,21.2,1.86,,1059.78
2001-11-01,20.47,1.75,,1084.1
2001-11-02,20.24,1.89,,1087.2
2001-11-05,20.0,1.85,,1102.84
2001-11-06,19.93,1.93,,1118.86
2001-11-07,20.11,1.9,,1115.8
2001-11-08,21.21,1.9,,1118.54
2001-11-09,22.23,1.89,,1120.31
2001-11-12,21.26,,,1118.33
2001-11-13,21.56,1.87,,1139.09
2001-11-14,19.63,1.84,,1141.21
2001-11-15,17.5,1.81,,1142.24
2001-11-16,18.09,1.82,,1138.65
2001-11-19,17.74,1.88,,1151.06
2001-11-20,18.71,1.92,,1142.66
2001-11-21,18.38,1.87,,1137.03
2001-11-22,,,,1137.03
2001-11-23,,1.84,,1150.34
2001-11-26,18.69,1.83,,1157.42
2001-11-27,19.57,1.87,,1149.5
2001-11-28,19.37,1.86,,1128.52
2001-11-29,18.55,1.92,,1140.2
2001-11-30,19.46,1.94,,1139.45
2001-12-03,20.27,1.93,,1129.9
2001-12-04,19.71,1.89,,1144.8
2001-12-05,19.62,1.85,,1170.35
2001-12-06,18.69,1.85,,1167.1
2001-12-07,19.08,2.01,,1158.31
2001-12-10,18.32,2.07,,1139.93
2001-12-11,18.04,2.1,,1136.76
2001-12-12,18.38,2.05,,1137.07
2001-12-13,18.2,2.04,,1119.38
2001-12-14,19.31,2.04,,1123.09
2001-12-17,19.28,2.05,,1134.36
2001-12-18,19.38,2.03,,1142.92
2001-12-19,19.37,1.97,,1149.56
2001-12-20,18.67,1.93,,1139.93
2001-12-21,19.3,1.95,,1144.89
2001-12-24,,1.96,,1144.65
2001-12-25,,,,1144.65
2001-12-26,21.32,1.96,,1149.37
2001-12-27,21.07,1.94,,1157.13
2001-12-28,20.42,1.99,,1161.02
2001-12-31,19.96,2.0,,1148.08
2002-01-01,,,,1148.08
2002-01-02,21.13,1.98,,1154.67
2002-01-03,20.65,1.97,,1165.27
2002-01-04,21.47,1.99,,1172.51
2002-01-07,21.42,2.01,,1164.89
2002-01-08,20.82,2.03,,1160.71
2002-01-09,20.32,2.07,,1155.14
2002-01-10,20.48,2.06,,1156.55
2002-01-11,19.67,2.16,,1145.6
2002-01-14,18.88,2.12,,1138.41
2002-01-15,18.99,2.09,,1146.19
2002-01-16,18.96,2.04,,1127.57
2002-01-17,18.2,2.02,,1138.88
2002-01-18,18.02,2.03,,1127.58
2002-01-21,,,,1127.58
2002-01-22,18.36,1.99,,1119.31
2002-01-23,19.1,1.98,,1128.18
2002-01-24,19.57,1.92,,1132.15
2002-01-25,19.8,1.93,,1133.28
2002-01-28,20.05,1.93,,1133.06
2002-01-29,19.3,1.97,,1100.64
2002-01-30,19.11,1.96,,1113.57
2002-01-31,19.71,1.91,,1130.2
2002-02-01,20.4,1.94,,1122.2
2002-02-04,20.02,1.95,,1094.44
2002-02-05,20.06,1.93,,1090.02
2002-02-06,19.77,1.94,,1083.51
2002-02-07,19.75,1.94,,1080.17
2002-02-08,20.25,1.95,,1096.22
2002-02-11,21.29,1.96,,1111.94
2002-02-12,20.76,1.93,,1107.5
2002-02-13,21.19,1.92,,1118.51
2002-02-14,21.19,1.88,,1116.48
2002-02-15,21.47,1.89,,1104.18
2002-02-18,,,,1104.18
2002-02-19,20.77,1.9,,1083.34
2002-02-20,20.31,1.88,,1097.98
2002-02-21,20.81,1.88,,1080.95
2002-02-22,20.92,1.87,,1089.84
2002-02-25,20.24,1.85,,1109.43
2002-02-26,21.37,1.85,,1109.38
2002-02-27,21.4,1.75,,1109.89
2002-02-28,21.78,1.82,,1106.73
2002-03-01,22.37,1.8,,1131.78
2002-03-04,22.55,1.78,,1153.84
2002-03-05,23.18,1.77,,1146.14
2002-03-06,23.32,1.8,,1162.77
2002-03-07,23.62,1.86,,1157.54
2002-03-08,23.87,1.73,,1164.31
2002-03-11,24.36,1.74,,1168.26
2002-03-12,24.55,1.76,,1165.58
2002-03-13,24.14,1.79,,1154.09
2002-03-14,24.48,1.77,,1153.04
2002-03-15,24.47,1.72,,1166.16
2002-03-18,25.03,1.65,,1165.55
2002-03-19,25.02,1.69,,1170.29
2002-03-20,24.92,1.69,,1151.85
2002-03-21,25.74,1.66,,1153.59
2002-03-22,25.56,1.63,,1148.7
2002-03-25,25.69,1.63,,1131.87
2002-03-26,25.75,1.67,,1138.49
2002-03-27,25.79,1.69,,1144.58
2002-03-28,26.21,1.7,,1147.39
2002-03-29,,,,1147.39
2002-04-01,26.82,1.7,,1146.54
2002-04-02,27.75,1.73,,1136.76
2002-04-03,27.55,1.75,,1125.4
2002-04-04,26.64,1.71,,1126.34
2002-04-05,26.21,1.73,,1122.73
2002-04-08,26.16,1.74,,1125.29
2002-04-09,25.45,1.74,,1117.8
2002-04-10,26.15,1.76,,1130.47
2002-04-11,24.93,1.75,,1103.69
2002-04-12,23.51,1.77,,1111.01
2002-04-15,24.53,1.77,,1102.55
2002-04-16,24.92,1.77,,1128.37
2002-04-17,25.94,1.83,,1126.07
2002-04-18,25.86,1.85,,1124.47
2002-04-19,26.43,1.85,,1125.17
2002-04-22,26.28,1.82,,1107.83
2002-04-23,26.28,1.79,,1100.96
2002-04-24,26.28,1.83,,1093.14
2002-04-25,26.36,1.85,,1091.48
2002-04-26,27.12,1.86,,1076.32
2002-04-29,27.45,1.87,,1065.45
2002-04-30,27.32,1.87,,1076.92
2002-05-01,26.58,1.87,,1086.46
2002-05-02,26.31,1.88,,1084.56
2002-05-03,26.75,1.91,,1073.43
2002-05-06,26.11,1.91,,1052.67
2002-05-07,26.79,1.95,,1049.49
2002-05-08,27.76,1.92,,1088.85
2002-05-09,27.78,1.93,,1073.01
2002-05-10,27.92,1.96,,1054.99
2002-05-13,28.62,1.95,,1074.56
2002-05-14,29.17,1.92,,1097.28
2002-05-15,28.17,1.91,,1091.07
2002-05-16,28.0,1.92,,1098.23
2002-05-17,28.19,1.86,,1106.59
2002-05-20,28.24,1.88,,1091.88
2002-05-21,27.35,1.9,,1079.88
2002-05-22,27.01,1.9,,1086.02
2002-05-23,26.6,1.88,,1097.08
2002-05-24,26.69,1.88,,1083.82
2002-05-27,,,,1083.82
2002-05-28,25.08,1.86,,1074.55
2002-05-29,25.64,1.87,,1067.66
2002-05-30,24.78,1.89,,1064.66
2002-05-31,25.37,1.86,,1067.14
2002-06-03,25.1,1.87,,1040.68
2002-06-04,25.32,1.91,,1040.69
2002-06-05,25.02,1.92,,1049.9
2002-06-06,24.89,1.91,,1029.15
2002-06-07,24.72,1.94,,1027.53
2002-06-10,24.24,1.92,,1030.74
2002-06-11,24.21,1.93,,1013.6
2002-06-12,24.79,1.93,,1020.26
2002-06-13,25.54,1.94,,1009.56
2002-06-14,25.9,1.91,,1007.27
2002-06-17,25.98,1.93,,1036.17
2002-06-18,25.36,1.95,,1037.14
2002-06-19,25.57,1.95,,1019.99
2002-06-20,25.62,1.92,,1006.29
2002-06-21,25.51,1.91,,989.14
2002-06-24,26.31,1.94,,992.72
2002-06-25,26.06,1.96,,976.14
2002-06-26,26.67,1.98,,973.53
2002-06-27,26.77,1.99,,990.64
2002-06-28,26.79,1.96,,989.82
2002-07-01,26.79,1.97,,968.65
2002-07-02,26.83,1.99,,948.09
2002-07-03,26.82,2.0,,953.99
2002-07-04,,,,953.99
2002-07-05,,2.0,,989.03
2002-07-08,26.14,2.0,,976.98
2002-07-09,26.16,2.04,,952.83
2002-07-10,26.73,2.05,,920.47
2002-07-11,27.01,2.05,,927.37
2002-07-12,27.48,2.07,,921.39
2002-07-15,27.23,2.11,,917.93
2002-07-16,27.68,2.09,,900.94
2002-07-17,27.88,2.08,,906.04
2002-07-18,27.5,2.11,,881.56
2002-07-19,27.83,2.13,,847.75
2002-07-22,26.61,2.11,,819.85
2002-07-23,26.61,2.13,,797.7
2002-07-24,26.78,2.11,,843.43
2002-07-25,26.67,2.15,,838.68
2002-07-26,26.55,2.23,,852.84
2002-07-29,26.54,2.21,,898.96
2002-07-30,27.43,2.21,,902.78
2002-07-31,27.02,2.28,,911.62
2002-08-01,26.51,2.32,,884.66
2002-08-02,26.87,2.34,,864.24
2002-08-05,26.55,2.36,,834.6
2002-08-06,27.18,2.31,,859.57
2002-08-07,26.58,2.37,,876.77
2002-08-08,26.67,2.3,,905.46
2002-08-09,26.87,2.17,,908.64
2002-08-12,27.84,2.12,,903.8
2002-08-13,28.35,2.12,,884.21
2002-08-14,28.19,1.94,,919.62
2002-08-15,28.99,1.95,,930.25
2002-08-16,29.24,2.04,,928.77
2002-08-19,29.86,2.04,,950.7
2002-08-20,30.12,2.05,,937.43
2002-08-21,30.37,2.08,,949.36
2002-08-22,30.11,2.08,,962.7
2002-08-23,29.99,2.06,,940.86
2002-08-26,29.23,2.03,,947.95
2002-08-27,28.84,2.03,,934.82
2002-08-28,28.31,1.99,,917.87
2002-08-29,28.83,2.02,,917.8
2002-08-30,28.97,2.0,,916.07
2002-09-02,,,,916.07
2002-09-03,27.76,1.97,,878.02
2002-09-04,28.28,1.94,,893.4
2002-09-05,29.06,1.96,,879.15
2002-09-06,29.51,1.97,,893.92
2002-09-09,29.8,1.92,,902.96
2002-09-10,29.62,1.88,,909.58
2002-09-11,29.77,1.89,,909.45
2002-09-12,28.95,1.86,,886.91
2002-09-13,29.83,1.85,,889.81
2002-09-16,29.14,1.83,,891.1
2002-09-17,29.08,1.81,,873.52
2002-09-18,29.57,1.82,,869.46
2002-09-19,29.49,1.86,,843.32
2002-09-20,29.65,1.85,,845.39
2002-09-23,30.85,1.77,,833.7
2002-09-24,30.79,1.76,,819.29
2002-09-25,30.69,1.77,,839.66
2002-09-26,30.31,1.82,,854.95
2002-09-27,30.53,1.87,,827.37
2002-09-30,30.59,1.91,,815.28
2002-10-01,30.71,1.92,,847.91
2002-10-02,30.59,1.96,,827.91
2002-10-03,29.73,1.95,,818.95
2002-10-04,29.65,1.91,,800.58
2002-10-07,29.65,1.87,,785.28
2002-10-08,29.56,1.85,,798.55
2002-10-09,29.31,1.89,,776.76
2002-10-10,28.96,1.93,,803.92
2002-10-11,29.36,1.98,,835.32
2002-10-14,30.06,,,841.44
2002-10-15,29.73,1.99,,881.27
2002-10-16,29.28,2.04,,860.02
2002-10-17,29.61,2.06,,879.2
2002-10-18,29.56,2.05,,884.39
2002-10-21,28.31,2.01,,899.72
2002-10-22,27.93,2.06,,890.16
2002-10-23,28.19,2.06,,896.14
2002-10-24,27.87,2.07,,882.5
2002-10-25,27.09,2.14,,897.65
2002-10-28,27.25,2.22,,890.23
2002-10-29,26.81,2.18,,882.15
2002-10-30,26.85,2.25,,890.71
2002-10-31,27.18,2.25,,885.76
2002-11-01,27.04,2.25,,900.96
2002-11-04,26.89,2.28,,908.35
2002-11-05,26.06,2.28,,915.39
2002-11-06,25.72,2.22,,923.76
2002-11-07,25.36,2.02,,902.65
2002-11-08,25.83,1.98,,894.74
2002-11-11,26.02,,,876.19
2002-11-12,26.19,2.05,,882.95
2002-11-13,25.28,2.08,,882.53
2002-11-14,25.4,2.14,,904.27
2002-11-15,25.5,2.14,,909.83
2002-11-18,26.71,2.11,,900.36
2002-11-19,26.41,2.08,,896.74
2002-11-20,27.0,2.1,,914.15
2002-11-21,27.07,2.09,,933.76
2002-11-22,27.73,2.08,,930.55
2002-11-25,27.01,2.1,,932.87
2002-11-26,26.6,2.11,,913.31
2002-11-27,26.87,2.13,,938.87
2002-11-28,,,,938.87
2002-11-29,,2.14,,936.31
2002-12-02,27.27,2.15,,934.53
2002-12-03,27.34,2.16,,920.75
2002-12-04,26.8,2.16,,917.58
2002-12-05,27.27,2.16,,906.55
2002-12-06,27.03,2.2,,912.23
2002-12-09,27.29,2.18,,892.0
2002-12-10,27.73,2.16,,904.45
2002-12-11,27.49,2.16,,904.96
2002-12-12,28.2,2.16,,901.58
2002-12-13,28.39,2.2,,889.48
2002-12-16,30.15,2.21,,910.4
2002-12-17,30.04,2.24,,902.99
2002-12-18,30.41,2.25,,891.12
2002-12-19,30.57,2.22,,884.25
2002-12-20,30.57,2.21,,895.76
2002-12-23,32.09,2.19,,897.38
2002-12-24,32.13,2.22,,892.47
2002-12-25,,,,892.47
2002-12-26,32.61,2.23,,889.66
2002-12-27,32.68,2.23,,875.4
2002-12-30,31.41,2.21,,879.39
2002-12-31,31.21,2.22,,879.82
2003-01-01,,,,879.82
2003-01-02,31.97,2.27,,909.03
2003-01-03,33.26,2.26,,908.59
2003-01-06,32.29,2.25,,929.01
2003-01-07,31.2,2.27,,922.93
2003-01-08,30.66,2.29,,909.93
2003-01-09,31.95,2.32,,927.57
2003-01-10,31.59,2.37,,927.57
2003-01-13,32.08,2.34,,926.26
2003-01-14,32.42,2.34,,931.66
2003-01-15,33.23,2.35,,918.22
2003-01-16,33.58,2.35,,914.6
2003-01-17,33.88,2.35,,901.78
2003-01-20,,,,901.78
2003-01-21,34.62,2.34,,887.62
2003-01-22,34.32,2.29,,878.36
2003-01-23,33.9,2.29,,887.34
2003-01-24,34.98,2.28,,861.4
2003-01-27,32.43,2.28,,847.48
2003-01-28,32.7,2.3,,858.54
2003-01-29,33.54,2.29,,864.36
2003-01-30,33.78,2.3,,844.61
2003-01-31,33.51,2.28,,855.7
2003-02-03,32.84,2.29,,860.32
2003-02-04,33.61,2.28,,848.2
2003-02-05,33.91,2.29,,843.59
2003-02-06,34.36,2.29,,838.15
2003-02-07,35.05,2.33,,829.69
2003-02-10,34.46,2.31,,835.97
2003-02-11,35.43,2.33,,829.2
2003-02-12,35.83,2.31,,818.68
2003-02-13,36.63,2.32,,817.37
2003-02-14,36.61,2.33,,834.89
2003-02-17,,,,834.89
2003-02-18,36.88,2.28,,851.17
2003-02-19,37.02,2.27,,845.13
2003-02-20,36.45,2.26,,837.1
2003-02-21,36.76,2.27,,848.17
2003-02-24,37.29,2.26,,832.58
2003-02-25,36.06,2.23,,838.57
2003-02-26,37.96,2.21,,827.55
2003-02-27,36.83,2.18,,837.28
2003-02-28,36.76,2.18,,841.15
2003-03-03,36.1,2.16,,834.81
2003-03-04,36.95,2.16,,821.99
2003-03-05,36.86,2.17,,829.85
2003-03-06,37.21,2.2,,822.1
2003-03-07,37.76,2.24,,828.89
2003-03-10,37.18,2.24,,807.48
2003-03-11,36.81,2.22,,800.73
2003-03-12,37.87,2.15,,804.19
2003-03-13,36.05,2.15,,831.9
2003-03-14,35.41,2.16,,833.27
2003-03-17,34.92,2.19,,862.79
2003-03-18,31.55,2.19,,866.45
2003-03-19,30.01,2.26,,874.02
2003-03-20,28.62,2.26,,875.67
2003-03-21,27.18,2.31,,895.79
2003-03-24,29.51,2.27,,864.23
2003-03-25,33.42,2.28,,874.74
2003-03-26,28.71,2.28,,869.95
2003-03-27,30.31,2.33,,868.52
2003-03-28,30.21,2.36,,863.5
2003-03-31,31.14,2.32,,848.18
2003-04-01,29.48,2.34,,858.48
2003-04-02,28.55,2.34,,880.9
2003-04-03,29.05,2.38,,876.45
2003-04-04,28.41,2.41,,878.85
2003-04-07,27.76,2.38,,879.93
2003-04-08,27.97,2.36,,878.29
2003-04-09,28.93,2.38,,865.99
2003-04-10,27.2,2.35,,871.58
2003-04-11,28.28,2.35,,868.3
2003-04-14,28.41,2.3,,885.23
2003-04-15,29.46,2.29,,890.81
2003-04-16,29.16,2.29,,879.91
2003-04-17,30.1,2.27,,893.58
2003-04-18,,,,893.58
2003-04-21,30.76,2.29,,892.01
2003-04-22,29.92,2.31,,911.37
2003-04-23,28.04,2.32,,919.02
2003-04-24,27.52,2.31,,911.43
2003-04-25,25.92,2.34,,898.81
2003-04-28,25.25,2.33,,914.84
2003-04-29,25.32,2.34,,917.84
2003-04-30,26.09,2.38,,916.92
2003-05-01,26.05,2.38,,916.3
2003-05-02,25.74,2.38,,930.08
2003-05-05,26.43,2.37,,926.55
2003-05-06,25.65,2.39,,934.39
2003-05-07,26.24,2.27,,929.62
2003-05-08,26.94,2.21,,920.27
2003-05-09,27.65,2.24,,933.41
2003-05-12,27.34,2.18,,945.11
2003-05-13,28.51,2.16,,942.3
2003-05-14,29.21,2.12,,939.28
2003-05-15,28.57,2.07,,946.67
2003-05-16,29.07,2.08,,944.3
2003-05-19,28.84,2.11,,920.77
2003-05-20,29.29,2.07,,919.73
2003-05-21,29.51,2.01,,923.42
2003-05-22,29.09,1.98,,931.87
2003-05-23,29.74,1.96,,933.22
2003-05-26,,,,933.22
2003-05-27,29.24,2.08,,951.48
2003-05-28,28.46,2.09,,953.22
2003-05-29,29.15,2.04,,949.64
2003-05-30,29.56,2.04,,963.59
2003-06-02,30.72,2.1,,967.0
2003-06-03,30.78,2.14,,971.56
2003-06-04,29.81,2.1,,986.24
2003-06-05,30.84,2.09,,990.14
2003-06-06,31.26,2.1,,987.76
2003-06-09,31.36,2.1,,975.93
2003-06-10,31.72,2.07,,984.84
2003-06-11,32.17,2.05,,997.48
2003-06-12,31.41,2.05,,998.51
2003-06-13,30.63,2.03,,988.61
2003-06-16,31.14,2.0,,1010.74
2003-06-17,31.08,2.02,,1011.66
2003-06-18,30.28,2.1,,1010.09
2003-06-19,29.86,2.18,,994.7
2003-06-20,30.63,2.18,,995.69
2003-06-23,30.22,2.15,,981.64
2003-06-24,30.05,2.15,,983.45
2003-06-25,31.65,2.08,,975.32
2003-06-26,28.97,2.14,,985.82
2003-06-27,29.18,2.2,,976.22
2003-06-30,30.15,2.22,,974.5
2003-07-01,30.41,2.26,,982.32
2003-07-02,30.29,2.26,,993.75
2003-07-03,30.39,2.35,,985.7
2003-07-04,,,,985.7
2003-07-07,30.08,2.38,,1004.42
2003-07-08,30.32,2.36,,1007.84
2003-07-09,30.87,2.36,,1002.21
2003-07-10,31.04,2.37,,988.7
2003-07-11,31.33,2.37,,998.14
2003-07-14,31.2,2.39,,1003.86
2003-07-15,31.6,2.49,,1000.42
2003-07-16,31.2,2.48,,994.09
2003-07-17,31.44,2.51,,981.73
2003-07-18,31.96,2.49,,993.32
2003-07-21,31.67,2.58,,978.8
2003-07-22,30.2,2.6,,988.11
2003-07-23,30.13,2.58,,988.61
2003-07-24,30.72,2.66,,981.6
2003-07-25,30.31,2.7,,998.68
2003-07-28,29.98,2.7,,996.52
2003-07-29,30.21,2.75,,989.28
2003-07-30,30.69,2.7,,987.49
2003-07-31,30.56,2.69,,990.31
2003-08-01,32.23,2.59,,980.15
2003-08-04,31.8,2.64,,982.82
2003-08-05,32.34,2.59,,965.46
2003-08-06,31.77,2.54,,967.08
2003-08-07,32.41,2.56,,974.12
2003-08-08,32.23,2.55,,977.59
2003-08-11,31.91,2.57,,980.59
2003-08-12,31.91,2.66,,990.35
2003-08-13,30.85,2.72,,984.03
2003-08-14,30.85,2.69,,990.51
2003-08-15,31.01,2.7,,990.67
2003-08-18,30.81,2.62,,999.74
2003-08-19,30.76,2.57,,1002.35
2003-08-20,30.96,2.61,,1000.3
2003-08-21,31.78,2.55,,1003.27
2003-08-22,31.64,2.51,,993.06
2003-08-25,31.43,2.51,,993.71
2003-08-26,32.01,2.54,,996.73
2003-08-27,31.18,2.49,,996.79
2003-08-28,31.41,2.49,,1002.84
2003-08-29,31.76,2.5,,1008.01
2003-09-01,,,,1008.01
2003-09-02,29.57,2.57,,1021.99
2003-09-03,29.43,2.58,,1026.27
2003-09-04,28.87,2.61,,1027.97
2003-09-05,28.93,2.63,,1021.39
2003-09-08,28.85,2.66,,1031.64
2003-09-09,29.22,2.66,,1023.17
2003-09-10,29.41,2.64,,1010.92
2003-09-11,28.86,2.64,,1016.42
2003-09-12,28.26,2.61,,1018.63
2003-09-15,28.15,2.65,,1014.81
2003-09-16,27.6,2.66,,1029.32
2003-09-17,27.0,2.57,,1025.97
2003-09-18,27.26,2.51,,1039.58
2003-09-19,26.93,2.47,,1036.3
2003-09-22,26.97,2.56,,1022.82
2003-09-23,27.0,2.56,,1029.03
2003-09-24,28.19,2.5,,1009.38
2003-09-25,28.29,2.47,,1003.27
2003-09-26,28.21,2.44,,996.85
2003-09-29,28.35,2.48,,1006.58
2003-09-30,29.19,2.46,,995.97
2003-10-01,29.43,2.49,,1018.22
2003-10-02,29.83,2.55,,1020.24
2003-10-03,30.37,2.56,,1029.85
2003-10-06,30.4,2.57,,1034.35
2003-10-07,30.48,2.6,,1039.25
2003-10-08,29.6,2.62,,1033.78
2003-10-09,30.97,2.63,,1038.73
2003-10-10,32.01,2.64,,1038.06
2003-10-13,31.91,,,1045.35
2003-10-14,31.68,2.64,,1049.48
2003-10-15,31.74,2.64,,1046.76
2003-10-16,31.51,2.51,,1050.07
2003-10-17,30.61,2.51,,1039.32
2003-10-20,30.37,2.53,,1044.68
2003-10-21,30.19,2.49,,1046.03
2003-10-22,30.0,2.49,,1030.36
2003-10-23,30.31,2.5,,1033.77
2003-10-24,29.99,2.48,,1028.91
2003-10-27,29.95,2.47,,1031.13
2003-10-28,29.57,2.52,,1046.79
2003-10-29,28.95,2.52,,1048.11
2003-10-30,28.67,2.5,,1046.94
2003-10-31,29.24,2.48,,1050.71
2003-11-03,28.81,2.5,,1059.02
2003-11-04,28.86,2.47,,1053.25
2003-11-05,30.29,2.44,,1051.81
2003-11-06,30.25,2.44,,1058.05
2003-11-07,30.73,2.44,,1053.21
2003-11-10,31.01,2.43,,1047.11
2003-11-11,31.21,,,1046.57
2003-11-12,31.37,2.39,,1058.53
2003-11-13,31.89,2.38,,1058.41
2003-11-14,32.31,2.38,,1050.35
2003-11-17,31.75,2.38,,1043.63
2003-11-18,33.16,2.34,,1034.15
2003-11-19,32.84,2.34,,1042.44
2003-11-20,32.87,2.33,,1033.65
2003-11-21,32.26,2.31,,1035.28
2003-11-24,29.99,2.29,,1052.08
2003-11-25,30.02,2.3,,1053.89
2003-11-26,30.33,2.28,,1058.45
2003-11-27,,,,1058.45
2003-11-28,,2.28,,1058.2
2003-12-01,29.89,2.28,,1070.12
2003-12-02,30.74,2.31,,1066.62
2003-12-03,30.61,2.32,,1064.73
2003-12-04,31.24,2.32,,1069.72
2003-12-05,30.68,2.35,,1061.5
2003-12-08,32.08,2.35,,1069.3
2003-12-09,31.72,2.35,,1060.18
2003-12-10,31.92,2.36,,1059.05
2003-12-11,32.01,2.44,,1071.21
2003-12-12,33.06,2.42,,1074.14
2003-12-15,33.17,2.4,,1068.04
2003-12-16,32.94,2.41,,1075.13
2003-12-17,33.36,2.36,,1076.48
2003-12-18,33.72,2.31,,1089.18
2003-12-19,32.81,2.33,,1088.66
2003-12-22,31.71,2.34,,1092.94
2003-12-23,32.03,2.32,,1096.02
2003-12-24,32.99,2.37,,1094.04
2003-12-25,,,,1094.04
2003-12-26,,2.35,,1095.89
2003-12-29,32.51,2.38,,1109.48
2003-12-30,33.01,2.43,,1109.64
2003-12-31,32.51,2.43,,1111.92
2004-01-01,,,,1111.92
2004-01-02,,2.44,,1108.48
2004-01-05,33.71,2.46,,1122.22
2004-01-06,33.54,2.45,,1123.67
2004-01-07,33.57,2.43,,1126.33
2004-01-08,34.27,2.42,,1131.92
2004-01-09,34.38,2.43,,1121.86
2004-01-12,34.92,2.43,,1127.23
2004-01-13,34.26,2.42,,1121.22
2004-01-14,34.62,2.36,,1130.52
2004-01-15,33.61,2.32,,1132.05
2004-01-16,35.16,2.34,,1139.83
2004-01-19,,,,1139.83
2004-01-20,36.21,2.39,,1138.77
2004-01-21,35.53,2.36,,1147.62
2004-01-22,35.12,2.33,,1143.94
2004-01-23,34.94,2.38,,1141.55
2004-01-26,34.41,2.41,,1155.37
2004-01-27,33.99,2.41,,1144.05
2004-01-28,33.63,2.35,,1128.48
2004-01-29,32.86,2.34,,1134.11
2004-01-30,33.16,2.32,,1131.13
2004-02-02,34.02,2.35,,1135.26
2004-02-03,34.2,2.35,,1136.03
2004-02-04,33.06,2.35,,1126.52
2004-02-05,33.26,2.35,,1128.59
2004-02-06,32.49,2.35,,1142.76
2004-02-09,32.91,2.33,,1139.81
2004-02-10,34.03,2.31,,1145.54
2004-02-11,33.93,2.32,,1157.76
2004-02-12,34.03,2.35,,1152.11
2004-02-13,34.51,2.35,,1145.81
2004-02-16,,,,1145.81
2004-02-17,35.13,2.35,,1156.99
2004-02-18,35.42,2.33,,1151.82
2004-02-19,35.81,2.35,,1147.06
2004-02-20,35.8,2.35,,1144.11
2004-02-23,35.75,2.36,,1140.99
2004-02-24,35.85,2.35,,1139.09
2004-02-25,37.28,2.35,,1143.67
2004-02-26,35.45,2.36,,1144.91
2004-02-27,36.08,2.33,,1144.94
2004-03-01,36.85,2.33,,1155.97
2004-03-02,36.6,2.31,,1149.1
2004-03-03,35.8,2.33,,1151.03
2004-03-04,36.81,2.31,,1154.87
2004-03-05,37.31,2.28,,1156.86
2004-03-08,36.53,2.26,,1147.2
2004-03-09,36.29,2.22,,1140.58
2004-03-10,36.21,2.2,,1123.89
2004-03-11,36.95,2.22,,1106.78
2004-03-12,36.21,2.24,,1120.57
2004-03-15,37.44,2.22,,1104.49
2004-03-16,37.36,2.19,,1110.7
2004-03-17,38.21,2.18,,1123.75
2004-03-18,37.81,2.21,,1122.32
2004-03-19,38.09,2.24,,1109.78
2004-03-22,37.12,2.22,,1095.4
2004-03-23,37.81,2.21,,1093.95
2004-03-24,37.06,2.23,,1091.33
2004-03-25,35.67,2.24,,1109.19
2004-03-26,35.61,2.26,,1108.06
2004-03-29,35.41,2.28,,1122.47
2004-03-30,36.15,2.28,,1127.0
2004-03-31,35.75,2.26,,1126.21
2004-04-01,34.47,2.26,,1132.17
2004-04-02,34.39,2.29,,1141.81
2004-04-05,34.29,2.33,,1150.57
2004-04-06,35.09,2.33,,1148.16
2004-04-07,36.28,2.32,,1140.53
2004-04-08,37.14,2.33,,1139.32
2004-04-09,,,,1139.32
2004-04-12,37.79,2.34,,1145.2
2004-04-13,37.09,2.34,,1129.44
2004-04-14,36.62,2.27,,1128.17
2004-04-15,37.74,2.32,,1128.84
2004-04-16,37.7,2.34,,1134.61
2004-04-19,37.46,2.32,,1135.82
2004-04-20,37.61,2.32,,1118.15
2004-04-21,36.61,2.23,,1124.09
2004-04-22,37.7,2.25,,1139.93
2004-04-23,37.22,2.19,,1140.6
2004-04-26,37.02,2.18,,1135.53
2004-04-27,37.49,2.22,,1138.11
2004-04-28,37.23,2.2,,1122.41
2004-04-29,37.5,2.21,,1113.89
2004-04-30,37.31,2.22,,1107.3
2004-05-03,38.26,2.19,,1117.49
2004-05-04,38.86,2.24,,1119.55
2004-05-05,39.69,2.27,,1121.53
2004-05-06,39.41,2.24,,1113.99
2004-05-07,39.98,2.15,,1098.7
2004-05-10,38.9,2.2,,1087.12
2004-05-11,40.3,2.18,,1095.45
2004-05-12,40.3,2.21,,1097.28
2004-05-13,40.94,2.18,,1096.44
2004-05-14,41.42,2.2,,1095.7
2004-05-17,41.53,2.19,,1084.1
2004-05-18,40.32,2.16,,1091.49
2004-05-19,41.61,2.18,,1088.68
2004-05-20,40.92,2.17,,1089.19
2004-05-21,39.83,2.16,,1093.56
2004-05-24,42.03,2.16,,1095.41
2004-05-25,41.45,2.15,,1113.05
2004-05-26,40.6,2.15,,1114.94
2004-05-27,39.25,2.14,,1121.28
2004-05-28,39.9,2.12,,1120.68
2004-05-31,,,,1120.68
2004-06-01,42.33,2.11,,1121.2
2004-06-02,39.96,2.09,,1124.99
2004-06-03,39.29,2.08,,1116.64
2004-06-04,38.44,2.08,,1122.5
2004-06-07,38.72,2.11,,1140.42
2004-06-08,37.18,2.05,,1142.18
2004-06-09,37.6,2.03,,1131.33
2004-06-10,38.45,2.0,,1136.47
2004-06-11,,,,1136.47
2004-06-14,37.58,1.92,,1125.29
2004-06-15,37.18,1.92,,1132.01
2004-06-16,37.33,1.9,,1133.56
2004-06-17,38.51,1.9,,1132.05
2004-06-18,38.68,1.91,,1135.02
2004-06-21,37.69,1.9,,1130.3
2004-06-22,38.11,1.92,,1134.41
2004-06-23,37.56,1.93,,1144.06
2004-06-24,37.81,1.92,,1140.65
2004-06-25,37.34,1.92,,1134.43
2004-06-28,36.25,1.9,,1133.35
2004-06-29,35.6,1.87,,1136.2
2004-06-30,36.92,1.92,,1140.84
2004-07-01,38.56,1.93,,1128.94
2004-07-02,38.37,1.94,,1125.38
2004-07-05,,,,1125.38
2004-07-06,39.56,1.93,,1116.21
2004-07-07,39.18,1.94,,1118.33
2004-07-08,40.27,1.94,,1109.11
2004-07-09,39.9,1.94,,1112.81
2004-07-12,39.3,1.93,,1114.35
2004-07-13,39.55,1.92,,1115.14
2004-07-14,40.98,1.88,,1111.47
2004-07-15,40.7,1.86,,1106.69
2004-07-16,41.1,1.84,,1101.39
2004-07-19,41.55,1.82,,1100.9
2004-07-20,40.86,1.8,,1108.67
2004-07-21,40.63,1.79,,1093.88
2004-07-22,41.51,1.79,,1096.84
2004-07-23,41.82,1.76,,1086.2
2004-07-26,41.45,1.74,,1084.07
2004-07-27,41.83,1.8,,1094.83
2004-07-28,42.81,1.83,,1095.42
2004-07-29,42.69,1.85,,1100.43
2004-07-30,43.72,1.82,,1101.72
2004-08-02,43.83,1.82,,1106.62
2004-08-03,44.13,1.79,,1099.69
2004-08-04,42.73,1.79,,1098.63
2004-08-05,44.39,1.79,,1080.7
2004-08-06,43.95,1.84,,1063.97
2004-08-09,44.86,1.83,,1065.22
2004-08-10,44.51,1.77,,1079.04
2004-08-11,44.72,1.76,,1075.79
2004-08-12,45.52,1.75,,1063.23
2004-08-13,46.61,1.75,,1064.8
2004-08-16,46.02,1.75,,1079.34
2004-08-17,46.75,1.77,,1081.71
2004-08-18,47.36,1.79,,1095.17
2004-08-19,48.66,1.79,,1091.23
2004-08-20,47.6,1.78,,1098.35
2004-08-23,46.0,1.78,,1095.68
2004-08-24,45.68,1.78,,1096.19
2004-08-25,43.83,1.75,,1104.96
2004-08-26,43.06,1.74,,1105.09
2004-08-27,43.11,1.75,,1107.77
2004-08-30,42.32,1.72,,1099.15
2004-08-31,42.23,1.72,,1104.24
2004-09-01,43.89,1.72,,1105.91
2004-09-02,44.04,1.74,,1118.31
2004-09-03,43.94,1.69,,1113.63
2004-09-06,,,,1113.63
2004-09-07,43.18,1.68,,1121.3
2004-09-08,42.77,1.68,,1116.27
2004-09-09,44.53,1.72,,1118.38
2004-09-10,42.84,1.69,,1123.92
2004-09-13,43.86,1.66,,1125.82
2004-09-14,44.62,1.68,,1128.33
2004-09-15,43.83,1.67,,1120.37
2004-09-16,44.03,1.64,,1123.5
2004-09-17,45.63,1.61,,1128.55
2004-09-20,46.33,1.61,,1122.2
2004-09-21,47.11,1.56,,1129.3
2004-09-22,48.41,1.5,,1113.56
2004-09-23,48.37,1.45,,1108.36
2004-09-24,48.86,1.42,,1110.11
2004-09-27,49.56,1.42,,1103.52
2004-09-28,49.76,1.47,,1110.06
2004-09-29,49.53,1.49,,1114.8
2004-09-30,49.56,1.51,,1114.58
2004-10-01,50.16,1.58,,1131.5
2004-10-04,49.85,1.54,,1135.17
2004-10-05,51.08,1.53,,1134.48
2004-10-06,51.98,1.53,,1142.05
2004-10-07,52.56,1.54,,1130.65
2004-10-08,53.4,1.54,,1122.14
2004-10-11,53.65,,,1124.39
2004-10-12,53.49,1.56,,1121.84
2004-10-13,53.86,1.56,,1113.65
2004-10-14,54.69,1.55,,1103.29
2004-10-15,54.89,1.54,,1108.2
2004-10-18,53.59,1.52,,1114.02
2004-10-19,53.28,1.5,,1103.23
2004-10-20,54.93,1.48,,1103.66
2004-10-21,54.51,1.44,,1106.49
2004-10-22,55.83,1.45,,1095.74
2004-10-25,55.52,1.45,,1094.8
2004-10-26,56.37,1.47,,1111.09
2004-10-27,52.52,1.48,,1125.4
2004-10-28,50.95,1.5,,1127.44
2004-10-29,51.78,1.49,,1130.2
2004-11-01,50.1,1.5,,1130.51
2004-11-02,49.6,1.5,,1130.56
2004-11-03,50.9,1.49,,1143.2
2004-11-04,48.8,1.47,,1161.67
2004-11-05,49.65,1.41,,1166.17
2004-11-08,49.1,1.42,,1164.89
2004-11-09,47.4,1.42,,1164.08
2004-11-10,48.7,1.43,,1162.91
2004-11-11,47.5,,,1173.48
2004-11-12,47.3,1.34,,1184.17
2004-11-15,46.95,1.31,,1183.81
2004-11-16,46.1,1.3,,1175.43
2004-11-17,46.85,1.29,,1181.94
2004-11-18,46.3,1.26,,1183.55
2004-11-19,48.9,1.25,,1170.34
2004-11-22,48.48,1.23,,1177.24
2004-11-23,48.74,1.21,,1176.94
2004-11-24,49.14,1.19,,1181.76
2004-11-25,,,,1181.76
2004-11-26,,1.21,,1182.65
2004-11-29,49.71,1.27,,1178.57
2004-11-30,49.16,1.34,,1173.82
2004-12-01,45.56,1.37,,1191.37
2004-12-02,43.31,1.36,,1190.33
2004-12-03,42.56,1.33,,1191.17
2004-12-06,42.96,1.31,,1190.25
2004-12-07,41.51,1.28,,1177.07
2004-12-08,41.96,1.23,,1182.81
2004-12-09,42.41,1.26,,1189.24
2004-12-10,40.71,1.21,,1188.0
2004-12-13,41.06,1.18,,1198.68
2004-12-14,41.76,1.15,,1203.38
2004-12-15,44.21,1.12,,1205.72
2004-12-16,44.16,1.18,,1203.21
2004-12-17,46.31,1.18,,1194.2
2004-12-20,45.57,1.15,,1194.65
2004-12-21,45.76,1.13,,1205.45
2004-12-22,44.05,1.17,,1209.57
2004-12-23,42.19,1.21,,1210.13
2004-12-24,,,,1210.13
2004-12-27,41.26,1.23,,1204.92
2004-12-28,41.78,1.23,,1213.54
2004-12-29,43.69,1.21,,1213.45
2004-12-30,43.36,1.17,,1213.55
2004-12-31,,1.16,,1211.92
2005-01-03,42.16,1.13,,1202.08
2005-01-04,43.96,1.09,,1188.05
2005-01-05,43.41,1.07,,1183.74
2005-01-06,45.51,1.11,,1187.89
2005-01-07,45.32,1.09,,1186.19
2005-01-10,45.31,1.06,,1190.25
2005-01-11,45.66,1.02,,1182.99
2005-01-12,46.46,1.03,,1187.7
2005-01-13,48.11,0.99,,1177.45
2005-01-14,48.41,0.99,,1184.52
2005-01-17,,,,1184.52
2005-01-18,48.46,0.95,,1195.98
2005-01-19,47.61,0.94,,1184.63
2005-01-20,47.01,0.96,,1175.41
2005-01-21,48.31,1.0,,1167.87
2005-01-24,48.61,0.94,,1163.75
2005-01-25,49.43,0.97,,1168.41
2005-01-26,48.8,0.94,,1174.07
2005-01-27,48.8,0.94,,1174.55
2005-01-28,47.15,0.91,,1171.36
2005-01-31,48.25,0.85,,1181.27
2005-02-01,47.1,0.86,,1189.41
2005-02-02,46.65,0.83,,1193.19
2005-02-03,46.4,0.84,,1189.89
2005-02-04,46.45,0.8,,1203.03
2005-02-07,45.35,0.76,,1201.72
2005-02-08,45.4,0.72,,1202.3
2005-02-09,45.45,0.76,,1191.99
2005-02-10,47.05,0.78,,1197.01
2005-02-11,47.15,0.76,,1205.3
2005-02-14,47.5,0.7,,1206.14
2005-02-15,47.3,0.73,,1210.12
2005-02-16,48.35,0.75,,1210.34
2005-02-17,47.5,0.81,,1200.75
2005-02-18,48.45,0.82,,1201.59
2005-02-21,,,,1201.59
2005-02-22,51.0,0.83,,1184.16
2005-02-23,51.73,0.81,,1190.8
2005-02-24,52.05,0.77,,1200.2
2005-02-25,52.2,0.73,,1211.37
2005-02-28,51.75,0.77,,1203.6
2005-03-01,51.67,0.79,,1210.41
2005-03-02,53.0,0.81,,1210.08
2005-03-03,53.6,0.8,,1210.47
2005-03-04,53.7,0.75,,1222.12
2005-03-07,53.9,0.7,,1225.31
2005-03-08,54.55,0.76,,1219.43
2005-03-09,54.75,0.86,,1207.01
2005-03-10,53.52,0.8,,1209.25
2005-03-11,54.4,0.83,,1200.08
2005-03-14,54.9,0.77,,1206.83
2005-03-15,55.05,0.79,,1197.75
2005-03-16,56.5,0.8,,1188.07
2005-03-17,56.4,0.77,,1190.21
2005-03-18,56.8,0.79,,1189.65
2005-03-21,56.7,0.81,,1183.78
2005-03-22,55.95,0.77,,1171.71
2005-03-23,49.43,0.77,,1172.53
2005-03-24,49.7,0.72,,1171.42
2005-03-25,,,,1171.42
2005-03-28,54.06,0.74,,1174.28
2005-03-29,54.26,0.73,,1165.36
2005-03-30,53.96,0.7,,1181.41
2005-03-31,55.31,0.7,,1180.59
2005-04-01,57.26,0.71,,1172.92
2005-04-04,56.86,0.73,,1176.12
2005-04-05,55.83,0.73,,1181.39
2005-04-06,55.88,0.74,,1184.07
2005-04-07,54.16,0.77,,1191.14
2005-04-08,53.46,0.73,,1181.2
2005-04-11,53.71,0.7,,1181.21
2005-04-12,51.54,0.67,,1187.76
2005-04-13,50.21,0.72,,1173.79
2005-04-14,51.11,0.77,,1162.05
2005-04-15,50.61,0.73,,1142.62
2005-04-18,50.52,0.72,,1145.98
2005-04-19,52.33,0.71,,1152.78
2005-04-20,52.45,0.7,,1137.5
2005-04-21,52.49,0.67,,1159.95
2005-04-22,54.16,0.64,,1152.12
2005-04-25,53.16,0.62,,1162.1
2005-04-26,54.33,0.61,,1151.83
2005-04-27,51.37,0.61,,1156.38
2005-04-28,51.92,0.6,,1143.22
2005-04-29,49.2,0.55,,1156.85
2005-05-02,50.94,0.57,,1162.16
2005-05-03,49.6,0.53,,1161.17
2005-05-04,50.22,0.57,,1175.65
2005-05-05,51.12,0.61,,1172.63
2005-05-06,51.3,0.55,,1171.35
2005-05-09,52.04,0.53,,1178.84
2005-05-10,51.76,0.54,,1166.22
2005-05-11,50.39,0.53,,1171.11
2005-05-12,48.83,0.52,,1159.36
2005-05-13,48.65,0.51,,1154.05
2005-05-16,48.64,0.52,,1165.69
2005-05-17,48.97,0.51,,1173.8
2005-05-18,46.99,0.51,,1185.56
2005-05-19,47.0,0.47,,1191.08
2005-05-20,47.25,0.44,,1189.28
2005-05-23,48.68,0.42,,1193.86
2005-05-24,49.14,0.43,,1194.07
2005-05-25,50.37,0.47,,1190.01
2005-05-26,50.89,0.44,,1197.62
2005-05-27,51.65,0.44,,1198.78
2005-05-30,,,,1198.78
2005-05-31,52.08,0.4,,1191.5
2005-06-01,54.4,0.41,,1202.22
2005-06-02,53.46,0.37,,1204.29
2005-06-03,55.08,0.41,,1196.02
2005-06-06,54.46,0.37,,1197.51
2005-06-07,53.84,0.35,,1197.26
2005-06-08,52.51,0.35,,1194.67
2005-06-09,54.36,0.34,,1200.93
2005-06-10,53.55,0.34,,1198.11
2005-06-13,55.47,0.38,,1200.82
2005-06-14,55.03,0.42,,1203.91
2005-06-15,55.53,0.4,,1206.58
2005-06-16,56.48,0.39,,1210.96
2005-06-17,58.4,0.37,,1216.96
2005-06-20,59.19,0.39,,1216.1
2005-06-21,58.9,0.35,,1213.61
2005-06-22,58.27,0.33,,1213.88
2005-06-23,59.23,0.33,,1200.73
2005-06-24,59.63,0.33,,1191.57
2005-06-27,59.78,0.3,,1190.69
2005-06-28,58.32,0.32,,1201.57
2005-06-29,57.23,0.34,,1199.85
2005-06-30,56.63,0.28,,1191.33
2005-07-01,59.11,0.3,,1194.44
2005-07-04,,,,1194.44
2005-07-05,59.71,0.32,,1204.99
2005-07-06,61.24,0.31,,1194.94
2005-07-07,60.76,0.34,,1197.87
2005-07-08,59.71,0.33,,1211.86
2005-07-11,59.23,0.3,,1219.44
2005-07-12,60.49,0.33,,1222.21
2005-07-13,60.0,0.33,,1223.29
2005-07-14,57.83,0.33,,1226.5
2005-07-15,58.36,0.32,,1227.92
2005-07-18,57.12,0.33,,1221.13
2005-07-19,57.61,0.32,,1229.35
2005-07-20,56.73,0.27,,1235.2
2005-07-21,57.31,0.32,,1227.04
2005-07-22,57.75,0.31,,1233.68
2005-07-25,58.16,0.3,,1229.03
2005-07-26,59.05,0.29,,1231.16
2005-07-27,59.12,0.28,,1236.79
2005-07-28,59.91,0.24,,1243.72
2005-07-29,60.71,0.26,,1234.18
2005-08-01,61.51,0.28,,1235.35
2005-08-02,61.87,0.28,,1244.12
2005-08-03,60.76,0.28,,1245.04
2005-08-04,61.6,0.28,,1235.86
2005-08-05,62.44,0.29,,1226.42
2005-08-08,63.92,0.26,,1223.13
2005-08-09,63.13,0.28,,1231.38
2005-08-10,64.8,0.27,,1229.13
2005-08-11,65.67,0.22,,1237.81
2005-08-12,66.71,0.19,,1230.39
2005-08-15,66.21,0.19,,1233.87
2005-08-16,66.11,0.2,,1219.34
2005-08-17,63.29,0.21,,1220.24
2005-08-18,63.47,0.2,,1219.02
2005-08-19,65.51,0.18,,1219.71
2005-08-22,65.46,0.19,,1221.73
2005-08-23,65.81,0.19,,1217.59
2005-08-24,67.1,0.2,,1209.59
2005-08-25,67.29,0.18,,1212.37
2005-08-26,66.05,0.14,,1205.1
2005-08-29,67.41,0.14,,1212.28
2005-08-30,69.91,0.19,,1208.41
2005-08-31,68.63,0.18,,1220.33
2005-09-01,69.5,0.3,,1221.59
2005-09-02,66.91,0.28,,1218.02
2005-09-05,,,,1218.02
2005-09-06,65.83,0.29,,1233.39
2005-09-07,64.38,0.28,,1236.36
2005-09-08,64.8,0.28,,1231.67
2005-09-09,64.21,0.26,,1241.48
2005-09-12,63.29,0.26,,1240.56
2005-09-13,63.18,0.26,,1231.2
2005-09-14,65.2,0.27,,1227.16
2005-09-15,64.64,0.32,,1227.73
2005-09-16,62.91,0.29,,1237.91
2005-09-19,67.21,0.32,,1231.02
2005-09-20,66.24,0.26,,1221.34
2005-09-21,66.96,0.23,,1210.2
2005-09-22,67.07,0.24,,1214.62
2005-09-23,64.67,0.23,,1215.29
2005-09-26,65.98,0.23,,1215.63
2005-09-27,64.94,0.22,,1215.66
2005-09-28,66.36,0.17,,1216.89
2005-09-29,66.83,0.16,,1227.68
2005-09-30,66.21,0.16,,1228.81
2005-10-03,65.36,0.18,,1226.7
2005-10-04,63.74,0.16,,1214.47
2005-10-05,62.56,0.15,,1196.39
2005-10-06,61.81,0.17,,1191.49
2005-10-07,61.81,0.17,,1195.9
2005-10-10,60.71,,,1187.33
2005-10-11,63.84,0.17,,1184.87
2005-10-12,64.13,0.21,,1177.68
2005-10-13,63.05,0.24,,1176.84
2005-10-14,62.61,0.21,,1186.57
2005-10-17,64.26,0.21,,1190.1
2005-10-18,62.94,0.22,,1178.14
2005-10-19,62.11,0.22,,1195.76
2005-10-20,61.04,0.19,,1177.8
2005-10-21,61.05,0.17,,1179.59
2005-10-24,60.63,0.2,,1199.38
2005-10-25,62.83,0.2,,1196.54
2005-10-26,60.85,0.22,,1191.38
2005-10-27,61.03,0.21,,1178.9
2005-10-28,61.3,0.18,,1198.41
2005-10-31,59.8,0.17,,1207.01
2005-11-01,59.85,0.16,,1202.76
2005-11-02,59.75,0.18,,1214.76
2005-11-03,61.7,0.18,,1219.94
2005-11-04,60.6,0.19,,1220.14
2005-11-07,59.4,0.18,,1222.81
2005-11-08,59.7,0.14,,1218.59
2005-11-09,59.65,0.15,,1220.65
2005-11-10,57.8,0.11,,1230.96
2005-11-11,57.45,,,1234.72
2005-11-14,57.6,0.11,,1233.76
2005-11-15,57.05,0.09,,1229.01
2005-11-16,57.85,0.07,,1231.21
2005-11-17,56.2,0.09,,1242.8
2005-11-18,56.3,0.1,,1248.27
2005-11-21,57.75,0.07,,1254.85
2005-11-22,58.3,0.11,,1261.23
2005-11-23,58.35,0.11,,1265.61
2005-11-24,,,,1265.61
2005-11-25,,0.1,,1268.25
2005-11-28,57.36,0.08,,1257.46
2005-11-29,56.46,0.08,,1257.48
2005-11-30,57.33,0.07,,1249.48
2005-12-01,58.46,0.07,,1264.67
2005-12-02,59.31,0.09,,1265.08
2005-12-05,59.91,0.1,,1262.09
2005-12-06,59.96,0.07,,1263.7
2005-12-07,59.21,0.1,,1257.37
2005-12-08,60.66,0.1,,1255.84
2005-12-09,59.41,0.11,,1259.37
2005-12-12,61.36,0.11,,1260.43
2005-12-13,61.36,0.11,,1267.43
2005-12-14,60.86,0.08,,1272.74
2005-12-15,60.01,0.1,,1270.94
2005-12-16,58.01,0.08,,1267.32
2005-12-19,57.31,0.07,,1259.92
2005-12-20,57.81,0.05,,1259.62
2005-12-21,58.56,0.06,,1262.79
2005-12-22,58.08,0.04,,1268.12
2005-12-23,58.08,0.01,,1268.66
2005-12-26,,,,1268.66
2005-12-27,58.16,-0.01,,1256.54
2005-12-28,59.81,0.01,,1258.17
2005-12-29,60.26,-0.01,,1254.42
2005-12-30,61.06,-0.02,,1248.29
2006-01-02,,,101.4155,1248.29
2006-01-03,63.11,0.03,100.7558,1268.8
2006-01-04,63.41,0.05,100.2288,1273.46
2006-01-05,62.81,0.04,100.2992,1273.48
2006-01-06,64.21,0.02,100.0241,1285.45
2006-01-09,63.56,0.02,100.1794,1290.15
2006-01-10,63.41,0.02,100.1436,1289.69
2006-01-11,63.91,0.02,99.871,1294.18
2006-01-12,63.96,0.03,100.0643,1286.06
2006-01-13,63.86,0.02,99.9675,1287.61
2006-01-16,,,99.9715,1287.61
2006-01-17,66.36,0.01,100.2447,1282.93
2006-01-18,65.76,0.01,100.4085,1277.93
2006-01-19,66.86,0.01,100.1862,1285.04
2006-01-20,68.16,0.0,99.9017,1261.49
2006-01-23,68.06,0.01,99.3783,1263.82
2006-01-24,66.83,0.03,99.3434,1266.86
2006-01-25,65.6,0.03,99.348,1264.68
2006-01-26,65.8,0.04,99.4798,1273.83
2006-01-27,67.81,0.01,99.6433,1283.72
2006-01-30,68.36,0.02,99.7144,1285.19
2006-01-31,67.86,-0.01,99.4311,1280.08
2006-02-01,66.61,-0.02,99.6132,1282.46
2006-02-02,64.71,-0.02,99.7916,1270.84
2006-02-03,65.41,-0.05,100.118,1264.03
2006-02-06,65.11,-0.07,100.1372,1265.02
2006-02-07,63.01,-0.04,100.1759,1254.78
2006-02-08,62.51,-0.08,100.4879,1265.65
2006-02-09,62.66,-0.12,100.2117,1263.78
2006-02-10,62.01,-0.1,100.322,1266.99
2006-02-13,61.26,-0.1,100.3955,1262.86
2006-02-14,59.61,-0.07,100.3987,1275.53
2006-02-15,57.61,-0.1,100.4489,1280.0
2006-02-16,58.61,-0.1,100.5183,1289.38
2006-02-17,59.76,-0.12,100.3404,1287.24
2006-02-20,,,100.3447,1287.24
2006-02-21,61.21,-0.14,100.2346,1283.03
2006-02-22,59.03,-0.15,100.3879,1292.67
2006-02-23,58.03,-0.16,100.1956,1287.79
2006-02-24,61.46,-0.16,100.2594,1289.43
2006-02-27,61.01,-0.15,100.0724,1294.12
2006-02-28,61.37,-0.14,99.7695,1280.66
2006-03-01,62.01,-0.12,99.8355,1291.24
2006-03-02,63.36,-0.08,99.5969,1289.14
2006-03-03,63.61,-0.08,99.7024,1287.23
2006-03-06,62.46,-0.03,99.9834,1278.26
2006-03-07,61.51,-0.03,100.564,1275.88
2006-03-08,60.06,0.01,100.8565,1278.47
2006-03-09,60.51,0.02,100.7718,1272.23
2006-03-10,59.91,0.02,100.9566,1281.42
2006-03-13,61.81,0.03,100.8563,1284.13
2006-03-14,63.01,0.05,100.312,1297.48
2006-03-15,62.11,0.04,100.2121,1303.02
2006-03-16,63.46,0.03,99.9049,1305.33
2006-03-17,62.81,0.03,99.8614,1307.25
2006-03-20,60.31,0.01,100.0491,1305.08
2006-03-21,60.41,-0.01,100.4716,1297.23
2006-03-22,60.03,-0.04,100.496,1305.04
2006-03-23,62.13,-0.04,100.8256,1301.67
2006-03-24,63.9,-0.05,100.7773,1302.95
2006-03-27,63.75,-0.02,100.8359,1301.61
2006-03-28,65.65,-0.02,100.7995,1293.23
2006-03-29,66.0,-0.01,101.0474,1302.89
2006-03-30,66.7,0.02,100.5698,1300.25
2006-03-31,66.25,0.04,100.56,1294.87
2006-04-03,66.07,0.02,100.6204,1297.81
2006-04-04,65.75,0.03,100.1319,1305.93
2006-04-05,66.76,0.03,100.0792,1311.56
2006-04-06,67.22,0.06,100.1578,1309.04
2006-04-07,67.02,0.08,100.4187,1295.5
2006-04-10,68.29,0.08,100.4091,1296.62
2006-04-11,69.03,0.05,100.2903,1286.57
2006-04-12,68.53,0.07,100.3589,1288.12
2006-04-13,69.53,0.09,100.4759,1289.12
2006-04-14,,,100.4697,1289.12
2006-04-17,70.3,0.1,99.8719,1285.33
2006-04-18,71.28,0.15,99.6747,1307.28
2006-04-19,72.07,0.18,99.3467,1309.93
2006-04-20,71.96,0.15,99.4974,1311.46
2006-04-21,73.73,0.11,99.4345,1311.28
2006-04-24,70.19,0.1,99.117,1308.11
2006-04-25,67.43,0.12,98.9687,1301.74
2006-04-26,71.71,0.13,98.8907,1305.41
2006-04-27,70.76,0.18,98.5149,1309.72
2006-04-28,71.8,0.2,98.1412,1310.61
2006-05-01,73.75,0.2,97.9085,1305.19
2006-05-02,74.62,0.2,97.6571,1313.21
2006-05-03,72.26,0.21,97.5572,1308.12
2006-05-04,69.98,0.19,97.4878,1312.25
2006-05-05,70.09,0.18,97.2585,1325.76
2006-05-08,69.75,0.15,97.1945,1324.66
2006-05-09,70.71,0.16,96.9578,1325.14
2006-05-10,72.15,0.12,96.6391,1322.85
2006-05-11,73.0,0.15,96.5383,1305.92
2006-05-12,71.87,0.18,96.8788,1291.24
2006-05-15,69.25,0.16,97.3588,1294.5
2006-05-16,69.4,0.14,97.1959,1292.08
2006-05-17,68.65,0.19,97.4725,1270.32
2006-05-18,69.63,0.14,97.7033,1261.81
2006-05-19,68.44,0.09,97.933,1267.03
2006-05-22,69.23,0.1,97.9377,1262.07
2006-05-23,70.78,0.1,97.7045,1256.58
2006-05-24,69.47,0.09,98.3936,1258.57
2006-05-25,70.92,0.09,97.8423,1272.88
2006-05-26,71.35,0.1,97.8995,1280.16
2006-05-29,,,97.8936,1280.16
2006-05-30,71.85,0.1,97.588,1259.87
2006-05-31,71.42,0.08,97.7705,1270.09
2006-06-01,70.11,0.07,97.7726,1285.71
2006-06-02,72.73,0.08,97.5544,1288.22
2006-06-05,72.5,0.03,97.3681,1265.29
2006-06-06,72.43,0.02,98.1449,1263.85
2006-06-07,70.9,0.0,98.1641,1256.15
2006-06-08,70.25,-0.01,98.9313,1257.93
2006-06-09,71.62,-0.03,98.5471,1252.3
2006-06-12,70.28,-0.03,98.5494,1237.44
2006-06-13,68.48,-0.05,98.9201,1223.69
2006-06-14,69.12,-0.06,98.8338,1230.04
2006-06-15,69.78,-0.04,98.8846,1256.16
2006-06-16,69.75,-0.03,98.9127,1251.54
2006-06-19,69.21,-0.05,99.145,1240.13
2006-06-20,69.3,-0.04,99.0117,1240.12
2006-06-21,70.07,-0.04,98.5544,1252.2
2006-06-22,70.62,-0.03,99.0856,1245.6
2006-06-23,70.5,-0.04,99.4216,1244.5
2006-06-26,71.63,-0.02,99.3634,1250.56
2006-06-27,72.05,-0.03,99.219,1239.2
2006-06-28,72.15,-0.04,99.392,1246.0
2006-06-29,73.5,0.01,99.2158,1272.87
2006-06-30,73.94,-0.01,98.2483,1270.2
2006-07-03,,-0.02,98.0371,1280.19
2006-07-04,,,98.0221,1280.19
2006-07-05,75.2,-0.01,98.308,1270.91
2006-07-06,75.0,-0.03,98.138,1274.08
2006-07-07,73.76,-0.03,97.7508,1265.48
2006-07-10,73.5,-0.04,97.9813,1267.34
2006-07-11,74.05,-0.07,98.2132,1272.43
2006-07-12,74.99,-0.07,98.5202,1258.6
2006-07-13,76.7,-0.04,98.5583,1242.28
2006-07-14,76.8,-0.01,98.6814,1236.2
2006-07-17,75.7,-0.05,99.0767,1234.49
2006-07-18,73.87,-0.06,99.1341,1236.86
2006-07-19,72.79,-0.06,98.9262,1259.81
2006-07-20,74.0,-0.03,98.6014,1249.13
2006-07-21,73.52,-0.03,98.5221,1240.29
2006-07-24,74.29,-0.05,98.7795,1260.91
2006-07-25,73.46,-0.04,98.9388,1268.88
2006-07-26,73.82,-0.02,98.742,1268.4
2006-07-27,74.5,0.0,98.2283,1263.2
2006-07-28,73.3,0.02,98.0539,1278.55
2006-07-31,74.56,0.02,97.9996,1276.66
2006-08-01,74.93,0.02,98.1715,1270.92
2006-08-02,76.16,-0.01,97.9432,1277.41
2006-08-03,75.59,-0.02,98.0694,1280.27
2006-08-04,74.78,0.0,97.6005,1279.36
2006-08-07,77.05,-0.03,97.5088,1275.77
2006-08-08,76.29,0.02,97.6524,1271.48
2006-08-09,76.28,0.01,97.4402,1265.95
2006-08-10,74.17,0.0,97.8887,1271.81
2006-08-11,74.38,0.01,97.7863,1266.74
2006-08-14,73.33,-0.01,97.9677,1268.21
2006-08-15,72.95,-0.01,97.8043,1285.58
2006-08-16,71.64,0.0,97.3894,1295.43
2006-08-17,70.12,-0.02,97.3486,1297.48
2006-08-18,70.93,-0.03,97.7577,1302.3
2006-08-21,72.45,-0.03,97.3856,1297.52
2006-08-22,72.55,-0.05,97.6079,1298.82
2006-08-23,71.45,-0.05,97.5731,1292.99
2006-08-24,72.02,-0.07,97.7939,1296.06
2006-08-25,72.13,-0.07,97.8827,1295.09
2006-08-28,70.47,-0.08,97.8467,1301.78
2006-08-29,69.74,-0.08,97.7748,1304.28
2006-08-30,70.2,-0.07,97.5792,1305.37
2006-08-31,70.38,-0.05,97.644,1303.82
2006-09-01,69.24,-0.04,97.5084,1311.01
2006-09-04,,,97.4981,1311.01
2006-09-05,68.7,-0.02,97.4392,1313.25
2006-09-06,67.75,-0.02,97.6087,1300.26
2006-09-07,67.37,-0.02,97.8108,1294.02
2006-09-08,66.3,-0.02,98.2119,1298.92
2006-09-11,65.42,-0.03,98.3845,1299.54
2006-09-12,63.81,-0.04,98.2781,1313.0
2006-09-13,64.09,-0.03,98.1775,1318.07
2006-09-14,63.27,-0.04,98.0088,1316.28
2006-09-15,63.3,-0.07,98.2104,1319.66
2006-09-18,63.84,-0.07,98.1332,1321.18
2006-09-19,61.77,-0.05,98.1703,1317.64
2006-09-20,60.0,-0.08,98.1556,1325.18
2006-09-21,61.62,-0.06,97.9458,1318.03
2006-09-22,59.79,-0.07,97.8667,1314.78
2006-09-25,60.74,-0.07,97.9909,1326.37
2006-09-26,60.63,-0.09,98.0555,1336.35
2006-09-27,62.96,-0.06,98.0107,1336.59
2006-09-28,62.46,-0.05,98.0381,1338.88
2006-09-29,62.9,-0.07,98.1054,1335.85
2006-10-02,60.96,-0.04,97.9247,1331.32
2006-10-03,58.64,-0.05,98.1267,1334.11
2006-10-04,59.53,-0.03,98.3682,1350.2
2006-10-05,60.02,-0.04,98.2776,1353.22
2006-10-06,59.68,-0.04,98.5619,1349.59
2006-10-09,59.93,,98.5702,1350.66
2006-10-10,58.5,-0.07,98.9125,1353.42
2006-10-11,57.56,-0.07,98.9146,1349.95
2006-10-12,58.23,-0.06,98.831,1362.83
2006-10-13,58.69,-0.06,98.8002,1365.62
2006-10-16,59.91,-0.06,98.71,1369.06
2006-10-17,58.91,-0.05,98.5354,1364.05
2006-10-18,57.66,-0.08,98.6164,1365.8
2006-10-19,58.55,-0.06,98.2897,1366.96
2006-10-20,57.35,-0.08,98.1629,1368.6
2006-10-23,56.74,-0.07,98.4483,1377.02
2006-10-24,57.55,-0.08,98.349,1377.38
2006-10-25,59.09,-0.1,98.2057,1382.22
2006-10-26,60.27,-0.08,97.8907,1389.08
2006-10-27,60.75,-0.08,97.4914,1377.34
2006-10-30,58.41,-0.1,97.5672,1377.93
2006-10-31,58.72,-0.1,97.3901,1377.94
2006-11-01,58.64,-0.09,97.4949,1367.81
2006-11-02,57.87,-0.07,97.6556,1367.34
2006-11-03,59.13,-0.1,97.7209,1364.3
2006-11-06,60.11,-0.11,97.806,1379.78
2006-11-07,58.94,-0.11,97.4453,1382.84
2006-11-08,59.93,-0.11,97.58,1385.72
2006-11-09,61.18,-0.13,97.5041,1378.33
2006-11-10,59.66,-0.14,97.4638,1380.9
2006-11-13,58.59,-0.15,97.7904,1384.42
2006-11-14,58.28,-0.17,97.7475,1393.22
2006-11-15,58.79,-0.19,97.8359,1396.57
2006-11-16,56.23,-0.19,97.8098,1399.76
2006-11-17,55.9,-0.15,97.9855,1401.2
2006-11-20,56.42,-0.16,98.0254,1400.5
2006-11-21,58.01,-0.17,98.0215,1402.81
2006-11-22,57.28,-0.17,97.5315,1406.09
2006-11-23,,,97.5314,1406.09
2006-11-24,,-0.18,97.0657,1400.95
2006-11-27,60.3,-0.17,96.9986,1381.96
2006-11-28,60.97,-0.16,96.8428,1386.72
2006-11-29,62.45,-0.17,96.8577,1399.48
2006-11-30,62.97,-0.16,96.5779,1400.63
2006-12-01,63.43,-0.09,96.4585,1396.71
2006-12-04,62.39,-0.09,96.4319,1409.12
2006-12-05,62.4,-0.07,96.2082,1414.76
2006-12-06,62.2,-0.11,96.2839,1412.9
2006-12-07,62.54,-0.09,96.3207,1407.29
2006-12-08,62.06,-0.12,96.6123,1409.84
2006-12-11,61.26,-0.15,96.6646,1413.04
2006-12-12,61.06,-0.12,96.7119,1411.56
2006-12-13,61.34,-0.12,96.7296,1413.21
2006-12-14,62.48,-0.13,96.7946,1425.49
2006-12-15,63.4,-0.13,96.9857,1427.09
2006-12-18,62.19,-0.11,97.1559,1422.48
2006-12-19,62.87,-0.11,96.9313,1425.55
2006-12-20,63.08,-0.11,96.7762,1423.53
2006-12-21,62.05,-0.11,96.9148,1418.3
2006-12-22,61.81,-0.08,97.1113,1410.76
2006-12-25,,,97.1221,1410.76
2006-12-26,61.07,-0.1,97.1786,1416.9
2006-12-27,60.31,-0.11,97.2076,1426.84
2006-12-28,60.39,-0.12,97.0656,1424.73
2006-12-29,60.85,-0.11,97.0312,1418.3
2007-01-01,,,97.0323,1418.3
2007-01-02,60.77,-0.12,,1418.3
2007-01-03,58.31,-0.09,97.1281,1416.6
2007-01-04,55.65,-0.09,97.5251,1418.34
2007-01-05,56.29,-0.11,97.7801,1409.71
2007-01-08,56.08,-0.12,97.788,1412.84
2007-01-09,55.65,-0.13,97.9642,1412.11
2007-01-10,53.95,-0.12,98.0943,1414.85
2007-01-11,51.91,-0.12,98.0845,1423.82
2007-01-12,52.96,-0.11,97.921,1430.73
2007-01-15,,,97.9201,1430.73
2007-01-16,51.23,-0.11,97.9816,1431.9
2007-01-17,52.3,-0.12,97.7509,1430.62
2007-01-18,50.51,-0.14,97.8286,1426.37
2007-01-19,51.98,-0.15,97.6868,1430.5
2007-01-22,51.11,-0.15,97.827,1422.95
2007-01-23,53.61,-0.13,97.8117,1427.99
2007-01-24,54.24,-0.12,97.908,1440.13
2007-01-25,53.49,-0.11,97.8396,1423.9
2007-01-26,55.38,-0.11,98.1491,1422.18
2007-01-29,54.01,-0.09,98.2066,1420.62
2007-01-30,57.03,-0.1,98.1515,1428.82
2007-01-31,58.17,-0.11,97.964,1438.24
2007-02-01,57.35,-0.12,97.7101,1445.94
2007-02-02,59.01,-0.11,97.9743,1448.39
2007-02-05,58.69,-0.11,97.87,1446.99
2007-02-06,58.91,-0.13,97.7357,1448.0
2007-02-07,57.75,-0.13,97.7239,1450.02
2007-02-08,59.76,-0.14,97.8169,1448.31
2007-02-09,59.86,-0.13,97.7076,1438.06
2007-02-12,57.76,-0.14,97.9409,1433.37
2007-02-13,58.98,-0.13,97.7063,1444.26
2007-02-14,58.0,-0.13,97.2779,1455.3
2007-02-15,57.92,-0.13,97.1588,1456.81
2007-02-16,59.38,-0.14,97.164,1455.54
2007-02-19,,,97.1545,1455.54
2007-02-20,58.32,-0.13,97.321,1459.68
2007-02-21,59.4,-0.13,97.27,1457.63
2007-02-22,60.28,-0.14,97.266,1456.38
2007-02-23,60.28,-0.14,97.1756,1451.19
2007-02-26,61.41,-0.14,97.2281,1449.37
2007-02-27,61.46,-0.09,97.0883,1399.04
2007-02-28,61.78,-0.09,97.2386,1406.82
2007-03-01,61.97,-0.07,97.3358,1403.17
2007-03-02,61.58,-0.04,97.3691,1387.17
2007-03-05,60.05,-0.02,97.6716,1374.12
2007-03-06,60.66,-0.05,97.5123,1395.41
2007-03-07,61.85,-0.04,97.4558,1391.97
2007-03-08,61.63,-0.05,97.5731,1401.89
2007-03-09,60.06,-0.07,97.4559,1402.84
2007-03-12,58.94,-0.06,97.3013,1406.6
2007-03-13,58.03,-0.02,97.2203,1377.95
2007-03-14,58.15,-0.01,97.2759,1387.17
2007-03-15,57.52,-0.03,97.2476,1392.28
2007-03-16,57.06,-0.03,97.0407,1386.95
2007-03-19,56.65,-0.03,97.1062,1402.06
2007-03-20,56.41,-0.04,96.7985,1410.94
2007-03-21,56.98,0.02,96.6195,1435.04
2007-03-22,60.21,0.02,96.3893,1434.54
2007-03-23,61.07,0.02,96.5662,1436.11
2007-03-26,61.77,0.04,96.5493,1437.5
2007-03-27,62.98,0.04,96.4558,1428.61
2007-03-28,64.11,0.09,96.4894,1417.23
2007-03-29,66.1,0.06,96.5067,1422.53
2007-03-30,65.94,0.07,96.3183,1420.86
2007-04-02,66.03,0.05,96.3175,1424.55
2007-04-03,64.59,0.04,96.3774,1437.77
2007-04-04,64.4,0.05,96.3646,1439.37
2007-04-05,64.26,0.05,96.1188,1443.76
2007-04-06,,0.01,96.2526,1443.76
2007-04-09,61.51,0.02,96.293,1444.61
2007-04-10,61.92,0.02,96.1179,1448.39
2007-04-11,61.98,0.01,96.0293,1438.87
2007-04-12,63.87,0.01,95.7999,1447.8
2007-04-13,63.63,0.0,95.711,1452.85
2007-04-16,63.63,0.0,95.5538,1468.33
2007-04-17,63.14,0.01,95.3832,1471.48
2007-04-18,63.14,0.02,95.3109,1472.5
2007-04-19,61.81,0.04,95.2712,1470.73
2007-04-20,63.56,0.04,95.1692,1484.35
2007-04-23,65.33,0.04,95.1833,1480.93
2007-04-24,64.1,0.05,95.1608,1480.41
2007-04-25,65.33,0.03,94.8497,1495.42
2007-04-26,65.08,0.02,95.1653,1494.25
2007-04-27,66.45,0.04,95.0103,1494.07
2007-04-30,65.78,0.03,94.8365,1482.37
2007-05-01,64.43,0.01,95.0037,1486.3
2007-05-02,63.78,0.0,95.0352,1495.92
2007-05-03,63.23,-0.03,95.0167,1502.39
2007-05-04,61.89,-0.03,94.9118,1505.62
2007-05-07,61.48,-0.04,94.6914,1509.48
2007-05-08,62.26,-0.05,94.8648,1507.72
2007-05-09,61.54,-0.06,94.7933,1512.58
2007-05-10,61.85,-0.05,94.9506,1491.47
2007-05-11,62.35,-0.04,95.0035,1505.85
2007-05-14,62.55,-0.04,94.8267,1503.15
2007-05-15,63.16,-0.04,94.5574,1501.19
2007-05-16,62.57,-0.02,94.8143,1514.14
2007-05-17,64.83,-0.02,94.8339,1512.75
2007-05-18,64.93,-0.01,94.6573,1522.75
2007-05-21,66.25,-0.02,94.7026,1525.1
2007-05-22,64.91,0.0,94.5753,1524.12
2007-05-23,65.1,0.01,94.4557,1522.28
2007-05-24,63.62,0.01,94.7025,1507.51
2007-05-25,64.59,0.01,94.5022,1515.73
2007-05-28,,,94.4959,1515.73
2007-05-29,63.19,0.0,94.3533,1518.11
2007-05-30,63.47,-0.01,94.549,1530.23
2007-05-31,64.02,-0.02,94.3215,1530.62
2007-06-01,65.09,-0.02,94.132,1536.34
2007-06-04,66.17,-0.04,93.9969,1539.18
2007-06-05,65.63,-0.01,93.9986,1530.95
2007-06-06,65.97,0.0,94.1217,1517.38
2007-06-07,66.93,0.08,94.3537,1490.72
2007-06-08,64.78,0.11,94.7599,1507.67
2007-06-11,65.93,0.13,94.6576,1509.12
2007-06-12,65.36,0.18,94.6991,1493.0
2007-06-13,66.17,0.12,94.9011,1515.67
2007-06-14,67.62,0.13,94.9029,1522.97
2007-06-15,68.04,0.11,94.6228,1532.91
2007-06-18,69.06,0.14,94.5475,1531.05
2007-06-19,69.15,0.15,94.3227,1533.7
2007-06-20,68.5,0.17,94.3618,1512.84
2007-06-21,68.35,0.18,94.6073,1522.19
2007-06-22,68.85,0.22,94.4371,1502.56
2007-06-25,68.83,0.22,94.5105,1497.74
2007-06-26,67.78,0.2,94.4678,1492.89
2007-06-27,68.98,0.18,94.5633,1506.34
2007-06-28,69.61,0.16,94.2395,1505.71
2007-06-29,70.47,0.16,94.1393,1503.35
2007-07-02,71.11,0.14,93.634,1519.43
2007-07-03,71.41,0.16,93.697,1524.87
2007-07-04,,,93.6965,1524.87
2007-07-05,71.81,0.17,93.7653,1525.4
2007-07-06,72.8,0.2,93.5759,1530.44
2007-07-09,72.14,0.19,93.5519,1531.85
2007-07-10,72.8,0.18,93.3339,1510.12
2007-07-11,72.58,0.2,93.3089,1518.76
2007-07-12,72.55,0.19,93.1198,1547.7
2007-07-13,73.89,0.17,93.0133,1552.5
2007-07-16,74.11,0.16,92.9094,1549.52
2007-07-17,74.03,0.17,92.9095,1549.37
2007-07-18,75.03,0.18,92.7959,1546.17
2007-07-19,75.9,0.17,92.7332,1553.08
2007-07-20,75.53,0.17,92.7179,1534.1
2007-07-23,74.65,0.17,92.6585,1541.57
2007-07-24,73.38,0.17,92.505,1511.04
2007-07-25,75.74,0.18,92.9189,1518.09
2007-07-26,74.96,0.23,93.1186,1482.66
2007-07-27,77.03,0.24,93.5485,1458.95
2007-07-30,76.82,0.23,93.5918,1473.91
2007-07-31,78.2,0.22,93.4264,1455.27
2007-08-01,76.49,0.2,93.4011,1465.81
2007-08-02,76.84,0.18,93.3038,1472.2
2007-08-03,75.41,0.25,93.1039,1433.06
2007-08-06,72.03,0.26,93.1112,1467.67
2007-08-07,72.25,0.21,93.3171,1476.71
2007-08-08,72.23,0.2,93.0989,1497.49
2007-08-09,71.62,0.3,93.441,1453.09
2007-08-10,71.49,0.34,93.5214,1453.64
2007-08-13,71.6,0.32,93.6032,1452.92
2007-08-14,72.4,0.34,94.0416,1426.54
2007-08-15,73.36,0.42,94.5014,1406.7
2007-08-16,70.99,0.52,94.9055,1411.27
2007-08-17,71.9,0.5,94.319,1445.94
2007-08-20,71.12,0.53,94.2138,1445.55
2007-08-21,69.49,0.55,94.2676,1447.12
2007-08-22,69.3,0.48,94.0998,1464.07
2007-08-23,69.86,0.42,93.9827,1462.5
2007-08-24,71.17,0.33,93.6863,1479.37
2007-08-27,71.98,0.32,93.6109,1466.79
2007-08-28,71.79,0.4,93.8394,1432.36
2007-08-29,73.52,0.43,93.7174,1463.76
2007-08-30,73.37,0.43,93.7324,1457.64
2007-08-31,73.98,0.39,93.6674,1473.99
2007-09-03,,,93.6691,1473.99
2007-09-04,75.07,0.43,93.6433,1489.42
2007-09-05,75.74,0.45,93.5453,1472.29
2007-09-06,76.34,0.43,93.4468,1478.55
2007-09-07,76.7,0.48,93.2939,1453.55
2007-09-10,77.53,0.47,93.2349,1451.7
2007-09-11,78.16,0.42,92.9244,1471.49
2007-09-12,79.85,0.46,92.6386,1471.56
2007-09-13,80.05,0.41,92.6172,1483.95
2007-09-14,79.14,0.42,92.7083,1484.25
2007-09-17,80.55,0.4,92.823,1476.65
2007-09-18,81.51,0.5,92.6584,1519.78
2007-09-19,81.99,0.53,92.1534,1529.03
2007-09-20,83.85,0.59,91.4212,1518.75
2007-09-21,83.38,0.58,91.4854,1525.75
2007-09-24,82.51,0.58,91.4017,1517.73
2007-09-25,81.2,0.63,91.3392,1517.21
2007-09-26,80.31,0.66,91.4335,1525.42
2007-09-27,82.86,0.63,91.3497,1531.38
2007-09-28,81.64,0.62,90.9446,1526.75
2007-10-01,80.31,0.54,90.8801,1547.04
2007-10-02,80.0,0.56,91.12,1546.63
2007-10-03,79.97,0.53,91.1038,1539.59
2007-10-04,81.48,0.54,91.1632,1542.84
2007-10-05,81.2,0.57,90.7393,1557.59
2007-10-08,78.97,,90.748,1552.58
2007-10-09,80.23,0.52,90.8609,1565.15
2007-10-10,81.3,0.5,90.7154,1562.47
2007-10-11,83.05,0.53,90.4901,1554.41
2007-10-12,83.73,0.47,90.5945,1561.8
2007-10-15,86.19,0.47,90.5387,1548.71
2007-10-16,87.58,0.54,90.7123,1538.53
2007-10-17,87.19,0.57,90.515,1541.24
2007-10-18,89.48,0.59,90.3084,1540.08
2007-10-19,88.58,0.61,90.1014,1500.63
2007-10-22,87.6,0.57,90.6777,1506.33
2007-10-23,86.45,0.6,90.1899,1519.59
2007-10-24,88.3,0.62,90.2262,1515.88
2007-10-25,92.09,0.63,89.9925,1514.4
2007-10-26,91.73,0.64,89.6508,1535.28
2007-10-29,93.45,0.6,89.4118,1540.98
2007-10-30,90.33,0.58,89.3252,1531.02
2007-10-31,94.16,0.54,89.1389,1549.38
2007-11-01,93.53,0.59,89.1628,1508.44
2007-11-02,95.81,0.65,88.8924,1509.65
2007-11-05,94.06,0.66,88.8851,1502.17
2007-11-06,96.65,0.68,88.4938,1520.27
2007-11-07,96.46,0.73,88.0631,1475.62
2007-11-08,95.51,0.81,88.2631,1474.77
2007-11-09,96.36,0.81,88.4615,1453.7
2007-11-12,94.4,,88.465,1439.18
2007-11-13,91.18,0.72,89.1016,1481.05
2007-11-14,94.02,0.71,88.9671,1470.58
2007-11-15,93.37,0.82,89.4413,1451.15
2007-11-16,94.81,0.82,89.3182,1458.74
2007-11-19,95.75,0.89,89.5262,1433.27
2007-11-20,99.16,0.92,89.2622,1439.7
2007-11-21,98.57,1.01,89.3352,1416.77
2007-11-22,,,89.3269,1416.77
2007-11-23,98.24,0.94,89.2384,1440.7
2007-11-26,97.66,0.91,89.145,1407.22
2007-11-27,94.39,0.9,89.4082,1428.23
2007-11-28,90.71,0.86,89.4195,1469.02
2007-11-29,90.98,0.88,89.3681,1469.72
2007-11-30,88.6,0.93,89.6212,1481.14
2007-12-03,89.29,0.99,89.6403,1472.42
2007-12-04,88.31,0.99,89.6672,1462.79
2007-12-05,87.45,1.02,89.8751,1485.01
2007-12-06,90.25,0.99,89.9268,1507.34
2007-12-07,88.23,1.0,89.74,1504.66
2007-12-10,87.72,0.98,89.6811,1515.96
2007-12-11,90.12,1.04,89.7176,1477.65
2007-12-12,94.41,0.98,89.7349,1486.59
2007-12-13,92.35,0.97,90.1374,1488.41
2007-12-14,91.31,0.93,90.4345,1467.95
2007-12-17,90.69,0.96,90.5363,1445.9
2007-12-18,89.93,0.95,90.5602,1454.98
2007-12-19,91.11,0.94,90.6147,1453.0
2007-12-20,90.88,0.95,90.4695,1460.12
2007-12-21,93.19,0.99,90.3672,1484.46
2007-12-24,94.0,0.99,90.1788,1496.45
2007-12-25,,,90.1786,1496.45
2007-12-26,95.89,0.99,89.9226,1497.66
2007-12-27,96.63,0.97,89.684,1476.27
2007-12-28,96.03,0.99,89.4069,1478.49
2007-12-31,95.95,0.99,89.6304,1468.36
2008-01-01,,,89.6297,1468.36
2008-01-02,99.64,1.03,89.3514,1447.16
2008-01-03,99.17,1.08,89.231,1447.16
2008-01-04,97.9,1.14,89.2467,1411.63
2008-01-07,95.08,1.1,89.5718,1416.18
2008-01-08,96.43,1.1,89.3398,1390.19
2008-01-09,95.64,1.13,89.6807,1409.13
2008-01-10,93.92,1.2,89.6226,1420.33
2008-01-11,92.74,1.23,89.5215,1401.02
2008-01-14,94.23,1.23,89.2749,1416.25
2008-01-15,91.87,1.19,89.1555,1380.95
2008-01-16,90.8,1.23,89.6701,1373.2
2008-01-17,90.11,1.22,89.6484,1333.25
2008-01-18,90.55,1.3,89.8993,1325.19
2008-01-21,,,89.9265,1325.19
2008-01-22,89.64,1.44,89.84,1310.5
2008-01-23,87.65,1.42,89.9138,1338.6
2008-01-24,89.98,1.43,89.203,1352.07
2008-01-25,90.37,1.38,89.2184,1330.61
2008-01-28,90.99,1.41,88.9555,1353.96
2008-01-29,91.66,1.4,88.8342,1362.3
2008-01-30,92.34,1.48,88.7442,1355.81
2008-01-31,91.67,1.5,88.6547,1378.55
2008-02-01,89.03,1.53,88.4824,1395.42
2008-02-04,90.07,1.6,88.4788,1380.82
2008-02-05,88.32,1.68,89.076,1336.64
2008-02-06,87.16,1.65,88.9987,1326.45
2008-02-07,88.07,1.75,89.4221,1336.91
2008-02-08,91.77,1.71,89.2226,1331.29
2008-02-11,93.56,1.69,89.2149,1339.13
2008-02-12,92.82,1.72,88.9539,1348.86
2008-02-13,93.28,1.79,89.1382,1367.21
2008-02-14,95.42,1.92,88.9055,1348.86
2008-02-15,95.57,1.85,88.9006,1349.99
2008-02-18,,,88.9004,1349.99
2008-02-19,99.99,1.83,88.9626,1348.78
2008-02-20,100.86,1.79,89.2572,1360.03
2008-02-21,98.57,1.79,88.716,1342.53
2008-02-22,99.03,1.81,88.7082,1353.11
2008-02-25,99.4,1.78,88.5373,1371.8
2008-02-26,100.83,1.84,88.0998,1381.29
2008-02-27,99.59,1.84,87.3353,1380.02
2008-02-28,102.6,1.84,87.0363,1367.68
2008-02-29,101.78,1.88,87.1654,1330.63
2008-03-03,102.42,1.93,87.2381,1331.34
2008-03-04,99.72,1.98,87.3039,1326.75
2008-03-05,104.45,2.04,87.1347,1333.7
2008-03-06,105.51,2.09,86.9105,1304.34
2008-03-07,105.12,2.03,87.1258,1293.37
2008-03-10,107.9,1.99,87.1452,1273.37
2008-03-11,108.73,1.86,87.1763,1320.65
2008-03-12,109.86,1.86,86.728,1308.77
2008-03-13,110.21,1.93,86.3891,1315.48
2008-03-14,110.03,1.97,86.4301,1288.14
2008-03-17,105.74,1.99,86.3417,1276.6
2008-03-18,109.57,1.9,86.1191,1330.74
2008-03-19,103.25,1.84,86.5755,1298.42
2008-03-20,102.57,1.75,87.3293,1329.51
2008-03-21,,,87.2111,1329.51
2008-03-24,101.7,1.72,87.3103,1349.88
2008-03-25,101.78,1.72,86.8339,1352.99
2008-03-26,105.83,1.8,86.5513,1341.13
2008-03-27,107.56,1.83,86.4583,1325.76
2008-03-28,105.59,1.8,86.6369,1315.22
2008-03-31,101.54,1.83,86.6881,1322.7
2008-04-01,100.92,1.77,87.0276,1370.18
2008-04-02,104.83,1.72,86.8886,1367.53
2008-04-03,103.92,1.7,86.6424,1369.31
2008-04-04,106.09,1.67,86.5108,1370.4
2008-04-07,108.91,1.62,86.603,1372.54
2008-04-08,108.54,1.71,86.7369,1365.54
2008-04-09,110.89,1.72,86.5764,1354.49
2008-04-10,110.07,1.71,86.5131,1360.55
2008-04-11,110.14,1.73,86.5029,1332.83
2008-04-14,111.71,1.75,86.3492,1328.32
2008-04-15,113.77,1.76,86.4705,1334.43
2008-04-16,114.8,1.74,85.9037,1364.71
2008-04-17,114.8,1.62,86.1077,1365.56
2008-04-18,116.56,1.58,86.5277,1390.33
2008-04-21,117.48,1.55,86.2979,1388.17
2008-04-22,119.17,1.5,85.927,1375.94
2008-04-23,119.28,1.55,86.3841,1379.93
2008-04-24,117.1,1.46,86.7154,1388.82
2008-04-25,119.64,1.47,86.8337,1397.84
2008-04-28,118.78,1.5,86.7635,1396.37
2008-04-29,115.67,1.5,86.873,1390.94
2008-04-30,113.7,1.48,86.8907,1385.59
2008-05-01,112.6,1.41,87.1347,1409.34
2008-05-02,116.36,1.42,87.2311,1413.9
2008-05-05,119.94,1.46,87.0636,1407.49
2008-05-06,121.82,1.55,86.847,1418.26
2008-05-07,123.56,1.56,87.3421,1392.57
2008-05-08,123.77,1.54,87.4575,1397.68
2008-05-09,125.94,1.52,87.2528,1388.28
2008-05-12,124.02,1.48,87.0403,1403.58
2008-05-13,125.83,1.43,87.1332,1403.04
2008-05-14,124.21,1.39,87.3659,1408.66
2008-05-15,124.25,1.38,87.1823,1423.57
2008-05-16,126.5,1.38,86.7855,1425.35
2008-05-19,127.15,1.41,86.8225,1426.63
2008-05-20,128.93,1.44,86.5627,1413.4
2008-05-21,132.99,1.4,86.1595,1390.71
2008-05-22,130.04,1.36,86.3223,1394.35
2008-05-23,131.58,1.39,86.1922,1375.93
2008-05-26,,,86.19,1375.93
2008-05-27,128.81,1.38,86.4459,1385.35
2008-05-28,131.0,1.41,86.4951,1390.84
2008-05-29,126.7,1.41,86.5616,1398.26
2008-05-30,127.35,1.4,86.5504,1400.38
2008-06-02,127.75,1.47,86.6321,1385.67
2008-06-03,124.33,1.47,86.8359,1377.65
2008-06-04,122.3,1.51,87.0999,1377.2
2008-06-05,127.93,1.54,87.0968,1404.05
2008-06-06,138.51,1.54,86.8028,1360.68
2008-06-09,134.44,1.29,86.9096,1361.76
2008-06-10,131.38,1.2,87.4705,1358.44
2008-06-11,136.43,1.27,87.2059,1335.49
2008-06-12,136.91,1.2,87.6187,1339.87
2008-06-13,134.84,1.22,87.7622,1360.03
2008-06-16,134.52,1.23,87.3911,1360.14
2008-06-17,133.99,1.29,87.2103,1350.93
2008-06-18,136.54,1.27,87.1872,1337.81
2008-06-19,131.88,1.23,87.0815,1342.83
2008-06-20,134.78,1.28,86.9036,1317.93
2008-06-23,135.98,1.21,87.2163,1318.0
2008-06-24,136.49,1.23,86.9666,1314.29
2008-06-25,133.92,1.3,87.0535,1321.97
2008-06-26,138.91,1.39,86.6793,1283.15
2008-06-27,139.69,1.34,86.643,1278.38
2008-06-30,139.96,1.36,86.7621,1280.0
2008-07-01,141.06,1.38,86.8447,1284.91
2008-07-02,143.74,1.39,86.4782,1261.52
2008-07-03,145.31,1.45,86.8843,1262.9
2008-07-04,,,86.8781,1262.9
2008-07-07,141.38,1.48,86.9617,1252.31
2008-07-08,136.06,1.44,86.9778,1273.7
2008-07-09,135.88,1.44,86.5335,1244.69
2008-07-10,141.47,1.39,86.5122,1253.39
2008-07-11,144.96,1.37,86.221,1239.49
2008-07-14,145.16,1.43,86.1079,1228.3
2008-07-15,138.68,1.48,85.8731,1214.91
2008-07-16,134.63,1.53,85.9285,1245.36
2008-07-17,129.43,1.49,85.9387,1260.32
2008-07-18,128.94,1.45,86.0735,1260.68
2008-07-21,131.43,1.43,86.0151,1260.0
2008-07-22,127.25,1.4,86.1909,1277.0
2008-07-23,123.73,1.35,86.2664,1282.19
2008-07-24,124.62,1.42,86.4017,1252.54
2008-07-25,122.59,1.43,86.3916,1257.76
2008-07-28,124.72,1.47,86.4666,1234.37
2008-07-29,122.21,1.44,86.8175,1263.2
2008-07-30,126.74,1.43,86.8167,1284.26
2008-07-31,124.17,1.47,86.8567,1267.38
2008-08-01,125.03,1.46,86.8257,1260.31
2008-08-04,121.45,1.45,87.0611,1249.01
2008-08-05,118.71,1.5,87.3281,1284.88
2008-08-06,118.57,1.5,87.6004,1289.19
2008-08-07,119.84,1.49,87.8732,1266.07
2008-08-08,115.42,1.43,88.8939,1296.32
2008-08-11,114.44,1.43,89.035,1305.32
2008-08-12,113.1,1.46,89.1916,1289.59
2008-08-13,115.96,1.44,89.3211,1285.83
2008-08-14,115.05,1.44,89.3675,1292.93
2008-08-15,113.46,1.44,89.7244,1298.2
2008-08-18,112.92,1.47,89.5966,1278.6
2008-08-19,114.39,1.51,89.6465,1266.69
2008-08-20,115.48,1.54,89.6977,1274.54
2008-08-21,121.23,1.51,88.9128,1277.72
2008-08-22,114.48,1.45,89.2381,1292.2
2008-08-25,114.85,1.46,89.3094,1266.84
2008-08-26,116.31,1.44,89.7007,1271.51
2008-08-27,118.17,1.46,89.6419,1281.66
2008-08-28,115.58,1.42,89.8225,1300.68
2008-08-29,115.55,1.47,90.0567,1282.83
2008-09-01,,,90.08,1282.83
2008-09-02,109.63,1.48,90.8438,1277.58
2008-09-03,109.38,1.45,90.8286,1274.98
2008-09-04,107.99,1.44,91.1621,1236.83
2008-09-05,106.47,1.43,91.341,1242.31
2008-09-08,106.35,1.36,91.663,1267.79
2008-09-09,103.23,1.39,91.5779,1224.51
2008-09-10,102.66,1.43,92.1283,1232.04
2008-09-11,100.95,1.46,92.4901,1249.05
2008-09-12,101.19,1.51,91.4706,1251.7
2008-09-15,95.52,1.69,91.757,1192.7
2008-09-16,91.49,1.59,92.0594,1213.6
2008-09-17,97.39,1.77,92.0982,1156.39
2008-09-18,97.5,1.76,91.7111,1206.51
2008-09-19,104.05,1.62,91.0014,1255.08
2008-09-22,122.61,1.7,90.1119,1207.09
2008-09-23,107.85,1.74,90.1221,1188.22
2008-09-24,106.84,1.77,90.4602,1185.87
2008-09-25,111.54,1.72,90.4651,1209.18
2008-09-26,106.77,1.74,90.6872,1213.27
2008-09-29,96.29,1.91,91.3961,1106.42
2008-09-30,100.7,1.85,92.3773,1166.36
2008-10-01,98.23,1.95,92.511,1161.06
2008-10-02,93.84,2.04,93.3792,1114.28
2008-10-03,93.91,2.03,93.5414,1099.23
2008-10-06,88.15,2.05,95.1629,1056.89
2008-10-07,90.18,2.03,95.4889,996.23
2008-10-08,88.94,2.07,96.9684,984.94
2008-10-09,86.5,2.19,96.5143,909.92
2008-10-10,77.44,2.27,97.999,899.22
2008-10-13,81.17,,97.9686,1003.35
2008-10-14,78.69,2.26,96.2544,998.01
2008-10-15,74.38,2.4,97.2045,907.84
2008-10-16,69.81,2.38,98.368,946.43
2008-10-17,71.9,2.34,97.7255,940.55
2008-10-20,74.08,2.2,98.1605,985.4
2008-10-21,71.29,2.18,99.4242,955.05
2008-10-22,66.92,2.12,101.2131,896.78
2008-10-23,67.17,2.09,101.1071,908.11
2008-10-24,63.34,2.19,101.8442,876.77
2008-10-27,61.92,2.2,102.3415,848.92
2008-10-28,62.8,2.24,102.4236,940.51
2008-10-29,67.45,2.35,100.0967,930.09
2008-10-30,65.79,2.41,99.4568,954.09
2008-10-31,68.1,2.45,99.7662,968.75
2008-11-03,63.93,2.51,99.4345,966.3
2008-11-04,70.41,2.42,97.9957,1005.75
2008-11-05,65.41,2.37,98.0953,952.77
2008-11-06,60.72,2.47,99.5364,904.88
2008-11-07,61.06,2.5,99.3944,930.99
2008-11-10,62.19,2.55,99.5897,919.21
2008-11-11,59.38,,99.6041,898.95
2008-11-12,55.95,2.56,101.1947,852.3
2008-11-13,58.31,2.6,101.774,911.29
2008-11-14,57.18,2.5,100.9705,873.29
2008-11-17,55.14,2.46,101.1029,850.75
2008-11-18,54.42,2.38,101.3965,859.12
2008-11-19,53.64,2.29,101.8804,806.58
2008-11-20,48.86,2.1,103.2737,752.44
2008-11-21,49.22,2.11,103.6289,800.03
2008-11-24,53.63,2.04,101.502,851.81
2008-11-25,50.02,1.96,100.7997,857.39
2008-11-26,54.2,1.9,101.2566,887.68
2008-11-27,,,101.2564,887.68
2008-11-28,55.21,1.93,101.6468,896.24
2008-12-01,49.34,1.82,102.1744,816.21
2008-12-02,47.05,1.78,101.9891,848.81
2008-12-03,46.79,1.8,102.4251,870.74
2008-12-04,43.8,1.73,102.0715,845.22
2008-12-05,41.01,1.74,103.4902,876.07
2008-12-08,43.69,1.8,101.7227,909.7
2008-12-09,42.0,1.83,101.7346,888.67
2008-12-10,43.1,1.83,101.2913,899.24
2008-12-11,47.77,1.85,99.5101,873.59
2008-12-12,46.27,1.82,100.319,879.73
2008-12-15,44.61,1.78,99.1001,868.57
2008-12-16,43.84,1.72,98.4771,913.18
2008-12-17,40.17,1.47,96.8227,904.42
2008-12-18,36.73,1.4,96.8447,885.28
2008-12-19,33.17,1.39,98.1278,887.88
2008-12-22,31.1,1.29,98.1643,871.63
2008-12-23,30.28,1.28,98.2698,863.16
2008-12-24,32.94,1.3,98.2249,868.15
2008-12-25,,,98.2419,868.15
2008-12-26,37.58,1.27,98.2594,872.8
2008-12-29,39.89,1.35,97.9359,869.42
2008-12-30,38.95,1.36,98.3833,890.64
2008-12-31,44.6,1.49,98.6518,903.25
2009-01-01,,,,903.25
2009-01-02,46.17,1.58,98.6008,931.8
2009-01-05,48.61,1.71,98.9195,927.45
2009-01-06,48.56,1.71,98.7871,934.7
2009-01-07,42.75,1.7,98.089,906.65
2009-01-08,41.68,1.64,98.3223,909.73
2009-01-09,40.69,1.68,98.8752,890.35
2009-01-12,37.65,1.6,99.6022,870.26
2009-01-13,37.77,1.57,100.3597,871.79
2009-01-14,37.43,1.51,100.7546,842.62
2009-01-15,35.41,1.5,101.4653,843.74
2009-01-16,35.38,1.63,100.711,850.12
2009-01-19,,,,850.12
2009-01-20,38.57,1.67,,805.22
2009-01-21,42.56,1.78,102.1007,840.24
2009-01-22,42.33,1.87,101.8432,827.5
2009-01-23,45.12,1.82,102.1096,831.95
2009-01-26,46.5,1.85,100.9764,836.57
2009-01-27,41.67,1.72,101.1702,845.71
2009-01-28,42.04,1.82,100.5461,874.09
2009-01-29,41.58,1.92,101.3398,845.14
2009-01-30,41.73,1.93,102.1169,825.88
2009-02-02,41.35,1.87,102.5067,825.44
2009-02-03,40.87,1.93,101.8506,838.51
2009-02-04,40.27,1.97,101.9056,832.23
2009-02-05,41.15,1.97,101.9517,845.85
2009-02-06,40.24,2.06,101.7455,868.6
2009-02-09,39.58,2.02,100.9637,869.89
2009-02-10,37.54,1.98,101.7094,827.16
2009-02-11,35.93,1.85,102.24,833.74
2009-02-12,34.03,1.86,102.598,835.19
2009-02-13,37.63,1.92,102.2958,826.84
2009-02-16,,,,826.84
2009-02-17,34.96,1.77,103.7625,789.17
2009-02-18,34.67,1.77,104.0385,788.42
2009-02-19,39.6,1.84,103.7656,778.94
2009-02-20,39.35,1.82,104.0244,770.05
2009-02-23,37.66,1.82,103.7416,743.33
2009-02-24,38.86,1.77,103.9829,773.14
2009-02-25,41.64,1.86,104.3086,764.9
2009-02-26,43.18,1.9,104.1813,752.83
2009-02-27,44.15,2.02,104.9284,735.09
2009-03-02,40.07,2.02,105.9617,700.82
2009-03-03,41.57,2.02,106.0249,696.33
2009-03-04,45.28,2.04,105.4558,712.87
2009-03-05,43.54,1.93,105.8064,682.55
2009-03-06,45.43,1.92,105.3937,683.38
2009-03-09,47.01,1.93,106.0182,676.53
2009-03-10,45.68,1.98,105.1153,719.6
2009-03-11,42.46,1.92,104.8499,721.36
2009-03-12,46.91,1.86,104.89,750.74
2009-03-13,46.22,1.91,104.1106,756.55
2009-03-16,47.33,1.97,103.2005,753.89
2009-03-17,48.97,1.97,103.2305,778.12
2009-03-18,48.12,1.69,103.0005,794.35
2009-03-19,51.46,1.74,100.3951,784.04
2009-03-20,51.55,1.76,101.0581,768.54
2009-03-23,53.05,1.75,101.103,822.92
2009-03-24,53.36,1.75,101.0319,806.12
2009-03-25,52.24,1.85,100.9674,813.88
2009-03-26,53.87,1.86,101.097,832.86
2009-03-27,52.41,1.88,101.8388,815.94
2009-03-30,48.49,1.89,102.749,787.53
2009-03-31,49.64,1.9,102.3761,797.87
2009-04-01,48.46,1.85,102.1252,811.08
2009-04-02,52.61,1.89,100.8733,834.38
2009-04-03,52.52,1.95,100.6429,842.5
2009-04-06,51.1,2.01,100.9428,835.48
2009-04-07,49.13,2.02,100.9808,815.55
2009-04-08,49.37,1.93,100.8948,825.16
2009-04-09,52.24,2.0,100.7988,856.56
2009-04-10,,,100.7597,856.56
2009-04-13,50.22,1.99,100.1369,858.73
2009-04-14,49.51,1.94,99.9097,841.5
2009-04-15,49.26,1.96,100.1497,852.06
2009-04-16,49.97,1.95,100.0517,865.3
2009-04-17,50.36,1.99,100.5719,869.6
2009-04-20,45.82,1.95,101.448,832.39
2009-04-21,46.65,1.98,101.1794,850.08
2009-04-22,47.41,1.98,101.1142,843.55
2009-04-23,48.46,1.99,101.0065,851.92
2009-04-24,50.65,2.04,100.0244,866.23
2009-04-27,49.29,2.05,100.7258,857.51
2009-04-28,49.01,2.1,101.3145,855.16
2009-04-29,50.19,2.18,100.0009,873.64
2009-04-30,50.35,2.25,100.1042,872.81
2009-05-01,52.18,2.29,100.0057,877.52
2009-05-04,54.45,2.25,99.134,907.24
2009-05-05,53.81,2.22,98.8529,903.8
2009-05-06,56.29,2.22,98.9044,919.53
2009-05-07,56.67,2.29,98.552,907.39
2009-05-08,58.58,2.29,98.1269,929.23
2009-05-11,57.79,2.25,97.747,909.24
2009-05-12,58.81,2.27,97.8269,908.35
2009-05-13,58.0,2.22,98.0276,883.92
2009-05-14,58.58,2.23,98.1271,893.07
2009-05-15,56.52,2.26,98.1063,882.88
2009-05-18,58.99,2.29,97.9412,909.71
2009-05-19,59.52,2.34,97.2827,908.13
2009-05-20,61.45,2.32,96.5707,903.47
2009-05-21,60.49,2.46,96.6039,888.33
2009-05-22,61.15,2.53,95.8788,887.0
2009-05-25,,,,887.0
2009-05-26,62.48,2.54,95.988,910.33
2009-05-27,63.41,2.75,95.9622,893.06
2009-05-28,65.09,2.7,96.1313,906.83
2009-05-29,66.31,2.55,95.268,919.14
2009-06-01,68.59,2.74,94.8107,942.87
2009-06-02,68.58,2.69,94.6556,944.74
2009-06-03,66.14,2.65,95.0751,931.76
2009-06-04,68.8,2.76,95.2922,942.46
2009-06-05,68.43,2.52,96.0412,940.09
2009-06-08,68.05,2.49,96.6548,939.14
2009-06-09,70.02,2.53,95.9537,942.43
2009-06-10,71.38,2.6,96.1277,939.15
2009-06-11,72.69,2.53,95.4993,944.89
2009-06-12,72.13,2.51,95.836,946.21
2009-06-15,70.54,2.5,96.7519,923.72
2009-06-16,70.47,2.44,96.2616,911.97
2009-06-17,71.07,2.49,96.64,910.71
2009-06-18,71.42,2.58,96.1482,918.37
2009-06-19,69.6,2.54,96.0325,921.23
2009-06-22,67.09,2.55,96.8818,893.04
2009-06-23,68.81,2.51,96.5196,895.1
2009-06-24,68.14,2.53,96.2369,900.94
2009-06-25,69.7,2.43,96.7072,920.26
2009-06-26,69.16,2.42,96.1935,918.9
2009-06-29,71.47,2.4,96.242,927.23
2009-06-30,69.82,2.42,96.3761,919.32
2009-07-01,69.32,2.5,95.6581,923.33
2009-07-02,66.68,2.53,96.3216,896.42
2009-07-03,,,,896.42
2009-07-06,64.06,2.56,96.6174,898.72
2009-07-07,62.88,2.49,96.6321,881.03
2009-07-08,60.15,2.42,97.0204,879.56
2009-07-09,60.36,2.5,96.6219,882.68
2009-07-10,59.93,2.41,97.0819,879.13
2009-07-13,59.69,2.46,96.9995,901.05
2009-07-14,59.62,2.53,96.6599,905.84
2009-07-15,61.49,2.6,95.8004,932.68
2009-07-16,62.07,2.59,95.7241,940.74
2009-07-17,63.56,2.65,95.6036,940.38
2009-07-20,63.93,2.62,95.0903,951.13
2009-07-21,64.81,2.54,95.0564,954.58
2009-07-22,64.58,2.6,94.8659,954.07
2009-07-23,66.1,2.64,94.532,976.29
2009-07-24,66.96,2.65,94.7046,979.26
2009-07-27,68.34,2.67,94.6659,982.18
2009-07-28,67.24,2.6,94.5592,979.62
2009-07-29,63.42,2.52,95.1678,975.15
2009-07-30,66.9,2.48,94.8967,986.75
2009-07-31,69.26,2.39,94.2526,987.48
2009-08-03,71.59,2.48,93.6331,1002.63
2009-08-04,71.4,2.5,93.7281,1005.65
2009-08-05,71.97,2.57,93.7848,1002.72
2009-08-06,71.96,2.57,93.9358,997.08
2009-08-07,70.97,2.57,94.4692,1010.48
2009-08-10,70.59,2.56,94.6087,1007.1
2009-08-11,69.46,2.5,94.8678,994.35
2009-08-12,70.08,2.54,94.5394,1005.81
2009-08-13,70.57,2.47,94.2392,1012.73
2009-08-14,67.51,2.48,94.475,1004.09
2009-08-17,66.72,2.44,95.1024,979.73
2009-08-18,69.22,2.45,95.1118,989.67
2009-08-19,72.54,2.44,94.4084,996.46
2009-08-20,72.4,2.39,94.3492,1007.37
2009-08-21,73.12,2.43,94.0103,1026.13
2009-08-24,73.68,2.43,93.9345,1025.57
2009-08-25,71.6,2.4,93.9066,1028.0
2009-08-26,71.38,2.38,94.8662,1028.12
2009-08-27,72.49,2.43,94.7943,1030.98
2009-08-28,72.72,2.45,94.4489,1028.93
2009-08-31,69.97,2.43,94.6202,1020.62
2009-09-01,68.11,2.46,95.2201,998.04
2009-09-02,68.03,2.4,95.1575,994.75
2009-09-03,67.9,2.42,94.959,1003.24
2009-09-04,67.95,2.51,94.5811,1016.4
2009-09-07,,,,1016.4
2009-09-08,71.08,2.54,93.7323,1025.39
2009-09-09,71.27,2.55,93.6915,1033.37
2009-09-10,71.95,2.46,93.6947,1044.14
2009-09-11,69.34,2.44,93.3225,1042.73
2009-09-14,68.86,2.48,93.6196,1049.34
2009-09-15,70.81,2.51,93.4427,1052.63
2009-09-16,72.5,2.47,92.9072,1068.76
2009-09-17,72.48,2.44,92.8287,1065.49
2009-09-18,71.95,2.46,93.1233,1068.3
2009-09-21,69.74,2.47,93.3547,1064.66
2009-09-22,71.5,2.44,92.8664,1071.66
2009-09-23,68.74,2.48,92.979,1060.87
2009-09-24,65.74,2.47,93.4708,1050.78
2009-09-25,65.91,2.36,93.5535,1044.38
2009-09-28,66.69,2.33,93.4669,1062.98
2009-09-29,66.56,2.31,93.7776,1060.61
2009-09-30,70.46,2.36,93.1907,1057.08
2009-10-01,70.67,2.34,93.5995,1029.85
2009-10-02,69.8,2.36,93.6756,1025.21
2009-10-05,70.26,2.36,93.3356,1040.46
2009-10-06,70.71,2.36,92.619,1054.72
2009-10-07,69.6,2.34,92.794,1057.58
2009-10-08,71.69,2.37,92.2074,1065.48
2009-10-09,71.75,2.42,92.2984,1071.49
2009-10-12,73.24,,,1076.19
2009-10-13,74.1,2.43,91.8273,1073.19
2009-10-14,75.2,2.49,91.5047,1092.02
2009-10-15,77.55,2.52,91.4367,1096.56
2009-10-16,78.54,2.46,91.6541,1087.68
2009-10-19,79.47,2.42,91.4406,1097.91
2009-10-20,78.87,2.4,91.801,1091.06
2009-10-21,81.03,2.42,91.3805,1081.4
2009-10-22,80.82,2.47,91.6075,1092.91
2009-10-23,80.11,2.47,91.7331,1079.6
2009-10-26,78.61,2.53,92.0998,1066.95
2009-10-27,79.45,2.5,92.5335,1063.41
2009-10-28,77.39,2.49,92.8152,1042.63
2009-10-29,79.84,2.55,92.4708,1066.11
2009-10-30,77.04,2.51,92.6207,1036.19
2009-11-02,78.08,2.53,92.4501,1042.88
2009-11-03,79.58,2.58,92.9037,1045.41
2009-11-04,80.3,2.66,92.3725,1046.5
2009-11-05,79.64,2.67,92.3437,1066.63
2009-11-06,77.4,2.68,92.3848,1069.3
2009-11-09,79.44,2.65,91.6861,1093.08
2009-11-10,79.01,2.65,91.6659,1093.01
2009-11-11,79.16,,,1098.51
2009-11-12,77.25,2.63,91.9461,1087.24
2009-11-13,76.34,2.61,91.5754,1093.48
2009-11-16,78.91,2.55,91.194,1109.3
2009-11-17,79.08,2.55,91.7419,1110.32
2009-11-18,79.55,2.59,91.249,1109.8
2009-11-19,77.47,2.62,91.7827,1094.9
2009-11-20,76.83,2.61,91.9906,1091.38
2009-11-23,76.49,2.6,91.4864,1106.24
2009-11-24,74.88,2.59,91.5539,1105.65
2009-11-25,77.25,2.55,90.9669,1110.63
2009-11-26,,,,1110.63
2009-11-27,75.95,2.53,91.5272,1091.49
2009-11-30,77.19,2.54,91.3717,1095.63
2009-12-01,78.39,2.61,90.8323,1108.86
2009-12-02,76.62,2.6,90.8906,1109.24
2009-12-03,76.42,2.65,90.9152,1099.92
2009-12-04,75.41,2.64,91.3806,1105.98
2009-12-07,73.89,2.66,91.5414,1103.25
2009-12-08,72.59,2.67,91.9513,1091.94
2009-12-09,70.67,2.69,92.014,1095.95
2009-12-10,70.54,2.71,92.0073,1102.35
2009-12-11,69.86,2.72,92.2946,1106.41
2009-12-14,69.48,2.69,92.0305,1114.11
2009-12-15,70.62,2.72,92.3635,1107.93
2009-12-16,72.64,2.76,92.1496,1109.18
2009-12-17,72.58,2.73,93.225,1096.08
2009-12-18,73.3,2.73,93.1632,1102.47
2009-12-21,72.71,2.8,,1114.05
2009-12-22,73.48,2.81,93.2903,1118.02
2009-12-23,76.03,2.81,92.9295,1120.59
2009-12-24,76.83,2.82,92.8694,1126.48
2009-12-25,,,,1126.48
2009-12-28,78.67,2.76,92.6993,1127.78
2009-12-29,78.87,2.73,92.8838,1126.2
2009-12-30,79.35,2.72,93.0872,1126.42
2009-12-31,79.39,2.71,92.9124,1115.1
2010-01-01,,,,1115.1
2010-01-04,81.52,2.76,92.3566,1132.99
2010-01-05,81.74,2.76,92.2236,1136.52
2010-01-06,83.12,2.84,92.0941,1137.14
2010-01-07,82.6,2.82,92.3684,1141.69
2010-01-08,82.74,2.87,92.1485,1144.98
2010-01-11,82.54,2.9,91.5997,1146.98
2010-01-12,80.79,2.82,91.7005,1136.22
2010-01-13,79.66,2.83,91.7272,1145.68
2010-01-14,79.35,2.82,91.5864,1148.46
2010-01-15,77.96,2.81,91.7668,1136.03
2010-01-18,,,,1136.03
2010-01-19,78.98,2.8,91.9611,1150.23
2010-01-20,77.42,2.76,92.6766,1138.04
2010-01-21,75.84,2.75,92.6627,1116.48
2010-01-22,74.25,2.78,92.943,1091.76
2010-01-25,74.9,2.8,92.9099,1096.78
2010-01-26,74.67,2.78,93.3298,1092.17
2010-01-27,73.64,2.76,93.2835,1097.5
2010-01-28,73.62,2.81,93.2635,1084.53
2010-01-29,72.85,2.81,93.7638,1073.87
2010-02-01,74.41,2.82,93.7321,1089.19
2010-02-02,77.21,2.81,93.4136,1103.32
2010-02-03,76.96,2.85,93.6268,1097.28
2010-02-04,73.13,2.82,94.1401,1063.11
2010-02-05,71.15,2.82,94.6218,1066.19
2010-02-08,71.87,2.83,,1056.74
2010-02-09,73.71,2.83,,1070.52
2010-02-10,74.48,2.81,,1068.13
2010-02-11,75.23,2.82,,1078.47
2010-02-12,74.11,2.85,93.9976,1075.51
2010-02-15,,,,1075.51
2010-02-16,76.98,2.84,93.482,1094.87
2010-02-17,77.27,2.87,93.7171,1099.51
2010-02-18,78.97,2.89,93.8752,1106.75
2010-02-19,79.77,2.83,93.9569,1109.17
2010-02-22,80.04,2.89,93.7402,1108.01
2010-02-23,78.61,2.82,93.9794,1094.6
2010-02-24,79.75,2.83,93.9775,1105.24
2010-02-25,77.99,2.82,94.3797,1102.94
2010-02-26,79.72,2.8,93.6602,1104.49
2010-03-01,78.71,2.81,93.7979,1115.71
2010-03-02,79.62,2.82,93.488,1118.31
2010-03-03,80.91,2.81,92.9861,1118.79
2010-03-04,80.21,2.75,93.4079,1122.97
2010-03-05,81.5,2.78,93.2623,1138.7
2010-03-08,81.85,2.82,93.2446,1138.5
2010-03-09,81.5,2.82,93.1941,1140.45
2010-03-10,82.07,2.81,93.0426,1145.61
2010-03-11,82.1,2.76,93.0533,1150.24
2010-03-12,81.26,2.74,92.6616,1149.99
2010-03-15,79.79,2.75,92.9642,1150.51
2010-03-16,81.75,2.73,92.595,1159.46
2010-03-17,82.93,2.7,92.4446,1166.21
2010-03-18,82.16,2.7,92.7451,1165.83
2010-03-19,80.58,2.68,93.0407,1159.9
2010-03-22,81.26,2.66,93.1333,1165.81
2010-03-23,81.68,2.67,93.006,1174.17
2010-03-24,80.29,2.76,93.6468,1167.72
2010-03-25,80.25,2.81,93.5885,1165.73
2010-03-26,79.75,2.82,93.6873,1166.59
2010-03-29,81.92,2.84,93.2959,1173.22
2010-03-30,82.14,2.82,93.2627,1173.27
2010-03-31,83.45,2.82,92.8987,1169.43
2010-04-01,84.53,2.84,92.6661,1178.1
2010-04-02,,2.85,92.9057,1178.1
2010-04-05,86.36,2.83,92.6644,1187.44
2010-04-06,86.54,2.84,92.7373,1189.44
2010-04-07,85.64,2.83,92.7452,1182.45
2010-04-08,85.17,2.82,92.7211,1186.44
2010-04-09,84.6,2.82,92.4772,1194.37
2010-04-12,84.07,2.8,92.243,1196.48
2010-04-13,83.8,2.77,92.2689,1197.3
2010-04-14,85.62,2.81,91.9297,1210.65
2010-04-15,85.25,2.82,92.2029,1211.67
2010-04-16,82.97,2.81,92.5253,1192.13
2010-04-19,81.52,2.82,92.8577,1197.52
2010-04-20,82.98,2.77,92.4338,1207.17
2010-04-21,82.78,2.74,92.4482,1205.94
2010-04-22,82.89,2.73,92.7277,1208.67
2010-04-23,84.34,2.74,92.6622,1217.28
2010-04-26,84.2,2.74,92.5187,1212.05
2010-04-27,82.43,2.68,93.0956,1183.71
2010-04-28,83.22,2.77,93.4856,1191.36
2010-04-29,85.17,2.75,92.9013,1206.78
2010-04-30,86.07,2.72,92.8423,1186.69
2010-05-03,86.19,2.72,93.235,1202.26
2010-05-04,82.73,2.67,93.8137,1173.6
2010-05-05,80.0,2.7,94.3968,1165.87
2010-05-06,77.18,2.66,95.3032,1128.15
2010-05-07,75.1,2.62,95.2952,1110.88
2010-05-10,76.89,2.7,94.3096,1159.73
2010-05-11,76.37,2.71,94.4305,1155.79
2010-05-12,75.65,2.67,94.5515,1171.67
2010-05-13,74.38,2.68,94.5071,1157.44
2010-05-14,71.61,2.65,95.3746,1135.68
2010-05-17,70.08,2.66,95.9795,1136.94
2010-05-18,69.38,2.62,95.6212,1120.8
2010-05-19,69.91,2.56,96.5083,1115.05
2010-05-20,68.28,2.49,96.9483,1071.59
2010-05-21,68.03,2.44,96.2911,1087.69
2010-05-24,68.23,2.46,96.6433,1073.65
2010-05-25,64.78,2.37,97.5487,1074.03
2010-05-26,71.52,2.39,97.1879,1067.95
2010-05-27,74.56,2.47,96.3611,1103.06
2010-05-28,74.0,2.55,96.3062,1089.41
2010-05-31,,,,1089.41
2010-06-01,72.7,2.51,96.6123,1070.71
2010-06-02,72.88,2.53,96.615,1098.38
2010-06-03,74.62,2.57,96.461,1102.83
2010-06-04,71.43,2.48,97.1688,1064.88
2010-06-07,71.55,2.43,97.503,1050.47
2010-06-08,71.88,2.44,97.3425,1062.0
2010-06-09,74.38,2.46,96.8938,1055.69
2010-06-10,75.48,2.54,96.4877,1086.84
2010-06-11,73.89,2.49,96.5616,1091.6
2010-06-14,74.99,2.51,95.8082,1089.63
2010-06-15,76.84,2.53,95.7049,1115.23
2010-06-16,77.67,2.52,95.5668,1114.61
2010-06-17,76.82,2.49,95.4973,1116.04
2010-06-18,77.18,2.5,95.2981,1117.51
2010-06-21,77.84,2.52,94.8505,1113.2
2010-06-22,77.15,2.47,95.1165,1095.31
2010-06-23,75.9,2.47,95.4853,1092.04
2010-06-24,75.96,2.47,95.6194,1073.69
2010-06-25,78.45,2.47,95.4582,1076.76
2010-06-28,78.26,2.43,95.2696,1074.57
2010-06-29,75.93,2.36,96.0199,1041.24
2010-06-30,75.59,2.36,95.9934,1030.71
2010-07-01,72.95,2.33,95.8018,1027.37
2010-07-02,72.06,2.37,95.6345,1022.58
2010-07-05,,,,1022.58
2010-07-06,71.96,2.33,95.1069,1028.06
2010-07-07,74.05,2.37,95.1795,1060.27
2010-07-08,75.46,2.41,94.7734,1070.25
2010-07-09,76.08,2.44,94.683,1077.96
2010-07-12,74.93,2.43,94.9598,1078.75
2010-07-13,77.16,2.48,94.3856,1095.34
2010-07-14,77.02,2.45,94.3247,1095.17
2010-07-15,76.67,2.39,94.1988,1096.48
2010-07-16,75.96,2.35,94.5061,1064.88
2010-07-19,76.53,2.38,94.602,1071.25
2010-07-20,77.32,2.37,94.542,1083.48
2010-07-21,76.27,2.32,94.4496,1069.59
2010-07-22,79.01,2.36,94.1135,1093.67
2010-07-23,78.68,2.42,94.1431,1102.66
2010-07-26,78.93,2.41,93.7556,1115.01
2010-07-27,77.46,2.43,93.7583,1113.84
2010-07-28,77.06,2.42,93.7506,1106.13
2010-07-29,78.3,2.44,93.6004,1101.53
2010-07-30,78.85,2.39,93.2793,1101.6
2010-08-02,81.25,2.43,92.7916,1125.86
2010-08-03,82.52,2.41,92.6258,1120.46
2010-08-04,82.49,2.42,92.731,1127.24
2010-08-05,82.0,2.41,92.6401,1125.81
2010-08-06,80.67,2.36,92.5915,1121.64
2010-08-09,81.46,2.32,92.6726,1127.79
2010-08-10,80.24,2.27,93.2197,1121.06
2010-08-11,78.09,2.18,93.7778,1089.47
2010-08-12,75.68,2.19,93.8905,1083.61
2010-08-13,75.39,2.14,94.0457,1079.25
2010-08-16,75.17,2.07,93.7902,1079.38
2010-08-17,75.76,2.12,93.4239,1092.54
2010-08-18,75.39,2.13,93.3719,1094.16
2010-08-19,74.45,2.09,93.7141,1075.63
2010-08-20,73.45,2.13,94.2087,1071.69
2010-08-23,72.71,2.11,94.3295,1067.36
2010-08-24,71.24,2.0,94.4362,1051.87
2010-08-25,72.07,2.01,94.7372,1055.33
2010-08-26,73.36,1.99,94.3523,1047.22
2010-08-27,75.17,2.1,94.3462,1064.59
2010-08-30,74.69,2.04,94.5922,1048.92
2010-08-31,71.93,2.0,94.7204,1049.33
2010-09-01,73.97,2.08,94.1148,1080.29
2010-09-02,74.99,2.13,94.0852,1090.1
2010-09-03,74.52,2.2,93.6952,1104.51
2010-09-06,,,,1104.51
2010-09-07,73.98,2.12,94.042,1091.84
2010-09-08,74.65,2.14,93.7785,1098.87
2010-09-09,74.25,2.2,93.7033,1104.18
2010-09-10,76.4,2.23,93.6768,1109.55
2010-09-13,77.17,2.21,93.0767,1121.9
2010-09-14,76.78,2.18,92.6182,1121.1
2010-09-15,75.92,2.24,92.9313,1125.07
2010-09-16,74.58,2.29,92.9108,1124.66
2010-09-17,73.63,2.27,92.9418,1125.59
2010-09-20,74.81,2.25,92.7496,1142.71
2010-09-21,72.96,2.18,92.6684,1139.78
2010-09-22,72.98,2.12,92.0647,1134.28
2010-09-23,73.4,2.11,92.0233,1124.83
2010-09-24,74.63,2.17,91.5996,1148.67
2010-09-27,76.51,2.1,91.4803,1142.16
2010-09-28,76.15,2.11,91.3493,1147.7
2010-09-29,77.85,2.08,91.1632,1144.73
2010-09-30,79.95,2.11,91.3415,1141.2
2010-10-01,81.57,2.12,90.836,1146.24
2010-10-04,81.43,2.09,91.0015,1137.03
2010-10-05,82.83,2.09,90.5622,1160.75
2010-10-06,83.21,2.03,90.1411,1159.97
2010-10-07,81.34,2.05,90.286,1158.06
2010-10-08,82.66,2.06,90.1133,1165.15
2010-10-11,82.18,,,1165.32
2010-10-12,81.67,2.07,90.2203,1169.77
2010-10-13,83.03,2.09,89.7779,1178.1
2010-10-14,82.71,2.14,89.5228,1173.81
2010-10-15,81.23,2.22,89.6815,1176.19
2010-10-18,83.06,2.14,89.8484,1184.71
2010-10-19,79.57,2.13,90.5499,1165.9
2010-10-20,81.93,2.16,90.1446,1178.17
2010-10-21,80.03,2.2,90.138,1180.26
2010-10-22,81.15,2.24,90.4063,1183.08
2010-10-25,82.0,2.22,89.9328,1185.62
2010-10-26,82.6,2.27,90.2818,1185.64
2010-10-27,81.9,2.35,90.8038,1182.45
2010-10-28,82.2,2.32,90.2407,1183.78
2010-10-29,81.45,2.29,90.0935,1183.26
2010-11-01,82.94,2.32,90.0307,1184.38
2010-11-02,83.91,2.29,89.6847,1193.57
2010-11-03,84.45,2.33,89.7079,1197.96
2010-11-04,86.49,2.2,88.9831,1221.06
2010-11-05,86.85,2.2,89.2441,1225.85
2010-11-08,87.07,2.19,89.5711,1223.25
2010-11-09,87.04,2.26,89.558,1213.4
2010-11-10,87.77,2.21,89.9056,1218.71
2010-11-11,87.77,,,1213.54
2010-11-12,84.89,2.25,90.1701,1199.21
2010-11-15,84.88,2.39,90.4331,1197.75
2010-11-16,82.33,2.34,91.1102,1178.34
2010-11-17,80.43,2.39,90.9282,1178.59
2010-11-18,81.88,2.38,90.649,1196.69
2010-11-19,81.65,2.36,90.6986,1199.73
2010-11-22,81.24,2.31,90.7023,1197.84
2010-11-23,80.79,2.32,91.4318,1180.73
2010-11-24,83.21,2.4,91.2179,1198.35
2010-11-25,,,,1198.35
2010-11-26,83.87,2.36,91.8152,1189.4
2010-11-29,85.73,2.32,92.1997,1187.76
2010-11-30,84.12,2.36,92.1494,1180.55
2010-12-01,86.75,2.44,91.6799,1206.07
2010-12-02,87.98,2.46,91.2651,1221.53
2010-12-03,89.18,2.54,90.8788,1224.71
2010-12-06,89.33,2.53,91.0167,1223.12
2010-12-07,88.69,2.61,90.9732,1223.75
2010-12-08,88.3,2.63,91.3376,1228.28
2010-12-09,88.35,2.59,91.3923,1233.0
2010-12-10,87.81,2.68,91.2831,1240.4
2010-12-13,88.62,2.68,90.8837,1240.46
2010-12-14,88.33,2.83,90.764,1241.59
2010-12-15,88.66,2.85,91.094,1235.23
2010-12-16,87.71,2.81,91.3773,1242.87
2010-12-17,88.02,2.72,91.5555,1243.91
2010-12-20,88.68,2.74,91.6398,1247.08
2010-12-21,89.3,2.72,91.519,1254.6
2010-12-22,89.83,2.71,91.429,1258.84
2010-12-23,90.84,2.74,91.3013,1256.77
2010-12-24,,,,1256.77
2010-12-27,90.99,2.65,91.1963,1257.54
2010-12-28,91.48,2.75,90.9848,1258.51
2010-12-29,91.13,2.71,90.7669,1259.78
2010-12-30,89.85,2.72,90.5146,1257.88
2010-12-31,91.38,2.69,,1257.64
2011-01-03,91.59,2.75,89.9524,1271.87
2011-01-04,89.39,2.73,90.3277,1270.2
2011-01-05,90.3,2.79,90.5715,1276.56
2011-01-06,88.37,2.76,90.9125,1273.85
2011-01-07,88.07,2.74,91.0001,1271.5
2011-01-10,89.24,2.73,91.03,1269.75
2011-01-11,91.11,2.77,90.8431,1274.48
2011-01-12,91.85,2.79,90.4111,1285.96
2011-01-13,91.39,2.75,89.9019,1283.76
2011-01-14,91.53,2.76,90.0461,1293.24
2011-01-17,,,,1293.24
2011-01-18,91.38,2.79,89.821,1295.02
2011-01-19,90.85,2.77,89.6948,1281.92
2011-01-20,88.56,2.82,90.1316,1280.26
2011-01-21,88.22,2.81,89.7204,1283.35
2011-01-24,86.74,2.78,89.5375,1290.84
2011-01-25,85.08,2.73,89.7279,1291.18
2011-01-26,86.15,2.83,89.5091,1296.63
2011-01-27,84.45,2.83,89.5728,1299.54
2011-01-28,88.15,2.82,89.8189,1276.34
2011-01-31,90.99,2.84,89.694,1286.12
2011-02-01,89.54,2.87,89.1436,1307.59
2011-02-02,89.78,2.85,89.0737,1304.03
2011-02-03,89.42,2.87,89.2522,1307.1
2011-02-04,87.87,2.91,89.391,1310.87
2011-02-07,86.3,2.9,89.3556,1319.05
2011-02-08,85.85,2.89,89.1241,1324.57
2011-02-09,85.59,2.84,89.4166,1320.88
2011-02-10,85.44,2.85,89.6266,1321.87
2011-02-11,84.39,2.79,89.8784,1329.15
2011-02-14,83.66,2.75,89.8543,1332.32
2011-02-15,83.13,2.77,89.8871,1328.01
2011-02-16,83.8,2.76,89.7059,1336.32
2011-02-17,85.05,2.78,89.4102,1340.43
2011-02-18,85.03,2.81,89.1974,1343.01
2011-02-21,,,,1343.01
2011-02-22,92.65,2.72,89.4617,1315.44
2011-02-23,96.04,2.75,89.4186,1307.4
2011-02-24,95.83,2.73,89.2346,1306.1
2011-02-25,96.52,2.7,89.1664,1319.88
2011-02-28,97.1,2.73,88.9391,1327.22
2011-03-01,99.63,2.75,88.831,1306.33
2011-03-02,102.27,2.77,88.7317,1308.44
2011-03-03,101.92,2.79,88.637,1330.97
2011-03-04,104.34,2.81,88.4898,1321.15
2011-03-07,105.37,2.81,88.5207,1310.13
2011-03-08,105.06,2.83,88.6454,1321.82
2011-03-09,104.39,2.78,88.5328,1320.02
2011-03-10,102.73,2.72,88.8698,1295.11
2011-03-11,101.14,2.76,88.691,1304.28
2011-03-14,101.2,2.75,88.5191,1296.39
2011-03-15,97.23,2.7,88.7845,1281.87
2011-03-16,97.99,2.64,88.9785,1256.88
2011-03-17,101.47,2.65,88.6549,1273.72
2011-03-18,101.06,2.67,88.5221,1279.21
2011-03-21,102.36,2.67,88.2032,1298.38
2011-03-22,104.53,2.66,88.0665,1293.77
2011-03-23,105.21,2.67,88.3328,1297.54
2011-03-24,105.04,2.7,88.0592,1309.66
2011-03-25,104.89,2.67,88.1716,1313.8
2011-03-28,103.54,2.66,88.3058,1310.19
2011-03-29,104.34,2.69,88.3991,1319.44
2011-03-30,103.8,2.67,88.2298,1328.26
2011-03-31,106.19,2.67,88.0299,1325.83
2011-04-01,107.55,2.66,87.7993,1332.41
2011-04-04,108.14,2.68,87.8406,1332.87
2011-04-05,107.82,2.66,87.7483,1332.63
2011-04-06,108.38,2.71,87.4913,1335.54
2011-04-07,109.82,2.77,87.532,1333.51
2011-04-08,112.27,2.76,87.1493,1328.17
2011-04-11,109.5,2.74,87.094,1324.46
2011-04-12,105.75,2.75,87.2943,1314.16
2011-04-13,106.6,2.74,87.2093,1314.41
2011-04-14,107.73,2.74,87.0802,1314.52
2011-04-15,109.17,2.72,87.005,1319.68
2011-04-18,106.7,2.71,87.5081,1305.14
2011-04-19,107.18,2.71,87.0791,1312.62
2011-04-20,110.84,2.74,86.5642,1330.36
2011-04-21,111.72,2.74,86.2256,1337.38
2011-04-22,,,86.3742,1337.38
2011-04-25,111.68,2.72,86.4026,1335.25
2011-04-26,111.72,2.69,86.2576,1347.24
2011-04-27,112.31,2.74,86.2519,1355.66
2011-04-28,112.38,2.72,85.8419,1360.48
2011-04-29,113.39,2.71,85.5999,1363.61
2011-05-02,113.03,2.7,85.5199,1361.22
2011-05-03,110.6,2.67,85.6352,1356.62
2011-05-04,108.79,2.65,85.8917,1347.32
2011-05-05,99.89,2.6,86.508,1335.1
2011-05-06,96.87,2.62,86.4575,1340.2
2011-05-09,100.32,2.6,86.8346,1346.29
2011-05-10,103.39,2.64,86.6518,1357.16
2011-05-11,97.88,2.63,86.7195,1342.08
2011-05-12,98.53,2.65,87.0767,1348.65
2011-05-13,99.21,2.61,87.4176,1337.77
2011-05-16,96.91,2.61,87.3311,1329.47
2011-05-17,96.4,2.57,87.6307,1328.98
2011-05-18,99.52,2.6,87.295,1340.68
2011-05-19,97.99,2.62,87.2638,1343.6
2011-05-20,99.15,2.6,87.3044,1333.27
2011-05-23,97.06,2.58,87.8941,1317.37
2011-05-24,99.13,2.56,87.662,1316.28
2011-05-25,100.78,2.59,87.6136,1320.47
2011-05-26,100.18,2.59,87.5588,1325.69
2011-05-27,100.58,2.59,86.9525,1331.1
2011-05-30,,,,1331.1
2011-05-31,102.7,2.6,86.656,1345.2
2011-06-01,100.3,2.52,86.5964,1314.55
2011-06-02,100.41,2.59,86.8435,1312.94
2011-06-03,100.28,2.57,86.4234,1300.16
2011-06-06,99.07,2.58,86.4669,1286.17
2011-06-07,99.18,2.62,86.3627,1284.94
2011-06-08,100.77,2.59,86.5714,1279.56
2011-06-09,101.95,2.58,86.5913,1289.0
2011-06-10,99.3,2.58,87.042,1270.98
2011-06-13,97.2,2.6,87.0579,1271.83
2011-06-14,99.37,2.66,86.6771,1287.87
2011-06-15,94.83,2.6,87.3342,1265.42
2011-06-16,94.95,2.55,87.6917,1267.64
2011-06-17,93.02,2.56,87.2179,1271.5
2011-06-20,93.23,2.59,87.1908,1278.36
2011-06-21,93.7,2.59,86.857,1295.52
2011-06-22,94.96,2.62,86.8067,1287.14
2011-06-23,90.7,2.58,87.455,1283.5
2011-06-24,90.89,2.53,87.5014,1268.45
2011-06-27,90.65,2.54,87.5225,1280.1
2011-06-28,92.9,2.57,87.2178,1296.67
2011-06-29,94.85,2.67,86.8014,1307.41
2011-06-30,95.3,2.73,86.4786,1320.64
2011-07-01,94.81,2.72,86.3613,1339.67
2011-07-04,,,,1339.67
2011-07-05,96.92,2.72,86.4253,1337.88
2011-07-06,96.67,2.69,86.6825,1339.22
2011-07-07,98.7,2.68,86.4825,1353.22
2011-07-08,96.2,2.63,86.615,1343.8
2011-07-11,95.16,2.57,87.1013,1319.49
2011-07-12,97.41,2.55,87.1701,1313.64
2011-07-13,98.04,2.55,86.5697,1317.72
2011-07-14,95.75,2.6,86.5234,1308.87
2011-07-15,97.24,2.57,86.5169,1316.14
2011-07-18,95.94,2.57,86.9549,1305.44
2011-07-19,97.49,2.52,86.4386,1326.73
2011-07-20,98.11,2.56,86.2794,1325.84
2011-07-21,98.96,2.63,85.8378,1343.8
2011-07-22,99.53,2.59,85.8623,1345.02
2011-07-25,98.97,2.61,85.8006,1337.43
2011-07-26,99.61,2.58,85.4692,1331.94
2011-07-27,97.4,2.57,85.7126,1304.89
2011-07-28,97.48,2.56,85.8245,1300.67
2011-07-29,95.68,2.46,85.7282,1292.28
2011-08-01,94.98,2.39,86.0391,1286.94
2011-08-02,93.78,2.33,86.0533,1254.05
2011-08-03,91.87,2.31,86.0706,1260.34
2011-08-04,86.75,2.2,86.9299,1200.07
2011-08-05,86.89,2.3,87.1084,1199.38
2011-08-08,81.27,2.13,87.1873,1119.46
2011-08-09,79.32,2.01,87.3919,1172.53
2011-08-10,83.05,1.98,87.3792,1120.76
2011-08-11,85.48,2.15,87.3215,1172.64
2011-08-12,85.19,2.04,87.177,1178.81
2011-08-15,87.88,2.1,86.7515,1204.49
2011-08-16,86.65,2.03,86.7115,1192.76
2011-08-17,87.58,1.98,86.5518,1193.89
2011-08-18,82.38,1.88,87.1271,1140.65
2011-08-19,82.33,1.87,86.8286,1123.53
2011-08-22,84.42,1.88,87.0753,1123.82
2011-08-23,85.35,1.93,86.9001,1162.35
2011-08-24,84.99,2.06,87.1316,1177.6
2011-08-25,85.15,2.01,87.2306,1159.27
2011-08-26,85.37,1.99,87.0751,1176.8
2011-08-29,87.27,2.08,86.8433,1210.08
2011-08-30,88.9,1.99,87.001,1212.92
2011-08-31,88.81,2.03,86.7739,1218.89
2011-09-01,88.93,1.96,86.8512,1204.42
2011-09-02,86.45,1.82,87.1797,1173.97
2011-09-05,,,,1173.97
2011-09-06,85.99,1.77,88.1645,1165.24
2011-09-07,89.34,1.84,87.9699,1198.62
2011-09-08,89.05,1.81,88.1162,1185.9
2011-09-09,87.24,1.76,88.9514,1154.23
2011-09-12,88.19,1.73,89.2192,1162.27
2011-09-13,90.21,1.79,89.2653,1172.87
2011-09-14,88.91,1.84,89.419,1188.68
2011-09-15,89.4,1.88,89.0647,1209.11
2011-09-16,87.96,1.9,89.1108,1216.01
2011-09-19,85.7,1.81,89.9336,1204.09
2011-09-20,86.92,1.77,89.8777,1202.09
2011-09-21,85.77,1.67,90.3453,1166.76
2011-09-22,80.29,1.52,92.075,1129.56
2011-09-23,79.58,1.61,91.6904,1136.43
2011-09-26,79.97,1.66,91.7724,1162.95
2011-09-27,84.18,1.75,90.8985,1175.38
2011-09-28,80.94,1.76,91.0227,1151.06
2011-09-29,81.87,1.72,91.3033,1160.4
2011-09-30,78.93,1.67,91.9998,1131.42
2011-10-03,77.34,1.56,92.5128,1099.23
2011-10-04,75.4,1.56,92.9508,1123.95
2011-10-05,79.41,1.67,92.3008,1144.03
2011-10-06,82.32,1.72,91.9661,1164.97
2011-10-07,82.7,1.8,91.2469,1155.46
2011-10-10,85.14,,,1194.89
2011-10-11,85.54,1.86,90.9162,1195.54
2011-10-12,85.3,1.95,90.3378,1207.25
2011-10-13,83.96,1.9,90.6603,1203.66
2011-10-14,86.8,1.98,90.2116,1224.58
2011-10-17,86.38,1.9,90.266,1200.86
2011-10-18,88.34,1.91,90.5907,1225.38
2011-10-19,86.11,1.9,90.3317,1209.88
2011-10-20,86.07,1.92,91.1026,1215.39
2011-10-21,87.19,1.93,90.279,1238.25
2011-10-24,91.12,1.95,89.8558,1254.19
2011-10-25,92.98,1.88,89.9525,1229.05
2011-10-26,90.2,1.95,90.0836,1242.0
2011-10-27,93.96,2.11,88.7882,1284.59
2011-10-28,93.32,2.06,88.6382,1285.09
2011-10-31,93.19,1.92,89.2053,1253.3
2011-11-01,92.19,1.78,90.7296,1218.28
2011-11-02,92.51,1.8,90.244,1237.9
2011-11-03,94.07,1.85,90.2961,1261.15
2011-11-04,94.26,1.84,90.3154,1253.23
2011-11-07,95.52,1.79,90.3832,1261.12
2011-11-08,96.8,1.85,90.172,1275.92
2011-11-09,95.74,1.76,90.6991,1229.1
2011-11-10,97.78,1.8,90.8588,1239.7
2011-11-11,98.99,,,1263.85
2011-11-14,98.14,1.8,90.7215,1251.78
2011-11-15,99.37,1.8,91.1081,1257.81
2011-11-16,102.59,1.75,91.1237,1236.91
2011-11-17,98.82,1.69,91.1822,1216.13
2011-11-18,97.67,1.72,91.3676,1215.65
2011-11-21,96.73,1.7,91.9978,1192.98
2011-11-22,97.76,1.68,92.0193,1188.04
2011-11-23,96.16,1.63,92.7463,1161.79
2011-11-24,,,,1161.79
2011-11-25,96.91,1.69,93.1455,1158.67
2011-11-28,98.21,1.71,92.4983,1192.55
2011-11-29,99.79,1.73,92.2163,1195.19
2011-11-30,100.36,1.83,91.4728,1246.96
2011-12-01,100.2,1.84,91.227,1244.58
2011-12-02,100.97,1.8,91.3532,1244.28
2011-12-05,100.94,1.77,91.1087,1257.08
2011-12-06,101.25,1.83,91.2817,1258.47
2011-12-07,100.45,1.78,91.2331,1261.01
2011-12-08,98.35,1.77,91.668,1234.35
2011-12-09,99.4,1.85,91.6122,1255.19
2011-12-12,97.77,1.79,92.3375,1236.47
2011-12-13,100.24,1.72,92.5456,1225.73
2011-12-14,94.92,1.67,93.2176,1211.82
2011-12-15,93.84,1.66,92.8858,1215.75
2011-12-16,93.55,1.62,92.8252,1219.66
2011-12-19,93.86,1.58,92.8685,1205.35
2011-12-20,97.16,1.68,92.432,1241.3
2011-12-21,98.54,1.7,92.5262,1243.72
2011-12-22,99.42,1.69,92.3883,1254.0
2011-12-23,99.72,1.75,92.3897,1265.33
2011-12-26,,,,1265.33
2011-12-27,101.29,1.72,92.4137,1265.43
2011-12-28,99.44,1.65,92.8374,1249.64
2011-12-29,99.68,1.63,92.7398,1263.02
2011-12-30,98.83,1.64,92.4262,1257.6
2012-01-02,,,,1257.6
2012-01-03,102.96,1.7,91.7551,1277.06
2012-01-04,103.22,1.75,92.0345,1277.3
2012-01-05,101.81,1.75,92.5773,1281.06
2012-01-06,101.56,1.73,92.7183,1277.81
2012-01-09,101.31,1.72,92.7418,1280.7
2012-01-10,102.24,1.76,92.2461,1292.08
2012-01-11,100.89,1.69,92.554,1292.48
2012-01-12,99.03,1.72,92.2274,1295.5
2012-01-13,98.69,1.65,92.5385,1289.09
2012-01-16,,,,1289.09
2012-01-17,100.7,1.66,92.0142,1293.67
2012-01-18,100.61,1.68,91.6943,1308.04
2012-01-19,100.32,1.75,91.3316,1314.5
2012-01-20,98.15,1.79,91.3661,1315.38
2012-01-23,99.47,1.83,90.986,1316.0
2012-01-24,98.84,1.84,91.181,1314.65
2012-01-25,99.23,1.79,91.277,1326.06
2012-01-26,99.76,1.74,90.3962,1318.43
2012-01-27,99.47,1.71,90.2559,1316.33
2012-01-30,98.75,1.65,90.4762,1313.01
2012-01-31,98.46,1.61,90.5538,1312.41
2012-02-01,97.63,1.64,90.0963,1324.09
2012-02-02,96.36,1.63,89.8765,1325.54
2012-02-03,97.8,1.74,89.8491,1344.9
2012-02-06,96.89,1.69,89.7907,1344.33
2012-02-07,98.55,1.75,89.5968,1347.05
2012-02-08,98.8,1.74,89.6555,1349.96
2012-02-09,99.88,1.77,89.6246,1351.95
2012-02-10,98.68,1.69,90.1024,1342.64
2012-02-13,100.39,1.7,89.8895,1351.77
2012-02-14,100.82,1.63,90.1919,1350.5
2012-02-15,101.82,1.64,90.1932,1343.23
2012-02-16,102.33,1.7,90.3109,1358.04
2012-02-17,103.27,1.72,90.23,1361.23
2012-02-20,,,,1361.23
2012-02-21,105.88,1.74,90.0117,1362.21
2012-02-22,105.99,1.72,90.2472,1357.66
2012-02-23,107.44,1.68,90.1108,1363.46
2012-02-24,109.39,1.67,89.9104,1365.74
2012-02-27,108.49,1.62,89.9635,1367.59
2012-02-28,106.59,1.64,89.8103,1372.18
2012-02-29,107.08,1.68,89.7487,1365.68
2012-03-01,108.76,1.73,89.7817,1374.09
2012-03-02,106.68,1.71,90.135,1369.63
2012-03-05,106.7,1.69,90.2748,1364.33
2012-03-06,104.71,1.66,90.8237,1343.36
2012-03-07,106.16,1.68,90.6837,1352.63
2012-03-08,106.65,1.71,90.2598,1365.91
2012-03-09,107.4,1.71,90.4341,1370.87
2012-03-12,106.34,1.71,90.6643,1371.09
2012-03-13,106.7,1.79,90.5363,1395.95
2012-03-14,105.49,1.89,90.9325,1394.28
2012-03-15,105.19,1.92,90.7866,1402.6
2012-03-16,107.03,1.94,90.5245,1404.17
2012-03-19,108.09,2.0,90.292,1409.75
2012-03-20,105.68,1.97,90.6065,1405.52
2012-03-21,106.87,1.92,90.6761,1402.89
2012-03-22,104.98,1.92,90.8225,1392.78
2012-03-23,106.43,1.88,90.6156,1397.11
2012-03-26,107.07,1.9,90.3266,1416.51
2012-03-27,107.32,1.87,90.2796,1412.52
2012-03-28,105.4,1.87,90.603,1405.54
2012-03-29,102.79,1.85,90.7285,1403.28
2012-03-30,103.03,1.9,90.4593,1408.47
2012-04-02,105.25,1.89,90.247,1419.04
2012-04-03,104.02,1.94,90.1921,1413.38
2012-04-04,101.53,1.9,90.8284,1398.96
2012-04-05,103.29,1.84,90.8781,1398.08
2012-04-06,,1.75,90.9375,1398.08
2012-04-09,102.45,1.74,90.9624,1382.2
2012-04-10,101.12,1.73,91.2728,1358.59
2012-04-11,102.66,1.75,91.1768,1368.71
2012-04-12,103.69,1.79,90.7694,1387.57
2012-04-13,102.84,1.75,91.0558,1370.26
2012-04-16,102.92,1.73,91.2355,1369.57
2012-04-17,104.23,1.76,90.7661,1390.78
2012-04-18,102.65,1.73,90.9326,1385.14
2012-04-19,102.38,1.71,91.0833,1376.92
2012-04-20,103.58,1.7,90.8066,1378.53
2012-04-23,102.68,1.69,91.079,1366.94
2012-04-24,103.1,1.73,90.8153,1371.97
2012-04-25,103.72,1.75,90.756,1390.69
2012-04-26,104.56,1.72,90.6428,1399.98
2012-04-27,104.86,1.7,90.3269,1403.36
2012-04-30,104.89,1.68,90.3634,1397.91
2012-05-01,106.17,1.71,90.3227,1405.82
2012-05-02,105.25,1.69,90.6144,1402.31
2012-05-03,102.56,1.68,90.6839,1391.57
2012-05-04,98.49,1.64,91.0497,1369.1
2012-05-07,97.86,1.65,91.0747,1369.58
2012-05-08,97.13,1.61,91.4107,1363.72
2012-05-09,96.8,1.6,91.7632,1354.58
2012-05-10,97.1,1.62,91.7077,1357.99
2012-05-11,96.03,1.57,91.7306,1353.39
2012-05-14,94.75,1.49,92.2491,1338.35
2012-05-15,93.97,1.47,92.5235,1330.66
2012-05-16,92.78,1.46,92.903,1324.8
2012-05-17,92.53,1.38,92.9632,1304.86
2012-05-18,91.51,1.39,93.1395,1295.22
2012-05-21,92.57,1.45,93.0945,1315.99
2012-05-22,91.44,1.49,93.1113,1316.63
2012-05-23,89.4,1.45,93.8855,1318.86
2012-05-24,90.36,1.48,93.8027,1320.68
2012-05-25,90.64,1.45,93.9488,1317.82
2012-05-28,,,,1317.82
2012-05-29,90.75,1.44,93.875,1332.42
2012-05-30,87.79,1.36,94.302,1313.32
2012-05-31,86.52,1.32,94.6856,1310.33
2012-06-01,83.17,1.22,94.6979,1278.04
2012-06-04,83.95,1.28,94.5184,1278.18
2012-06-05,84.31,1.32,94.6184,1285.5
2012-06-06,85.05,1.4,94.0362,1315.13
2012-06-07,84.78,1.39,93.774,1314.99
2012-06-08,84.08,1.37,94.2024,1325.66
2012-06-11,82.58,1.33,94.0369,1308.93
2012-06-12,83.35,1.37,94.0693,1324.18
2012-06-13,82.56,1.31,93.8309,1314.88
2012-06-14,83.83,1.34,93.8152,1329.1
2012-06-15,84.03,1.31,93.5203,1342.84
2012-06-18,83.26,1.3,93.6431,1344.78
2012-06-19,83.99,1.34,93.0524,1357.98
2012-06-20,81.06,1.33,93.1602,1355.69
2012-06-21,77.91,1.31,93.6378,1325.51
2012-06-22,79.33,1.38,93.9205,1335.02
2012-06-25,78.76,1.32,94.1757,1313.72
2012-06-26,79.34,1.35,93.9859,1319.99
2012-06-27,80.27,1.34,93.8728,1331.85
2012-06-28,77.72,1.29,94.0203,1329.04
2012-06-29,85.04,1.34,92.9096,1362.16
2012-07-02,83.72,1.31,92.951,1365.51
2012-07-03,87.74,1.35,92.6508,1374.02
2012-07-04,,,,1374.02
2012-07-05,87.11,1.34,93.2211,1367.58
2012-07-06,84.37,1.3,93.7087,1354.68
2012-07-09,85.93,1.26,93.6974,1352.46
2012-07-10,83.92,1.26,93.5552,1341.47
2012-07-11,85.88,1.27,93.5981,1341.45
2012-07-12,86.02,1.25,93.9298,1334.76
2012-07-13,87.15,1.27,93.5515,1356.78
2012-07-16,88.41,1.26,93.3746,1353.64
2012-07-17,89.07,1.28,93.3479,1363.67
2012-07-18,89.88,1.3,93.0973,1372.78
2012-07-19,92.78,1.32,93.0438,1376.51
2012-07-20,91.56,1.27,93.3653,1362.66
2012-07-23,87.77,1.25,93.9297,1350.52
2012-07-24,88.28,1.22,94.2635,1338.31
2012-07-25,88.8,1.21,94.0564,1337.89
2012-07-26,89.4,1.22,93.3595,1360.02
2012-07-27,90.13,1.33,92.9333,1385.97
2012-07-30,89.8,1.3,93.0524,1385.3
2012-07-31,88.08,1.28,92.8422,1379.32
2012-08-01,88.99,1.32,92.8905,1375.32
2012-08-02,87.22,1.27,93.4269,1365.0
2012-08-03,91.4,1.36,92.6048,1390.99
2012-08-06,92.3,1.35,92.4339,1394.23
2012-08-07,93.68,1.39,92.5128,1401.35
2012-08-08,93.39,1.39,92.5407,1402.22
2012-08-09,93.39,1.4,92.6057,1402.8
2012-08-10,92.94,1.38,92.5129,1405.87
2012-08-13,92.76,1.38,92.5955,1404.11
2012-08-14,93.4,1.46,92.6152,1403.93
2012-08-15,94.35,1.53,92.6838,1405.53
2012-08-16,95.66,1.54,92.5737,1415.51
2012-08-17,96.0,1.52,92.711,1418.16
2012-08-20,96.03,1.53,92.6263,1418.13
2012-08-21,96.55,1.49,92.3053,1413.17
2012-08-22,96.89,1.45,92.4362,1413.49
2012-08-23,95.87,1.42,92.1057,1402.08
2012-08-24,95.78,1.4,92.2785,1411.13
2012-08-27,95.54,1.37,92.3135,1410.44
2012-08-28,96.3,1.37,92.2033,1409.3
2012-08-29,95.5,1.39,92.3823,1410.49
2012-08-30,94.61,1.36,92.6239,1399.48
2012-08-31,96.47,1.35,92.1677,1406.58
2012-09-03,,,,1406.58
2012-09-04,95.34,1.36,92.1582,1404.94
2012-09-05,95.37,1.35,92.1262,1403.44
2012-09-06,95.58,1.41,91.8973,1432.12
2012-09-07,96.41,1.42,91.3469,1437.92
2012-09-10,96.52,1.43,91.3102,1429.08
2012-09-11,97.03,1.45,91.0575,1433.56
2012-09-12,97.02,1.52,91.0477,1436.56
2012-09-13,98.3,1.51,90.9632,1459.99
2012-09-14,98.94,1.61,90.1436,1465.77
2012-09-17,96.51,1.6,90.2837,1461.19
2012-09-18,95.25,1.57,90.5029,1459.32
2012-09-19,91.97,1.52,90.4646,1461.05
2012-09-20,92.14,1.53,90.7631,1460.26
2012-09-21,92.64,1.5,90.5342,1460.15
2012-09-24,91.68,1.47,90.8263,1456.89
2012-09-25,91.07,1.43,90.6074,1441.59
2012-09-26,89.92,1.38,91.0028,1433.32
2012-09-27,91.89,1.41,90.7538,1447.15
2012-09-28,92.18,1.42,90.8342,1440.67
2012-10-01,92.44,1.39,90.7011,1444.49
2012-10-02,91.88,1.41,90.644,1445.75
2012-10-03,88.19,1.41,90.8726,1450.99
2012-10-04,91.69,1.47,90.4932,1461.4
2012-10-05,89.87,1.48,90.2851,1460.93
2012-10-08,89.43,,,1455.88
2012-10-09,92.42,1.49,90.8703,1441.48
2012-10-10,91.24,1.45,90.883,1432.56
2012-10-11,92.19,1.42,90.7437,1432.84
2012-10-12,91.83,1.42,90.6833,1428.59
2012-10-15,91.84,1.43,90.6409,1440.13
2012-10-16,92.07,1.48,90.5583,1454.92
2012-10-17,92.04,1.53,90.2309,1460.91
2012-10-18,92.0,1.57,90.3804,1457.34
2012-10-19,90.0,1.49,90.8107,1433.19
2012-10-22,88.3,1.51,90.7911,1433.82
2012-10-23,86.65,1.5,91.0945,1413.11
2012-10-24,85.39,1.51,91.1275,1408.75
2012-10-25,85.59,1.55,91.02,1412.97
2012-10-26,85.84,1.48,91.1411,1411.94
2012-10-29,85.52,1.44,,1411.94
2012-10-30,85.65,,,1411.94
2012-10-31,86.23,1.42,91.1609,1412.16
2012-11-01,87.05,1.45,91.1217,1427.59
2012-11-02,84.9,1.47,91.281,1414.2
2012-11-05,85.64,1.44,91.4778,1417.26
2012-11-06,88.62,1.48,91.2908,1428.39
2012-11-07,84.5,1.41,91.4514,1394.53
2012-11-08,85.07,1.35,91.5375,1377.51
2012-11-09,86.08,1.34,91.6871,1379.85
2012-11-12,85.56,,,1380.03
2012-11-13,85.38,1.32,91.7356,1374.53
2012-11-14,86.32,1.34,91.7942,1355.49
2012-11-15,85.45,1.34,91.8837,1353.33
2012-11-16,86.62,1.34,92.0095,1359.88
2012-11-19,89.05,1.36,91.5653,1386.89
2012-11-20,86.46,1.39,91.556,1387.81
2012-11-21,87.08,1.42,91.6645,1391.03
2012-11-22,,,,1391.03
2012-11-23,87.01,1.41,91.2616,1409.15
2012-11-26,87.28,1.39,91.2789,1406.29
2012-11-27,86.81,1.37,91.2608,1398.94
2012-11-28,86.1,1.36,91.33,1409.93
2012-11-29,87.64,1.37,91.2104,1415.95
2012-11-30,88.54,1.37,91.1038,1416.18
2012-12-03,88.69,1.38,91.0084,1409.46
2012-12-04,88.04,1.37,90.9748,1407.05
2012-12-05,87.36,1.35,90.9423,1409.28
2012-12-06,85.47,1.34,91.0629,1413.94
2012-12-07,85.45,1.39,91.0437,1418.07
2012-12-10,85.14,1.39,90.9631,1418.55
2012-12-11,85.36,1.42,90.8403,1427.84
2012-12-12,86.35,1.47,90.7708,1428.48
2012-12-13,85.39,1.47,90.776,1419.45
2012-12-14,86.32,1.48,90.7156,1413.58
2012-12-17,86.71,1.53,90.6193,1430.36
2012-12-18,87.46,1.56,90.5161,1446.79
2012-12-19,89.09,1.54,90.4896,1435.81
2012-12-20,89.76,1.53,90.6002,1443.69
2012-12-21,88.2,1.51,90.9597,1430.15
2012-12-24,88.29,1.53,91.0354,1426.66
2012-12-25,,,,1426.66
2012-12-26,90.71,1.51,91.0606,1419.83
2012-12-27,90.91,1.48,91.1037,1418.1
2012-12-28,90.66,1.46,91.0419,1402.43
2012-12-31,91.83,1.53,91.0834,1426.19
2013-01-01,,,,1426.19
2013-01-02,93.14,1.59,90.6941,1462.42
2013-01-03,92.97,1.65,90.8097,1459.37
2013-01-04,93.12,1.66,91.1025,1466.47
2013-01-07,93.2,1.65,90.9852,1461.89
2013-01-08,93.21,1.64,91.057,1457.15
2013-01-09,93.08,1.64,91.0088,1461.02
2013-01-10,93.81,1.65,90.6425,1472.12
2013-01-11,93.6,1.63,90.5352,1472.05
2013-01-14,94.27,1.63,90.4935,1470.68
2013-01-15,93.26,1.6,90.5191,1472.34
2013-01-16,94.28,1.58,90.596,1472.63
2013-01-17,95.49,1.61,90.5401,1480.94
2013-01-18,95.61,1.61,90.8697,1485.98
2013-01-21,,,,1485.98
2013-01-22,96.09,1.6,90.7892,1492.56
2013-01-23,95.06,1.6,90.8376,1494.81
2013-01-24,95.35,1.65,90.9112,1494.82
2013-01-25,95.15,1.7,91.0868,1502.96
2013-01-28,95.95,1.71,91.2354,1500.18
2013-01-29,97.62,1.73,90.9406,1507.84
2013-01-30,97.98,1.76,90.8836,1501.96
2013-01-31,97.65,1.75,90.798,1498.11
2013-02-01,97.46,1.77,90.6923,1513.17
2013-02-04,96.21,1.75,90.9774,1495.71
2013-02-05,96.68,1.77,90.881,1511.29
2013-02-06,96.44,1.73,91.0176,1512.12
2013-02-07,95.84,1.74,91.2912,1509.39
2013-02-08,95.71,1.74,91.3056,1517.93
2013-02-11,97.01,1.72,91.4451,1517.01
2013-02-12,97.48,1.73,91.2779,1519.43
2013-02-13,97.03,1.76,91.2709,1520.33
2013-02-14,97.3,1.73,91.366,1521.38
2013-02-15,95.95,1.72,91.4551,1519.79
2013-02-18,,,,1519.79
2013-02-19,96.69,1.74,91.5073,1530.94
2013-02-20,94.92,1.75,91.6689,1511.95
2013-02-21,92.79,1.73,92.0394,1502.42
2013-02-22,93.12,1.7,92.1197,1515.6
2013-02-25,92.74,1.63,92.1975,1487.85
2013-02-26,92.63,1.63,92.4247,1496.94
2013-02-27,92.84,1.64,92.234,1515.99
2013-02-28,92.03,1.64,92.295,1514.68
2013-03-01,90.71,1.61,92.6177,1518.2
2013-03-04,90.13,1.64,92.6316,1525.2
2013-03-05,90.88,1.65,92.4965,1539.79
2013-03-06,90.47,1.7,,1541.46
2013-03-07,91.53,1.75,92.5462,1544.26
2013-03-08,92.01,1.79,92.6252,1551.18
2013-03-11,92.07,1.8,92.5351,1556.22
2013-03-12,92.44,1.76,92.3853,1552.48
2013-03-13,92.47,1.77,92.4709,1554.52
2013-03-14,93.03,1.77,92.4695,1563.23
2013-03-15,93.49,1.76,92.128,1560.7
2013-03-18,93.71,1.7,92.3377,1552.1
2013-03-19,92.44,1.68,92.526,1548.34
2013-03-20,93.21,1.7,92.4141,1558.71
2013-03-21,92.46,1.68,92.3322,1545.8
2013-03-22,93.41,1.67,92.2051,1556.89
2013-03-25,94.55,1.69,92.3081,1551.69
2013-03-26,95.99,1.67,92.232,1563.77
2013-03-27,96.53,1.62,92.446,1562.85
2013-03-28,97.24,1.62,92.2544,1569.19
2013-03-29,,,92.302,1569.19
2013-04-01,97.1,1.63,92.1687,1562.17
2013-04-02,97.23,1.63,92.1432,1570.25
2013-04-03,95.02,1.59,92.104,1553.69
2013-04-04,93.26,1.56,92.3896,1559.98
2013-04-05,92.76,1.48,92.1043,1553.28
2013-04-08,93.36,1.52,92.2317,1563.07
2013-04-09,94.18,1.54,91.9669,1568.61
2013-04-10,94.59,1.6,91.9598,1587.73
2013-04-11,93.44,1.58,91.6972,1593.37
2013-04-12,91.23,1.53,91.7967,1588.85
2013-04-15,88.75,1.5,91.9457,1552.36
2013-04-16,88.73,1.51,91.8451,1574.57
2013-04-17,86.65,1.49,92.1372,1552.01
2013-04-18,87.83,1.48,92.176,1541.61
2013-04-19,88.04,1.49,92.2166,1555.25
2013-04-22,88.81,1.48,92.3591,1562.5
2013-04-23,89.21,1.51,92.3836,1578.78
2013-04-24,91.07,1.5,92.4581,1578.79
2013-04-25,93.27,1.51,92.0394,1585.16
2013-04-26,92.63,1.48,91.9012,1582.24
2013-04-29,94.09,1.5,91.6539,1593.61
2013-04-30,93.22,1.48,91.3741,1597.57
2013-05-01,90.74,1.46,91.4331,1582.7
2013-05-02,93.7,1.46,91.6174,1597.59
2013-05-03,95.25,1.56,91.5087,1614.42
2013-05-06,95.8,1.58,91.6387,1617.5
2013-05-07,95.28,1.6,91.5201,1625.96
2013-05-08,96.24,1.59,91.1848,1632.69
2013-05-09,96.09,1.59,91.3036,1626.67
2013-05-10,95.81,1.64,92.2527,1633.7
2013-05-13,94.76,1.68,92.2711,1633.77
2013-05-14,93.96,1.7,92.3697,1650.34
2013-05-15,93.95,1.68,92.7691,1658.78
2013-05-16,94.85,1.64,92.6602,1650.47
2013-05-17,95.72,1.69,93.1617,1667.47
2013-05-20,96.29,1.71,93.0359,1666.29
2013-05-21,95.55,1.68,92.9662,1669.16
2013-05-22,93.98,1.77,93.3104,1655.35
2013-05-23,94.12,1.76,93.2113,1650.51
2013-05-24,93.84,1.75,93.2768,1649.6
2013-05-27,,,,1649.6
2013-05-28,94.65,1.86,93.5853,1660.06
2013-05-29,93.13,1.83,93.531,1648.36
2013-05-30,93.57,1.82,93.4219,1654.41
2013-05-31,91.93,1.86,93.6076,1630.74
2013-06-03,93.41,1.83,93.163,1640.42
2013-06-04,93.36,1.82,93.3067,1631.38
2013-06-05,93.66,1.8,93.275,1608.9
2013-06-06,94.71,1.78,92.809,1622.56
2013-06-07,96.11,1.85,92.6056,1643.38
2013-06-10,95.82,1.9,92.973,1642.81
2013-06-11,95.5,1.86,92.7996,1626.13
2013-06-12,95.98,1.91,92.4775,1612.52
2013-06-13,96.66,1.87,92.3449,1636.36
2013-06-14,97.83,1.85,92.1886,1626.73
2013-06-17,97.86,1.92,92.3332,1639.04
2013-06-18,98.46,1.93,92.5432,1651.81
2013-06-19,98.24,2.02,92.4755,1628.93
2013-06-20,94.89,2.08,94.125,1588.19
2013-06-21,93.81,2.14,94.4243,1592.43
2013-06-24,95.07,2.15,94.5714,1573.09
2013-06-25,95.25,2.17,94.3285,1588.03
2013-06-26,95.47,2.16,94.3807,1603.26
2013-06-27,97.0,2.13,94.2429,1613.2
2013-06-28,96.36,2.16,94.3047,1606.28
2013-07-01,97.94,2.16,94.0998,1614.96
2013-07-02,99.65,2.14,94.4051,1614.08
2013-07-03,101.92,2.16,94.4767,1615.41
2013-07-04,,,,1615.41
2013-07-05,103.09,2.33,95.0639,1631.89
2013-07-08,103.03,2.28,94.9954,1640.46
2013-07-09,103.46,2.28,94.9467,1652.32
2013-07-10,106.41,2.32,94.7595,1652.62
2013-07-11,104.77,2.26,93.949,1675.02
2013-07-12,105.85,2.24,94.0029,1680.19
2013-07-15,106.2,2.23,93.9729,1682.5
2013-07-16,105.88,2.21,93.5232,1676.26
2013-07-17,106.39,2.2,93.5498,1680.91
2013-07-18,107.94,2.24,93.681,1689.37
2013-07-19,108.0,2.18,93.4759,1692.09
2013-07-22,106.61,2.18,93.2253,1695.53
2013-07-23,107.13,2.2,93.1631,1692.39
2013-07-24,105.41,2.27,93.3124,1685.94
2013-07-25,105.47,2.29,93.2862,1690.25
2013-07-26,104.76,2.27,93.1695,1691.65
2013-07-29,104.61,2.28,93.1663,1685.33
2013-07-30,103.14,2.3,93.3976,1685.96
2013-07-31,105.1,2.29,93.5703,1685.73
2013-08-01,107.93,2.39,93.7972,1706.87
2013-08-02,106.94,2.33,93.5789,1709.67
2013-08-05,106.61,2.35,93.507,1707.14
2013-08-06,105.32,2.35,93.3199,1697.37
2013-08-07,104.41,2.29,93.2652,1690.91
2013-08-08,103.45,2.28,92.8483,1697.48
2013-08-09,106.04,2.25,92.8394,1691.42
2013-08-12,106.19,2.29,92.9178,1689.47
2013-08-13,106.78,2.37,93.476,1694.16
2013-08-14,106.89,2.37,93.382,1685.39
2013-08-15,107.43,2.41,93.5059,1661.32
2013-08-16,107.58,2.48,93.4255,1655.83
2013-08-19,107.14,2.52,93.6623,1646.06
2013-08-20,104.9,2.46,93.5536,1652.35
2013-08-21,103.93,2.49,94.0362,1642.8
2013-08-22,104.93,2.48,94.2804,1656.96
2013-08-23,106.48,2.42,93.9466,1663.5
2013-08-26,105.88,2.38,94.1853,1656.78
2013-08-27,109.11,2.34,94.3934,1630.48
2013-08-28,110.17,2.38,94.4127,1634.96
2013-08-29,108.51,2.36,94.6398,1638.17
2013-08-30,107.98,2.39,94.7541,1632.97
2013-09-02,,,,1632.97
2013-09-03,108.67,2.43,94.9574,1639.77
2013-09-04,107.29,2.44,94.5739,1653.08
2013-09-05,108.5,2.46,94.8891,1655.08
2013-09-06,110.62,2.48,94.2487,1655.17
2013-09-09,109.62,2.45,94.0009,1671.71
2013-09-10,107.48,2.46,93.938,1683.99
2013-09-11,107.65,2.46,93.7112,1689.13
2013-09-12,108.72,2.47,93.5903,1683.42
2013-09-13,108.31,2.45,93.6666,1687.99
2013-09-16,106.54,2.47,93.2875,1697.6
2013-09-17,105.36,2.47,93.2231,1704.76
2013-09-18,108.23,2.35,93.2569,1725.52
2013-09-19,106.26,2.42,92.4082,1722.34
2013-09-20,104.7,2.41,92.6049,1709.91
2013-09-23,103.62,2.37,92.613,1701.84
2013-09-24,103.22,2.32,92.7691,1697.42
2013-09-25,102.68,2.27,92.7675,1692.77
2013-09-26,103.1,2.32,93.0096,1698.67
2013-09-27,102.86,2.3,92.9747,1691.75
2013-09-30,102.36,2.31,92.9207,1681.55
2013-10-01,102.09,2.33,92.9515,1695.0
2013-10-02,104.15,2.32,92.772,1693.87
2013-10-03,103.29,2.29,92.7461,1678.66
2013-10-04,103.83,2.33,92.6469,1690.5
2013-10-07,103.07,2.28,92.6725,1676.12
2013-10-08,103.54,2.26,92.7558,1655.45
2013-10-09,101.63,2.31,93.0829,1656.4
2013-10-10,103.08,2.36,92.8579,1692.56
2013-10-11,102.17,2.35,92.854,1703.2
2013-10-14,102.46,,,1710.14
2013-10-15,101.15,2.38,92.7642,1698.06
2013-10-16,102.34,2.35,92.6819,1721.54
2013-10-17,100.72,2.28,92.0246,1733.15
2013-10-18,100.87,2.27,91.9989,1744.5
2013-10-21,99.28,2.3,92.2498,1744.66
2013-10-22,97.63,2.23,91.9563,1754.67
2013-10-23,96.9,2.2,92.0947,1746.38
2013-10-24,96.65,2.2,92.1867,1752.07
2013-10-25,97.4,2.21,92.1623,1759.77
2013-10-28,98.74,2.22,92.1872,1762.11
2013-10-29,98.29,2.22,92.301,1771.95
2013-10-30,96.81,2.22,92.3057,1763.31
2013-10-31,96.29,2.26,92.731,1756.54
2013-11-01,94.56,2.32,93.155,1761.64
2013-11-04,94.58,2.31,92.9359,1767.93
2013-11-05,93.4,2.37,93.2112,1762.97
2013-11-06,94.74,2.37,93.0943,1770.49
2013-11-07,94.25,2.34,93.4003,1747.15
2013-11-08,94.56,2.45,93.6619,1770.61
2013-11-11,95.13,,,1771.89
2013-11-12,93.12,2.46,93.7651,1767.69
2013-11-13,93.91,2.43,93.4848,1782.0
2013-11-14,93.76,2.4,93.4328,1790.62
2013-11-15,93.8,2.4,93.2854,1798.18
2013-11-18,93.03,2.36,92.9824,1791.53
2013-11-19,93.35,2.42,93.0649,1787.87
2013-11-20,93.34,2.52,93.2501,1781.37
2013-11-21,95.35,2.5,93.5638,1795.85
2013-11-22,94.53,2.44,93.4198,1804.76
2013-11-25,93.86,2.44,93.5539,1802.48
2013-11-26,93.41,2.42,93.5226,1802.75
2013-11-27,92.05,2.46,93.6864,1807.23
2013-11-28,,,,1807.23
2013-11-29,92.55,2.47,93.6291,1805.81
2013-12-02,93.61,2.51,93.8856,1800.9
2013-12-03,95.83,2.51,93.8251,1795.15
2013-12-04,96.97,2.54,93.8997,1792.81
2013-12-05,97.14,2.58,93.4954,1785.03
2013-12-06,97.48,2.58,93.4045,1805.09
2013-12-09,97.1,2.56,93.1444,1808.37
2013-12-10,98.32,2.51,,1802.62
2013-12-11,97.25,2.55,93.0842,1782.22
2013-12-12,97.21,2.55,93.4292,1775.5
2013-12-13,96.27,2.54,93.3568,1775.32
2013-12-16,97.18,2.55,93.2175,1786.54
2013-12-17,96.99,2.51,93.302,1781.0
2013-12-18,97.59,2.57,93.4207,1810.65
2013-12-19,98.4,2.59,93.7368,1809.6
2013-12-20,99.11,2.52,93.7211,1818.32
2013-12-23,98.62,2.56,93.572,1827.99
2013-12-24,98.87,2.61,93.6734,1833.32
2013-12-25,,,,1833.32
2013-12-26,99.18,2.58,93.766,1842.02
2013-12-27,99.94,2.62,93.7018,1841.4
2013-12-30,98.9,2.6,93.4866,1841.07
2013-12-31,98.17,2.66,93.5576,1848.36
2014-01-01,,,,1848.36
2014-01-02,95.14,2.61,93.8192,1831.98
2014-01-03,93.66,2.6,93.853,1831.37
2014-01-06,93.12,2.58,93.9109,1826.77
2014-01-07,93.31,2.56,94.0398,1837.88
2014-01-08,91.9,2.58,94.2181,1837.49
2014-01-09,91.36,2.53,94.3299,1838.13
2014-01-10,92.39,2.49,94.0045,1842.37
2014-01-13,91.45,2.45,93.899,1819.2
2014-01-14,92.15,2.49,94.0303,1838.88
2014-01-15,93.78,2.49,94.341,1848.38
2014-01-16,93.54,2.45,94.5507,1845.89
2014-01-17,93.96,2.44,94.5846,1838.7
2014-01-20,,,,1838.7
2014-01-21,94.51,2.45,94.679,1843.8
2014-01-22,96.35,2.43,94.8479,1844.86
2014-01-23,97.23,2.4,94.8415,1828.46
2014-01-24,96.66,2.38,94.8555,1790.29
2014-01-27,95.82,2.41,94.9059,1781.56
2014-01-28,97.49,2.39,94.88,1792.5
2014-01-29,97.34,2.33,94.8621,1774.2
2014-01-30,98.25,2.36,95.1294,1794.19
2014-01-31,97.55,2.33,95.1774,1782.59
2014-02-03,96.44,2.31,95.2469,1741.89
2014-02-04,97.24,2.33,95.0438,1755.2
2014-02-05,97.4,2.38,95.0285,1751.64
2014-02-06,97.84,2.4,94.7177,1773.43
2014-02-07,99.98,2.41,94.7457,1797.02
2014-02-10,100.12,2.38,94.7189,1799.84
2014-02-11,99.96,2.4,94.6377,1819.75
2014-02-12,100.38,2.45,94.6209,1819.26
2014-02-13,100.27,2.41,,1829.83
2014-02-14,100.31,2.43,94.2711,1838.63
2014-02-17,,,,1838.63
2014-02-18,102.54,2.4,94.1934,1840.76
2014-02-19,103.46,2.4,94.38,1828.75
2014-02-20,103.2,2.42,94.6571,1839.78
2014-02-21,102.53,2.4,,1836.25
2014-02-24,103.17,2.4,94.4042,1847.61
2014-02-25,102.2,2.36,94.4735,1845.12
2014-02-26,102.93,2.34,94.7754,1845.16
2014-02-27,102.68,2.32,94.6722,1854.29
2014-02-28,102.88,2.33,94.3879,1859.45
2014-03-03,105.34,2.28,,1845.73
2014-03-04,103.64,2.37,94.6568,1873.91
2014-03-05,101.75,2.37,94.4679,1873.81
2014-03-06,101.82,2.37,93.9858,1877.03
2014-03-07,102.82,2.42,94.2532,1878.04
2014-03-10,101.39,2.42,94.3731,1877.17
2014-03-11,100.29,2.4,94.387,1867.63
2014-03-12,98.29,2.36,94.462,1868.2
2014-03-13,98.57,2.32,94.1872,1846.34
2014-03-14,99.23,2.29,94.243,1841.13
2014-03-17,98.43,2.32,,1858.83
2014-03-18,100.08,2.32,94.2631,1872.25
2014-03-19,100.71,2.31,94.3752,1860.77
2014-03-20,99.68,2.34,94.9986,1872.01
2014-03-21,99.97,2.3,94.8547,1866.52
2014-03-24,100.05,2.27,94.759,1857.44
2014-03-25,99.66,2.28,94.6379,1865.62
2014-03-26,100.61,2.26,94.5281,1852.56
2014-03-27,101.25,2.24,94.3315,1849.04
2014-03-28,101.73,2.28,94.3683,1857.62
2014-03-31,101.57,2.29,94.2432,1872.34
2014-04-01,99.69,2.33,94.1244,1885.52
2014-04-02,99.6,2.35,94.3103,1890.9
2014-04-03,100.29,2.34,94.512,1888.77
2014-04-04,101.16,2.31,94.2191,1865.09
2014-04-07,100.43,2.3,94.0881,1845.04
2014-04-08,102.57,2.29,93.6579,1851.96
2014-04-09,103.55,2.34,93.6716,1872.18
2014-04-10,103.37,2.28,93.5123,1833.08
2014-04-11,103.68,2.26,93.6395,1815.69
2014-04-14,104.05,2.28,93.8046,1830.61
2014-04-15,103.7,2.25,93.9486,1842.98
2014-04-16,103.71,2.26,93.9461,1862.31
2014-04-17,104.33,2.3,93.8936,1864.85
2014-04-18,,,93.9629,1864.85
2014-04-21,104.35,2.31,94.0337,1871.89
2014-04-22,101.69,2.28,94.0802,1879.55
2014-04-23,101.47,2.27,94.149,1875.39
2014-04-24,102.2,2.27,94.1294,1878.61
2014-04-25,100.85,2.25,94.1623,1863.4
2014-04-28,101.13,2.26,94.1374,1869.43
2014-04-29,101.56,2.27,94.0295,1878.33
2014-04-30,100.07,2.25,93.8896,1883.95
2014-05-01,99.69,2.22,93.8707,1883.68
2014-05-02,100.09,2.18,93.8182,1881.14
2014-05-05,99.74,2.2,93.7334,1884.66
2014-05-06,99.81,2.18,93.4324,1867.72
2014-05-07,101.06,2.21,93.4337,1878.21
2014-05-08,100.52,2.21,93.3686,1875.63
2014-05-09,100.32,2.22,93.6614,1878.48
2014-05-12,100.89,2.25,93.6537,1896.65
2014-05-13,102.01,2.22,93.6755,1897.45
2014-05-14,102.63,2.15,93.5968,1888.53
2014-05-15,101.74,2.12,93.7065,1870.85
2014-05-16,102.31,2.14,93.6073,1877.86
2014-05-19,102.95,2.18,93.502,1885.08
2014-05-20,102.8,2.17,93.6699,1872.83
2014-05-21,104.31,2.17,93.7629,1888.03
2014-05-22,104.03,2.19,93.6944,1892.49
2014-05-23,105.01,2.17,93.7042,1900.53
2014-05-26,,,,1900.53
2014-05-27,104.78,2.13,93.8418,1911.91
2014-05-28,103.37,2.07,93.8793,1909.78
2014-05-29,104.26,2.08,93.6973,1920.03
2014-05-30,103.4,2.11,93.7606,1923.57
2014-06-02,103.07,2.15,94.0006,1924.97
2014-06-03,103.34,2.19,94.0536,1924.24
2014-06-04,103.27,2.2,94.1239,1927.88
2014-06-05,103.17,2.19,93.9732,1940.46
2014-06-06,103.32,2.19,93.9069,1949.44
2014-06-09,105.09,2.19,93.9628,1951.27
2014-06-10,105.02,2.19,94.0638,1950.79
2014-06-11,105.04,2.21,93.9744,1943.89
2014-06-12,107.2,2.16,93.8155,1930.11
2014-06-13,107.49,2.15,93.9168,1936.16
2014-06-16,107.52,2.12,93.8639,1937.78
2014-06-17,106.95,2.15,94.0829,1941.99
2014-06-18,106.64,2.13,94.0525,1956.98
2014-06-19,107.08,2.16,93.752,1959.48
2014-06-20,107.95,2.13,93.7591,1962.87
2014-06-23,106.83,2.15,93.628,1962.61
2014-06-24,106.64,2.1,93.7093,1949.98
2014-06-25,107.04,2.09,93.5851,1959.53
2014-06-26,106.49,2.07,93.5471,1957.22
2014-06-27,106.46,2.09,93.3983,1960.96
2014-06-30,106.07,2.06,93.2058,1960.23
2014-07-01,106.06,2.11,93.1365,1973.32
2014-07-02,105.18,2.15,93.2478,1974.62
2014-07-03,104.76,2.13,93.3149,1985.44
2014-07-04,,,,1985.44
2014-07-07,104.19,2.11,93.3803,1977.65
2014-07-08,104.06,2.07,93.323,1963.71
2014-07-09,102.93,2.06,93.228,1972.83
2014-07-10,103.61,2.09,93.3152,1964.68
2014-07-11,101.48,2.05,93.4171,1967.57
2014-07-14,101.73,2.07,93.4101,1977.1
2014-07-15,100.56,2.07,93.5796,1973.28
2014-07-16,101.88,2.05,93.5991,1981.57
2014-07-17,103.84,2.0,93.6586,1958.12
2014-07-18,103.83,1.99,93.6608,1978.22
2014-07-21,105.34,1.98,93.6069,1973.63
2014-07-22,104.59,1.99,93.6306,1983.53
2014-07-23,103.81,1.98,93.5951,1987.01
2014-07-24,102.76,1.99,93.6836,1987.98
2014-07-25,105.23,1.95,93.8294,1978.34
2014-07-28,105.68,1.96,93.83,1978.91
2014-07-29,104.91,1.93,94.0443,1969.95
2014-07-30,104.29,2.01,94.3473,1970.07
2014-07-31,98.23,2.05,94.4467,1930.67
2014-08-01,97.86,2.05,94.4754,1925.15
2014-08-04,98.26,2.04,94.448,1938.99
2014-08-05,97.34,2.02,94.6754,1920.21
2014-08-06,96.93,2.01,94.6092,1920.24
2014-08-07,97.34,1.99,94.6364,1909.57
2014-08-08,97.61,1.99,94.6027,1931.59
2014-08-11,98.09,1.97,94.4767,1936.92
2014-08-12,97.36,2.01,94.5211,1933.75
2014-08-13,97.57,2.0,94.4681,1946.72
2014-08-14,95.54,1.98,94.3508,1955.18
2014-08-15,97.3,1.92,94.2941,1955.06
2014-08-18,96.44,1.95,94.2519,1971.74
2014-08-19,94.35,1.94,94.4356,1981.6
2014-08-20,96.4,1.94,94.5937,1986.51
2014-08-21,93.97,1.92,94.673,1992.37
2014-08-22,93.61,1.87,94.8012,1988.4
2014-08-25,95.39,1.86,94.9159,1997.92
2014-08-26,95.78,1.87,94.8617,2000.02
2014-08-27,95.82,1.86,94.6863,2000.12
2014-08-28,96.44,1.84,94.6947,1996.74
2014-08-29,97.86,1.87,94.7251,2003.37
2014-09-01,,,,2003.37
2014-09-02,92.92,1.89,95.063,2002.28
2014-09-03,95.5,1.89,94.8709,2000.72
2014-09-04,94.51,1.91,95.2641,1997.65
2014-09-05,93.32,1.94,95.2203,2007.71
2014-09-08,92.64,1.94,95.4167,2001.54
2014-09-09,92.73,1.94,95.8811,1988.44
2014-09-10,91.71,1.96,95.8641,1995.69
2014-09-11,92.89,1.96,95.9184,1997.45
2014-09-12,92.18,2.04,96.0748,1985.54
2014-09-15,92.86,2.02,96.1195,1984.13
2014-09-16,94.91,2.05,95.8483,1998.98
2014-09-17,94.33,2.03,95.9106,2001.57
2014-09-18,93.07,2.04,96.1284,2011.36
2014-09-19,92.43,2.0,96.3417,2010.4
2014-09-22,91.46,1.99,96.4625,1994.29
2014-09-23,91.55,1.97,96.5112,1982.77
2014-09-24,93.6,1.98,96.6574,1998.3
2014-09-25,93.59,1.96,96.8988,1965.99
2014-09-26,95.55,1.95,97.208,1982.85
2014-09-29,94.53,1.92,97.3523,1977.8
2014-09-30,91.17,1.94,97.5261,1972.29
2014-10-01,90.74,1.89,97.5387,1946.16
2014-10-02,91.02,1.91,97.3062,1946.17
2014-10-03,89.76,1.88,97.9846,1967.9
2014-10-06,90.33,1.89,97.5513,1964.82
2014-10-07,88.89,1.84,97.4459,1935.1
2014-10-08,87.29,1.89,97.4945,1968.89
2014-10-09,85.76,1.88,97.1711,1928.21
2014-10-10,85.87,1.86,97.4144,1906.13
2014-10-13,85.73,,,1874.74
2014-10-14,81.72,1.82,97.3943,1877.7
2014-10-15,81.82,1.81,97.3532,1862.49
2014-10-16,82.33,1.82,97.2869,1862.76
2014-10-17,82.8,1.83,97.3067,1886.76
2014-10-20,82.76,1.83,97.2874,1904.01
2014-10-21,83.25,1.85,97.2488,1941.28
2014-10-22,80.52,1.84,97.459,1927.11
2014-10-23,82.81,1.88,97.6047,1950.82
2014-10-24,81.27,1.88,97.4772,1964.58
2014-10-27,81.26,1.86,97.5423,1961.63
2014-10-28,81.36,1.88,97.2173,1985.05
2014-10-29,82.25,1.86,97.0145,1982.3
2014-10-30,81.06,1.84,97.456,1994.65
2014-10-31,80.53,1.85,98.1163,2018.05
2014-11-03,78.77,1.84,98.5336,2017.81
2014-11-04,77.15,1.83,98.5576,2012.1
2014-11-05,78.71,1.84,98.8086,2023.57
2014-11-06,77.87,1.85,99.1325,2031.21
2014-11-07,78.71,1.81,99.0236,2031.92
2014-11-10,77.43,1.83,98.9305,2038.26
2014-11-11,77.85,,,2039.68
2014-11-12,77.16,1.82,98.8897,2038.25
2014-11-13,74.13,1.82,99.1045,2039.33
2014-11-14,75.91,1.78,99.0917,2039.82
2014-11-17,75.64,1.8,99.2188,2041.32
2014-11-18,74.55,1.79,99.0185,2051.8
2014-11-19,74.55,1.82,99.2424,2048.72
2014-11-20,75.63,1.81,99.2554,2052.75
2014-11-21,76.52,1.78,99.2894,2063.5
2014-11-24,75.74,1.77,99.4227,2069.41
2014-11-25,74.04,1.76,99.2837,2067.03
2014-11-26,73.7,1.71,99.1893,2072.83
2014-11-27,,,,2072.83
2014-11-28,65.94,1.71,100.0719,2067.56
2014-12-01,68.98,1.73,99.8964,2053.44
2014-12-02,66.99,1.73,100.4478,2066.55
2014-12-03,67.3,1.72,100.5696,2074.33
2014-12-04,66.73,1.7,100.3931,2071.92
2014-12-05,65.89,1.66,101.0989,2075.37
2014-12-08,63.13,1.62,101.31,2060.31
2014-12-09,63.74,1.58,100.8095,2059.82
2014-12-10,60.99,1.59,101.0212,2026.14
2014-12-11,60.01,1.57,101.4448,2035.33
2014-12-12,57.81,1.54,101.3735,2002.33
2014-12-15,55.96,1.52,101.674,1989.63
2014-12-16,55.97,1.49,101.526,1972.74
2014-12-17,56.43,1.52,101.5527,2012.89
2014-12-18,54.18,1.55,101.7531,2061.23
2014-12-19,56.91,1.5,102.0483,2070.65
2014-12-22,55.25,1.46,101.9942,2078.54
2014-12-23,56.78,1.53,102.348,2082.17
2014-12-24,55.7,1.54,102.3028,2081.88
2014-12-25,,,,2081.88
2014-12-26,54.59,1.52,,2088.77
2014-12-29,53.46,1.5,102.3767,2090.57
2014-12-30,54.14,1.51,102.1019,2080.35
2014-12-31,53.45,1.5,102.2843,2058.9
2015-01-01,,,,2058.9
2015-01-02,52.72,1.46,102.9027,2058.2
2015-01-05,50.05,1.36,103.4976,2020.58
2015-01-06,47.98,1.32,103.2938,2002.61
2015-01-07,48.69,1.34,103.6316,2025.9
2015-01-08,48.8,1.41,103.2799,2062.14
2015-01-09,48.35,1.39,103.1213,2044.81
2015-01-12,46.06,1.36,103.2372,2028.26
2015-01-13,45.92,1.37,103.27,2023.03
2015-01-14,48.49,1.35,103.0903,2011.27
2015-01-15,46.37,1.33,103.0829,1992.67
2015-01-16,48.49,1.34,103.2189,2019.42
2015-01-19,,,,2019.42
2015-01-20,46.79,1.29,103.5233,2022.55
2015-01-21,47.85,1.34,103.7858,2032.12
2015-01-22,45.93,1.37,103.9271,2063.15
2015-01-23,45.26,1.29,104.3676,2051.82
2015-01-26,44.8,1.29,104.4818,2057.09
2015-01-27,45.84,1.29,104.1646,2029.55
2015-01-28,44.08,1.23,104.4737,2002.16
2015-01-29,44.12,1.26,105.2763,2021.25
2015-01-30,47.79,1.21,105.5884,1994.99
2015-02-02,49.25,1.19,105.2058,2020.85
2015-02-03,53.04,1.27,104.6063,2050.03
2015-02-04,48.45,1.29,104.785,2041.51
2015-02-05,50.48,1.31,104.4915,2062.52
2015-02-06,51.66,1.3,105.1283,2055.47
2015-02-09,52.99,1.31,104.9889,2046.74
2015-02-10,50.06,1.34,105.2897,2068.59
2015-02-11,48.8,1.33,105.7901,2068.53
2015-02-12,51.17,1.38,104.9385,2088.48
2015-02-13,52.66,1.36,104.8452,2096.99
2015-02-16,,,,2096.99
2015-02-17,53.56,1.44,,2100.34
2015-02-18,52.13,1.45,105.2514,2099.68
2015-02-19,51.12,1.44,105.1407,2097.45
2015-02-20,49.95,1.46,105.3387,2110.3
2015-02-23,49.56,1.42,105.5359,2109.66
2015-02-24,48.48,1.39,105.5472,2115.48
2015-02-25,50.25,1.35,105.0503,2113.86
2015-02-26,47.65,1.37,105.5021,2110.74
2015-02-27,49.84,1.37,105.5981,2104.5
2015-03-02,49.59,1.42,105.8151,2117.39
2015-03-03,50.43,1.44,105.5562,2107.78
2015-03-04,51.53,1.46,106.1333,2098.53
2015-03-05,50.76,1.46,,2101.04
2015-03-06,49.61,1.51,107.4337,2071.26
2015-03-09,49.95,1.5,107.5199,2079.43
2015-03-10,48.42,1.44,108.1165,2044.16
2015-03-11,48.06,1.41,108.5235,2040.24
2015-03-12,47.12,1.43,108.1741,2065.95
2015-03-13,44.88,1.45,108.9174,2053.4
2015-03-16,43.93,1.44,108.6422,2081.19
2015-03-17,43.39,1.36,108.5805,2074.28
2015-03-18,44.63,1.36,108.408,2099.5
2015-03-19,44.02,1.35,108.1826,2089.27
2015-03-20,46.0,1.33,107.1671,2108.1
2015-03-23,47.4,1.32,106.5022,2104.42
2015-03-24,47.03,1.3,106.4401,2091.5
2015-03-25,48.75,1.34,106.2636,2061.05
2015-03-26,51.41,1.4,106.5582,2056.15
2015-03-27,48.83,1.37,106.8916,2061.02
2015-03-30,48.66,1.38,107.3941,2086.24
2015-03-31,47.72,1.38,107.4396,2067.89
2015-04-01,50.12,1.32,107.06,2059.69
2015-04-02,49.13,1.37,106.6738,2066.96
2015-04-03,,1.36,105.8861,2066.96
2015-04-06,52.08,1.41,105.7876,2080.62
2015-04-07,53.95,1.37,106.4488,2076.33
2015-04-08,50.44,1.38,106.4231,2081.9
2015-04-09,50.79,1.41,107.0335,2091.18
2015-04-10,51.63,1.39,107.4526,2102.06
2015-04-13,51.95,1.4,107.7508,2092.43
2015-04-14,53.3,1.37,107.0547,2095.84
2015-04-15,56.25,1.4,107.1855,2106.63
2015-04-16,56.69,1.4,106.2761,2104.99
2015-04-17,55.71,1.36,106.329,2081.18
2015-04-20,56.37,1.35,106.4902,2100.4
2015-04-21,55.58,1.37,106.5582,2097.29
2015-04-22,56.17,1.42,106.5815,2107.96
2015-04-23,56.59,1.41,106.1658,2112.93
2015-04-24,55.98,1.39,105.905,2117.69
2015-04-27,55.56,1.4,105.6891,2108.92
2015-04-28,57.05,1.44,105.1234,2114.76
2015-04-29,58.55,1.5,104.5634,2106.85
2015-04-30,59.62,1.47,105.312,2085.51
2015-05-01,59.1,1.52,105.6382,2108.29
2015-05-04,58.92,1.56,105.6679,2114.49
2015-05-05,60.38,1.57,105.2396,2089.46
2015-05-06,60.93,1.6,104.6935,2080.15
2015-05-07,58.99,1.55,105.1941,2088.0
2015-05-08,59.41,1.57,104.8424,2116.1
2015-05-11,59.23,1.66,105.3075,2105.33
2015-05-12,60.72,1.67,104.8924,2099.12
2015-05-13,60.5,1.68,104.3608,2098.48
2015-05-14,59.89,1.67,104.2359,2121.1
2015-05-15,59.73,1.59,104.0202,2122.73
2015-05-18,59.44,1.65,104.6068,2129.2
2015-05-19,57.3,1.64,105.3448,2127.83
2015-05-20,58.96,1.66,105.5605,2125.85
2015-05-21,60.18,1.59,105.3808,2130.82
2015-05-22,58.88,1.57,105.8487,2126.06
2015-05-25,,,,2126.06
2015-05-26,57.29,1.5,106.7294,2104.2
2015-05-27,57.51,1.5,106.908,2123.48
2015-05-28,57.69,1.51,106.92,2120.79
2015-05-29,60.25,1.51,106.7388,2107.39
2015-06-01,60.24,1.55,107.2238,2111.73
2015-06-02,61.3,1.63,106.4507,2109.6
2015-06-03,59.67,1.69,106.1443,2114.07
2015-06-04,58.0,1.65,106.4725,2095.84
2015-06-05,59.11,1.68,107.1336,2092.83
2015-06-08,58.15,1.69,106.7693,2079.28
2015-06-09,60.15,1.7,106.2238,2080.15
2015-06-10,61.36,1.75,105.8037,2105.2
2015-06-11,60.74,1.66,106.0934,2108.86
2015-06-12,59.96,1.65,105.9015,2094.11
2015-06-15,59.53,1.64,105.9989,2084.43
2015-06-16,60.01,1.61,106.0473,2096.29
2015-06-17,59.89,1.65,106.058,2100.44
2015-06-18,60.41,1.69,105.102,2121.24
2015-06-19,59.62,1.61,105.4496,2109.99
2015-06-22,60.01,1.69,105.3846,2122.85
2015-06-23,61.05,1.72,105.9678,2124.2
2015-06-24,60.01,1.7,106.2522,2108.58
2015-06-25,59.59,1.72,106.1515,2102.31
2015-06-26,59.41,1.77,106.4116,2101.49
2015-06-29,58.34,1.69,106.3785,2057.64
2015-06-30,59.48,1.71,106.5191,2063.11
2015-07-01,56.94,1.74,107.0101,2077.42
2015-07-02,56.93,1.76,106.9106,2076.78
2015-07-03,,,,2076.78
2015-07-06,52.48,1.7,107.1343,2068.76
2015-07-07,52.33,1.69,107.785,2081.34
2015-07-08,51.61,1.67,107.4734,2046.68
2015-07-09,52.76,1.72,107.5595,2051.31
2015-07-10,52.74,1.77,107.213,2076.62
2015-07-13,52.19,1.75,107.5849,2099.6
2015-07-14,53.05,1.75,107.4843,2108.95
2015-07-15,51.4,1.72,108.0149,2107.4
2015-07-16,50.9,1.69,108.1726,2124.29
2015-07-17,50.88,1.66,108.5374,2126.64
2015-07-20,50.11,1.67,108.6944,2128.28
2015-07-21,50.59,1.64,108.3893,2119.21
2015-07-22,49.27,1.58,108.7817,2114.15
2015-07-23,48.11,1.57,108.7565,2102.15
2015-07-24,47.98,1.57,109.0174,2079.65
2015-07-27,47.17,1.55,108.6924,2067.64
2015-07-28,47.97,1.57,108.6881,2093.25
2015-07-29,48.77,1.59,108.604,2108.57
2015-07-30,48.53,1.56,109.4328,2108.63
2015-07-31,47.11,1.53,108.7819,2103.84
2015-08-03,45.25,1.48,109.214,2098.04
2015-08-04,45.75,1.49,109.2244,2093.32
2015-08-05,45.13,1.55,109.842,2099.84
2015-08-06,44.69,1.52,109.722,2083.56
2015-08-07,43.87,1.45,109.4376,2077.57
2015-08-10,44.94,1.51,109.1931,2104.18
2015-08-11,43.11,1.47,109.9464,2084.07
2015-08-12,43.22,1.47,109.4655,2086.05
2015-08-13,42.27,1.47,109.9025,2083.39
2015-08-14,42.45,1.47,109.9174,2091.54
2015-08-17,41.93,1.44,110.1435,2102.44
2015-08-18,42.58,1.46,110.2504,2096.92
2015-08-19,40.75,1.45,110.4333,2079.61
2015-08-20,41.0,1.4,110.1077,2035.73
2015-08-21,40.45,1.41,110.1443,1970.89
2015-08-24,38.22,1.42,109.9306,1893.21
2015-08-25,39.15,1.45,110.3394,1867.61
2015-08-26,38.5,1.51,110.5807,1940.51
2015-08-27,42.47,1.5,110.4834,1987.66
2015-08-28,45.29,1.47,110.6714,1988.87
2015-08-31,49.2,1.47,110.5621,1972.18
2015-09-01,45.38,1.47,110.4506,1913.85
2015-09-02,46.3,1.48,110.7979,1948.86
2015-09-03,46.75,1.47,110.8566,1951.13
2015-09-04,46.02,1.42,111.1018,1921.22
2015-09-07,,,,1921.22
2015-09-08,45.92,1.46,110.7942,1969.41
2015-09-09,44.13,1.46,110.9225,1942.04
2015-09-10,45.85,1.48,110.6331,1952.29
2015-09-11,44.75,1.49,110.6109,1961.05
2015-09-14,44.07,1.45,110.5005,1953.03
2015-09-15,44.58,1.46,110.6394,1978.09
2015-09-16,47.12,1.48,110.1021,1995.31
2015-09-17,46.93,1.51,110.1212,1990.2
2015-09-18,44.71,1.44,109.8165,1958.03
2015-09-21,46.67,1.48,110.6414,1966.97
2015-09-22,46.17,1.45,111.1967,1942.74
2015-09-23,44.53,1.46,111.6287,1938.76
2015-09-24,44.94,1.46,111.4454,1932.24
2015-09-25,45.55,1.47,111.3725,1931.34
2015-09-28,44.4,1.43,111.3914,1881.77
2015-09-29,45.24,1.41,111.5219,1884.09
2015-09-30,45.06,1.42,111.3311,1920.03
2015-10-01,44.75,1.41,111.0439,1923.82
2015-10-02,45.54,1.41,110.7006,1951.36
2015-10-05,46.28,1.46,110.4445,1987.05
2015-10-06,48.53,1.44,110.1371,1979.92
2015-10-07,47.86,1.43,109.8162,1995.83
2015-10-08,49.46,1.47,109.6452,2013.43
2015-10-09,49.67,1.47,109.0782,2014.89
2015-10-12,47.09,,,2017.46
2015-10-13,46.7,1.42,109.4119,2003.69
2015-10-14,46.63,1.42,109.1244,1994.24
2015-10-15,46.38,1.43,108.6671,2023.86
2015-10-16,47.3,1.43,108.9956,2033.11
2015-10-19,45.91,1.43,109.3858,2033.66
2015-10-20,45.84,1.42,109.3368,2030.77
2015-10-21,45.22,1.4,109.7746,2018.94
2015-10-22,44.9,1.43,110.0342,2052.51
2015-10-23,43.91,1.43,110.4329,2075.15
2015-10-26,43.19,1.41,110.2089,2071.18
2015-10-27,43.21,1.4,110.4875,2065.89
2015-10-28,45.93,1.37,110.2334,2090.35
2015-10-29,46.02,1.44,110.8083,2089.41
2015-10-30,46.6,1.41,110.2079,2079.36
2015-11-02,46.12,1.43,110.2188,2104.05
2015-11-03,47.88,1.43,110.244,2109.79
2015-11-04,46.32,1.41,110.7139,2102.31
2015-11-05,45.27,1.41,110.8302,2099.93
2015-11-06,44.32,1.44,111.7603,2099.2
2015-11-09,43.87,1.47,111.9112,2078.58
2015-11-10,44.23,1.45,111.9919,2081.72
2015-11-11,42.95,,,2075.0
2015-11-12,41.74,1.43,111.7965,2045.97
2015-11-13,40.69,1.42,112.0264,2023.04
2015-11-16,41.68,1.39,112.2199,2053.19
2015-11-17,40.73,1.39,112.3141,2050.44
2015-11-18,40.75,1.37,112.3663,2083.58
2015-11-19,40.55,1.33,111.5749,2081.24
2015-11-20,39.39,1.33,111.7799,2089.17
2015-11-23,39.27,1.31,112.1125,2086.59
2015-11-24,40.89,1.31,111.7638,2089.14
2015-11-25,41.22,1.3,111.8936,2088.87
2015-11-26,,,,2088.87
2015-11-27,40.57,1.3,112.2824,2090.11
2015-11-30,40.43,1.27,112.34,2080.41
2015-12-01,40.58,1.24,112.1134,2102.63
2015-12-02,39.93,1.24,112.3715,2079.51
2015-12-03,41.08,1.37,111.6407,2049.62
2015-12-04,40.0,1.32,111.5463,2091.69
2015-12-07,37.64,1.29,112.3056,2077.07
2015-12-08,37.46,1.3,112.5485,2063.59
2015-12-09,37.16,1.29,112.1918,2047.62
2015-12-10,36.76,1.29,112.2672,2052.23
2015-12-11,35.65,1.25,112.7147,2012.37
2015-12-14,36.31,1.26,112.7521,2021.94
2015-12-15,37.32,1.3,112.8609,2043.41
2015-12-16,35.55,1.28,112.9864,2073.07
2015-12-17,34.98,1.24,113.8177,2041.89
2015-12-18,34.72,1.22,113.2837,2005.55
2015-12-21,34.55,1.24,113.4144,2021.15
2015-12-22,36.12,1.25,113.211,2038.97
2015-12-23,36.76,1.26,113.1847,2064.29
2015-12-24,37.62,1.22,113.0496,2060.99
2015-12-25,,,,2060.99
2015-12-28,36.36,1.19,113.0461,2056.5
2015-12-29,37.88,1.23,113.1664,2078.36
2015-12-30,36.59,1.23,113.4707,2063.36
2015-12-31,37.13,1.21,113.3429,2043.94
2016-01-01,,,,2043.94
2016-01-04,36.81,1.22,114.1595,2012.66
2016-01-05,35.97,1.21,114.2649,2016.71
2016-01-06,33.97,1.19,114.6177,1990.26
2016-01-07,33.29,1.2,114.6516,1943.09
2016-01-08,33.2,1.19,115.0095,1922.03
2016-01-11,31.42,1.23,115.0139,1923.67
2016-01-12,30.42,1.19,115.3128,1938.68
2016-01-13,30.42,1.17,115.1425,1890.28
2016-01-14,31.22,1.2,115.3846,1921.84
2016-01-15,29.45,1.18,115.7404,1880.33
2016-01-18,,,,1880.33
2016-01-19,28.47,1.18,115.8155,1881.33
2016-01-20,26.68,1.16,116.3498,1859.33
2016-01-21,29.55,1.18,115.9833,1868.99
2016-01-22,32.07,1.19,,1906.9
2016-01-25,30.31,1.15,,1877.08
2016-01-26,29.54,1.16,,1903.63
2016-01-27,32.32,1.18,115.5087,1882.95
2016-01-28,33.21,1.17,115.2224,1893.36
2016-01-29,33.66,1.18,115.5731,1940.24
2016-02-01,31.62,1.16,115.3331,1939.38
2016-02-02,29.9,1.12,115.553,1903.03
2016-02-03,32.29,1.16,114.6144,1912.53
2016-02-04,31.63,1.17,113.6012,1915.45
2016-02-05,30.86,1.12,114.2935,1880.05
2016-02-08,29.71,1.09,114.4351,1853.44
2016-02-09,27.96,1.05,114.127,1852.21
2016-02-10,27.54,1.0,114.2877,1851.86
2016-02-11,26.19,0.99,114.1845,1829.08
2016-02-12,29.32,1.03,114.2992,1864.78
2016-02-15,,,,1864.78
2016-02-16,29.05,1.04,114.4905,1895.58
2016-02-17,30.68,1.07,113.8634,1926.82
2016-02-18,30.77,1.04,113.8897,1917.83
2016-02-19,29.59,1.0,113.9558,1917.78
2016-02-22,31.37,0.99,113.8232,1945.5
2016-02-23,31.84,0.98,114.177,1921.27
2016-02-24,30.35,1.0,114.1716,1929.8
2016-02-25,31.4,0.99,113.9222,1951.7
2016-02-26,31.65,0.96,114.3708,1948.05
2016-02-29,32.74,0.96,114.2418,1932.23
2016-03-01,34.39,0.98,113.9265,1978.35
2016-03-02,34.57,0.99,113.7965,1986.45
2016-03-03,34.56,0.98,113.2482,1993.4
2016-03-04,35.91,1.0,112.6387,1999.99
2016-03-07,37.9,1.0,112.6219,2001.76
2016-03-08,36.67,0.95,112.8465,1979.26
2016-03-09,37.62,1.0,112.4268,1989.26
2016-03-10,37.77,1.0,112.4191,1989.57
2016-03-11,38.51,1.01,111.741,2022.19
2016-03-14,37.2,1.0,112.1688,2019.64
2016-03-15,36.32,0.99,112.5545,2015.93
2016-03-16,38.43,1.07,112.7759,2027.22
2016-03-17,40.17,1.04,110.445,2040.59
2016-03-18,39.47,1.04,110.4002,2049.58
2016-03-21,39.91,1.05,110.737,2051.6
2016-03-22,41.45,1.03,110.7877,2049.8
2016-03-23,38.28,1.01,111.5473,2036.71
2016-03-24,38.14,1.02,111.816,2035.94
2016-03-25,,,111.7698,2035.94
2016-03-28,37.99,1.0,111.3578,2037.05
2016-03-29,36.91,1.03,111.3736,2055.01
2016-03-30,36.91,1.07,110.2301,2063.95
2016-03-31,36.94,1.05,109.9191,2059.74
2016-04-01,35.36,1.03,110.2977,2072.78
2016-04-04,34.3,1.03,110.3987,2066.13
2016-04-05,34.52,1.01,110.9478,2045.17
2016-04-06,37.74,1.03,110.5347,2066.66
2016-04-07,37.3,1.0,110.8876,2041.91
2016-04-08,39.74,1.02,110.4213,2047.6
2016-04-11,40.46,1.03,109.9758,2041.99
2016-04-12,42.12,1.05,109.816,2061.72
2016-04-13,41.7,1.02,110.1436,2082.42
2016-04-14,41.45,1.03,110.1691,2082.78
2016-04-15,40.4,1.02,110.1933,2080.73
2016-04-18,39.74,1.03,109.9892,2094.34
2016-04-19,40.88,1.02,109.2782,2100.8
2016-04-20,42.72,1.05,109.3926,2102.4
2016-04-21,43.18,1.06,109.8533,2091.48
2016-04-22,42.76,1.05,110.2331,2091.58
2016-04-25,41.67,1.06,110.1865,2087.79
2016-04-26,42.52,1.08,109.7496,2091.7
2016-04-27,45.29,1.04,109.8483,2095.15
2016-04-28,46.03,1.06,109.2148,2075.81
2016-04-29,45.98,1.06,108.8274,2065.3
2016-05-02,44.75,1.08,108.671,2081.43
2016-05-03,43.65,1.06,109.3613,2063.37
2016-05-04,43.77,1.04,109.9952,2051.12
2016-05-05,44.33,1.04,110.2417,2050.63
2016-05-06,44.58,1.05,110.3801,2057.14
2016-05-09,43.45,1.05,110.9466,2058.69
2016-05-10,44.68,1.05,110.8225,2084.39
2016-05-11,46.21,0.99,110.2806,2064.46
2016-05-12,46.64,0.99,110.6935,2064.11
2016-05-13,46.22,0.95,111.2521,2046.61
2016-05-16,47.72,0.96,111.1217,2066.66
2016-05-17,48.29,0.94,111.0867,2047.21
2016-05-18,48.12,0.97,111.4995,2047.63
2016-05-19,48.16,0.96,112.2331,2040.04
2016-05-20,47.67,0.96,112.1822,2052.32
2016-05-23,48.12,0.93,112.284,2048.04
2016-05-24,48.04,0.94,112.2912,2076.06
2016-05-25,49.1,0.95,112.2001,2090.54
2016-05-26,49.0,0.96,111.8979,2090.1
2016-05-27,49.36,0.95,112.0822,2099.06
2016-05-30,,,,2099.06
2016-05-31,49.1,0.97,112.4276,2096.95
2016-06-01,49.07,0.94,112.462,2099.33
2016-06-02,49.14,0.92,112.4564,2105.26
2016-06-03,48.69,0.93,111.4451,2099.13
2016-06-06,49.71,0.93,111.2295,2109.41
2016-06-07,50.37,0.94,110.8378,2112.13
2016-06-08,51.23,0.93,110.1916,2119.12
2016-06-09,50.52,0.91,110.6168,2115.48
2016-06-10,49.09,0.91,111.1027,2096.07
2016-06-13,48.89,0.89,111.5036,2079.06
2016-06-14,48.49,0.88,111.9826,2075.32
2016-06-15,47.92,0.91,111.7671,2071.5
2016-06-16,46.14,0.87,112.2347,2077.99
2016-06-17,48.0,0.92,111.5332,2071.22
2016-06-20,49.4,0.93,110.8693,2083.25
2016-06-21,48.95,0.95,111.0077,2088.9
2016-06-22,49.16,0.94,110.7681,2085.45
2016-06-23,49.34,0.96,110.262,2113.32
2016-06-24,46.7,0.93,112.1355,2037.41
2016-06-27,45.8,0.85,113.1301,2000.54
2016-06-28,47.93,0.85,112.7545,2036.09
2016-06-29,49.85,0.88,111.8597,2070.77
2016-06-30,48.27,0.91,112.1618,2098.86
2016-07-01,49.02,0.87,111.6509,2102.95
2016-07-04,,,,2102.95
2016-07-05,46.73,0.81,112.4231,2088.55
2016-07-06,47.37,0.8,112.5438,2099.73
2016-07-07,45.22,0.82,112.5775,2097.9
2016-07-08,45.37,0.76,112.3963,2129.9
2016-07-11,44.73,0.77,112.5254,2137.16
2016-07-12,46.82,0.84,112.1102,2152.14
2016-07-13,44.87,0.8,112.0266,2152.43
2016-07-14,45.64,0.85,111.7692,2163.75
2016-07-15,45.93,0.89,112.2833,2161.74
2016-07-18,45.23,0.91,112.2463,2166.89
2016-07-19,44.64,0.86,112.638,2163.78
2016-07-20,44.96,0.86,112.6743,2173.02
2016-07-21,43.96,0.87,112.6239,2165.17
2016-07-22,43.41,0.86,112.989,2175.03
2016-07-25,42.4,0.86,113.1784,2168.48
2016-07-26,42.16,0.82,113.0593,2169.18
2016-07-27,41.9,0.79,113.217,2166.58
2016-07-28,41.13,0.8,112.7393,2170.06
2016-07-29,41.54,0.79,111.874,2173.6
2016-08-01,40.05,0.84,111.9757,2170.84
2016-08-02,39.5,0.88,111.7124,2157.03
2016-08-03,40.8,0.88,111.9419,2163.79
2016-08-04,41.92,0.87,111.9149,2164.25
2016-08-05,41.83,0.87,112.3589,2182.87
2016-08-08,43.06,0.85,112.1456,2180.89
2016-08-09,42.78,0.84,111.722,2181.74
2016-08-10,41.75,0.81,111.3238,2175.49
2016-08-11,43.51,0.81,111.1954,2185.79
2016-08-12,44.47,0.8,111.1787,2184.05
2016-08-15,45.72,0.83,110.9212,2190.15
2016-08-16,46.57,0.81,110.4295,2178.15
2016-08-17,46.81,0.82,110.9459,2182.22
2016-08-18,48.2,0.82,110.3134,2187.02
2016-08-19,48.48,0.82,110.8163,2183.87
2016-08-22,46.8,0.79,110.9997,2182.64
2016-08-23,47.54,0.81,110.9414,2186.9
2016-08-24,46.29,0.8,111.2958,2175.44
2016-08-25,46.97,0.8,111.1726,2172.47
2016-08-26,47.64,0.78,111.2035,2169.04
2016-08-29,46.97,0.76,111.8775,2180.38
2016-08-30,46.32,0.77,112.2928,2176.12
2016-08-31,44.68,0.78,112.4036,2170.95
2016-09-01,43.17,0.79,112.1733,2170.86
2016-09-02,44.39,0.8,112.0009,2179.98
2016-09-05,,,,2179.98
2016-09-06,44.85,0.81,110.9613,2186.48
2016-09-07,45.47,0.8,110.9717,2186.16
2016-09-08,47.63,0.83,111.2609,2181.3
2016-09-09,45.88,0.88,111.9879,2127.81
2016-09-12,46.28,0.89,112.1516,2159.04
2016-09-13,44.91,0.93,112.5207,2127.02
2016-09-14,43.62,0.93,112.4678,2125.77
2016-09-15,43.85,0.97,112.4753,2147.26
2016-09-16,43.04,0.93,113.1765,2139.16
2016-09-19,43.34,0.91,112.903,2139.12
2016-09-20,43.85,0.9,113.1848,2139.76
2016-09-21,45.33,0.87,112.9842,2163.12
2016-09-22,46.1,0.84,112.2592,2177.18
2016-09-23,44.36,0.85,112.7166,2164.69
2016-09-26,45.6,0.83,112.7112,2146.1
2016-09-27,44.65,0.81,112.5515,2159.93
2016-09-28,47.07,0.82,112.6283,2171.37
2016-09-29,47.72,0.83,112.2879,2151.13
2016-09-30,47.72,0.83,112.2795,2168.27
2016-10-03,48.8,0.83,112.5077,2161.2
2016-10-04,48.67,0.87,112.6579,2150.49
2016-10-05,49.75,0.87,112.7946,2159.73
2016-10-06,50.44,0.89,113.0066,2160.77
2016-10-07,49.76,0.9,113.2915,2153.74
2016-10-10,49.76,,,2163.66
2016-10-11,50.72,0.9,113.4461,2136.73
2016-10-12,50.14,0.92,113.7442,2139.18
2016-10-13,50.47,0.9,113.6238,2132.55
2016-10-14,50.35,0.96,113.7119,2132.98
2016-10-17,49.97,0.96,113.5488,2126.5
2016-10-18,50.3,0.93,113.1393,2139.6
2016-10-19,51.59,0.95,113.0547,2144.29
2016-10-20,50.31,0.92,113.4033,2141.34
2016-10-21,50.61,0.9,113.9015,2141.16
2016-10-24,50.18,0.93,113.8571,2151.33
2016-10-25,49.45,0.91,113.6801,2143.16
2016-10-26,48.75,0.93,113.8131,2139.43
2016-10-27,49.71,0.98,114.1998,2133.04
2016-10-28,48.72,1.0,114.0931,2126.41
2016-10-31,46.83,0.98,114.0188,2126.15
2016-11-01,46.66,1.0,113.9915,2111.72
2016-11-02,45.32,1.0,113.9206,2097.94
2016-11-03,44.66,1.01,113.7664,2088.66
2016-11-04,44.07,0.99,113.5828,2085.18
2016-11-07,44.88,1.01,113.5443,2131.52
2016-11-08,44.96,1.01,113.3017,2139.56
2016-11-09,45.2,1.17,114.6956,2163.26
2016-11-10,44.62,1.23,115.9375,2167.48
2016-11-11,43.39,,,2164.45
2016-11-14,43.29,1.23,117.2245,2164.2
2016-11-15,45.86,1.21,116.7724,2180.39
2016-11-16,45.56,1.22,116.8062,2176.94
2016-11-17,45.37,1.25,116.8952,2187.12
2016-11-18,45.69,1.27,117.5936,2181.9
2016-11-21,47.48,1.25,117.4762,2198.18
2016-11-22,48.07,1.24,117.4508,2202.94
2016-11-23,46.72,1.24,118.0356,2204.72
2016-11-24,,,,2204.72
2016-11-25,46.72,1.24,118.02,2213.35
2016-11-28,45.66,1.21,117.7278,2201.72
2016-11-29,45.29,1.21,117.644,2204.66
2016-11-30,49.41,1.26,117.7636,2198.81
2016-12-01,51.08,1.31,117.6642,2191.08
2016-12-02,51.7,1.29,117.3116,2191.95
2016-12-05,51.72,1.26,117.1008,2204.71
2016-12-06,50.95,1.27,116.9225,2212.23
2016-12-07,49.85,1.24,116.672,2241.35
2016-12-08,50.84,1.28,117.0327,2246.19
2016-12-09,51.51,1.32,117.2834,2259.53
2016-12-12,52.74,1.34,116.9161,2256.96
2016-12-13,52.99,1.31,116.8029,2271.72
2016-12-14,51.01,1.27,116.7332,2253.28
2016-12-15,50.9,1.31,118.8072,2262.03
2016-12-16,51.93,1.32,118.3584,2258.07
2016-12-19,52.13,1.3,118.3875,2262.53
2016-12-20,52.22,1.32,118.63,2270.76
2016-12-21,51.44,1.34,118.581,2265.18
2016-12-22,51.98,1.33,118.8209,2260.96
2016-12-23,52.01,1.33,118.7856,2263.79
2016-12-26,,,,2263.79
2016-12-27,52.82,1.29,118.9506,2268.88
2016-12-28,54.01,1.25,119.2305,2249.92
2016-12-29,53.8,1.27,118.6637,2249.26
2016-12-30,53.75,1.25,118.3466,2238.83
2017-01-02,,,,2238.83
2017-01-03,52.36,1.23,119.0903,2257.83
2017-01-04,53.26,1.22,118.8803,2270.75
2017-01-05,53.77,1.2,117.9999,2269.0
2017-01-06,53.98,1.2,118.3495,2276.98
2017-01-09,51.95,1.17,118.4111,2268.9
2017-01-10,50.82,1.19,118.5386,2268.9
2017-01-11,52.19,1.18,119.0219,2275.32
2017-01-12,53.01,1.18,117.8001,2270.44
2017-01-13,52.36,1.19,117.9884,2274.64
2017-01-16,,,,2274.64
2017-01-17,52.45,1.16,117.2656,2267.89
2017-01-18,51.12,1.19,117.7242,2271.89
2017-01-19,51.39,1.22,118.3182,2263.69
2017-01-20,52.33,1.28,,2271.31
2017-01-23,52.77,1.25,117.2479,2265.2
2017-01-24,52.38,1.26,117.0516,2280.07
2017-01-25,52.14,1.3,116.9355,2298.37
2017-01-26,53.24,1.3,117.2766,2296.68
2017-01-27,53.18,1.27,117.0735,2294.69
2017-01-30,52.63,1.27,116.7325,2280.9
2017-01-31,52.75,1.26,116.2241,2278.87
2017-02-01,53.9,1.26,116.3914,2279.55
2017-02-02,53.55,1.27,115.903,2280.85
2017-02-03,53.81,1.28,115.6259,2297.42
2017-02-06,53.01,1.26,116.0504,2292.56
2017-02-07,52.19,1.24,116.4082,2293.08
2017-02-08,52.37,1.19,116.1382,2294.67
2017-02-09,52.99,1.2,116.306,2307.87
2017-02-10,53.84,1.21,116.148,2316.1
2017-02-13,52.96,1.23,116.3427,2328.25
2017-02-14,53.21,1.22,116.3949,2337.58
2017-02-15,53.11,1.24,116.2162,2349.25
2017-02-16,53.41,1.23,116.0067,2347.22
2017-02-17,53.41,1.21,116.4035,2351.16
2017-02-20,,,,2351.16
2017-02-21,54.02,1.21,116.5921,2365.38
2017-02-22,53.61,1.2,116.2136,2362.82
2017-02-23,54.48,1.2,115.6527,2363.81
2017-02-24,53.99,1.19,115.8143,2367.34
2017-02-27,54.04,1.16,115.6764,2369.75
2017-02-28,54.0,1.14,116.0032,2363.64
2017-03-01,53.82,1.17,116.438,2395.96
2017-03-02,52.63,1.17,116.8429,2381.92
2017-03-03,53.33,1.17,116.6438,2383.12
2017-03-06,53.19,1.18,116.4313,2375.31
2017-03-07,52.68,1.2,116.4303,2368.39
2017-03-08,49.83,1.21,116.875,2362.98
2017-03-09,48.75,1.23,116.9959,2364.87
2017-03-10,48.05,1.22,116.616,2372.6
2017-03-13,47.95,1.22,116.4004,2373.47
2017-03-14,47.24,1.2,116.5646,2365.45
2017-03-15,48.34,1.18,116.3584,2385.26
2017-03-16,48.3,1.18,115.4456,2381.38
2017-03-17,48.34,1.17,115.2783,2378.25
2017-03-20,47.79,1.17,115.0426,2373.47
2017-03-21,47.02,1.16,114.8119,2344.02
2017-03-22,47.29,1.13,114.7937,2348.45
2017-03-23,47.0,1.15,114.7899,2345.96
2017-03-24,47.3,1.14,114.6372,2343.98
2017-03-27,47.02,1.11,114.2347,2341.59
2017-03-28,48.36,1.12,114.419,2358.57
2017-03-29,49.47,1.13,114.7167,2361.13
2017-03-30,50.3,1.14,114.5245,2368.06
2017-03-31,50.54,1.13,114.7938,2362.72
2017-04-03,50.25,1.11,114.8734,2358.84
2017-04-04,50.99,1.11,115.0038,2360.16
2017-04-05,51.14,1.1,114.9494,2352.95
2017-04-06,51.69,1.1,115.0181,2357.49
2017-04-07,52.25,1.09,115.0547,2355.54
2017-04-10,53.06,1.08,115.11,2357.16
2017-04-11,53.38,1.08,115.009,2353.78
2017-04-12,53.12,1.04,114.9162,2344.93
2017-04-13,53.19,1.03,114.5059,2328.95
2017-04-14,,,114.5368,2328.95
2017-04-17,52.62,1.05,114.3283,2349.01
2017-04-18,52.46,1.0,114.2575,2342.19
2017-04-19,50.49,1.02,114.7923,2338.17
2017-04-20,50.26,1.03,114.6205,2355.84
2017-04-21,49.64,1.04,114.8128,2348.69
2017-04-24,48.9,1.03,114.3659,2374.15
2017-04-25,49.22,1.06,114.5111,2388.61
2017-04-26,49.22,1.04,114.9479,2387.45
2017-04-27,48.96,1.05,114.9946,2388.77
2017-04-28,49.31,1.01,114.7877,2384.2
2017-05-01,48.83,1.05,114.5921,2388.33
2017-05-02,47.65,1.02,114.6792,2391.17
2017-05-03,47.79,1.03,114.6637,2388.13
2017-05-04,45.55,1.04,114.9076,2389.52
2017-05-05,46.23,1.04,114.7725,2399.29
2017-05-08,46.46,1.06,115.0895,2399.38
2017-05-09,45.84,1.05,115.3933,2396.92
2017-05-10,47.28,1.06,115.1145,2399.63
2017-05-11,47.81,1.04,115.0669,2394.44
2017-05-12,47.83,1.04,114.7479,2390.9
2017-05-15,48.86,1.03,114.3504,2402.32
2017-05-16,48.64,1.04,113.9923,2400.67
2017-05-17,49.04,0.96,113.7506,2357.03
2017-05-18,49.36,0.96,114.2683,2365.72
2017-05-19,50.32,0.95,113.7001,2381.73
2017-05-22,50.81,0.96,113.5442,2394.02
2017-05-23,51.12,0.98,113.6862,2398.42
2017-05-24,50.99,0.97,113.675,2404.39
2017-05-25,48.57,0.95,113.3719,2415.07
2017-05-26,49.58,0.95,113.4839,2415.82
2017-05-29,,,,2415.82
2017-05-30,49.63,0.93,113.5552,2412.91
2017-05-31,48.29,0.93,113.2956,2411.8
2017-06-01,48.32,0.93,113.3017,2430.06
2017-06-02,47.68,0.87,113.1908,2439.07
2017-06-05,47.4,0.86,112.9755,2436.1
2017-06-06,48.13,0.84,112.7095,2429.33
2017-06-07,45.8,0.86,112.8191,2433.14
2017-06-08,45.68,0.86,112.8351,2433.79
2017-06-09,45.82,0.86,112.9562,2431.77
2017-06-12,46.1,0.86,112.9837,2429.39
2017-06-13,46.41,0.83,112.6271,2440.35
2017-06-14,44.79,0.8,112.0734,2437.92
2017-06-15,44.47,0.81,112.8708,2432.46
2017-06-16,44.73,0.84,112.6155,2433.15
2017-06-19,44.24,0.83,112.7576,2453.46
2017-06-20,43.34,0.8,113.2698,2437.03
2017-06-21,42.48,0.8,113.3327,2435.61
2017-06-22,42.53,0.81,113.1654,2434.5
2017-06-23,42.86,0.81,112.8665,2438.3
2017-06-26,43.24,0.78,112.7633,2439.07
2017-06-27,44.25,0.83,112.55,2419.38
2017-06-28,44.74,0.88,112.0747,2440.69
2017-06-29,44.88,0.89,111.998,2419.7
2017-06-30,46.02,0.93,111.9896,2423.41
2017-07-03,,0.94,112.4268,2429.01
2017-07-04,,,,2429.01
2017-07-05,45.11,0.92,112.6534,2432.54
2017-07-06,45.52,0.97,112.4199,2409.75
2017-07-07,44.25,0.99,112.3137,2425.18
2017-07-10,44.4,0.98,112.1587,2427.43
2017-07-11,45.06,1.0,112.1434,2425.53
2017-07-12,45.48,0.98,111.5904,2443.25
2017-07-13,46.06,0.98,111.5365,2447.83
2017-07-14,46.53,0.98,110.9075,2459.27
2017-07-17,46.02,0.95,110.9304,2459.14
2017-07-18,46.4,0.91,110.4356,2460.61
2017-07-19,47.1,0.9,110.4339,2473.83
2017-07-20,46.73,0.9,110.2512,2473.45
2017-07-21,45.78,0.88,110.191,2472.54
2017-07-24,46.21,0.89,110.2004,2469.91
2017-07-25,47.77,0.93,110.2835,2477.13
2017-07-26,48.58,0.93,110.3811,2477.83
2017-07-27,49.05,0.96,110.216,2475.42
2017-07-28,49.72,0.96,109.92,2472.1
2017-07-31,50.21,0.96,109.8177,2470.3
2017-08-01,49.19,0.92,109.8495,2476.35
2017-08-02,49.6,0.91,109.7503,2477.57
2017-08-03,49.03,0.9,109.8332,2472.16
2017-08-04,49.57,0.91,110.2808,2476.83
2017-08-07,49.37,0.9,110.373,2480.91
2017-08-08,49.07,0.93,110.396,2474.92
2017-08-09,49.59,0.91,110.3671,2474.02
2017-08-10,48.54,0.87,110.1886,2438.21
2017-08-11,48.81,0.89,110.0422,2441.32
2017-08-14,47.59,0.89,110.095,2465.84
2017-08-15,47.57,0.92,110.4846,2464.61
2017-08-16,46.8,0.9,110.4394,2468.11
2017-08-17,47.07,0.87,110.1673,2430.01
2017-08-18,48.59,0.86,110.041,2425.55
2017-08-21,47.39,0.86,109.7349,2428.37
2017-08-22,47.65,0.89,109.8386,2452.51
2017-08-23,48.45,0.85,109.8095,2444.04
2017-08-24,47.24,0.86,109.7524,2438.97
2017-08-25,47.65,0.82,109.3415,2443.05
2017-08-28,46.4,0.83,109.1815,2444.24
2017-08-29,46.46,0.8,109.0946,2446.3
2017-08-30,45.96,0.82,109.4052,2457.59
2017-08-31,47.26,0.79,109.3686,2471.65
2017-09-01,47.32,0.81,109.0504,2476.55
2017-09-04,,,,2476.55
2017-09-05,48.63,0.77,108.8664,2457.85
2017-09-06,49.13,0.8,108.4897,2465.54
2017-09-07,49.1,0.78,107.9224,2465.1
2017-09-08,47.44,0.79,107.808,2461.43
2017-09-11,48.06,0.82,108.153,2488.11
2017-09-12,48.21,0.84,108.3239,2496.48
2017-09-13,49.3,0.85,108.6628,2498.37
2017-09-14,49.86,0.83,108.618,2495.62
2017-09-15,49.9,0.81,108.3147,2500.23
2017-09-18,49.88,0.83,108.6401,2503.87
2017-09-19,49.54,0.84,108.6142,2506.65
2017-09-20,50.29,0.83,108.4329,2508.24
2017-09-21,50.58,0.82,108.9267,2500.6
2017-09-22,50.33,0.8,108.7542,2502.22
2017-09-25,51.85,0.78,109.3302,2496.66
2017-09-26,51.59,0.79,109.7769,2496.84
2017-09-27,52.14,0.84,110.0722,2507.04
2017-09-28,51.62,0.86,110.2415,2510.06
2017-09-29,51.67,0.86,110.0867,2519.36
2017-10-02,50.59,0.85,110.3686,2529.12
2017-10-03,50.44,0.86,110.3281,2534.58
2017-10-04,50.0,0.86,110.2425,2537.74
2017-10-05,50.79,0.86,110.5823,2552.07
2017-10-06,49.34,0.83,110.7841,2549.33
2017-10-09,49.58,,,2544.73
2017-10-10,50.93,0.84,110.3034,2550.64
2017-10-11,51.3,0.84,110.3037,2555.24
2017-10-12,50.61,0.82,110.3152,2550.93
2017-10-13,51.43,0.77,110.2669,2553.17
2017-10-16,51.86,0.76,110.5432,2557.64
2017-10-17,51.87,0.76,110.9141,2559.36
2017-10-18,52.05,0.75,110.7214,2561.26
2017-10-19,51.29,0.75,110.4577,2562.1
2017-10-20,51.63,0.79,111.0375,2575.21
2017-10-23,51.91,0.8,111.2134,2564.98
2017-10-24,52.32,0.82,111.4027,2569.13
2017-10-25,51.97,0.83,111.3904,2557.15
2017-10-26,52.41,0.83,111.6418,2560.4
2017-10-27,53.92,0.83,112.1495,2581.07
2017-10-30,54.11,0.79,111.901,2572.83
2017-10-31,54.36,0.78,111.8052,2575.26
2017-11-01,54.32,0.76,111.7942,2579.36
2017-11-02,54.55,0.74,111.5474,2579.85
2017-11-03,55.63,0.71,111.9383,2587.84
2017-11-06,57.34,0.71,111.7197,2591.13
2017-11-07,57.19,0.69,111.9446,2590.64
2017-11-08,56.82,0.67,111.6935,2594.38
2017-11-09,57.16,0.7,111.5626,2584.62
2017-11-10,56.75,0.73,,2582.3
2017-11-13,56.77,0.7,111.7833,2584.84
2017-11-14,55.67,0.7,111.5097,2578.87
2017-11-15,55.28,0.65,111.4809,2564.62
2017-11-16,55.14,0.65,111.2568,2585.64
2017-11-17,56.21,0.62,111.0016,2578.85
2017-11-20,56.21,0.6,111.2599,2582.14
2017-11-21,56.84,0.59,110.9828,2599.03
2017-11-22,57.88,0.58,110.5632,2597.08
2017-11-23,,,,2597.08
2017-11-24,58.94,0.59,110.0253,2602.42
2017-11-27,58.1,0.58,110.1136,2601.42
2017-11-28,57.96,0.59,110.3018,2627.04
2017-11-29,57.25,0.59,110.3265,2626.07
2017-11-30,57.4,0.64,110.4648,2647.58
2017-12-01,58.35,0.59,110.1413,2642.22
2017-12-04,57.48,0.57,110.397,2639.44
2017-12-05,57.66,0.53,110.4905,2629.57
2017-12-06,55.79,0.55,110.8711,2629.27
2017-12-07,56.5,0.57,111.0178,2636.98
2017-12-08,57.15,0.58,111.2273,2651.5
2017-12-11,57.84,0.57,111.0827,2659.99
2017-12-12,57.12,0.57,111.5214,2664.11
2017-12-13,56.59,0.57,111.2759,2662.85
2017-12-14,57.0,0.53,111.0893,2652.01
2017-12-15,57.29,0.51,111.1286,2675.81
2017-12-18,57.17,0.55,110.9086,2690.16
2017-12-19,57.49,0.59,111.1255,2681.47
2017-12-20,58.09,0.62,110.8361,2679.25
2017-12-21,58.34,0.59,110.8786,2684.57
2017-12-22,58.25,0.57,111.0997,2683.34
2017-12-25,,,,2683.34
2017-12-26,59.55,0.55,110.9758,2680.5
2017-12-27,59.67,0.53,110.8553,2682.62
2017-12-28,59.84,0.52,110.5154,2687.54
2017-12-29,60.46,0.51,110.0783,2673.61
2018-01-01,,,,2673.61
2018-01-02,60.37,0.54,109.6445,2695.81
2018-01-03,61.61,0.5,109.6751,2713.06
2018-01-04,61.98,0.5,109.4777,2723.99
2018-01-05,61.49,0.51,109.3496,2743.15
2018-01-08,61.73,0.53,109.5681,2747.71
2018-01-09,62.92,0.57,109.9025,2751.29
2018-01-10,63.6,0.57,109.628,2748.23
2018-01-11,63.81,0.56,109.4888,2767.56
2018-01-12,64.22,0.56,108.901,2786.24
2018-01-15,,,,2786.24
2018-01-16,63.82,0.51,108.3218,2776.42
2018-01-17,63.92,0.52,108.1526,2802.56
2018-01-18,63.96,0.57,108.0655,2798.03
2018-01-19,63.38,0.58,107.9455,2810.3
2018-01-22,63.66,0.58,108.107,2832.97
2018-01-23,64.45,0.57,107.9979,2839.13
2018-01-24,65.69,0.57,107.0802,2837.54
2018-01-25,65.62,0.55,106.5052,2839.25
2018-01-26,66.27,0.53,106.6911,2872.87
2018-01-29,65.71,0.59,107.1142,2853.53
2018-01-30,64.64,0.6,107.1064,2822.43
2018-01-31,64.82,0.58,106.7696,2823.81
2018-02-01,65.92,0.62,106.4877,2821.98
2018-02-02,65.5,0.69,107.1151,2762.13
2018-02-05,64.18,0.69,107.33,2648.94
2018-02-06,63.48,0.69,107.5204,2695.14
2018-02-07,61.91,0.69,107.7175,2681.66
2018-02-08,61.3,0.72,108.3025,2581.0
2018-02-09,59.2,0.78,108.2582,2619.55
2018-02-12,59.41,0.77,108.0332,2656.0
2018-02-13,59.33,0.73,107.7574,2662.94
2018-02-14,60.7,0.74,107.4691,2698.63
2018-02-15,61.48,0.71,106.9867,2731.2
2018-02-16,61.89,0.66,107.0359,2732.22
2018-02-19,,,,2732.22
2018-02-20,61.91,0.63,107.6249,2716.26
2018-02-21,61.73,0.68,107.8679,2701.33
2018-02-22,62.72,0.67,107.8668,2703.96
2018-02-23,63.52,0.63,107.6804,2747.3
2018-02-26,63.81,0.64,107.7347,2779.6
2018-02-27,62.94,0.63,108.1731,2744.28
2018-02-28,61.43,0.62,108.3903,2713.83
2018-03-01,60.98,0.59,108.5358,2677.67
2018-03-02,61.19,0.61,,2691.25
2018-03-05,62.49,0.64,108.3614,2720.94
2018-03-06,62.54,0.63,107.7969,2728.12
2018-03-07,61.09,0.64,108.0911,2726.8
2018-03-08,60.13,0.61,108.2671,2738.97
2018-03-09,62.02,0.63,107.923,2786.57
2018-03-12,61.35,0.6,107.9438,2783.02
2018-03-13,60.69,0.58,107.7384,2765.31
2018-03-14,60.89,0.55,107.8623,2749.48
2018-03-15,61.16,0.53,108.2032,2747.33
2018-03-16,62.29,0.54,108.4332,2752.01
2018-03-19,62.01,0.54,108.3145,2712.92
2018-03-20,63.37,0.55,108.4953,2716.94
2018-03-21,65.1,0.58,,2711.93
2018-03-22,64.25,0.54,107.9935,2643.69
2018-03-23,65.8,0.54,107.7495,2588.26
2018-03-26,65.49,0.52,107.1819,2658.55
2018-03-27,65.21,0.52,107.3359,2612.62
2018-03-28,64.3,0.49,107.5733,2605.0
2018-03-29,64.87,0.47,107.665,2640.87
2018-03-30,,,107.4784,2640.87
2018-04-02,63.05,0.48,107.7033,2581.88
2018-04-03,63.41,0.51,107.5624,2614.45
2018-04-04,63.35,0.51,107.6361,2644.69
2018-04-05,63.53,0.53,107.7281,2662.84
2018-04-06,62.03,0.5,107.7886,2604.47
2018-04-09,63.4,0.49,107.5316,2613.16
2018-04-10,65.48,0.48,107.3659,2656.87
2018-04-11,66.81,0.47,107.1224,2642.19
2018-04-12,67.07,0.49,107.2905,2663.99
2018-04-13,67.35,0.45,107.2368,2656.3
2018-04-16,66.23,0.44,107.0595,2677.84
2018-04-17,66.5,0.41,107.0344,2706.39
2018-04-18,68.44,0.45,107.1096,2708.64
2018-04-19,68.3,0.48,107.5197,2693.13
2018-04-20,68.26,0.5,108.1787,2670.14
2018-04-23,67.61,0.49,108.9332,2670.29
2018-04-24,67.66,0.52,108.7906,2634.56
2018-04-25,68.0,0.54,109.3447,2639.4
2018-04-26,68.18,0.51,109.3646,2666.94
2018-04-27,68.11,0.47,109.1735,2669.91
2018-04-30,68.56,0.46,109.3363,2648.05
2018-05-01,67.28,0.47,109.7445,2654.8
2018-05-02,67.91,0.48,110.1625,2635.67
2018-05-03,68.45,0.45,110.1803,2629.73
2018-05-04,69.71,0.44,110.25,2663.42
2018-05-07,70.74,0.46,110.5721,2672.63
2018-05-08,68.83,0.46,111.063,2671.92
2018-05-09,71.16,0.46,110.8818,2697.79
2018-05-10,71.36,0.43,110.405,2723.07
2018-05-11,70.69,0.43,110.2847,2727.72
2018-05-14,71.01,0.45,110.408,2730.13
2018-05-15,71.34,0.5,111.2292,2711.45
2018-05-16,71.43,0.51,111.3068,2722.46
2018-05-17,71.47,0.54,111.3547,2720.13
2018-05-18,71.23,0.51,111.7171,2712.97
2018-05-21,72.26,0.48,111.6394,2733.01
2018-05-22,72.09,0.47,111.1945,2724.44
2018-05-23,71.85,0.48,111.6933,2733.29
2018-05-24,70.77,0.48,111.4885,2727.76
2018-05-25,67.92,0.45,111.5843,2721.33
2018-05-28,,,,2721.33
2018-05-29,66.8,0.45,112.2127,2689.86
2018-05-30,68.24,0.42,111.6731,2724.01
2018-05-31,66.98,0.43,111.9894,2705.27
2018-06-01,65.81,0.42,111.8265,2734.62
2018-06-04,64.76,0.42,111.8247,2746.87
2018-06-05,65.51,0.43,112.264,2748.8
2018-06-06,64.75,0.45,111.7525,2772.35
2018-06-07,65.96,0.43,112.0725,2770.37
2018-06-08,65.77,0.43,112.1066,2779.03
2018-06-11,66.1,0.44,112.1106,2782.0
2018-06-12,66.38,0.42,112.2138,2786.85
2018-06-13,66.63,0.39,112.2577,2775.63
2018-06-14,66.91,0.35,112.8593,2782.49
2018-06-15,65.01,0.38,113.3379,2779.66
2018-06-18,65.91,0.36,113.4899,2773.75
2018-06-19,65.09,0.35,113.639,2762.59
2018-06-20,65.92,0.37,113.4784,2767.32
2018-06-21,65.68,0.34,113.6109,2749.76
2018-06-22,69.02,0.34,113.3047,2754.88
2018-06-25,69.91,0.33,113.286,2717.07
2018-06-26,75.23,0.35,113.3016,2723.06
2018-06-27,77.41,0.31,113.8971,2699.63
2018-06-28,73.45,0.32,113.8405,2716.31
2018-06-29,74.13,0.33,113.2586,2718.37
2018-07-02,73.89,0.3,114.1673,2726.71
2018-07-03,74.19,0.3,113.3222,2713.22
2018-07-04,,,,2713.22
2018-07-05,73.05,0.29,112.9759,2736.61
2018-07-06,73.78,0.29,112.6428,2759.82
2018-07-09,73.93,0.29,112.6425,2784.17
2018-07-10,74.11,0.28,112.5794,2793.84
2018-07-11,70.47,0.27,112.8582,2774.02
2018-07-12,70.28,0.25,112.779,2798.29
2018-07-13,71.03,0.24,113.0705,2801.31
2018-07-16,68.22,0.26,112.8437,2798.43
2018-07-17,68.03,0.24,113.1504,2809.55
2018-07-18,68.78,0.28,113.3348,2815.62
2018-07-19,69.42,0.24,113.9463,2804.49
2018-07-20,70.31,0.29,113.3213,2801.83
2018-07-23,67.9,0.32,113.4246,2806.98
2018-07-24,70.77,0.32,113.2045,2820.4
2018-07-25,71.13,0.28,112.9221,2846.07
2018-07-26,71.59,0.29,112.9179,2837.44
2018-07-27,68.66,0.29,112.8125,2818.82
2018-07-30,71.19,0.32,112.6044,2802.6
2018-07-31,69.88,0.29,112.7299,2816.29
2018-08-01,68.8,0.33,112.8899,2813.36
2018-08-02,68.95,0.32,113.1679,2827.22
2018-08-03,68.49,0.32,113.012,2840.35
2018-08-06,69.01,0.3,113.229,2850.4
2018-08-07,69.17,0.3,112.9759,2858.45
2018-08-08,66.92,0.28,113.1411,2857.7
2018-08-09,66.81,0.29,113.3806,2853.58
2018-08-10,67.61,0.26,114.3005,2833.28
2018-08-13,67.25,0.27,114.851,2821.93
2018-08-14,67.04,0.26,114.658,2839.96
2018-08-15,65.07,0.25,115.1526,2818.37
2018-08-16,65.44,0.24,114.6416,2840.69
2018-08-17,65.93,0.26,114.5339,2850.13
2018-08-20,66.5,0.22,114.3504,2857.05
2018-08-21,67.32,0.24,113.8604,2862.96
2018-08-22,67.85,0.22,113.663,2861.82
2018-08-23,69.13,0.21,114.0932,2856.98
2018-08-24,69.71,0.19,113.5985,2874.69
2018-08-27,69.97,0.18,113.2721,2896.74
2018-08-28,68.54,0.21,113.3444,2897.52
2018-08-29,69.68,0.22,113.6461,2914.04
2018-08-30,70.25,0.22,114.0899,2901.13
2018-08-31,69.84,0.24,114.2755,2901.52
2018-09-03,,,,2901.52
2018-09-04,69.82,0.24,114.8584,2896.72
2018-09-05,68.69,0.24,114.7477,2888.6
2018-09-06,67.81,0.24,114.6479,2878.05
2018-09-07,67.73,0.23,114.5816,2871.68
2018-09-10,67.55,0.21,114.6802,2877.13
2018-09-11,69.29,0.22,114.7051,2887.89
2018-09-12,70.37,0.23,114.2192,2888.92
2018-09-13,68.6,0.21,113.9268,2904.18
2018-09-14,68.98,0.21,114.0657,2904.98
2018-09-17,68.86,0.21,113.9158,2888.8
2018-09-18,69.87,0.24,113.7739,2904.31
2018-09-19,71.08,0.27,113.6532,2907.95
2018-09-20,70.77,0.26,113.4989,2930.75
2018-09-21,70.8,0.26,113.5099,2929.67
2018-09-24,73.23,0.25,113.5301,2919.37
2018-09-25,73.4,0.27,113.7202,2915.56
2018-09-26,72.22,0.23,113.6739,2905.97
2018-09-27,72.18,0.23,113.9784,2914.0
2018-09-28,73.16,0.24,113.8077,2913.98
2018-10-01,75.37,0.27,113.8235,2924.59
2018-10-02,75.16,0.23,113.8954,2923.43
2018-10-03,76.4,0.3,114.1569,2925.51
2018-10-04,74.44,0.32,114.6867,2901.61
2018-10-05,74.26,0.35,114.561,2885.57
2018-10-08,74.27,,,2884.43
2018-10-09,74.95,0.33,114.6583,2880.34
2018-10-10,73.18,0.34,114.6072,2785.68
2018-10-11,70.97,0.29,114.4074,2728.37
2018-10-12,71.41,0.3,114.3691,2767.13
2018-10-15,71.84,0.31,114.045,2750.79
2018-10-16,71.93,0.29,113.8963,2809.92
2018-10-17,69.63,0.3,114.1755,2809.21
2018-10-18,68.63,0.3,114.8164,2768.78
2018-10-19,69.16,0.28,114.8567,2767.78
2018-10-22,69.25,0.28,115.1782,2755.88
2018-10-23,66.49,0.28,115.1651,2740.69
2018-10-24,66.56,0.26,115.3755,2656.1
2018-10-25,67.25,0.28,115.4831,2705.57
2018-10-26,67.58,0.27,115.473,2658.69
2018-10-29,67.0,0.27,115.8936,2641.25
2018-10-30,66.18,0.28,116.2357,2682.63
2018-10-31,65.31,0.28,116.5281,2711.74
2018-11-01,63.67,0.3,115.8657,2740.37
2018-11-02,63.12,0.31,115.643,2723.06
2018-11-05,63.12,0.29,115.703,2738.31
2018-11-06,62.16,0.29,115.5622,2755.45
2018-11-07,61.69,0.26,115.2519,2813.89
2018-11-08,60.71,0.26,115.6478,2806.83
2018-11-09,60.19,0.25,116.4778,2781.01
2018-11-12,59.85,,,2726.22
2018-11-13,55.63,0.25,116.6694,2722.18
2018-11-14,56.16,0.26,116.498,2701.58
2018-11-15,56.45,0.25,116.3861,2730.2
2018-11-16,56.49,0.27,115.9258,2736.27
2018-11-19,57.16,0.27,115.9859,2690.73
2018-11-20,53.39,0.27,116.2367,2641.89
2018-11-21,54.41,0.25,116.092,2649.93
2018-11-22,,,,2649.93
2018-11-23,,0.24,116.4713,2632.56
2018-11-26,51.46,0.23,116.6208,2673.45
2018-11-27,51.31,0.23,116.9001,2682.17
2018-11-28,50.06,0.25,116.8343,2743.79
2018-11-29,51.46,0.22,116.1961,2737.8
2018-11-30,50.78,0.21,116.413,2760.17
2018-12-03,52.98,0.15,115.9057,2790.37
2018-12-04,53.21,0.11,116.0028,2700.06
2018-12-05,52.64,,,2700.06
2018-12-06,51.54,0.12,116.3991,2695.95
2018-12-07,52.76,0.13,116.0847,2633.08
2018-12-10,51.07,0.13,116.6746,2637.72
2018-12-11,51.65,0.11,116.7564,2636.78
2018-12-12,51.04,0.14,116.2214,2651.07
2018-12-13,52.69,0.16,116.3974,2650.54
2018-12-14,51.26,0.16,116.79,2599.95
2018-12-17,49.8,0.16,116.4532,2545.94
2018-12-18,46.12,0.17,116.4127,2546.16
2018-12-19,47.96,0.14,116.0676,2506.96
2018-12-20,45.64,0.12,116.0183,2467.42
2018-12-21,45.38,0.16,116.2227,2416.62
2018-12-24,,0.19,116.2182,2351.1
2018-12-25,,,,2351.1
2018-12-26,46.04,0.2,116.1162,2467.7
2018-12-27,44.48,0.21,115.9927,2488.83
2018-12-28,45.15,0.2,115.7232,2485.74
2018-12-31,,0.21,115.5674,2506.85
2019-01-01,,,,2506.85
2019-01-02,46.31,0.16,115.7689,2510.03
2019-01-03,46.92,0.17,115.4622,2447.89
2019-01-04,47.76,0.17,114.9821,2531.94
2019-01-07,48.27,0.17,114.5628,2549.69
2019-01-08,49.58,0.15,114.7281,2574.41
2019-01-09,52.19,0.18,114.1406,2584.96
2019-01-10,52.42,0.18,114.0496,2596.64
2019-01-11,51.44,0.16,114.0404,2596.26
2019-01-14,50.31,0.18,,2582.61
2019-01-15,51.8,0.19,114.3402,2610.3
2019-01-16,52.08,0.18,114.137,2616.1
2019-01-17,51.83,0.19,114.4115,2635.96
2019-01-18,53.6,0.17,114.558,2670.71
2019-01-21,,,,2670.71
2019-01-22,52.59,0.16,114.7541,2632.9
2019-01-23,52.44,0.18,114.5759,2638.7
2019-01-24,52.94,0.16,114.617,2642.33
2019-01-25,53.53,0.16,114.0197,2664.76
2019-01-28,51.79,0.15,114.0522,2643.85
2019-01-29,53.07,0.16,114.026,2640.0
2019-01-30,54.18,0.18,114.0731,2681.05
2019-01-31,53.84,0.18,113.5504,2704.1
2019-02-01,55.29,0.18,113.7548,2706.53
2019-02-04,54.57,0.2,113.8766,2724.87
2019-02-05,53.69,0.18,114.0431,2737.7
2019-02-06,53.94,0.18,114.2305,2731.61
2019-02-07,52.68,0.17,114.4339,2706.05
2019-02-08,52.75,0.18,114.5003,2707.88
2019-02-11,52.43,0.17,115.031,2709.8
2019-02-12,53.14,0.18,114.7297,2744.73
2019-02-13,53.84,0.18,114.9407,2753.03
2019-02-14,54.4,0.16,115.1007,2745.73
2019-02-15,55.58,0.14,114.9923,2775.6
2019-02-18,,,,2775.6
2019-02-19,56.12,0.15,114.57,2779.76
2019-02-20,56.9,0.15,,2784.7
2019-02-21,56.95,0.16,114.5091,2774.88
2019-02-22,57.01,0.17,114.2716,2792.67
2019-02-25,55.32,0.16,114.1457,2796.11
2019-02-26,55.4,0.16,114.0687,2793.9
2019-02-27,56.92,0.19,114.0363,2792.38
2019-02-28,57.21,0.21,114.1991,2784.49
2019-03-01,55.76,0.21,114.537,2803.69
2019-03-04,56.6,0.17,114.6925,2792.81
2019-03-05,56.55,0.17,114.804,2789.65
2019-03-06,56.22,0.17,114.9714,2771.45
2019-03-07,56.6,0.17,115.4919,2748.93
2019-03-08,55.77,0.17,115.3599,2743.07
2019-03-11,56.79,0.17,115.2967,2783.3
2019-03-12,56.89,0.16,114.939,2791.52
2019-03-13,58.27,0.16,114.7372,2810.92
2019-03-14,58.59,0.17,114.79,2808.48
2019-03-15,58.51,0.16,114.5815,2822.48
2019-03-18,59.09,0.15,114.4375,2832.94
2019-03-19,59.12,0.15,114.2324,2832.57
2019-03-20,60.12,0.14,114.1509,2824.23
2019-03-21,59.98,0.13,114.1684,2854.88
2019-03-22,58.87,0.13,114.6856,2800.71
2019-03-25,58.71,0.17,114.4171,2798.36
2019-03-26,59.87,0.17,114.6414,2818.46
2019-03-27,59.39,0.17,115.1243,2805.37
2019-03-28,59.29,0.16,115.2581,2815.44
2019-03-29,60.19,0.14,115.1371,2834.4
2019-04-01,61.59,0.16,114.9362,2867.19
2019-04-02,62.53,0.18,115.1173,2867.24
2019-04-03,62.46,0.19,114.7211,2873.4
2019-04-04,62.12,0.18,114.9697,2879.39
2019-04-05,63.1,0.15,114.9726,2892.74
2019-04-08,64.37,0.16,114.6893,2895.77
2019-04-09,64.05,0.16,114.5321,2878.2
2019-04-10,64.62,0.17,114.4269,2888.21
2019-04-11,63.61,0.16,114.6303,2888.32
2019-04-12,63.86,0.16,114.3531,2907.41
2019-04-15,63.43,0.15,114.495,2905.58
2019-04-16,64.01,0.19,114.6756,2907.06
2019-04-17,63.74,0.19,114.5141,2900.45
2019-04-18,64.02,0.19,114.7073,2905.03
2019-04-19,,,114.6977,2905.03
2019-04-22,65.66,0.21,114.7694,2907.97
2019-04-23,66.24,0.21,115.1578,2933.68
2019-04-24,65.96,0.21,115.4187,2927.25
2019-04-25,65.23,0.21,115.7709,2926.17
2019-04-26,63.29,0.23,115.4767,2939.88
2019-04-29,63.39,0.24,115.5227,2943.03
2019-04-30,63.83,0.24,115.3281,2945.83
2019-05-01,63.55,0.21,115.0022,2923.73
2019-05-02,61.75,0.2,115.5617,2917.52
2019-05-03,61.98,0.21,115.2646,2945.64
2019-05-06,62.3,0.2,115.3811,2932.47
2019-05-07,61.41,0.17,115.6116,2884.05
2019-05-08,62.13,0.19,115.5171,2879.42
2019-05-09,61.58,0.19,115.8421,2870.72
2019-05-10,61.65,0.21,115.5334,2881.4
2019-05-13,60.97,0.22,115.915,2811.87
2019-05-14,61.82,0.22,115.9425,2834.41
2019-05-15,62.03,0.21,115.8565,2850.96
2019-05-16,62.93,0.2,116.0346,2876.32
2019-05-17,62.77,0.19,116.448,2859.53
2019-05-20,63.12,0.2,116.3119,2840.23
2019-05-21,63.02,0.17,116.2844,2864.36
2019-05-22,61.42,0.16,116.2412,2856.27
2019-05-23,57.65,0.19,116.2368,2822.24
2019-05-24,58.4,0.16,116.0806,2826.06
2019-05-27,,,,2826.06
2019-05-28,58.91,0.14,116.3174,2802.39
2019-05-29,58.84,0.16,116.5535,2783.02
2019-05-30,56.47,0.16,116.3989,2788.86
2019-05-31,53.49,0.19,116.7273,2752.06
2019-06-03,53.25,0.25,116.4764,2744.45
2019-06-04,53.5,0.24,116.091,2803.27
2019-06-05,51.57,0.29,116.03,2826.15
2019-06-06,52.59,0.24,115.9771,2843.49
2019-06-07,53.95,0.24,115.7368,2873.34
2019-06-10,53.33,0.25,115.5001,2886.73
2019-06-11,53.3,0.22,115.3794,2885.72
2019-06-12,51.13,0.25,115.438,2879.84
2019-06-13,52.38,0.27,115.6275,2891.64
2019-06-14,52.47,0.25,115.9057,2886.98
2019-06-17,51.94,0.23,115.9684,2889.67
2019-06-18,53.86,0.2,115.8797,2917.75
2019-06-19,53.74,0.29,115.7889,2926.46
2019-06-20,56.88,0.29,114.8046,2954.18
2019-06-21,57.35,0.3,114.8377,2950.46
2019-06-24,57.73,0.3,114.6559,2945.35
2019-06-25,57.63,0.29,114.6363,2917.38
2019-06-26,59.17,0.28,114.5608,2913.78
2019-06-27,59.18,0.27,114.665,2924.92
2019-06-28,58.2,0.25,114.5821,2941.76
2019-07-01,58.91,0.25,114.7239,2964.33
2019-07-02,56.0,0.21,114.8258,2973.01
2019-07-03,57.06,0.19,114.8135,2995.82
2019-07-04,,,,2995.82
2019-07-05,,0.17,115.1132,2990.41
2019-07-08,57.35,0.17,115.0254,2975.95
2019-07-09,57.57,0.15,115.1017,2979.63
2019-07-10,60.28,0.25,115.0879,2993.07
2019-07-11,59.93,0.28,114.8361,2999.91
2019-07-12,59.99,0.28,114.7685,3013.77
2019-07-15,59.3,0.26,114.6819,3014.3
2019-07-16,57.44,0.26,115.0111,3004.04
2019-07-17,56.5,0.23,114.8819,2984.42
2019-07-18,55.08,0.27,114.8744,2995.11
2019-07-19,55.42,0.25,114.8695,2976.61
2019-07-22,55.87,0.25,115.0018,2985.03
2019-07-23,56.58,0.25,115.2995,3005.47
2019-07-24,55.9,0.22,115.2436,3019.56
2019-07-25,55.88,0.22,115.2982,3003.67
2019-07-26,56.04,0.22,115.5449,3025.86
2019-07-29,56.85,0.21,115.5885,3020.97
2019-07-30,58.04,0.21,115.6211,3013.18
2019-07-31,58.53,0.13,115.4946,2980.38
2019-08-01,53.64,0.17,116.0499,2953.56
2019-08-02,55.67,0.14,116.1864,2932.05
2019-08-05,54.63,0.16,116.5851,2844.74
2019-08-06,53.6,0.13,116.6904,2881.77
2019-08-07,51.14,0.12,116.7987,2883.98
2019-08-08,52.6,0.1,116.474,2938.09
2019-08-09,54.41,0.11,116.4419,2918.65
2019-08-12,54.98,0.07,116.7548,2882.7
2019-08-13,57.05,0.02,116.7267,2926.32
2019-08-14,55.16,0.01,117.0913,2840.6
2019-08-15,54.51,0.04,117.2239,2847.6
2019-08-16,54.83,0.07,117.0786,2888.68
2019-08-19,56.24,0.07,117.3886,2923.65
2019-08-20,56.18,0.05,117.3726,2900.51
2019-08-21,55.65,0.03,117.1764,2924.43
2019-08-22,55.33,0.01,117.3558,2922.95
2019-08-23,54.08,0.01,117.3009,2847.11
2019-08-26,53.54,0.0,117.6658,2878.38
2019-08-27,54.99,-0.04,117.75,2869.16
2019-08-28,55.76,-0.03,117.8767,2887.94
2019-08-29,56.67,-0.03,118.0625,2924.58
2019-08-30,55.07,0.0,118.1575,2926.46
2019-09-02,,,,2926.46
2019-09-03,53.91,0.0,118.3113,2906.27
2019-09-04,56.22,0.04,117.6729,2937.78
2019-09-05,56.33,0.02,117.4776,2976.0
2019-09-06,56.45,0.02,117.1292,2978.71
2019-09-09,57.88,0.05,117.0601,2978.43
2019-09-10,57.37,0.05,117.0887,2979.39
2019-09-11,55.66,0.07,117.3125,3000.93
2019-09-12,55.13,0.07,116.8375,3009.57
2019-09-13,54.76,0.11,116.7677,3007.39
2019-09-16,63.1,0.1,117.0251,2997.96
2019-09-17,59.26,0.09,116.9826,3005.7
2019-09-18,58.19,0.03,116.9766,3006.73
2019-09-19,58.19,0.05,117.0861,3006.79
2019-09-20,57.92,0.05,117.1819,2992.07
2019-09-23,58.69,0.04,117.2986,2991.78
2019-09-24,57.22,0.04,117.2227,2966.6
2019-09-25,56.38,0.05,117.6527,2984.87
2019-09-26,56.24,0.04,117.7267,2977.62
2019-09-27,55.95,0.06,117.7218,2961.79
2019-09-30,54.09,0.05,117.9461,2976.74
2019-10-01,53.6,0.09,117.9595,2940.25
2019-10-02,52.67,0.12,117.9671,2887.61
2019-10-03,52.41,0.15,117.6608,2910.63
2019-10-04,52.84,0.12,117.5288,2952.01
2019-10-07,52.76,0.1,117.5533,2938.79
2019-10-08,52.64,0.12,117.7407,2893.06
2019-10-09,52.63,0.12,117.6835,2919.4
2019-10-10,53.57,0.14,117.2801,2938.13
2019-10-11,54.76,0.13,116.8239,2970.27
2019-10-14,53.57,,,2966.15
2019-10-15,52.81,0.16,116.8111,2995.68
2019-10-16,53.42,0.17,116.6425,2989.69
2019-10-17,53.89,0.16,116.2615,2997.95
2019-10-18,53.75,0.18,116.1344,2986.2
2019-10-21,53.28,0.18,116.0436,3006.72
2019-10-22,54.21,0.18,115.9851,2995.99
2019-10-23,55.9,0.19,116.0586,3004.52
2019-10-24,56.11,0.19,116.1278,3010.29
2019-10-25,56.52,0.17,116.0774,3022.55
2019-10-28,55.6,0.21,116.0222,3039.42
2019-10-29,55.34,0.2,115.9797,3036.89
2019-10-30,54.85,0.17,116.1636,3046.77
2019-10-31,54.02,0.17,115.9125,3037.56
2019-11-01,56.04,0.17,115.7312,3066.91
2019-11-04,56.33,0.19,115.8624,3078.27
2019-11-05,57.04,0.23,116.1138,3074.62
2019-11-06,56.15,0.2,116.1004,3076.78
2019-11-07,56.91,0.24,116.1172,3085.18
2019-11-08,57.02,0.26,116.3436,3093.08
2019-11-11,,,,3087.01
2019-11-12,56.67,0.26,116.5837,3091.84
2019-11-13,56.88,0.25,116.8397,3094.04
2019-11-14,56.57,0.24,116.8022,3096.63
2019-11-15,57.54,0.23,116.4401,3120.46
2019-11-18,56.82,0.21,116.3625,3122.03
2019-11-19,54.93,0.19,116.5391,3120.18
2019-11-20,56.71,0.17,116.828,3108.46
2019-11-21,58.36,0.17,116.7435,3103.54
2019-11-22,57.68,0.16,116.9137,3110.29
2019-11-25,57.79,0.15,117.0098,3133.64
2019-11-26,58.25,0.16,117.0513,3140.52
2019-11-27,58.12,0.14,117.1273,3153.63
2019-11-28,,,,3153.63
2019-11-29,58.12,0.17,117.1204,3140.98
2019-12-02,55.97,0.22,116.9647,3113.87
2019-12-03,56.15,0.19,116.8898,3093.2
2019-12-04,58.46,0.19,116.692,3112.76
2019-12-05,58.42,0.22,116.3838,3117.43
2019-12-06,59.2,0.23,116.5381,3145.91
2019-12-09,58.99,0.2,116.3283,3135.96
2019-12-10,59.22,0.2,116.2542,3132.52
2019-12-11,58.74,0.18,116.1478,3141.63
2019-12-12,59.18,0.24,115.8741,3168.57
2019-12-13,60.11,0.21,115.6967,3168.8
2019-12-16,60.21,0.24,115.555,3191.45
2019-12-17,60.88,0.26,115.5553,3192.52
2019-12-18,60.93,0.29,115.6618,3191.14
2019-12-19,61.3,0.3,115.5988,3205.37
2019-12-20,60.43,0.29,115.7598,3221.22
2019-12-23,60.51,0.29,115.8059,3224.01
2019-12-24,61.17,0.28,,3223.38
2019-12-25,,,,3223.38
2019-12-26,61.72,0.26,115.634,3239.91
2019-12-27,61.76,0.29,115.22,3240.02
2019-12-30,61.66,0.32,114.9631,3221.29
2019-12-31,61.14,0.34,114.669,3230.78
2020-01-01,,,,3230.78
2020-01-02,61.17,0.3,114.9745,3257.85
2020-01-03,63.0,0.27,114.9867,3234.85
2020-01-06,63.27,0.27,114.9557,3246.28
2020-01-07,62.7,0.29,115.1477,3237.18
2020-01-08,59.65,0.29,115.1328,3253.05
2020-01-09,59.56,0.27,115.2331,3274.7
2020-01-10,59.02,0.27,115.0677,3265.35
2020-01-13,58.17,0.27,115.0342,3288.13
2020-01-14,58.34,0.24,115.0239,3283.15
2020-01-15,57.86,0.23,114.9528,3289.29
2020-01-16,58.52,0.23,115.0006,3316.81
2020-01-17,58.55,0.26,115.0656,3329.62
2020-01-20,,,,3329.62
2020-01-21,58.25,0.25,115.1876,3320.79
2020-01-22,56.76,0.24,115.2273,3321.75
2020-01-23,55.51,0.23,115.5545,3325.54
2020-01-24,54.09,0.21,115.5556,3295.47
2020-01-27,53.09,0.17,115.8004,3243.63
2020-01-28,53.33,0.2,115.7239,3276.24
2020-01-29,53.29,0.18,115.7003,3273.4
2020-01-30,52.19,0.16,115.8077,3283.66
2020-01-31,51.58,0.18,115.7345,3225.52
2020-02-03,50.06,0.18,116.1172,3248.92
2020-02-04,49.59,0.2,115.9291,3297.59
2020-02-05,50.87,0.22,116.009,3334.69
2020-02-06,50.94,0.21,116.1518,3345.78
2020-02-07,50.34,0.18,116.5086,3327.71
2020-02-10,49.59,0.19,116.5711,3352.09
2020-02-11,50.0,0.18,116.3585,3357.75
2020-02-12,51.13,0.18,116.2794,3379.45
2020-02-13,51.41,0.17,116.3999,3373.94
2020-02-14,52.03,0.17,116.4223,3380.16
2020-02-17,,,,3380.16
2020-02-18,52.1,0.14,116.6039,3370.29
2020-02-19,53.31,0.14,116.7829,3386.15
2020-02-20,53.77,0.13,117.2454,3373.23
2020-02-21,53.36,0.12,117.0473,3337.75
2020-02-24,51.36,0.12,117.4018,3225.89
2020-02-25,49.78,0.13,117.2425,3128.21
2020-02-26,48.67,0.17,117.405,3116.39
2020-02-27,47.17,0.19,117.3678,2978.76
2020-02-28,44.83,0.27,117.6568,2954.22
2020-03-02,46.78,0.26,116.8144,3090.23
2020-03-03,47.27,0.31,116.4958,3003.37
2020-03-04,46.78,0.35,116.7802,3130.12
2020-03-05,45.9,0.33,116.7901,3023.94
2020-03-06,41.14,0.25,116.7106,2972.37
2020-03-09,31.05,0.16,117.1871,2746.56
2020-03-10,34.47,0.26,117.9027,2882.23
2020-03-11,33.13,0.32,118.2505,2741.38
2020-03-12,31.56,0.38,120.4883,2480.64
2020-03-13,31.72,0.45,120.4388,2711.02
2020-03-16,28.96,0.37,120.9352,2386.13
2020-03-17,26.96,0.55,122.4816,2529.19
2020-03-18,20.48,0.64,124.1623,2398.1
2020-03-19,25.09,0.68,125.0587,2409.39
2020-03-20,19.48,0.55,124.9362,2304.92
2020-03-23,23.33,0.48,126.1262,2237.4
2020-03-24,21.03,0.46,125.5001,2447.33
2020-03-25,20.75,0.54,124.7916,2475.56
2020-03-26,16.6,0.53,122.4308,2630.07
2020-03-27,15.48,0.47,122.4007,2541.47
2020-03-30,14.1,0.47,123.2883,2626.65
2020-03-31,20.51,0.47,122.5301,2584.59
2020-04-01,20.28,0.39,123.7933,2470.5
2020-04-02,25.18,0.4,123.5916,2526.9
2020-04-03,28.36,0.39,124.4152,2488.65
2020-04-06,26.21,0.4,124.16,2663.68
2020-04-07,23.54,0.47,123.0956,2659.41
2020-04-08,24.97,0.5,123.2216,2749.98
2020-04-09,22.9,0.5,122.476,2789.82
2020-04-10,,,122.1592,2789.82
2020-04-13,22.36,0.51,122.5203,2761.63
2020-04-14,20.15,0.53,122.1121,2846.06
2020-04-15,19.96,0.43,123.0752,2783.36
2020-04-16,19.82,0.41,123.4615,2799.55
2020-04-17,18.31,0.45,122.871,2874.56
2020-04-20,-36.98,0.43,123.1033,2823.16
2020-04-21,8.91,0.38,123.9116,2736.56
2020-04-22,13.64,0.41,123.9256,2799.31
2020-04-23,15.06,0.39,123.7542,2797.8
2020-04-24,15.99,0.38,124.1615,2836.74
2020-04-27,12.17,0.43,123.8843,2878.48
2020-04-28,12.4,0.42,123.3693,2863.39
2020-04-29,15.04,0.43,122.7782,2939.51
2020-04-30,19.23,0.44,122.327,2912.43
2020-05-01,19.72,0.44,123.1492,2830.71
2020-05-04,20.47,0.45,123.2117,2842.74
2020-05-05,24.56,0.47,122.803,2868.44
2020-05-06,23.88,0.55,123.609,2848.42
2020-05-07,23.68,0.5,123.1249,2881.19
2020-05-08,24.73,0.53,122.5379,2929.8
2020-05-11,24.02,0.56,123.2333,2930.19
2020-05-12,25.76,0.52,123.0592,2870.12
2020-05-13,25.37,0.48,123.5408,2820.0
2020-05-14,27.4,0.47,123.6429,2852.5
2020-05-15,29.44,0.48,123.5991,2863.7
2020-05-18,31.83,0.55,122.7968,2953.91
2020-05-19,32.3,0.53,122.5655,2922.94
2020-05-20,33.56,0.52,122.1007,2971.61
2020-05-21,34.3,0.51,122.0914,2948.51
2020-05-22,33.49,0.49,122.3211,2955.45
2020-05-25,,,,2955.45
2020-05-26,34.7,0.51,121.3864,2991.77
2020-05-27,32.8,0.49,121.5677,3036.13
2020-05-28,33.67,0.53,121.0138,3029.73
2020-05-29,35.57,0.49,120.9458,3044.31
2020-06-01,35.49,0.52,120.2686,3055.73
2020-06-02,36.88,0.51,119.6854,3080.82
2020-06-03,37.33,0.58,119.2556,3122.87
2020-06-04,37.42,0.63,119.3014,3112.35
2020-06-05,39.49,0.69,118.8138,3193.93
2020-06-08,38.17,0.66,118.6621,3232.39
2020-06-09,38.98,0.64,118.5893,3207.18
2020-06-10,39.54,0.58,118.5231,3190.14
2020-06-11,36.43,0.47,119.2347,3002.1
2020-06-12,36.24,0.52,119.6645,3041.31
2020-06-15,37.07,0.52,119.9539,3066.59
2020-06-16,38.26,0.54,119.567,3124.74
2020-06-17,37.91,0.55,119.9105,3113.49
2020-06-18,38.79,0.52,120.2173,3115.34
2020-06-19,39.72,0.51,120.2186,3097.74
2020-06-22,40.6,0.52,119.7532,3117.86
2020-06-23,40.4,0.54,119.3285,3131.29
2020-06-24,37.91,0.5,119.9744,3050.33
2020-06-25,38.66,0.51,120.2997,3083.76
2020-06-26,38.53,0.47,120.533,3009.05
2020-06-29,39.67,0.48,120.6658,3053.24
2020-06-30,39.27,0.5,120.4649,3100.29
2020-07-01,39.88,0.52,120.0808,3115.86
2020-07-02,40.57,0.52,119.8555,3130.01
2020-07-03,,,,3130.01
2020-07-06,40.51,0.53,119.2852,3179.72
2020-07-07,40.59,0.49,119.5717,3145.32
2020-07-08,40.91,0.51,119.5525,3169.94
2020-07-09,39.64,0.46,119.5129,3152.05
2020-07-10,40.56,0.49,119.3509,3185.04
2020-07-13,40.06,0.48,119.1891,3155.22
2020-07-14,40.3,0.49,119.3901,3197.52
2020-07-15,41.2,0.48,119.0331,3226.56
2020-07-16,40.74,0.46,118.9275,3215.57
2020-07-17,40.55,0.5,119.124,3224.73
2020-07-20,40.83,0.46,119.0483,3251.84
2020-07-21,41.76,0.47,118.4042,3257.3
2020-07-22,41.88,0.46,118.1337,3276.02
2020-07-23,40.99,0.43,118.0613,3235.66
2020-07-24,41.23,0.45,118.1329,3215.63
2020-07-27,41.46,0.47,117.3869,3239.41
2020-07-28,40.89,0.45,117.3189,3218.44
2020-07-29,41.13,0.46,117.2126,3258.44
2020-07-30,39.85,0.44,117.4008,3246.22
2020-07-31,40.1,0.44,117.2082,3271.12
2020-08-03,40.83,0.45,117.8074,3294.61
2020-08-04,41.67,0.41,117.7833,3306.51
2020-08-05,42.25,0.44,116.8736,3327.77
2020-08-06,41.93,0.44,117.0422,3349.16
2020-08-07,41.16,0.44,117.6239,3351.28
2020-08-10,41.94,0.45,117.5821,3360.47
2020-08-11,41.53,0.48,117.3781,3333.69
2020-08-12,42.6,0.53,117.2559,3380.35
2020-08-13,42.26,0.55,117.1193,3373.43
2020-08-14,42.05,0.57,116.9395,3372.85
2020-08-17,42.89,0.55,116.749,3381.99
2020-08-18,42.89,0.53,116.5593,3389.78
2020-08-19,42.91,0.54,116.567,3374.85
2020-08-20,42.62,0.52,116.8126,3385.51
2020-08-21,42.32,0.48,117.0572,3397.16
2020-08-24,42.44,0.51,116.912,3431.28
2020-08-25,43.17,0.54,116.8206,3443.62
2020-08-26,43.21,0.53,116.6243,3478.73
2020-08-27,42.88,0.58,116.649,3484.55
2020-08-28,42.96,0.6,115.9374,3508.01
2020-08-31,42.61,0.58,115.7586,3500.31
2020-09-01,42.76,0.55,115.5687,3526.65
2020-09-02,42.76,0.52,116.0304,3580.84
2020-09-03,41.39,0.5,116.0685,3455.06
2020-09-04,39.69,0.58,116.0347,3426.96
2020-09-07,,,,3426.96
2020-09-08,36.87,0.55,116.4618,3331.84
2020-09-09,38.05,0.57,116.1291,3398.96
2020-09-10,37.25,0.54,115.8806,3339.19
2020-09-11,37.33,0.54,116.0866,3340.97
2020-09-14,37.23,0.54,115.6428,3383.54
2020-09-15,38.29,0.54,115.5908,3401.2
2020-09-16,40.17,0.55,115.3537,3385.49
2020-09-17,40.99,0.56,115.4392,3357.01
2020-09-18,41.09,0.56,115.2395,3319.47
2020-09-21,39.26,0.54,116.378,3281.06
2020-09-22,39.55,0.55,116.5438,3315.57
2020-09-23,39.92,0.54,117.2526,3236.92
2020-09-24,40.11,0.53,117.5473,3246.59
2020-09-25,40.06,0.54,117.8679,3298.46
2020-09-28,40.47,0.53,117.6178,3351.6
2020-09-29,39.03,0.55,117.526,3335.47
2020-09-30,40.05,0.56,116.946,3363.0
2020-10-01,38.51,0.54,116.7227,3380.8
2020-10-02,36.9,0.57,116.7321,3348.42
2020-10-05,39.12,0.64,116.1767,3408.6
2020-10-06,40.52,0.62,116.2681,3360.97
2020-10-07,39.82,0.65,116.3447,3419.44
2020-10-08,41.04,0.65,116.1657,3446.83
2020-10-09,40.44,0.63,115.2757,3477.14
2020-10-12,39.22,,,3534.22
2020-10-13,40.03,0.58,115.9107,3511.93
2020-10-14,40.86,0.59,115.6872,3488.67
2020-10-15,40.84,0.6,116.0964,3483.34
2020-10-16,40.7,0.62,115.7679,3483.81
2020-10-19,40.69,0.62,115.4031,3426.92
2020-10-20,41.37,0.67,115.2485,3443.12
2020-10-21,39.88,0.69,114.9108,3435.56
2020-10-22,40.46,0.71,115.1158,3453.49
2020-10-23,39.73,0.67,115.0126,3465.39
2020-10-26,38.39,0.65,115.2797,3400.97
2020-10-27,39.34,0.63,115.0131,3390.68
2020-10-28,37.27,0.63,115.8023,3271.03
2020-10-29,35.94,0.69,116.3069,3310.11
2020-10-30,35.64,0.74,116.1354,3269.96
2020-11-02,36.6,0.71,116.2361,3310.24
2020-11-03,37.44,0.73,115.4802,3369.16
2020-11-04,38.97,0.64,115.1677,3443.44
2020-11-05,38.56,0.65,114.4556,3510.45
2020-11-06,36.97,0.67,113.9919,3509.44
2020-11-09,40.05,0.79,114.0895,3550.5
2020-11-10,41.18,0.79,114.0757,3545.53
2020-11-11,41.23,,,3572.66
2020-11-12,40.9,0.71,114.2843,3537.01
2020-11-13,39.93,0.72,114.2397,3585.15
2020-11-16,41.14,0.72,113.8312,3626.91
2020-11-17,41.24,0.69,113.682,3609.53
2020-11-18,41.64,0.72,113.46,3567.79
2020-11-19,41.57,0.68,113.694,3581.87
2020-11-20,41.99,0.67,113.489,3557.54
2020-11-23,42.91,0.7,113.7548,3577.59
2020-11-24,44.71,0.72,113.4316,3635.41
2020-11-25,45.58,0.71,113.1823,3629.65
2020-11-26,,,,3629.65
2020-11-27,,0.68,,3638.35
2020-11-30,45.2,0.68,113.2256,3621.63
2020-12-01,44.54,0.75,112.8063,3662.45
2020-12-02,45.23,0.79,112.6115,3669.01
2020-12-03,45.65,0.76,112.0236,3666.72
2020-12-04,46.23,0.81,111.7778,3699.12
2020-12-07,45.72,0.8,111.8385,3691.96
2020-12-08,45.64,0.78,111.8639,3702.25
2020-12-09,45.48,0.79,112.0305,3672.82
2020-12-10,46.76,0.78,111.9788,3668.1
2020-12-11,46.59,0.79,112.1417,3663.46
2020-12-14,47.02,0.77,112.1708,3647.49
2020-12-15,47.58,0.81,111.8601,3694.62
2020-12-16,47.86,0.79,111.7157,3701.17
2020-12-17,48.34,0.81,111.2226,3722.48
2020-12-18,49.04,0.82,111.6071,3709.41
2020-12-21,47.79,0.82,111.9415,3694.92
2020-12-22,47.02,0.8,112.1947,3687.26
2020-12-23,47.94,0.83,111.9807,3690.01
2020-12-24,48.18,0.81,,3703.06
2020-12-25,,,,3703.06
2020-12-28,47.5,0.81,111.9752,3735.36
2020-12-29,47.85,0.82,111.5172,3727.04
2020-12-30,48.24,0.81,111.3084,3732.04
2020-12-31,48.35,0.8,111.3169,3756.07
2021-01-01,,,,3756.07
2021-01-04,47.47,0.82,111.2075,3700.65
2021-01-05,49.78,0.83,110.9574,3726.86
2021-01-06,50.45,0.9,110.8502,3748.14
2021-01-07,50.63,0.94,111.3042,3803.79
2021-01-08,52.14,0.99,111.2847,3824.68
2021-01-11,52.15,1.01,111.8257,3799.61
2021-01-12,53.08,1.01,111.5501,3801.19
2021-01-13,52.81,0.96,111.3622,3809.84
2021-01-14,53.47,0.99,111.1567,3795.54
2021-01-15,52.25,0.98,111.5106,3768.25
2021-01-18,,,,3768.25
2021-01-19,52.87,0.96,111.4527,3798.91
2021-01-20,53.16,0.97,,3851.85
2021-01-21,53.0,0.99,111.1973,3853.07
2021-01-22,52.28,0.97,111.5516,3841.47
2021-01-25,52.78,0.92,111.8676,3855.36
2021-01-26,52.61,0.94,111.6572,3849.62
2021-01-27,52.81,0.92,112.0782,3750.77
2021-01-28,52.26,0.95,112.0059,3787.38
2021-01-29,52.16,1.0,111.9511,3714.24
2021-02-01,53.55,0.98,112.4189,3773.86
2021-02-02,54.77,1.01,112.2862,3826.31
2021-02-03,55.67,1.04,112.2567,3830.17
2021-02-04,56.19,1.04,112.7469,3871.74
2021-02-05,56.8,1.1,112.2379,3886.83
2021-02-08,57.95,1.08,112.0428,3915.59
2021-02-09,58.34,1.07,111.7675,3911.23
2021-02-10,58.69,1.04,111.5834,3909.88
2021-02-11,58.22,1.05,111.5272,3916.38
2021-02-12,59.5,1.09,111.4889,3934.83
2021-02-15,,,,3934.83
2021-02-16,60.07,1.17,111.7879,3932.59
2021-02-17,61.09,1.18,112.0204,3931.33
2021-02-18,60.4,1.18,112.1603,3913.97
2021-02-19,59.12,1.23,111.7058,3906.71
2021-02-22,61.67,1.26,111.918,3876.5
2021-02-23,61.66,1.26,111.8981,3881.37
2021-02-24,63.21,1.26,111.7212,3925.43
2021-02-25,63.43,1.37,111.9253,3829.34
2021-02-26,61.55,1.3,112.8306,3811.15
2021-03-01,60.54,1.32,112.5263,3901.82
2021-03-02,59.7,1.29,112.5342,3870.29
2021-03-03,61.33,1.33,112.7617,3819.72
2021-03-04,63.81,1.4,112.7037,3768.47
2021-03-05,66.08,1.42,113.7487,3841.94
2021-03-08,65.03,1.42,114.2678,3821.35
2021-03-09,64.02,1.38,113.928,3875.44
2021-03-10,64.45,1.37,113.5881,3898.81
2021-03-11,66.02,1.4,112.9214,3939.34
2021-03-12,65.59,1.5,113.0269,3943.34
2021-03-15,65.36,1.48,113.1928,3968.94
2021-03-16,64.82,1.47,112.9839,3962.71
2021-03-17,64.55,1.5,113.1589,3974.12
2021-03-18,59.95,1.55,112.7744,3915.46
2021-03-19,61.43,1.58,112.9756,3913.1
2021-03-22,61.48,1.54,113.0023,3940.59
2021-03-23,57.75,1.48,113.2916,3910.52
2021-03-24,61.12,1.48,113.6565,3889.14
2021-03-25,58.47,1.49,114.0016,3909.52
2021-03-26,60.93,1.53,113.7406,3974.54
2021-03-29,61.49,1.59,113.9314,3971.09
2021-03-30,60.55,1.57,114.203,3958.55
2021-03-31,59.19,1.58,113.8234,3972.89
2021-04-01,61.41,1.52,113.7389,4019.87
2021-04-02,,1.53,113.7315,4019.87
2021-04-05,58.73,1.56,113.394,4077.91
2021-04-06,59.34,1.51,113.1464,4073.94
2021-04-07,59.77,1.52,113.2436,4079.95
2021-04-08,59.61,1.5,113.0917,4097.17
2021-04-09,59.29,1.51,113.2028,4128.8
2021-04-12,59.7,1.51,113.1815,4127.99
2021-04-13,60.2,1.48,113.0391,4141.59
2021-04-14,63.15,1.48,112.7849,4124.66
2021-04-15,63.42,1.4,112.6181,4170.42
2021-04-16,63.16,1.43,112.4814,4185.47
2021-04-19,63.33,1.45,112.1835,4163.26
2021-04-20,62.61,1.43,112.2354,4134.94
2021-04-21,61.34,1.42,112.1771,4173.42
2021-04-22,61.45,1.41,112.2297,4134.98
2021-04-23,62.18,1.42,112.0889,4180.17
2021-04-26,62.02,1.4,111.8109,4187.62
2021-04-27,63.03,1.46,111.9097,4186.72
2021-04-28,63.81,1.46,111.7909,4183.18
2021-04-29,65.0,1.49,111.7464,4211.47
2021-04-30,63.5,1.49,112.0839,4181.17
2021-05-03,64.46,1.47,112.005,4192.66
2021-05-04,65.72,1.45,112.2896,4164.66
2021-05-05,65.63,1.43,112.1514,4167.59
2021-05-06,64.73,1.42,111.8401,4201.62
2021-05-07,64.96,1.46,111.0249,4232.6
2021-05-10,64.92,1.47,110.7905,4188.43
2021-05-11,65.31,1.48,110.8921,4152.1
2021-05-12,65.96,1.53,111.5636,4063.04
2021-05-13,63.82,1.5,111.5955,4112.5
2021-05-14,65.32,1.47,111.1353,4173.85
2021-05-17,66.24,1.48,111.079,4163.29
2021-05-18,65.49,1.48,110.8317,4127.83
2021-05-19,63.28,1.52,110.8807,4115.68
2021-05-20,61.95,1.48,110.8605,4159.12
2021-05-21,63.61,1.46,111.0576,4155.86
2021-05-24,66.13,1.46,110.9118,4197.05
2021-05-25,66.27,1.41,110.842,4188.13
2021-05-26,66.41,1.44,110.8677,4195.99
2021-05-27,66.87,1.47,110.8688,4200.88
2021-05-28,66.31,1.44,110.7576,4204.11
2021-05-31,,,,4204.11
2021-06-01,67.8,1.46,110.5046,4202.04
2021-06-02,68.79,1.46,110.5799,4208.12
2021-06-03,68.81,1.47,111.1782,4192.85
2021-06-04,69.57,1.42,110.7521,4229.89
2021-06-07,69.21,1.41,110.5155,4226.52
2021-06-08,70.11,1.39,110.649,4227.26
2021-06-09,69.9,1.34,110.5707,4219.55
2021-06-10,70.34,1.31,110.5456,4239.18
2021-06-11,71.0,1.31,111.0933,4247.44
2021-06-14,70.94,1.35,110.9659,4255.15
2021-06-15,72.06,1.35,111.3507,4246.59
2021-06-16,72.03,1.36,111.1165,4223.7
2021-06-17,71.06,1.29,112.5772,4221.86
2021-06-18,71.64,1.19,113.0408,4166.45
2021-06-21,73.64,1.23,112.8391,4224.79
2021-06-22,73.15,1.23,112.9174,4246.44
2021-06-23,73.11,1.24,112.3819,4241.84
2021-06-24,73.31,1.23,112.326,4266.49
2021-06-25,74.21,1.26,111.9655,4280.7
2021-06-28,72.98,1.24,112.0248,4290.61
2021-06-29,73.14,1.22,112.2613,4291.8
2021-06-30,73.52,1.2,112.5533,4297.5
2021-07-01,75.33,1.23,112.74,4319.94
2021-07-02,75.37,1.2,112.5425,4352.34
2021-07-05,,,,4352.34
2021-07-06,73.62,1.15,112.9516,4343.54
2021-07-07,72.22,1.11,113.1048,4358.13
2021-07-08,72.98,1.11,113.0776,4320.82
2021-07-09,74.56,1.14,112.8375,4369.55
2021-07-12,74.21,1.15,112.7611,4384.63
2021-07-13,75.24,1.16,113.0063,4369.21
2021-07-14,73.06,1.14,112.8801,4374.3
2021-07-15,71.67,1.08,113.0041,4360.03
2021-07-16,71.76,1.06,113.0428,4327.16
2021-07-19,66.45,0.98,113.5472,4258.49
2021-07-20,67.32,1.03,113.7502,4323.06
2021-07-21,70.26,1.08,113.3926,4358.69
2021-07-22,72.15,1.07,113.4695,4367.48
2021-07-23,72.24,1.08,113.4398,4411.79
2021-07-26,72.15,1.07,113.2238,4422.3
2021-07-27,71.68,1.05,113.2227,4401.46
2021-07-28,72.37,1.06,113.1807,4400.64
2021-07-29,73.62,1.08,112.4834,4419.15
2021-07-30,73.93,1.05,112.6714,4395.26
2021-08-02,71.31,1.03,112.6691,4387.16
2021-08-03,70.64,1.02,112.8228,4423.15
2021-08-04,68.19,1.02,112.8953,4402.66
2021-08-05,69.1,1.02,112.7674,4429.1
2021-08-06,68.26,1.1,113.3088,4436.52
2021-08-09,66.56,1.1,113.4521,4432.35
2021-08-10,68.33,1.12,113.4973,4436.75
2021-08-11,69.3,1.12,113.282,4442.41
2021-08-12,69.12,1.13,113.2691,4460.83
2021-08-13,68.36,1.06,113.0615,4468.0
2021-08-16,67.44,1.05,113.1698,4479.71
2021-08-17,66.5,1.03,113.6174,4448.08
2021-08-18,65.36,1.04,113.6959,4400.27
2021-08-19,63.69,1.02,114.1106,4405.8
2021-08-20,62.25,1.03,114.5009,4441.67
2021-08-23,65.65,1.02,113.9418,4479.53
2021-08-24,67.5,1.05,113.6795,4486.23
2021-08-25,68.54,1.12,113.6322,4496.19
2021-08-26,67.42,1.09,113.7883,4470.0
2021-08-27,68.84,1.09,113.3404,4509.37
2021-08-30,69.28,1.09,113.246,4528.79
2021-08-31,68.43,1.1,113.1076,4522.68
2021-09-01,68.63,1.11,112.8732,4524.09
2021-09-02,70.07,1.09,112.7863,4536.95
2021-09-03,69.34,1.12,112.5476,4535.43
2021-09-06,,,,4535.43
2021-09-07,68.49,1.16,112.9795,4520.03
2021-09-08,69.36,1.13,113.2319,4514.07
2021-09-09,68.26,1.07,113.043,4493.28
2021-09-10,69.82,1.12,112.9425,4458.58
2021-09-13,70.54,1.12,113.0341,4468.73
2021-09-14,70.53,1.07,113.0061,4443.05
2021-09-15,72.59,1.1,112.9773,4480.7
2021-09-16,72.69,1.11,113.3036,4473.75
2021-09-17,72.09,1.14,113.5989,4432.99
2021-09-20,70.41,1.08,113.9422,4357.73
2021-09-21,70.51,1.11,113.8179,4354.19
2021-09-22,72.37,1.07,113.6223,4395.64
2021-09-23,73.43,1.14,113.513,4448.98
2021-09-24,74.18,1.18,113.7597,4455.48
2021-09-27,75.54,1.17,113.7432,4443.11
2021-09-28,75.44,1.23,114.2469,4352.63
2021-09-29,75.06,1.25,114.7092,4359.46
2021-09-30,75.22,1.24,114.6403,4307.54
2021-10-01,76.01,1.21,114.3798,4357.04
2021-10-04,77.68,1.22,114.2739,4300.46
2021-10-05,79.17,1.26,114.3654,4345.72
2021-10-06,77.66,1.23,114.7185,4363.55
2021-10-07,78.46,1.26,114.5044,4399.76
2021-10-08,79.55,1.29,114.5986,4391.34
2021-10-11,80.64,,,4361.19
2021-10-12,80.75,1.24,114.7542,4350.65
2021-10-13,80.67,1.19,114.4705,4363.8
2021-10-14,81.43,1.16,114.2053,4438.26
2021-10-15,82.39,1.18,114.0905,4471.37
2021-10-18,82.62,1.15,113.9899,4486.46
2021-10-19,83.19,1.24,113.647,4519.63
2021-10-20,84.4,1.25,113.5083,4536.19
2021-10-21,82.64,1.23,113.6188,4549.78
2021-10-22,84.53,1.18,113.67,4544.9
2021-10-25,84.64,1.17,113.605,4566.48
2021-10-26,85.64,1.16,113.674,4574.79
2021-10-27,82.66,1.04,113.6218,4551.68
2021-10-28,82.78,1.07,113.4389,4596.42
2021-10-29,83.5,1.07,114.1349,4605.38
2021-11-01,84.08,1.08,114.2067,4613.67
2021-11-02,83.91,1.1,114.2847,4630.65
2021-11-03,80.82,1.13,114.3593,4660.57
2021-11-04,78.88,1.12,114.3558,4680.06
2021-11-05,81.25,1.06,114.0732,4697.53
2021-11-08,81.96,1.06,113.8256,4701.7
2021-11-09,84.12,1.05,113.762,4685.25
2021-11-10,81.23,1.05,114.1484,4646.71
2021-11-11,81.47,,,4649.27
2021-11-12,80.87,1.05,114.5144,4682.85
2021-11-15,80.85,1.1,114.5876,4682.8
2021-11-16,80.76,1.09,115.136,4700.9
2021-11-17,78.32,1.08,115.0263,4688.67
2021-11-18,78.92,1.07,115.0678,4704.54
2021-11-19,76.11,1.02,115.2187,4697.96
2021-11-22,76.74,1.0,115.6481,4682.94
2021-11-23,78.32,1.07,116.0118,4690.7
2021-11-24,78.32,1.0,116.2711,4701.46
2021-11-25,,,,4701.46
2021-11-26,,0.98,116.5103,4594.62
2021-11-29,69.88,1.01,116.581,4655.27
2021-11-30,66.14,0.91,116.2071,4567.0
2021-12-01,65.44,0.87,115.889,4513.04
2021-12-02,66.6,0.81,116.018,4577.1
2021-12-03,66.39,0.75,116.2377,4538.43
2021-12-06,69.62,0.78,116.1538,4591.67
2021-12-07,71.94,0.78,115.8555,4686.75
2021-12-08,72.43,0.84,115.4418,4701.21
2021-12-09,70.87,0.79,115.7784,4667.45
2021-12-10,71.71,0.81,115.5732,4712.02
2021-12-13,71.19,0.76,115.842,4668.97
2021-12-14,70.57,0.77,116.2397,4634.09
2021-12-15,70.89,0.78,116.4219,4709.85
2021-12-16,72.34,0.8,115.7146,4668.67
2021-12-17,70.93,0.75,115.791,4620.64
2021-12-20,68.69,0.78,116.0092,4568.02
2021-12-21,71.1,0.78,116.1089,4649.23
2021-12-22,72.82,0.78,115.7485,4696.56
2021-12-23,73.89,0.79,115.5337,4725.79
2021-12-24,,,,4725.79
2021-12-27,75.49,0.72,115.4684,4791.19
2021-12-28,76.01,0.75,115.4192,4786.35
2021-12-29,76.58,0.8,115.3678,4793.06
2021-12-30,76.83,0.79,115.283,4778.73
2021-12-31,75.33,0.79,,4766.18
2022-01-03,75.99,0.85,115.4101,4796.56
2022-01-04,77.0,0.89,115.3103,4793.54
2022-01-05,77.83,0.88,115.137,4700.58
2022-01-06,79.47,0.85,115.4046,4696.05
2022-01-07,79.0,0.89,115.0451,4677.03
2022-01-10,78.11,0.86,115.2216,4670.29
2022-01-11,81.17,0.85,114.8332,4713.07
2022-01-12,82.51,0.82,114.355,4726.35
2022-01-13,81.97,0.79,114.177,4659.03
2022-01-14,83.82,0.79,114.3825,4662.85
2022-01-17,,,,4662.85
2022-01-18,85.42,0.81,114.7373,4577.11
2022-01-19,86.84,0.79,114.6109,4532.76
2022-01-20,86.29,0.75,114.4642,4482.73
2022-01-21,85.16,0.74,114.6125,4397.94
2022-01-24,84.48,0.76,115.2034,4410.13
2022-01-25,86.61,0.76,115.1654,4356.45
2022-01-26,88.33,0.72,115.0922,4349.93
2022-01-27,87.61,0.63,115.978,4326.51
2022-01-28,87.67,0.63,116.0393,4431.85
2022-01-31,89.16,0.61,115.566,4515.55
2022-02-01,88.22,0.63,115.3685,4546.54
2022-02-02,88.16,0.62,115.1538,4589.38
2022-02-03,90.17,0.63,114.9065,4477.44
2022-02-04,92.27,0.62,115.1362,4500.53
2022-02-07,91.25,0.62,115.0098,4483.87
2022-02-08,89.32,0.61,115.0892,4521.54
2022-02-09,89.57,0.58,114.8232,4587.18
2022-02-10,89.83,0.42,114.5527,4504.08
2022-02-11,93.1,0.42,114.8413,4418.64
2022-02-14,95.52,0.4,115.1946,4401.67
2022-02-15,92.07,0.47,114.93,4471.07
2022-02-16,93.83,0.51,114.6886,4475.01
2022-02-17,91.78,0.48,114.6755,4380.26
2022-02-18,91.26,0.45,114.7982,4348.87
2022-02-21,,,,4348.87
2022-02-22,92.11,0.38,114.7002,4304.76
2022-02-23,92.14,0.41,114.6668,4225.5
2022-02-24,92.77,0.42,115.9419,4288.7
2022-02-25,91.68,0.42,115.2577,4384.65
2022-02-28,96.13,0.39,115.2224,4373.94
2022-03-01,103.66,0.41,115.7962,4306.26
2022-03-02,110.74,0.36,115.7623,4386.54
2022-03-03,107.69,0.33,115.9495,4363.49
2022-03-04,115.77,0.24,116.6503,4328.87
2022-03-07,119.26,0.23,117.3278,4201.09
2022-03-08,123.64,0.23,117.6176,4170.7
2022-03-09,108.81,0.26,116.5961,4277.88
2022-03-10,105.93,0.26,116.7401,4259.52
2022-03-11,109.31,0.25,117.0192,4204.31
2022-03-14,103.22,0.27,117.1506,4173.11
2022-03-15,96.42,0.3,117.246,4262.45
2022-03-16,94.85,0.24,116.8073,4357.86
2022-03-17,102.97,0.26,116.0467,4411.67
2022-03-18,104.69,0.17,116.1378,4463.12
2022-03-21,112.14,0.18,115.9398,4461.18
2022-03-22,111.03,0.2,116.0824,4511.61
2022-03-23,114.89,0.19,116.005,4456.24
2022-03-24,114.2,0.21,115.9599,4520.16
2022-03-25,116.2,0.18,115.7921,4543.06
2022-03-28,107.55,0.11,116.1911,4575.52
2022-03-29,104.25,0.06,115.5679,4631.6
2022-03-30,107.81,0.04,115.0818,4602.45
2022-03-31,100.53,0.04,115.2218,4530.41
2022-04-01,99.32,-0.05,115.4814,4545.86
2022-04-04,103.29,-0.01,115.4112,4582.64
2022-04-05,101.98,0.03,115.73,4525.12
2022-04-06,96.39,0.11,115.9995,4481.15
2022-04-07,96.05,0.19,116.3512,4500.21
2022-04-08,98.35,0.19,116.4176,4488.28
2022-04-11,94.22,0.29,116.5401,4412.53
2022-04-12,100.52,0.33,116.3866,4397.45
2022-04-13,104.26,0.33,116.2796,4446.59
2022-04-14,106.84,0.36,116.7558,4392.59
2022-04-15,,,116.7017,4392.59
2022-04-18,108.24,0.39,116.8441,4391.69
2022-04-19,102.54,0.32,117.1324,4462.21
2022-04-20,102.56,0.25,116.7306,4459.45
2022-04-21,103.89,0.22,117.1432,4393.66
2022-04-22,102.86,0.18,118.0186,4271.78
2022-04-25,99.6,0.18,118.6271,4296.12
2022-04-26,102.62,0.23,118.9624,4175.2
2022-04-27,101.96,0.24,119.4708,4183.96
2022-04-28,105.47,0.22,120.0675,4287.5
2022-04-29,104.59,0.19,119.4933,4131.93
2022-05-02,105.18,0.26,119.8825,4155.38
2022-05-03,102.53,0.19,119.7043,4175.48
2022-05-04,107.84,0.27,119.5592,4300.17
2022-05-05,108.17,0.34,120.0068,4146.87
2022-05-06,109.72,0.4,119.8577,4123.34
2022-05-09,103.08,0.44,120.4972,3991.24
2022-05-10,99.74,0.37,120.7742,4001.05
2022-05-11,105.5,0.25,120.3925,3935.18
2022-05-12,106.15,0.28,121.2796,3930.08
2022-05-13,110.52,0.32,120.8442,4023.89
2022-05-16,114.07,0.3,120.6881,4008.01
2022-05-17,112.31,0.27,119.8871,4088.85
2022-05-18,109.67,0.21,120.0274,3923.68
2022-05-19,112.21,0.21,119.4278,3900.79
2022-05-20,112.63,0.18,119.3677,3901.36
2022-05-23,110.32,0.21,118.7169,3973.75
2022-05-24,112.55,0.26,118.6245,3941.48
2022-05-25,112.88,0.27,118.9598,3978.73
2022-05-26,116.19,0.29,118.7687,4057.84
2022-05-27,114.96,0.27,118.2834,4158.24
2022-05-30,,,,4158.24
2022-05-31,114.38,0.32,118.0704,4132.15
2022-06-01,115.26,0.28,118.6954,4101.23
2022-06-02,116.88,0.27,118.0658,4176.82
2022-06-03,118.97,0.3,118.2153,4108.54
2022-06-06,118.41,0.31,118.3081,4121.43
2022-06-07,119.55,0.23,118.4414,4160.68
2022-06-08,121.94,0.25,118.3951,4115.77
2022-06-09,121.52,0.21,118.9226,4017.82
2022-06-10,120.73,0.09,119.9981,3900.86
2022-06-13,120.92,0.03,121.1523,3749.63
2022-06-14,118.92,0.04,121.6669,3735.48
2022-06-15,115.32,0.13,121.6403,3789.99
2022-06-16,117.56,0.14,120.6714,3666.77
2022-06-17,109.56,0.08,121.2369,3674.84
2022-06-20,,,,3674.84
2022-06-21,110.49,0.1,120.6427,3764.79
2022-06-22,106.22,0.1,120.5197,3759.89
2022-06-23,105.75,0.08,120.7622,3795.73
2022-06-24,109.07,0.09,120.4853,3911.74
2022-06-27,111.44,0.12,120.1736,3900.11
2022-06-28,113.66,0.1,120.62,3821.55
2022-06-29,111.65,0.04,120.9616,3818.83
2022-06-30,107.76,0.06,120.9652,3785.38
2022-07-01,110.3,0.04,121.5058,3825.33
2022-07-04,,,,3825.33
2022-07-05,101.55,0.0,122.6203,3831.39
2022-07-06,100.31,-0.04,123.0073,3845.08
2022-07-07,104.62,-0.02,122.7257,3902.62
2022-07-08,106.78,-0.03,122.4662,3899.38
2022-07-11,106.09,-0.08,123.2974,3854.43
2022-07-12,97.69,-0.07,123.4524,3818.8
2022-07-13,98.44,-0.22,123.2834,3801.78
2022-07-14,97.79,-0.19,124.0622,3790.38
2022-07-15,99.59,-0.2,123.4765,3863.16
2022-07-18,104.48,-0.19,122.7727,3830.85
2022-07-19,106.12,-0.22,122.4819,3936.69
2022-07-20,104.45,-0.21,122.5997,3959.9
2022-07-21,98.44,-0.19,122.9032,3998.95
2022-07-22,97.71,-0.21,122.451,3961.63
2022-07-25,99.83,-0.19,122.4594,3966.84
2022-07-26,97.74,-0.21,122.7581,3921.05
2022-07-27,100.03,-0.18,122.8169,4023.61
2022-07-28,99.11,-0.17,122.1161,4072.43
2022-07-29,101.31,-0.22,121.7678,4130.29
2022-08-01,96.59,-0.3,121.4109,4118.63
2022-08-02,97.14,-0.31,121.9486,4091.19
2022-08-03,93.25,-0.37,122.3888,4155.17
2022-08-04,91.29,-0.35,121.8333,4151.94
2022-08-05,91.77,-0.41,122.321,4145.19
2022-08-08,93.52,-0.44,121.8783,4140.06
2022-08-09,93.18,-0.48,121.8614,4122.47
2022-08-10,94.68,-0.45,120.7543,4210.24
2022-08-11,97.02,-0.36,120.7163,4207.27
2022-08-12,94.86,-0.41,121.018,4280.15
2022-08-15,92.24,-0.41,121.4315,4297.14
2022-08-16,89.23,-0.43,121.6807,4305.2
2022-08-17,90.85,-0.39,122.0711,4274.04
2022-08-18,93.2,-0.34,122.3627,4283.74
2022-08-19,93.55,-0.27,123.0501,4228.48
2022-08-22,93.42,-0.29,123.605,4137.99
2022-08-23,96.46,-0.24,123.0547,4128.73
2022-08-24,95.52,-0.25,123.109,4140.77
2022-08-25,93.33,-0.32,123.0586,4199.12
2022-08-26,93.63,-0.33,123.0656,4057.66
2022-08-29,97.4,-0.3,123.4686,4030.61
2022-08-30,92.08,-0.35,123.6848,3986.16
2022-08-31,90.09,-0.3,123.535,3955.0
2022-09-01,87.09,-0.25,124.4006,3966.85
2022-09-02,87.29,-0.2,123.7743,3924.26
2022-09-05,,,,3924.26
2022-09-06,87.35,-0.17,124.767,3908.19
2022-09-07,82.5,-0.18,124.8408,3979.87
2022-09-08,84.04,-0.19,124.578,4006.18
2022-09-09,87.27,-0.23,123.7874,4067.36
2022-09-12,88.18,-0.21,123.3332,4110.41
2022-09-13,87.84,-0.33,124.4242,3932.69
2022-09-14,88.88,-0.37,124.4509,3946.01
2022-09-15,85.72,-0.42,124.8843,3901.35
2022-09-16,85.57,-0.4,124.8794,3873.33
2022-09-19,86.15,-0.46,125.0104,3899.89
2022-09-20,84.69,-0.39,125.1248,3855.93
2022-09-21,83.38,-0.51,125.7399,3789.93
2022-09-22,84.02,-0.41,126.1667,3757.99
2022-09-23,79.07,-0.51,127.2853,3693.23
2022-09-26,77.17,-0.39,128.4539,3655.04
2022-09-27,78.91,-0.33,128.4386,3647.29
2022-09-28,82.61,-0.35,128.0884,3719.04
2022-09-29,81.78,-0.4,127.5437,3640.47
2022-09-30,79.91,-0.39,127.5148,3585.62
2022-10-03,84.05,-0.45,127.0813,3678.43
2022-10-04,86.87,-0.48,126.1819,3790.93
2022-10-05,88.22,-0.39,126.8616,3783.28
2022-10-06,88.9,-0.4,127.2493,3744.52
2022-10-07,93.07,-0.41,127.3111,3639.66
2022-10-10,91.6,,,3612.39
2022-10-11,89.75,-0.37,127.6641,3588.84
2022-10-12,87.83,-0.37,128.1481,3577.03
2022-10-13,89.59,-0.5,127.7286,3669.91
2022-10-14,86.1,-0.48,128.3325,3583.07
2022-10-17,86.0,-0.43,127.6448,3677.95
2022-10-18,83.29,-0.42,127.9153,3719.98
2022-10-19,86.0,-0.41,128.3968,3695.16
2022-10-20,86.02,-0.38,128.0052,3665.78
2022-10-21,85.47,-0.28,127.6735,3752.75
2022-10-24,86.12,-0.25,128.0304,3797.34
2022-10-25,86.93,-0.32,127.3771,3859.11
2022-10-26,89.39,-0.35,126.4723,3830.6
2022-10-27,89.06,-0.34,126.7028,3807.3
2022-10-28,87.85,-0.39,127.2135,3901.06
2022-10-31,86.54,-0.41,127.6219,3871.98
2022-11-01,88.36,-0.47,127.3987,3856.1
2022-11-02,90.06,-0.51,127.3115,3759.69
2022-11-03,88.14,-0.57,128.1743,3719.89
2022-11-04,92.58,-0.49,127.1468,3770.55
2022-11-07,91.8,-0.5,126.3062,3806.8
2022-11-08,88.8,-0.53,125.633,3828.11
2022-11-09,85.79,-0.49,125.9861,3748.57
2022-11-10,86.52,-0.52,124.7044,3956.37
2022-11-11,89.14,,,3992.93
2022-11-14,85.85,-0.52,123.4277,3957.25
2022-11-15,86.87,-0.57,123.039,3991.73
2022-11-16,85.62,-0.68,123.2817,3958.79
2022-11-17,81.69,-0.66,123.977,3946.56
2022-11-18,80.07,-0.69,123.8524,3965.34
2022-11-21,79.74,-0.65,124.7009,3949.94
2022-11-22,80.83,-0.71,124.2365,4003.58
2022-11-23,77.93,-0.75,123.7574,4027.26
2022-11-24,,,,4027.26
2022-11-25,76.45,-0.74,123.3386,4026.12
2022-11-28,77.1,-0.77,123.6032,3963.94
2022-11-29,77.96,-0.73,123.6615,3957.63
2022-11-30,80.48,-0.7,123.5175,4080.11
2022-12-01,81.06,-0.72,122.0045,4076.57
2022-12-02,79.86,-0.77,122.0102,4071.7
2022-12-05,76.83,-0.81,122.6384,3998.84
2022-12-06,74.21,-0.83,123.0191,3941.26
2022-12-07,71.93,-0.84,122.7608,3933.92
2022-12-08,71.3,-0.83,122.4152,3963.51
2022-12-09,71.05,-0.76,122.4201,3934.38
2022-12-12,72.96,-0.78,122.7714,3990.56
2022-12-13,75.44,-0.71,121.8493,4019.65
2022-12-14,77.14,-0.74,121.8226,3995.32
2022-12-15,75.89,-0.79,122.5519,3895.75
2022-12-16,74.19,-0.69,122.6505,3852.36
2022-12-19,75.05,-0.68,122.5275,3817.66
2022-12-20,75.92,-0.56,122.1357,3821.62
2022-12-21,78.17,-0.53,122.2828,3878.44
2022-12-22,77.68,-0.57,122.2419,3822.39
2022-12-23,79.57,-0.56,121.9743,3844.82
2022-12-26,,,,3844.82
2022-12-27,79.45,-0.48,121.7539,3829.25
2022-12-28,78.89,-0.43,122.0075,3783.22
2022-12-29,78.43,-0.51,121.6577,3849.28
2022-12-30,80.16,-0.53,121.4256,3839.5
2023-01-02,,,,3839.5
2023-01-03,76.87,-0.61,122.0905,3824.14
2023-01-04,72.82,-0.67,121.5008,3852.97
2023-01-05,73.61,-0.74,122.1017,3808.1
2023-01-06,73.77,-0.69,121.0852,3895.08
2023-01-09,74.69,-0.66,120.1508,3892.09
2023-01-10,75.11,-0.63,120.2483,3919.25
2023-01-11,77.46,-0.66,120.1614,3969.61
2023-01-12,78.32,-0.69,119.4218,3983.17
2023-01-13,79.9,-0.73,119.1673,3999.09
2023-01-16,,,,3999.09
2023-01-17,80.25,-0.65,119.2121,3990.97
2023-01-18,79.53,-0.69,119.0755,3928.86
2023-01-19,80.31,-0.7,119.6107,3898.85
2023-01-20,81.27,-0.66,119.3486,3972.61
2023-01-23,81.62,-0.69,119.1434,4019.81
2023-01-24,79.86,-0.66,119.0958,4016.95
2023-01-25,79.78,-0.65,118.9686,4016.22
2023-01-26,80.64,-0.68,119.021,4060.43
2023-01-27,79.73,-0.67,118.9223,4070.56
2023-01-30,77.97,-0.7,118.8953,4017.77
2023-01-31,78.95,-0.69,118.9802,4076.6
2023-02-01,76.34,-0.7,118.6259,4119.21
2023-02-02,75.87,-0.69,118.3421,4179.76
2023-02-03,73.4,-0.77,119.5095,4136.48
2023-02-06,74.11,-0.81,120.541,4111.08
2023-02-07,77.17,-0.8,120.3475,4164.0
2023-02-08,78.47,-0.82,120.1436,4117.86
2023-02-09,78.04,-0.81,119.9781,4081.5
2023-02-10,79.74,-0.76,120.1419,4090.46
2023-02-13,80.14,-0.8,119.9828,4137.29
2023-02-14,79.08,-0.83,119.9229,4136.13
2023-02-15,78.57,-0.81,120.4557,4147.6
2023-02-16,78.45,-0.76,120.4651,4090.41
2023-02-17,76.31,-0.78,120.5526,4079.09
2023-02-20,,,,4079.09
2023-02-21,76.28,-0.72,120.6256,3997.34
2023-02-22,73.95,-0.73,120.8389,3991.05
2023-02-23,75.26,-0.78,121.0896,4012.32
2023-02-24,76.19,-0.83,121.5681,3970.04
2023-02-27,75.57,-0.86,121.3941,3982.24
2023-02-28,76.88,-0.89,121.3341,3970.15
2023-03-01,77.57,-0.88,120.6347,3951.39
2023-03-02,78.05,-0.81,121.1302,3981.35
2023-03-03,79.62,-0.89,120.7742,4045.64
2023-03-06,80.39,-0.91,120.485,4048.42
2023-03-07,77.45,-1.03,121.4623,3986.37
2023-03-08,76.56,-1.07,121.4511,3992.01
2023-03-09,75.6,-0.97,121.4458,3918.32
2023-03-10,76.55,-0.9,121.2421,3861.59
2023-03-13,74.68,-0.48,120.8897,3855.76
2023-03-14,71.18,-0.56,121.0141,3919.29
2023-03-15,67.38,-0.42,122.1079,3891.93
2023-03-16,68.15,-0.58,121.7221,3960.28
2023-03-17,66.61,-0.42,121.5643,3916.64
2023-03-20,67.56,-0.45,121.0141,3951.57
2023-03-21,69.4,-0.58,120.8958,4002.87
2023-03-22,70.71,-0.48,120.6217,3936.97
2023-03-23,69.77,-0.38,119.7587,3948.72
2023-03-24,69.22,-0.38,120.4598,3970.99
2023-03-27,72.87,-0.41,120.2541,3977.53
2023-03-28,73.12,-0.47,119.7138,3971.27
2023-03-29,72.95,-0.51,119.7258,4027.81
2023-03-30,74.32,-0.55,119.4078,4050.83
2023-03-31,75.68,-0.58,119.3602,4109.31
2023-04-03,80.4,-0.54,119.3204,4124.51
2023-04-04,80.7,-0.49,119.142,4100.6
2023-04-05,80.69,-0.49,119.2953,4090.38
2023-04-06,80.7,-0.52,119.3072,4105.02
2023-04-07,,-0.58,119.3547,4105.02
2023-04-10,79.79,-0.59,119.7948,4109.11
2023-04-11,81.54,-0.6,119.5248,4108.94
2023-04-12,83.26,-0.54,119.003,4091.95
2023-04-13,82.16,-0.51,118.3915,4146.22
2023-04-14,82.58,-0.56,118.8567,4137.64
2023-04-17,80.93,-0.58,119.2787,4151.32
2023-04-18,80.85,-0.61,119.1049,4154.87
2023-04-19,79.18,-0.64,119.303,4154.52
2023-04-20,77.27,-0.6,119.1199,4129.79
2023-04-21,77.86,-0.6,119.3117,4133.52
2023-04-24,78.64,-0.6,119.2039,4137.04
2023-04-25,77.05,-0.46,119.613,4071.63
2023-04-26,74.33,-0.47,119.3228,4055.99
2023-04-27,74.77,-0.54,119.4298,4135.35
2023-04-28,76.78,-0.6,119.2248,4169.48
2023-05-01,75.65,-0.55,119.4435,4167.87
2023-05-02,71.71,-0.53,119.6105,4119.58
2023-05-03,68.62,-0.51,119.1233,4090.75
2023-05-04,68.52,-0.38,119.0465,4061.22
2023-05-05,71.32,-0.48,118.5548,4136.25
2023-05-08,73.13,-0.48,118.5759,4138.12
2023-05-09,73.68,-0.48,118.8239,4119.17
2023-05-10,72.53,-0.47,118.5864,4137.64
2023-05-11,70.81,-0.5,119.0303,4130.62
2023-05-12,70.02,-0.52,119.3671,4124.08
2023-05-15,71.07,-0.49,119.1608,4136.28
2023-05-16,70.85,-0.52,119.1743,4109.9
2023-05-17,72.78,-0.55,119.607,4158.77
2023-05-18,71.82,-0.59,120.0886,4198.05
2023-05-19,71.57,-0.58,119.7751,4191.98
2023-05-22,71.81,-0.57,120.0875,4192.63
2023-05-23,72.87,-0.56,120.3204,4145.58
2023-05-24,74.37,-0.58,120.4752,4115.24
2023-05-25,71.68,-0.67,120.8413,4151.28
2023-05-26,72.35,-0.74,120.6304,4205.45
2023-05-29,,,,4205.45
2023-05-30,69.45,-0.77,120.5546,4205.52
2023-05-31,68.11,-0.76,120.9662,4179.83
2023-06-01,70.09,-0.72,120.0491,4221.02
2023-06-02,71.76,-0.81,120.0049,4282.37
2023-06-05,72.14,-0.77,120.0048,4273.79
2023-06-06,71.71,-0.81,119.9718,4283.85
2023-06-07,72.52,-0.77,119.859,4267.52
2023-06-08,71.28,-0.79,119.5712,4293.93
2023-06-09,70.16,-0.84,119.4322,4298.86
2023-06-12,67.08,-0.82,119.6376,4338.93
2023-06-13,69.39,-0.83,119.1899,4369.01
2023-06-14,68.22,-0.91,118.776,4372.59
2023-06-15,70.61,-0.9,118.5521,4425.84
2023-06-16,71.81,-0.93,118.4184,4409.59
2023-06-19,,,,4409.59
2023-06-20,70.94,-0.94,118.938,4388.71
2023-06-21,72.55,-0.96,118.727,4365.69
2023-06-22,69.22,-0.97,118.7552,4381.89
2023-06-23,68.91,-0.97,119.152,4348.33
2023-06-26,69.09,-0.93,119.0761,4328.82
2023-06-27,67.68,-0.97,118.8949,4378.41
2023-06-28,69.54,-1.0,119.3382,4376.86
2023-06-29,69.85,-1.02,119.527,4396.44
2023-06-30,70.66,-1.06,119.3606,4450.38
2023-07-03,69.71,-1.08,119.2119,4455.59
2023-07-04,,,,4455.59
2023-07-05,71.78,-0.99,119.3483,4446.82
2023-07-06,71.76,-0.94,119.8193,4411.59
2023-07-07,73.91,-0.88,119.0761,4398.95
2023-07-10,73.05,-0.84,118.9548,4409.53
2023-07-11,74.87,-0.89,118.7344,4439.26
2023-07-12,75.77,-0.86,117.6385,4472.16
2023-07-13,76.86,-0.83,117.1831,4510.04
2023-07-14,75.44,-0.91,117.0463,4505.42
2023-07-17,74.17,-0.93,117.1267,4522.79
2023-07-18,75.76,-0.94,117.0264,4554.98
2023-07-19,75.4,-0.99,117.3462,4565.72
2023-07-20,75.65,-0.95,117.5947,4534.87
2023-07-21,77.06,-0.98,117.9418,4536.34
2023-07-24,78.81,-0.95,117.8124,4554.64
2023-07-25,79.76,-0.94,117.8565,4567.46
2023-07-26,79.11,-0.96,117.76,4566.75
2023-07-27,80.17,-0.9,117.8938,4537.41
2023-07-28,80.55,-0.91,117.788,4582.23
2023-07-31,81.8,-0.91,117.8241,4588.96
2023-08-01,81.37,-0.87,118.5738,4576.73
2023-08-02,79.5,-0.8,119.1268,4513.39
2023-08-03,81.56,-0.7,119.3963,4501.89
2023-08-04,82.76,-0.73,118.821,4478.03
2023-08-07,81.94,-0.67,119.0809,4518.44
2023-08-08,82.94,-0.72,119.6407,4499.38
2023-08-09,84.35,-0.79,119.476,4467.71
2023-08-10,82.81,-0.73,119.1581,4468.83
2023-08-11,83.17,-0.73,119.6268,4464.05
2023-08-14,82.5,-0.77,120.0725,4489.72
2023-08-15,81.06,-0.71,120.2127,4437.86
2023-08-16,79.4,-0.69,120.3551,4404.33
2023-08-17,80.43,-0.64,120.5242,4370.36
2023-08-18,81.25,-0.66,120.4321,4369.71
2023-08-21,80.71,-0.63,120.4627,4399.77
2023-08-22,80.25,-0.68,120.3554,4387.55
2023-08-23,78.91,-0.76,120.0307,4436.01
2023-08-24,79.52,-0.75,120.2354,4376.31
2023-08-25,80.47,-0.78,120.5137,4405.71
2023-08-28,80.65,-0.78,120.3155,4433.31
2023-08-29,81.14,-0.75,120.2669,4497.63
2023-08-30,81.64,-0.78,119.7937,4514.87
2023-08-31,83.55,-0.76,120.225,4507.66
2023-09-01,85.52,-0.69,120.759,4515.77
2023-09-04,,,,4515.77
2023-09-05,86.74,-0.67,121.4345,4496.83
2023-09-06,87.55,-0.71,121.8671,4465.48
2023-09-07,86.87,-0.67,121.9528,4451.14
2023-09-08,87.51,-0.72,121.9475,4457.49
2023-09-11,87.3,-0.68,121.3386,4487.46
2023-09-12,88.87,-0.71,121.2913,4461.9
2023-09-13,88.59,-0.71,121.0549,4467.44
2023-09-14,90.13,-0.71,121.2395,4505.1
2023-09-15,90.83,-0.69,121.199,4450.32
2023-09-18,91.47,-0.73,121.1938,4453.53
2023-09-19,91.16,-0.71,121.1645,4443.95
2023-09-20,89.2,-0.77,120.9648,4402.2
2023-09-21,89.56,-0.63,121.5528,4330.0
2023-09-22,90.0,-0.66,121.5306,4320.06
2023-09-25,89.68,-0.54,122.1143,4337.44
2023-09-26,91.43,-0.48,122.4742,4273.53
2023-09-27,93.67,-0.49,122.9895,4274.51
2023-09-28,91.65,-0.45,122.5342,4299.7
2023-09-29,90.77,-0.44,122.3077,4288.05
2023-10-02,88.81,-0.43,123.0545,4288.39
2023-10-03,89.26,-0.34,123.7848,4229.45
2023-10-04,84.32,-0.32,123.5946,4263.75
2023-10-05,82.3,-0.31,123.8993,4258.19
2023-10-06,82.83,-0.3,123.3563,4308.5
2023-10-09,,,,4335.66
2023-10-10,85.89,-0.3,122.9282,4358.24
2023-10-11,83.7,-0.41,122.7697,4376.95
2023-10-12,82.87,-0.36,123.2101,4349.61
2023-10-13,87.67,-0.41,123.5954,4327.78
2023-10-16,86.65,-0.38,123.3185,4373.63
2023-10-17,86.66,-0.36,123.1202,4373.2
2023-10-18,88.35,-0.28,123.8148,4314.6
2023-10-19,89.35,-0.16,123.798,4278.0
2023-10-20,89.12,-0.14,123.612,4224.16
2023-10-23,85.49,-0.19,123.2846,4217.04
2023-10-24,84.58,-0.19,123.6416,4247.68
2023-10-25,86.07,-0.13,123.7871,4186.77
2023-10-26,83.8,-0.16,124.0064,4137.23
2023-10-27,86.04,-0.15,123.62,4117.37
2023-10-30,83.03,-0.15,123.4076,4166.82
2023-10-31,81.64,-0.19,123.8364,4193.8
2023-11-01,81.05,-0.18,123.7922,4237.86
2023-11-02,83.04,-0.31,122.8818,4317.78
2023-11-03,81.19,-0.26,121.7564,4358.34
2023-11-06,81.54,-0.26,121.6484,4365.98
2023-11-07,77.96,-0.33,122.0777,4378.38
2023-11-08,75.85,-0.44,122.0926,4382.78
2023-11-09,76.34,-0.41,122.1281,4347.35
2023-11-10,,-0.43,,4415.24
2023-11-13,78.86,-0.39,122.4264,4411.55
2023-11-14,78.9,-0.36,121.35,4495.7
2023-11-15,77.15,-0.37,121.0749,4502.88
2023-11-16,73.5,-0.38,121.1754,4508.24
2023-11-17,76.47,-0.44,120.8477,4514.02
2023-11-20,78.1,-0.47,120.2533,4547.38
2023-11-21,78.35,-0.45,120.2241,4538.19
2023-11-22,76.8,-0.47,120.6802,4556.62
2023-11-23,,,,4556.62
2023-11-24,74.83,-0.45,120.2105,4559.34
2023-11-27,74.46,-0.45,120.173,4550.43
2023-11-28,76.09,-0.39,119.5904,4554.89
2023-11-29,77.56,-0.37,119.8159,4550.58
2023-11-30,75.66,-0.36,120.2434,4567.8
2023-12-01,73.7,-0.34,119.9424,4594.63
2023-12-04,72.73,-0.36,120.4727,4569.78
2023-12-05,71.95,-0.39,120.7913,4567.18
2023-12-06,68.98,-0.48,120.5334,4549.34
2023-12-07,69.0,-0.44,120.6013,4585.59
2023-12-08,70.87,-0.48,120.7607,4604.37
2023-12-11,70.95,-0.48,120.9279,4622.44
2023-12-12,68.27,-0.53,120.6817,4643.7
2023-12-13,69.09,-0.42,121.1571,4707.09
2023-12-14,71.21,-0.45,119.5683,4719.55
2023-12-15,71.05,-0.53,119.7382,4719.19
2023-12-18,72.16,-0.48,119.9102,4740.56
2023-12-19,73.23,-0.48,119.4632,4768.37
2023-12-20,73.87,-0.48,119.5435,4698.35
2023-12-21,73.59,-0.44,119.3168,4746.75
2023-12-22,73.29,-0.41,119.0625,4754.63
2023-12-25,,,,4754.63
2023-12-26,75.84,-0.37,118.8875,4774.75
2023-12-27,74.31,-0.41,118.4729,4781.58
2023-12-28,72.02,-0.42,118.4104,4783.35
2023-12-29,71.89,-0.35,118.4208,4769.83
2024-01-01,,,,4769.83
2024-01-02,70.62,-0.38,119.2686,4742.83
2024-01-03,72.97,-0.42,119.6958,4704.81
2024-01-04,72.38,-0.39,119.6208,4688.68
2024-01-05,74.0,-0.35,119.388,4697.24
2024-01-08,71.06,-0.35,119.2506,4763.54
2024-01-09,72.43,-0.34,119.6666,4756.5
2024-01-10,71.57,-0.33,119.7614,4783.45
2024-01-11,72.15,-0.28,119.8916,4780.24
2024-01-12,72.94,-0.18,119.534,4783.83
2024-01-15,,,,4783.83
2024-01-16,72.63,-0.15,120.5759,4765.98
2024-01-17,72.79,-0.24,121.0402,4739.21
2024-01-18,74.32,-0.2,120.8895,4780.94
2024-01-19,73.69,-0.24,120.6442,4839.81
2024-01-22,75.26,-0.26,120.6178,4850.43
2024-01-23,74.72,-0.17,121.1001,4864.6
2024-01-24,75.48,-0.16,120.4916,4868.55
2024-01-25,77.91,-0.14,120.8311,4894.16
2024-01-26,78.45,-0.19,120.6173,4890.97
2024-01-29,77.25,-0.21,120.8538,4927.93
2024-01-30,78.3,-0.3,120.6025,4924.97
2024-01-31,76.28,-0.28,120.4331,4845.65
2024-02-01,74.36,-0.33,120.3335,4906.19
2024-02-02,72.72,-0.33,120.902,4958.61
2024-02-05,73.21,-0.29,121.349,4942.81
2024-02-06,73.83,-0.3,120.9588,4954.23
2024-02-07,74.26,-0.32,120.9049,4995.06
2024-02-08,76.67,-0.31,121.0798,4997.91
2024-02-09,77.26,-0.31,121.039,5026.61
2024-02-12,77.34,-0.29,120.9378,5021.84
2024-02-13,78.28,-0.33,121.5202,4953.17
2024-02-14,77.09,-0.29,121.4002,5000.62
2024-02-15,78.47,-0.32,121.2121,5029.73
2024-02-16,79.65,-0.34,121.1505,5005.57
2024-02-19,,,,5005.57
2024-02-20,78.72,-0.32,121.0199,4975.51
2024-02-21,78.89,-0.32,121.0379,4981.8
2024-02-22,79.64,-0.36,121.102,5087.03
2024-02-23,77.6,-0.41,121.0369,5088.8
2024-02-26,78.53,-0.41,121.0592,5069.53
2024-02-27,79.8,-0.39,120.9647,5078.18
2024-02-28,79.44,-0.37,121.128,5069.76
2024-02-29,79.22,-0.39,121.1824,5096.27
2024-03-01,80.9,-0.35,121.0111,5137.08
2024-03-04,79.67,-0.39,120.872,5130.95
2024-03-05,79.11,-0.41,120.8846,5078.65
2024-03-06,80.08,-0.44,120.4649,5104.76
2024-03-07,79.81,-0.41,120.1909,5157.36
2024-03-08,78.96,-0.39,119.975,5123.69
2024-03-11,78.87,-0.41,120.0394,5117.94
2024-03-12,78.51,-0.42,120.1668,5175.27
2024-03-13,80.67,-0.42,119.9642,5165.31
2024-03-14,82.16,-0.39,120.241,5150.48
2024-03-15,81.94,-0.41,120.4003,5117.09
2024-03-18,83.68,-0.39,120.5752,5149.42
2024-03-19,84.39,-0.38,120.9332,5178.51
2024-03-20,82.79,-0.32,120.9289,5224.62
2024-03-21,81.99,-0.35,120.8086,5241.53
2024-03-22,81.1,-0.37,121.1842,5234.18
2024-03-25,82.41,-0.29,121.0295,5218.19
2024-03-26,82.41,-0.32,121.0742,5203.58
2024-03-27,82.15,-0.34,121.0089,5248.49
2024-03-28,83.96,-0.39,121.0635,5254.35
2024-03-29,,,121.0191,5254.35
2024-04-01,84.54,-0.39,121.5151,5243.77
2024-04-02,85.95,-0.34,121.3035,5205.81
2024-04-03,86.22,-0.32,121.0198,5211.49
2024-04-04,87.37,-0.34,120.7613,5147.21
2024-04-05,87.69,-0.34,120.9646,5204.34
2024-04-08,87.24,-0.36,120.7359,5202.39
2024-04-09,86.04,-0.38,120.7048,5209.91
2024-04-10,86.98,-0.42,121.5727,5160.64
2024-04-11,85.79,-0.37,121.6081,5199.06
2024-04-12,86.46,-0.38,122.2885,5123.41
2024-04-15,86.21,-0.3,122.425,5061.82
2024-04-16,86.15,-0.3,123.1234,5051.41
2024-04-17,83.58,-0.34,123.0207,5022.21
2024-04-18,83.5,-0.34,123.0017,5011.12
2024-04-19,83.79,-0.35,123.1075,4967.23
2024-04-22,83.82,-0.35,123.0609,5010.6
2024-04-23,84.17,-0.25,122.7227,5070.55
2024-04-24,84.09,-0.24,122.89,5071.63
2024-04-25,84.92,-0.26,122.8384,5048.42
2024-04-26,85.38,-0.29,122.9471,5099.96
2024-04-29,84.26,-0.34,122.5449,5116.17
2024-04-30,83.49,-0.35,122.9853,5035.69
2024-05-01,80.7,-0.33,123.0168,5018.39
2024-05-02,80.59,-0.29,122.4384,5064.2
2024-05-03,79.65,-0.31,122.1375,5127.79
2024-05-06,80.1,-0.33,121.8913,5180.74
2024-05-07,79.97,-0.35,122.093,5187.7
2024-05-08,80.57,-0.36,122.1926,5187.67
2024-05-09,80.86,-0.35,122.1634,5214.08
2024-05-10,79.81,-0.37,122.014,5222.68
2024-05-13,80.71,-0.37,122.0261,5221.42
2024-05-14,79.62,-0.36,121.9256,5246.68
2024-05-15,80.23,-0.37,121.3543,5308.15
2024-05-16,80.85,-0.4,121.2236,5297.1
2024-05-17,81.66,-0.41,121.2354,5303.27
2024-05-20,81.39,-0.38,121.2289,5308.13
2024-05-21,80.66,-0.41,121.3793,5321.41
2024-05-22,79.15,-0.43,121.5462,5307.01
2024-05-23,77.47,-0.44,121.7477,5267.84
2024-05-24,78.48,-0.47,121.6172,5304.72
2024-05-27,,,,5304.72
2024-05-28,80.9,-0.4,121.43,5306.04
2024-05-29,80.24,-0.35,122.1641,5266.95
2024-05-30,78.96,-0.37,121.9601,5235.48
2024-05-31,77.97,-0.38,122.098,5277.51
2024-06-03,75.26,-0.41,122.3509,5283.4
2024-06-04,74.27,-0.44,122.7256,5291.34
2024-06-05,75.08,-0.43,122.5339,5354.03
2024-06-06,76.52,-0.44,122.3713,5352.96
2024-06-07,76.53,-0.44,123.549,5346.99
2024-06-10,78.75,-0.4,123.9125,5360.79
2024-06-11,78.88,-0.42,124.0349,5375.32
2024-06-12,79.56,-0.44,123.8295,5421.03
2024-06-13,79.61,-0.44,124.0235,5433.74
2024-06-14,79.41,-0.47,124.1694,5431.6
2024-06-17,81.33,-0.47,124.239,5473.23
2024-06-18,82.67,-0.47,123.9776,5487.03
2024-06-19,,,,5487.03
2024-06-20,83.34,-0.45,124.192,5473.17
2024-06-21,81.71,-0.45,124.1086,5464.62
2024-06-24,82.63,-0.46,123.7125,5447.87
2024-06-25,81.97,-0.42,123.9417,5469.3
2024-06-26,82.19,-0.39,124.26,5477.9
2024-06-27,83.04,-0.41,124.3379,5482.87
2024-06-28,82.83,-0.35,124.2103,5460.48
2024-07-01,84.7,-0.29,124.4667,5475.09
2024-07-02,84.09,-0.31,124.2917,5509.01
2024-07-03,85.19,-0.35,123.7768,5537.02
2024-07-04,,,,5537.02
2024-07-05,84.44,-0.32,123.4762,5567.19
2024-07-08,83.63,-0.34,123.3576,5572.85
2024-07-09,82.78,-0.32,123.4071,5576.98
2024-07-10,83.39,-0.34,123.1895,5633.91
2024-07-11,83.92,-0.3,122.769,5584.54
2024-07-12,83.49,-0.27,122.4404,5615.35
2024-07-15,83.22,-0.21,122.6347,5631.22
2024-07-16,81.92,-0.26,122.7264,5667.2
2024-07-17,84.16,-0.26,122.518,5588.27
2024-07-18,84.17,-0.26,122.7909,5544.59
2024-07-19,81.43,-0.24,123.147,5505.0
2024-07-22,81.25,-0.24,123.2172,5564.41
2024-07-23,78.24,-0.15,123.3843,5555.74
2024-07-24,78.78,-0.09,123.5575,5427.13
2024-07-25,79.43,-0.14,123.5286,5399.22
2024-07-26,78.58,-0.16,123.672,5459.1
2024-07-29,77.27,-0.19,124.1392,5463.54
2024-07-30,76.17,-0.2,124.2855,5436.44
2024-07-31,79.36,-0.2,123.6373,5522.3
2024-08-01,77.74,-0.17,123.8693,5446.68
2024-08-02,74.99,-0.08,123.4681,5346.56
2024-08-05,74.46,-0.11,123.5787,5186.33
2024-08-06,74.6,-0.09,123.6532,5240.03
2024-08-07,76.68,-0.04,123.5698,5199.5
2024-08-08,77.64,-0.05,123.4466,5319.31
2024-08-09,78.28,-0.11,122.9276,5344.16
2024-08-12,81.45,-0.11,123.2204,5344.39
2024-08-13,79.81,-0.08,123.0146,5434.43
2024-08-14,78.47,-0.11,122.4297,5455.21
2024-08-15,79.66,-0.16,122.5844,5543.22
2024-08-16,78.05,-0.17,122.3972,5554.25
2024-08-19,75.82,-0.2,121.8788,5608.25
2024-08-20,75.27,-0.17,121.7728,5597.12
2024-08-21,72.76,-0.13,121.8535,5620.85
2024-08-22,73.72,-0.13,122.3626,5570.64
2024-08-23,75.82,-0.09,121.4597,5634.61
2024-08-26,78.4,-0.09,121.6943,5616.84
2024-08-27,76.5,0.0,121.8672,5625.8
2024-08-28,75.49,0.01,121.8943,5592.18
2024-08-29,76.9,0.0,122.2333,5591.96
2024-08-30,74.52,0.0,122.3262,5648.4
2024-09-02,,,,5648.4
2024-09-03,71.28,-0.04,122.7811,5528.93
2024-09-04,70.11,0.01,122.5144,5520.07
2024-09-05,70.09,-0.02,122.4533,5503.41
2024-09-06,68.58,0.06,122.4991,5408.42
2024-09-09,69.65,0.02,122.7156,5471.05
2024-09-10,66.73,0.06,123.0071,5495.52
2024-09-11,68.25,0.03,122.7754,5554.13
2024-09-12,69.89,0.04,122.4423,5595.76
2024-09-13,69.59,0.09,121.6551,5626.02
2024-09-16,71.1,0.07,121.4976,5633.09
2024-09-17,72.16,0.06,121.6031,5634.58
2024-09-18,71.87,0.09,121.5618,5618.26
2024-09-19,72.86,0.14,121.3059,5713.64
2024-09-20,72.72,0.18,121.4052,5702.55
2024-09-23,71.33,0.18,121.4303,5718.57
2024-09-24,72.34,0.25,121.1291,5732.93
2024-09-25,70.42,0.26,121.4447,5722.26
2024-09-26,68.28,0.19,121.0785,5745.37
2024-09-27,68.72,0.2,121.1111,5738.17
2024-09-30,68.75,0.15,121.2864,5762.48
2024-10-01,70.41,0.13,121.6881,5708.75
2024-10-02,70.74,0.16,121.5724,5709.54
2024-10-03,74.33,0.15,122.1197,5699.94
2024-10-04,74.93,0.05,122.2197,5751.07
2024-10-07,77.76,0.04,122.4241,5695.94
2024-10-08,74.26,0.06,122.6625,5751.13
2024-10-09,73.85,0.07,122.8821,5792.04
2024-10-10,76.46,0.11,123.0951,5780.05
2024-10-11,76.11,0.13,122.9805,5815.03
2024-10-14,,,,5859.85
2024-10-15,71.22,0.08,123.5124,5815.26
2024-10-16,70.97,0.09,123.9235,5842.47
2024-10-17,71.26,0.13,124.1122,5841.47
2024-10-18,69.78,0.13,123.9185,5864.67
2024-10-21,71.16,0.17,124.4757,5853.98
2024-10-22,72.84,0.17,124.4107,5851.2
2024-10-23,71.37,0.17,124.6931,5797.42
2024-10-24,70.58,0.14,124.5127,5809.86
2024-10-25,72.02,0.14,124.6105,5808.12
2024-10-28,67.65,0.16,124.8076,5823.52
2024-10-29,67.48,0.17,124.8612,5832.92
2024-10-30,68.91,0.14,124.8153,5813.67
2024-10-31,69.58,0.12,124.7988,5705.45
2024-11-01,69.81,0.16,124.8076,5728.8
2024-11-04,71.83,0.14,124.5903,5712.69
2024-11-05,72.26,0.07,124.5532,5782.76
2024-11-06,71.98,0.15,125.7035,5929.04
2024-11-07,72.69,0.1,124.775,5973.1
2024-11-08,70.69,0.04,125.5811,5995.54
2024-11-11,,,,6001.35
2024-11-12,68.43,0.09,126.7762,5983.99
2024-11-13,68.76,0.17,126.9572,5985.38
2024-11-14,68.99,0.09,127.0015,5949.17
2024-11-15,67.33,0.12,126.8848,5870.62
2024-11-18,69.46,0.13,126.6045,5893.62
2024-11-19,69.75,0.12,126.3994,5916.98
2024-11-20,69.25,0.1,126.88,5917.11
2024-11-21,70.39,0.09,127.1047,5948.71
2024-11-22,71.68,0.04,127.4712,5969.34
2024-11-25,69.41,0.06,126.9948,5987.37
2024-11-26,69.05,0.09,127.4301,6021.63
2024-11-27,69.03,0.06,126.8205,5998.74
2024-11-28,,,,5998.74
2024-11-29,68.26,0.05,126.5798,6032.38
2024-12-02,68.35,0.02,127.1272,6047.15
2024-12-03,70.15,0.06,126.9565,6049.88
2024-12-04,68.81,0.06,126.7574,6086.49
2024-12-05,68.58,0.02,126.4286,6075.11
2024-12-06,68.58,0.05,126.688,6090.27
2024-12-09,68.65,0.07,126.5981,6052.85
2024-12-10,68.85,0.07,126.957,6034.91
2024-12-11,70.57,0.11,126.8483,6084.19
2024-12-12,70.25,0.14,126.9556,6051.25
2024-12-13,71.54,0.15,127.3096,6051.09
2024-12-16,71.03,0.14,127.2687,6074.08
2024-12-17,70.31,0.15,127.5043,6050.61
2024-12-18,70.8,0.15,127.6418,5872.16
2024-12-19,70.1,0.25,128.6366,5867.08
2024-12-20,69.71,0.22,127.893,5930.85
2024-12-23,69.5,0.29,128.3021,5974.07
2024-12-24,70.87,0.3,128.3377,6040.04
2024-12-25,,,,6040.04
2024-12-26,70.38,0.28,128.3329,6037.59
2024-12-27,71.28,0.31,128.45,5970.84
2024-12-30,71.73,0.31,128.8205,5906.94
2024-12-31,72.44,0.33,129.2775,5881.63
2025-01-01,,,,5881.63
2025-01-02,73.79,0.32,129.4598,5868.55
2025-01-03,74.64,0.32,129.4535,5942.47
2025-01-06,74.31,0.34,128.538,5975.38
2025-01-07,74.99,0.37,128.613,5909.03
2025-01-08,73.99,0.39,129.0785,5918.25
2025-01-09,,0.41,129.2827,5918.25
2025-01-10,77.27,0.37,129.8664,5827.04
2025-01-13,79.57,0.39,130.0413,5836.22
2025-01-14,78.2,0.41,129.3812,5842.91
2025-01-15,80.73,0.39,129.2092,5949.91
2025-01-16,79.35,0.38,129.436,5937.34
2025-01-17,78.56,0.34,129.4859,5996.66
2025-01-20,,,,5996.66
2025-01-21,76.79,0.28,128.4151,6049.24
2025-01-22,76.12,0.31,128.3402,6086.37
2025-01-23,75.03,0.36,128.2162,6118.71
2025-01-24,74.97,0.36,127.4611,6101.24
2025-01-27,73.51,0.36,128.0912,6012.28
2025-01-28,74.15,0.36,128.2817,6067.7
2025-01-29,72.94,0.34,128.3418,6039.31
2025-01-30,73.1,0.34,128.1004,6071.17
2025-01-31,72.84,0.36,128.4828,6040.53
2025-02-03,73.52,0.28,129.109,5994.57
2025-02-04,73.04,0.31,128.1083,6037.88
2025-02-05,71.39,0.26,127.9751,6061.48
2025-02-06,70.97,0.24,128.2017,6083.57
2025-02-07,71.32,0.2,128.4292,6025.99
2025-02-10,72.73,0.23,128.6382,6066.44
2025-02-11,73.67,0.25,128.4322,6068.5
2025-02-12,71.72,0.26,128.3288,6051.97
2025-02-13,71.66,0.21,127.8931,6115.07
2025-02-14,71.05,0.21,127.1491,6114.63
2025-02-17,,,,6114.63
2025-02-18,72.21,0.26,127.2906,6129.58
2025-02-19,72.58,0.25,127.7317,6144.15
2025-02-20,72.88,0.22,127.1126,6117.52
2025-02-21,70.72,0.23,127.1408,6013.13
2025-02-24,71.06,0.27,127.1921,5983.25
2025-02-25,69.15,0.23,127.3752,5955.25
2025-02-26,68.87,0.2,127.2822,5956.06
2025-02-27,70.62,0.22,127.9704,5861.57
2025-02-28,69.97,0.25,128.2805,5954.5
2025-03-03,68.63,0.2,127.75,5849.72
2025-03-04,68.47,0.26,127.9966,5778.15
2025-03-05,66.58,0.29,126.504,5842.63
2025-03-06,66.62,0.33,126.1099,5738.52
2025-03-07,67.29,0.33,125.9814,5770.2
2025-03-10,66.31,0.33,126.268,5614.56
2025-03-11,66.52,0.34,126.0457,5572.07
2025-03-12,67.65,0.31,125.8664,5599.3
2025-03-13,66.82,0.33,126.0031,5521.52
2025-03-14,67.43,0.29,125.6942,5638.94
2025-03-17,67.84,0.25,125.3688,5675.12
2025-03-18,67.49,0.25,125.488,5614.66
2025-03-19,67.4,0.26,125.8006,5675.29
2025-03-20,68.55,0.29,125.985,5662.89
2025-03-21,68.52,0.31,126.2679,5667.56
2025-03-24,69.46,0.3,126.1956,5767.57
2025-03-25,69.48,0.35,126.0535,5776.65
2025-03-26,70.05,0.37,126.2364,5712.2
2025-03-27,70.3,0.41,126.3626,5693.31
2025-03-28,69.74,0.38,126.4187,5580.94
2025-03-31,71.87,0.34,126.7075,5611.85
2025-04-01,71.61,0.3,126.4338,5633.07
2025-04-02,72.12,0.29,126.3811,5670.97
2025-04-03,67.43,0.35,124.7316,5396.52
2025-04-04,62.42,0.33,125.8129,5074.08
2025-04-07,61.05,0.42,126.8282,5062.25
2025-04-08,60.04,0.55,126.8668,4982.77
2025-04-09,62.63,0.43,126.628,5456.9
2025-04-10,60.57,0.56,125.089,5268.05
2025-04-11,61.91,0.52,124.0163,5363.36
2025-04-14,61.99,0.54,123.6598,5405.97
2025-04-15,61.74,0.51,123.776,5396.63
2025-04-16,62.88,0.52,123.2724,5275.7
2025-04-17,65.07,0.53,123.1298,5282.7
2025-04-18,,,122.9865,5282.7
2025-04-21,63.48,0.67,122.3145,5158.2
2025-04-22,64.6,0.65,122.4175,5287.76
2025-04-23,62.64,0.59,123.0252,5375.86
2025-04-24,63.55,0.55,122.9251,5484.77
2025-04-25,63.85,0.55,122.8858,5525.21
2025-04-28,63.3,0.56,122.7176,5528.75
2025-04-29,61.84,0.54,122.5944,5560.83
2025-04-30,59.55,0.57,122.5921,5569.06
2025-05-01,60.59,0.55,123.1405,5604.14
2025-05-02,59.67,0.5,122.4962,5686.67
2025-05-05,58.5,0.53,122.2613,5650.38
2025-05-06,60.42,0.52,122.0417,5606.91
2025-05-07,59.42,0.48,122.117,5631.28
2025-05-08,61.25,0.47,122.7568,5663.94
2025-05-09,62.37,0.49,122.5191,5659.91
2025-05-12,63.32,0.47,123.4863,5844.19
2025-05-13,65.04,0.47,122.9583,5886.55
2025-05-14,64.48,0.48,122.6746,5892.58
2025-05-15,63.03,0.49,122.8174,5916.93
2025-05-16,63.84,0.45,123.0737,5958.38
2025-05-19,63.98,0.49,122.4186,5963.6
2025-05-20,63.97,0.51,122.3199,5940.46
2025-05-21,62.93,0.58,121.7496,5844.61
2025-05-22,62.55,0.54,122.0429,5842.01
2025-05-23,62.89,0.51,121.3837,5802.82
2025-05-26,,,,5802.82
2025-05-27,61.61,0.51,121.6099,5921.54
2025-05-28,62.54,0.51,121.9888,5888.55
2025-05-29,61.66,0.51,121.5617,5912.17
2025-05-30,61.46,0.52,121.7674,5911.69
2025-06-02,63.27,0.52,121.1881,5935.94
2025-06-03,64.1,0.5,121.4592,5970.37
2025-06-04,63.57,0.5,121.0539,5970.81
2025-06-05,64.06,0.48,120.9596,5939.3
2025-06-06,65.3,0.47,121.161,6000.36
2025-06-09,65.99,0.48,120.9103,6005.88
2025-06-10,65.66,0.46,121.0485,6038.81
2025-06-11,68.91,0.47,120.587,6022.24
2025-06-12,68.73,0.46,120.1723,6045.26
2025-06-13,73.84,0.45,120.3245,5976.97
2025-06-16,72.53,0.49,120.1565,6033.11
2025-06-17,75.62,0.45,120.5048,5982.72
2025-06-18,75.89,0.44,120.7305,5980.87
2025-06-19,,,,5980.87
2025-06-20,75.72,0.48,121.0408,5967.84
2025-06-23,69.36,0.5,121.1694,6025.17
2025-06-24,65.45,0.55,120.3645,6092.18
2025-06-25,65.98,0.55,120.3336,6092.16
2025-06-26,66.44,0.56,119.6451,6141.02
2025-06-27,66.66,0.56,119.659,6173.07
2025-06-30,66.3,0.52,119.4088,6204.95
2025-07-01,66.64,0.48,119.3436,6198.01
2025-07-02,68.66,0.52,119.3037,6227.42
2025-07-03,68.13,0.47,119.2382,6279.35
2025-07-04,,,,6279.35
2025-07-07,69.16,0.5,119.6201,6229.98
2025-07-08,69.55,0.52,119.8371,6225.52
2025-07-09,69.61,0.48,119.7311,6263.26
2025-07-10,67.78,0.49,119.8343,6280.46
2025-07-11,69.63,0.53,119.9214,6259.75
2025-07-14,68.19,0.53,120.2209,6268.56
2025-07-15,67.76,0.55,120.5105,6243.76
2025-07-16,67.13,0.58,120.4175,6263.7
2025-07-17,68.76,0.56,120.6384,6297.36
2025-07-18,68.53,0.56,120.356,6296.79
2025-07-21,68.39,0.53,119.9961,6305.6
2025-07-22,67.56,0.52,119.681,6309.62
2025-07-23,66.05,0.52,119.5697,6358.91
2025-07-24,67.16,0.52,119.5664,6363.35
2025-07-25,66.38,0.49,119.9857,6388.64
2025-07-28,67.81,0.51,120.6149,6389.77
2025-07-29,70.27,0.48,120.9674,6370.86
2025-07-30,71.09,0.44,121.4042,6362.9
2025-07-31,70.36,0.43,121.721,6339.39
2025-08-01,68.39,0.54,121.2122,6238.01
2025-08-04,67.33,0.53,120.9859,6329.94
2025-08-05,66.2,0.5,120.9082,6299.19
2025-08-06,65.38,0.53,120.5082,6345.06
2025-08-07,64.9,0.51,120.5043,6340.0
2025-08-08,64.94,0.51,120.3329,6389.45
2025-08-11,65.03,0.51,120.6892,6373.45
2025-08-12,64.22,0.57,120.2736,6445.76
2025-08-13,63.68,0.57,120.13,6466.58
2025-08-14,64.99,0.55,120.6446,6468.54
2025-08-15,63.78,0.58,120.3377,6449.8
2025-08-18,64.51,0.57,120.5622,6449.15
2025-08-19,63.38,0.55,120.7224,6411.37
2025-08-20,64.19,0.55,120.7757,6395.78
2025-08-21,64.56,0.54,121.0843,6370.17
2025-08-22,64.08,0.58,120.2774,6466.91
2025-08-25,65.18,0.55,120.4214,6439.32
2025-08-26,63.6,0.65,120.5274,6465.94
2025-08-27,64.49,0.65,120.7274,6481.4
2025-08-28,64.96,0.6,120.2595,6501.86
2025-08-29,64.36,0.64,120.2082,6460.26
2025-09-01,,,,6460.26
2025-09-02,65.95,0.62,120.6837,6415.54
2025-09-03,64.36,0.61,120.5052,6448.26
2025-09-04,63.81,0.58,120.7629,6502.08
2025-09-05,62.22,0.59,120.1282,6481.5
2025-09-08,62.6,0.56,120.0971,6495.15
2025-09-09,62.97,0.54,120.1569,6512.61
2025-09-10,64.01,0.5,120.1223,6532.04
2025-09-11,62.71,0.49,119.9534,6587.47
2025-09-12,63.02,0.5,120.0611,6584.29
2025-09-15,63.66,0.51,119.5644,6615.28
2025-09-16,64.89,0.53,119.1348,6606.76
2025-09-17,64.41,0.54,119.1582,6600.35
2025-09-18,63.91,0.54,119.6616,6631.96
2025-09-19,63.02,0.57,119.7858,6664.36
2025-09-22,62.99,0.54,119.8152,6693.75
2025-09-23,63.76,0.59,119.6202,6656.92
2025-09-24,65.4,0.59,120.1707,6637.97
2025-09-25,65.51,0.54,120.5419,6604.72
2025-09-26,66.5,0.57,120.4349,6643.7
2025-09-29,64.27,0.52,120.115,6661.21
2025-09-30,63.17,0.56,120.1368,6688.46
2025-10-01,62.59,0.57,120.1502,6711.2
2025-10-02,61.28,0.55,120.4296,6715.35
2025-10-03,61.65,0.55,120.0881,6715.79
2025-10-06,62.49,0.58,120.2722,6740.28
2025-10-07,62.52,0.57,120.4884,6714.59
2025-10-08,63.37,0.55,120.7766,6753.72
2025-10-09,62.36,0.54,121.0902,6735.11
2025-10-10,59.75,0.53,121.1163,6552.51
2025-10-13,,,,6654.72
2025-10-14,59.52,0.55,121.1822,6644.31
2025-10-15,59.08,0.55,120.8642,6671.06
2025-10-16,58.29,0.58,120.6698,6629.07
2025-10-17,58.3,0.56,120.7028,6664.01
2025-10-20,58.34,0.54,120.6209,6735.13
2025-10-21,58.66,0.53,120.8895,6735.35
2025-10-22,59.3,0.52,120.8958,6699.4
2025-10-23,62.44,0.53,120.9531,6738.44
2025-10-24,62.27,0.54,120.9345,6791.69
2025-10-27,62.13,0.53,120.7988,6875.16
2025-10-28,60.97,0.52,120.6361,6890.89
2025-10-29,61.26,0.49,120.5312,6890.59
2025-10-30,61.36,0.5,121.2832,6822.34
2025-10-31,61.75,0.51,121.3859,6840.2
2025-11-03,61.79,0.53,121.4512,6851.97
2025-11-04,61.38,0.52,121.8271,6771.55
2025-11-05,60.4,0.54,121.8482,6796.29
2025-11-06,60.24,0.54,121.6948,6720.32
2025-11-07,60.54,0.56,121.388,6728.8
2025-11-10,60.94,0.55,121.2984,6832.43
2025-11-11,,,,6846.61
2025-11-12,59.3,0.52,121.0458,6850.92
2025-11-13,59.54,0.53,120.7725,6737.49
2025-11-14,60.87,0.52,120.9666,6734.11
2025-11-17,60.66,0.53,121.1146,6672.41
2025-11-18,61.51,0.54,121.2127,6617.32
2025-11-19,60.27,0.55,121.4978,6642.16
2025-11-20,60.07,0.55,121.6889,6538.76
2025-11-21,58.86,0.55,121.8653,6602.99
2025-11-24,59.11,0.58,121.9171,6705.12
2025-11-25,58.25,0.58,121.6335,6765.88
2025-11-26,58.81,0.55,121.2437,6812.61
2025-11-27,,,,6812.61
2025-11-28,58.58,0.55,121.0527,6849.09
2025-12-01,59.47,0.55,120.9862,6812.63
2025-12-02,58.81,0.58,121.1467,6829.37
2025-12-03,59.09,0.57,120.7336,6849.72
2025-12-04,59.82,0.59,120.6766,6857.12
2025-12-05,60.23,0.58,120.6863,6870.4
2025-12-08,59.04,0.6,120.776,6846.51
2025-12-09,58.4,0.57,120.6832,6840.51
2025-12-10,58.67,0.59,120.6752,6886.68
2025-12-11,57.76,0.62,119.98,6901.0
2025-12-12,57.61,0.67,120.1442,6827.41
2025-12-15,56.97,0.67,119.9561,6816.51
2025-12-16,55.44,0.67,119.8902,6800.26
2025-12-17,56.07,0.67,120.155,6721.43
2025-12-18,56.22,0.66,120.0528,6774.76
2025-12-19,56.8,0.68,120.1652,6834.5
2025-12-22,58.18,0.73,119.9912,6878.49
2025-12-23,58.55,0.7,119.7057,6909.79
2025-12-24,58.72,0.68,119.4372,6932.05
2025-12-25,,,,6932.05
2025-12-26,56.6,0.68,119.4723,6929.94
2025-12-29,57.89,0.67,119.5899,6905.74
2025-12-30,57.79,0.69,119.4939,6896.24
2025-12-31,57.26,0.71,119.7456,6845.5
2026-01-01,,,,6845.5
2026-01-02,57.21,0.72,119.6059,6858.47
2026-01-05,58.1,0.71,119.6192,6902.05
2026-01-06,56.97,0.71,119.7807,6944.82
2026-01-07,56.01,0.68,119.8719,6920.93
2026-01-08,57.74,0.7,120.0904,6921.46
2026-01-09,58.96,0.64,120.2215,6966.28
2026-01-12,59.39,0.65,119.9958,6977.27
2026-01-13,60.85,0.65,120.1401,6963.74
2026-01-14,61.84,0.64,119.9537,6926.6
2026-01-15,59.13,0.61,119.9951,6944.47
2026-01-16,59.4,0.65,120.0838,6940.01
2026-01-19,,,,6940.01
2026-01-20,60.3,0.7,119.4455,6796.86
2026-01-21,60.38,0.66,119.3431,6875.62
2026-01-22,59.24,0.65,119.1962,6913.35
2026-01-23,60.7,0.64,118.8976,6915.61
2026-01-26,60.46,0.66,118.0525,6950.23
2026-01-27,62.04,0.71,117.4523,6978.6
2026-01-28,62.75,0.7,117.5117,6978.03
2026-01-29,64.77,0.71,117.4396,6969.01
2026-01-30,64.5,0.74,117.8996,6939.03
2026-02-02,61.6,0.72,118.3609,6976.44
2026-02-03,62.62,0.71,117.9764,6917.81
2026-02-04,64.56,0.72,118.2602,6882.72
2026-02-05,62.9,0.74,118.5034,6798.4
2026-02-06,63.77,0.72,118.2407,6932.3
2026-02-09,64.53,0.74,117.6392,6964.82
2026-02-10,64.2,0.71,117.5216,6941.81
2026-02-11,64.8,0.66,117.4601,6941.47
2026-02-12,63.08,0.62,117.5376,6832.76
2026-02-13,63.05,0.64,117.5258,6836.17
2026-02-16,,,,6836.17
2026-02-17,62.53,0.62,117.7375,6843.22
2026-02-18,65.33,0.62,117.8426,6881.31
2026-02-19,66.66,0.61,118.2354,6861.89
2026-02-20,66.69,0.6,117.9917,6909.51
2026-02-23,66.36,0.6,117.9395,6837.75
2026-02-24,65.62,0.61,117.9463,6890.07
2026-02-25,65.3,0.6,117.769,6946.13
2026-02-26,65.1,0.6,117.9042,6908.86
2026-02-27,66.96,0.59,117.8223,6878.88
2026-03-02,71.13,0.58,118.667,6881.62
2026-03-03,74.48,0.55,119.4341,6816.63
2026-03-04,74.58,0.55,119.0705,6869.5
2026-03-05,80.88,0.56,119.5683,6830.71
2026-03-06,90.77,0.59,119.491,6740.02
2026-03-09,94.65,0.56,,6795.99
2026-03-10,,0.58,,6781.48
2026-03-11,,0.57,,6775.8
2026-03-12,,0.51,,6672.62
2026-03-13,,0.55,,6632.19
