period,duoarea,area_name,product,product_name,process,process_name,series,series_description,value,units
1986-01-01,YCUOK,NA,EPCWTI,WTI Crude Oil,PF4,Spot Price FOB,RWTC,"Cushing, OK WTI Spot Price FOB (Dollars per Barrel)",22.93,$/BBL
1986-02-01,YCUOK,NA,EPCWTI,WTI Crude Oil,PF4,Spot Price FOB,RWTC,"Cushing, OK WTI Spot Price FOB (Dollars per Barrel)",15.46,$/BBL
1986-03-01,YCUOK,NA,EPCWTI,WTI Crude Oil,PF4,Spot Price FOB,RWTC,"Cushing, OK WTI Spot Price FOB (Dollars per Barrel)",12.61,$/BBL
1986-04-01,YCUOK,NA,EPCWTI,WTI Crude Oil,PF4,Spot Price FOB,RWTC,"Cushing, OK WTI Spot Price FOB (Dollars per Barrel)",12.84,$/BBL
1986-05-01,YCUOK,NA,EPCWTI,WTI Crude Oil,PF4,Spot Price FOB,RWTC,"Cushing, OK WTI Spot Price FOB (Dollars per Barrel)",15.38,$/BBL
1986-06-01,Y35NY,NEW YORK CITY,EPD2F,No 2 Fuel Oil / Heating Oil,PF4,Spot Price FOB,EER_EPD2F_PF4_Y35NY_DPG,New York Harbor No. 2 Heating Oil Spot Price FOB (Dollars per Gallon),0.38,$/GAL
1986-06-01,RGC,NA,EPMRU,Conventional Regular Gasoline,PF4,Spot Price FOB,EER_EPMRU_PF4_RGC_DPG,U.S. Gulf Coast Conventional Gasoline Regular Spot Price FOB (Dollars per Gallon),0.409,$/GAL
1986-06-01,Y35NY,NEW YORK CITY,EPMRU,Conventional Regular Gasoline,PF4,Spot Price FOB,EER_EPMRU_PF4_Y35NY_DPG,New York Harbor Conventional Gasoline Regular Spot Price FOB (Dollars per Gallon),0.42,$/GAL
1986-06-01,YCUOK,NA,EPCWTI,WTI Crude Oil,PF4,Spot Price FOB,RWTC,"Cushing, OK WTI Spot Price FOB (Dollars per Barrel)",13.43,$/BBL
1986-07-01,Y35NY,NEW YORK CITY,EPD2F,No 2 Fuel Oil / Heating Oil,PF4,Spot Price FOB,EER_EPD2F_PF4_Y35NY_DPG,New York Harbor No. 2 Heating Oil Spot Price FOB (Dollars per Gallon),0.334,$/GAL
1986-07-01,RGC,NA,EPMRU,Conventional Regular Gasoline,PF4,Spot Price FOB,EER_EPMRU_PF4_RGC_DPG,U.S. Gulf Coast Conventional Gasoline Regular Spot Price FOB (Dollars per Gallon),0.334,$/GAL
1986-07-01,Y35NY,NEW YORK CITY,EPMRU,Conventional Regular Gasoline,PF4,Spot Price FOB,EER_EPMRU_PF4_Y35NY_DPG,New York Harbor Conventional Gasoline Regular Spot Price FOB (Dollars per Gallon),0.34,$/GAL
1986-07-01,YCUOK,NA,EPCWTI,WTI Crude Oil,PF4,Spot Price FOB,RWTC,"Cushing, OK WTI Spot Price FOB (Dollars per Barrel)",11.59,$/BBL
1986-08-01,Y35NY,NEW YORK CITY,EPD2F,No 2 Fuel Oil / Heating Oil,PF4,Spot Price FOB,EER_EPD2F_PF4_Y35NY_DPG,New York Harbor No. 2 Heating Oil Spot Price FOB (Dollars per Gallon),0.408,$/GAL
1986-08-01,RGC,NA,EPMRU,Conventional Regular Gasoline,PF4,Spot Price FOB,EER_EPMRU_PF4_RGC_DPG,U.S. Gulf Coast Conventional Gasoline Regular Spot Price FOB (Dollars per Gallon),0.416,$/GAL
1986-08-01,Y35NY,NEW YORK CITY,EPMRU,Conventional Regular Gasoline,PF4,Spot Price FOB,EER_EPMRU_PF4_Y35NY_DPG,New York Harbor Conventional Gasoline Regular Spot Price FOB (Dollars per Gallon),0.426,$/GAL
1986-08-01,YCUOK,NA,EPCWTI,WTI Crude Oil,PF4,Spot Price FOB,RWTC,"Cushing, OK WTI Spot Price FOB (Dollars per Barrel)",15.1,$/BBL
1986-09-01,Y35NY,NEW YORK CITY,EPD2F,No 2 Fuel Oil / Heating Oil,PF4,Spot Price FOB,EER_EPD2F_PF4_Y35NY_DPG,New York Harbor No. 2 Heating Oil Spot Price FOB (Dollars per Gallon),0.402,$/GAL
1986-09-01,RGC,NA,EPMRU,Conventional Regular Gasoline,PF4,Spot Price FOB,EER_EPMRU_PF4_RGC_DPG,U.S. Gulf Coast Conventional Gasoline Regular Spot Price FOB (Dollars per Gallon),0.398,$/GAL
1986-09-01,Y35NY,NEW YORK CITY,EPMRU,Conventional Regular Gasoline,PF4,Spot Price FOB,EER_EPMRU_PF4_Y35NY_DPG,New York Harbor Conventional Gasoline Regular Spot Price FOB (Dollars per Gallon),0.42,$/GAL
1986-09-01,YCUOK,NA,EPCWTI,WTI Crude Oil,PF4,Spot Price FOB,RWTC,"Cushing, OK WTI Spot Price FOB (Dollars per Barrel)",14.87,$/BBL
1986-10-01,Y35NY,NEW YORK CITY,EPD2F,No 2 Fuel Oil / Heating Oil,PF4,Spot Price FOB,EER_EPD2F_PF4_Y35NY_DPG,New York Harbor No. 2 Heating Oil Spot Price FOB (Dollars per Gallon),0.394,$/GAL
1986-10-01,RGC,NA,EPMRU,Conventional Regular Gasoline,PF4,Spot Price FOB,EER_EPMRU_PF4_RGC_DPG,U.S. Gulf Coast Conventional Gasoline Regular Spot Price FOB (Dollars per Gallon),0.4,$/GAL
1986-10-01,Y35NY,NEW YORK CITY,EPMRU,Conventional Regular Gasoline,PF4,Spot Price FOB,EER_EPMRU_PF4_Y35NY_DPG,New York Harbor Conventional Gasoline Regular Spot Price FOB (Dollars per Gallon),0.41,$/GAL
1986-10-01,YCUOK,NA,EPCWTI,WTI Crude Oil,PF4,Spot Price FOB,RWTC,"Cushing, OK WTI Spot Price FOB (Dollars per Barrel)",14.9,$/BBL
1986-11-01,Y35NY,NEW YORK CITY,EPD2F,No 2 Fuel Oil / Heating Oil,PF4,Spot Price FOB,EER_EPD2F_PF4_Y35NY_DPG,New York Harbor No. 2 Heating Oil Spot Price FOB (Dollars per Gallon),0.422,$/GAL
1986-11-01,RGC,NA,EPMRU,Conventional Regular Gasoline,PF4,Spot Price FOB,EER_EPMRU_PF4_RGC_DPG,U.S. Gulf Coast Conventional Gasoline Regular Spot Price FOB (Dollars per Gallon),0.409,$/GAL
1986-11-01,Y35NY,NEW YORK CITY,EPMRU,Conventional Regular Gasoline,PF4,Spot Price FOB,EER_EPMRU_PF4_Y35NY_DPG,New York Harbor Conventional Gasoline Regular Spot Price FOB (Dollars per Gallon),0.411,$/GAL
1986-11-01,YCUOK,NA,EPCWTI,WTI Crude Oil,PF4,Spot Price FOB,RWTC,"Cushing, OK WTI Spot Price FOB (Dollars per Barrel)",15.22,$/BBL
1986-12-01,Y35NY,NEW YORK CITY,EPD2F,No 2 Fuel Oil / Heating Oil,PF4,Spot Price FOB,EER_EPD2F_PF4_Y35NY_DPG,New York Harbor No. 2 Heating Oil Spot Price FOB (Dollars per Gallon),0.447,$/GAL
1986-12-01,RGC,NA,EPMRU,Conventional Regular Gasoline,PF4,Spot Price FOB,EER_EPMRU_PF4_RGC_DPG,U.S. Gulf Coast Conventional Gasoline Regular Spot Price FOB (Dollars per Gallon),0.414,$/GAL
1986-12-01,Y35NY,NEW YORK CITY,EPMRU,Conventional Regular Gasoline,PF4,Spot Price FOB,EER_EPMRU_PF4_Y35NY_DPG,New York Harbor Conventional Gasoline Regular Spot Price FOB (Dollars per Gallon),0.434,$/GAL
1986-12-01,YCUOK,NA,EPCWTI,WTI Crude Oil,PF4,Spot Price FOB,RWTC,"Cushing, OK WTI Spot Price FOB (Dollars per Barrel)",16.11,$/BBL
1987-01-01,Y35NY,NEW YORK CITY,EPD2F,No 2 Fuel Oil / Heating Oil,PF4,Spot Price FOB,EER_EPD2F_PF4_Y35NY_DPG,New York Harbor No. 2 Heating Oil Spot Price FOB (Dollars per Gallon),0.521,$/GAL
1987-01-01,RGC,NA,EPMRU,Conventional Regular Gasoline,PF4,Spot Price FOB,EER_EPMRU_PF4_RGC_DPG,U.S. Gulf Coast Conventional Gasoline Regular Spot Price FOB (Dollars per Gallon),0.492,$/GAL
1987-01-01,Y35NY,NEW YORK CITY,EPMRU,Conventional Regular Gasoline,PF4,Spot Price FOB,EER_EPMRU_PF4_Y35NY_DPG,New York Harbor Conventional Gasoline Regular Spot Price FOB (Dollars per Gallon),0.489,$/GAL
1987-01-01,YCUOK,NA,EPCWTI,WTI Crude Oil,PF4,Spot Price FOB,RWTC,"Cushing, OK WTI Spot Price FOB (Dollars per Barrel)",18.65,$/BBL
1987-02-01,Y35NY,NEW YORK CITY,EPD2F,No 2 Fuel Oil / Heating Oil,PF4,Spot Price FOB,EER_EPD2F_PF4_Y35NY_DPG,New York Harbor No. 2 Heating Oil Spot Price FOB (Dollars per Gallon),0.474,$/GAL
1987-02-01,RGC,NA,EPMRU,Conventional Regular Gasoline,PF4,Spot Price FOB,EER_EPMRU_PF4_RGC_DPG,U.S. Gulf Coast Conventional Gasoline Regular Spot Price FOB (Dollars per Gallon),0.481,$/GAL
1987-02-01,Y35NY,NEW YORK CITY,EPMRU,Conventional Regular Gasoline,PF4,Spot Price FOB,EER_EPMRU_PF4_Y35NY_DPG,New York Harbor Conventional Gasoline Regular Spot Price FOB (Dollars per Gallon),0.474,$/GAL
1987-02-01,YCUOK,NA,EPCWTI,WTI Crude Oil,PF4,Spot Price FOB,RWTC,"Cushing, OK WTI Spot Price FOB (Dollars per Barrel)",17.75,$/BBL
1987-03-01,Y35NY,NEW YORK CITY,EPD2F,No 2 Fuel Oil / Heating Oil,PF4,Spot Price FOB,EER_EPD2F_PF4_Y35NY_DPG,New York Harbor No. 2 Heating Oil Spot Price FOB (Dollars per Gallon),0.491,$/GAL
1987-03-01,RGC,NA,EPMRU,Conventional Regular Gasoline,PF4,Spot Price FOB,EER_EPMRU_PF4_RGC_DPG,U.S. Gulf Coast Conventional Gasoline Regular Spot Price FOB (Dollars per Gallon),0.506,$/GAL
1987-03-01,Y35NY,NEW YORK CITY,EPMRU,Conventional Regular Gasoline,PF4,Spot Price FOB,EER_EPMRU_PF4_Y35NY_DPG,New York Harbor Conventional Gasoline Regular Spot Price FOB (Dollars per Gallon),0.509,$/GAL
1987-03-01,YCUOK,NA,EPCWTI,WTI Crude Oil,PF4,Spot Price FOB,RWTC,"Cushing, OK WTI Spot Price FOB (Dollars per Barrel)",18.3,$/BBL
1987-04-01,Y35NY,NEW YORK CITY,EPD2F,No 2 Fuel Oil / Heating Oil,PF4,Spot Price FOB,EER_EPD2F_PF4_Y35NY_DPG,New York Harbor No. 2 Heating Oil Spot Price FOB (Dollars per Gallon),0.485,$/GAL
1987-04-01,RGC,NA,EPMRU,Conventional Regular Gasoline,PF4,Spot Price FOB,EER_EPMRU_PF4_RGC_DPG,U.S. Gulf Coast Conventional Gasoline Regular Spot Price FOB (Dollars per Gallon),0.505,$/GAL
1987-04-01,Y35NY,NEW YORK CITY,EPMRU,Conventional Regular Gasoline,PF4,Spot Price FOB,EER_EPMRU_PF4_Y35NY_DPG,New York Harbor Conventional Gasoline Regular Spot Price FOB (Dollars per Gallon),0.504,$/GAL
1987-04-01,YCUOK,NA,EPCWTI,WTI Crude Oil,PF4,Spot Price FOB,RWTC,"Cushing, OK WTI Spot Price FOB (Dollars per Barrel)",18.68,$/BBL
1987-05-01,Y35NY,NEW YORK CITY,EPD2F,No 2 Fuel Oil / Heating Oil,PF4,Spot Price FOB,EER_EPD2F_PF4_Y35NY_DPG,New York Harbor No. 2 Heating Oil Spot Price FOB (Dollars per Gallon),0.518,$/GAL
1987-05-01,RGC,NA,EPMRU,Conventional Regular Gasoline,PF4,Spot Price FOB,EER_EPMRU_PF4_RGC_DPG,U.S. Gulf Coast Conventional Gasoline Regular Spot Price FOB (Dollars per Gallon),0.528,$/GAL
1987-05-01,Y35NY,NEW YORK CITY,EPMRU,Conventional Regular Gasoline,PF4,Spot Price FOB,EER_EPMRU_PF4_Y35NY_DPG,New York Harbor Conventional Gasoline Regular Spot Price FOB (Dollars per Gallon),0.542,$/GAL
1987-05-01,ZEU,NA,EPCBRENT,UK Brent Crude Oil,PF4,Spot Price FOB,RBRTE,Europe Brent Spot Price FOB (Dollars per Barrel),18.58,$/BBL
1987-05-01,YCUOK,NA,EPCWTI,WTI Crude Oil,PF4,Spot Price FOB,RWTC,"Cushing, OK WTI Spot Price FOB (Dollars per Barrel)",19.44,$/BBL
1987-06-01,Y35NY,NEW YORK CITY,EPD2F,No 2 Fuel Oil / Heating Oil,PF4,Spot Price FOB,EER_EPD2F_PF4_Y35NY_DPG,New York Harbor No. 2 Heating Oil Spot Price FOB (Dollars per Gallon),0.523,$/GAL
1987-06-01,RGC,NA,EPMRU,Conventional Regular Gasoline,PF4,Spot Price FOB,EER_EPMRU_PF4_RGC_DPG,U.S. Gulf Coast Conventional Gasoline Regular Spot Price FOB (Dollars per Gallon),0.535,$/GAL
1987-06-01,Y35NY,NEW YORK CITY,EPMRU,Conventional Regular Gasoline,PF4,Spot Price FOB,EER_EPMRU_PF4_Y35NY_DPG,New York Harbor Conventional Gasoline Regular Spot Price FOB (Dollars per Gallon),0.557,$/GAL
1987-06-01,ZEU,NA,EPCBRENT,UK Brent Crude Oil,PF4,Spot Price FOB,RBRTE,Europe Brent Spot Price FOB (Dollars per Barrel),18.86,$/BBL
1987-06-01,YCUOK,NA,EPCWTI,WTI Crude Oil,PF4,Spot Price FOB,RWTC,"Cushing, OK WTI Spot Price FOB (Dollars per Barrel)",20.07,$/BBL
1987-07-01,Y35NY,NEW YORK CITY,EPD2F,No 2 Fuel Oil / Heating Oil,PF4,Spot Price FOB,EER_EPD2F_PF4_Y35NY_DPG,New York Harbor No. 2 Heating Oil Spot Price FOB (Dollars per Gallon),0.547,$/GAL
1987-07-01,RGC,NA,EPMRU,Conventional Regular Gasoline,PF4,Spot Price FOB,EER_EPMRU_PF4_RGC_DPG,U.S. Gulf Coast Conventional Gasoline Regular Spot Price FOB (Dollars per Gallon),0.552,$/GAL
1987-07-01,Y35NY,NEW YORK CITY,EPMRU,Conventional Regular Gasoline,PF4,Spot Price FOB,EER_EPMRU_PF4_Y35NY_DPG,New York Harbor Conventional Gasoline Regular Spot Price FOB (Dollars per Gallon),0.556,$/GAL
1987-07-01,ZEU,NA,EPCBRENT,UK Brent Crude Oil,PF4,Spot Price FOB,RBRTE,Europe Brent Spot Price FOB (Dollars per Barrel),19.86,$/BBL
1987-07-01,YCUOK,NA,EPCWTI,WTI Crude Oil,PF4,Spot Price FOB,RWTC,"Cushing, OK WTI Spot Price FOB (Dollars per Barrel)",21.34,$/BBL
1987-08-01,Y35NY,NEW YORK CITY,EPD2F,No 2 Fuel Oil / Heating Oil,PF4,Spot Price FOB,EER_EPD2F_PF4_Y35NY_DPG,New York Harbor No. 2 Heating Oil Spot Price FOB (Dollars per Gallon),0.524,$/GAL
1987-08-01,RGC,NA,EPMRU,Conventional Regular Gasoline,PF4,Spot Price FOB,EER_EPMRU_PF4_RGC_DPG,U.S. Gulf Coast Conventional Gasoline Regular Spot Price FOB (Dollars per Gallon),0.53,$/GAL
1987-08-01,Y35NY,NEW YORK CITY,EPMRU,Conventional Regular Gasoline,PF4,Spot Price FOB,EER_EPMRU_PF4_Y35NY_DPG,New York Harbor Conventional Gasoline Regular Spot Price FOB (Dollars per Gallon),0.523,$/GAL
1987-08-01,ZEU,NA,EPCBRENT,UK Brent Crude Oil,PF4,Spot Price FOB,RBRTE,Europe Brent Spot Price FOB (Dollars per Barrel),18.98,$/BBL
1987-08-01,YCUOK,NA,EPCWTI,WTI Crude Oil,PF4,Spot Price FOB,RWTC,"Cushing, OK WTI Spot Price FOB (Dollars per Barrel)",20.31,$/BBL
1987-09-01,Y35NY,NEW YORK CITY,EPD2F,No 2 Fuel Oil / Heating Oil,PF4,Spot Price FOB,EER_EPD2F_PF4_Y35NY_DPG,New York Harbor No. 2 Heating Oil Spot Price FOB (Dollars per Gallon),0.523,$/GAL
1987-09-01,RGC,NA,EPMRU,Conventional Regular Gasoline,PF4,Spot Price FOB,EER_EPMRU_PF4_RGC_DPG,U.S. Gulf Coast Conventional Gasoline Regular Spot Price FOB (Dollars per Gallon),0.496,$/GAL
1987-09-01,Y35NY,NEW YORK CITY,EPMRU,Conventional Regular Gasoline,PF4,Spot Price FOB,EER_EPMRU_PF4_Y35NY_DPG,New York Harbor Conventional Gasoline Regular Spot Price FOB (Dollars per Gallon),0.518,$/GAL
1987-09-01,ZEU,NA,EPCBRENT,UK Brent Crude Oil,PF4,Spot Price FOB,RBRTE,Europe Brent Spot Price FOB (Dollars per Barrel),18.31,$/BBL
1987-09-01,YCUOK,NA,EPCWTI,WTI Crude Oil,PF4,Spot Price FOB,RWTC,"Cushing, OK WTI Spot Price FOB (Dollars per Barrel)",19.53,$/BBL
1987-10-01,Y35NY,NEW YORK CITY,EPD2F,No 2 Fuel Oil / Heating Oil,PF4,Spot Price FOB,EER_EPD2F_PF4_Y35NY_DPG,New York Harbor No. 2 Heating Oil Spot Price FOB (Dollars per Gallon),0.563,$/GAL
1987-10-01,RGC,NA,EPMRU,Conventional Regular Gasoline,PF4,Spot Price FOB,EER_EPMRU_PF4_RGC_DPG,U.S. Gulf Coast Conventional Gasoline Regular Spot Price FOB (Dollars per Gallon),0.51,$/GAL
1987-10-01,Y35NY,NEW YORK CITY,EPMRU,Conventional Regular Gasoline,PF4,Spot Price FOB,EER_EPMRU_PF4_Y35NY_DPG,New York Harbor Conventional Gasoline Regular Spot Price FOB (Dollars per Gallon),0.541,$/GAL
1987-10-01,ZEU,NA,EPCBRENT,UK Brent Crude Oil,PF4,Spot Price FOB,RBRTE,Europe Brent Spot Price FOB (Dollars per Barrel),18.76,$/BBL
1987-10-01,YCUOK,NA,EPCWTI,WTI Crude Oil,PF4,Spot Price FOB,RWTC,"Cushing, OK WTI Spot Price FOB (Dollars per Barrel)",19.86,$/BBL
1987-11-01,Y35NY,NEW YORK CITY,EPD2F,No 2 Fuel Oil / Heating Oil,PF4,Spot Price FOB,EER_EPD2F_PF4_Y35NY_DPG,New York Harbor No. 2 Heating Oil Spot Price FOB (Dollars per Gallon),0.559,$/GAL
1987-11-01,RGC,NA,EPMRU,Conventional Regular Gasoline,PF4,Spot Price FOB,EER_EPMRU_PF4_RGC_DPG,U.S. Gulf Coast Conventional Gasoline Regular Spot Price FOB (Dollars per Gallon),0.497,$/GAL
1987-11-01,Y35NY,NEW YORK CITY,EPMRU,Conventional Regular Gasoline,PF4,Spot Price FOB,EER_EPMRU_PF4_Y35NY_DPG,New York Harbor Conventional Gasoline Regular Spot Price FOB (Dollars per Gallon),0.516,$/GAL
1987-11-01,ZEU,NA,EPCBRENT,UK Brent Crude Oil,PF4,Spot Price FOB,RBRTE,Europe Brent Spot Price FOB (Dollars per Barrel),17.78,$/BBL
1987-11-01,YCUOK,NA,EPCWTI,WTI Crude Oil,PF4,Spot Price FOB,RWTC,"Cushing, OK WTI Spot Price FOB (Dollars per Barrel)",18.85,$/BBL
1987-12-01,Y35NY,NEW YORK CITY,EPD2F,No 2 Fuel Oil / Heating Oil,PF4,Spot Price FOB,EER_EPD2F_PF4_Y35NY_DPG,New York Harbor No. 2 Heating Oil Spot Price FOB (Dollars per Gallon),0.536,$/GAL
1987-12-01,RGC,NA,EPMRU,Conventional Regular Gasoline,PF4,Spot Price FOB,EER_EPMRU_PF4_RGC_DPG,U.S. Gulf Coast Conventional Gasoline Regular Spot Price FOB (Dollars per Gallon),0.432,$/GAL
1987-12-01,Y35NY,NEW YORK CITY,EPMRU,Conventional Regular Gasoline,PF4,Spot Price FOB,EER_EPMRU_PF4_Y35NY_DPG,New York Harbor Conventional Gasoline Regular Spot Price FOB (Dollars per Gallon),0.454,$/GAL
1987-12-01,ZEU,NA,EPCBRENT,UK Brent Crude Oil,PF4,Spot Price FOB,RBRTE,Europe Brent Spot Price FOB (Dollars per Barrel),17.05,$/BBL
1987-12-01,YCUOK,NA,EPCWTI,WTI Crude Oil,PF4,Spot Price FOB,RWTC,"Cushing, OK WTI Spot Price FOB (Dollars per Barrel)",17.28,$/BBL
1988-01-01,Y35NY,NEW YORK CITY,EPD2F,No 2 Fuel Oil / Heating Oil,PF4,Spot Price FOB,EER_EPD2F_PF4_Y35NY_DPG,New York Harbor No. 2 Heating Oil Spot Price FOB (Dollars per Gallon),0.518,$/GAL
1988-01-01,RGC,NA,EPMRU,Conventional Regular Gasoline,PF4,Spot Price FOB,EER_EPMRU_PF4_RGC_DPG,U.S. Gulf Coast Conventional Gasoline Regular Spot Price FOB (Dollars per Gallon),0.433,$/GAL
1988-01-01,Y35NY,NEW YORK CITY,EPMRU,Conventional Regular Gasoline,PF4,Spot Price FOB,EER_EPMRU_PF4_Y35NY_DPG,New York Harbor Conventional Gasoline Regular Spot Price FOB (Dollars per Gallon),0.449,$/GAL
1988-01-01,ZEU,NA,EPCBRENT,UK Brent Crude Oil,PF4,Spot Price FOB,RBRTE,Europe Brent Spot Price FOB (Dollars per Barrel),16.75,$/BBL
1988-01-01,YCUOK,NA,EPCWTI,WTI Crude Oil,PF4,Spot Price FOB,RWTC,"Cushing, OK WTI Spot Price FOB (Dollars per Barrel)",17.13,$/BBL
1988-02-01,Y35NY,NEW YORK CITY,EPD2F,No 2 Fuel Oil / Heating Oil,PF4,Spot Price FOB,EER_EPD2F_PF4_Y35NY_DPG,New York Harbor No. 2 Heating Oil Spot Price FOB (Dollars per Gallon),0.481,$/GAL
1988-02-01,RGC,NA,EPMRU,Conventional Regular Gasoline,PF4,Spot Price FOB,EER_EPMRU_PF4_RGC_DPG,U.S. Gulf Coast Conventional Gasoline Regular Spot Price FOB (Dollars per Gallon),0.452,$/GAL
1988-02-01,Y35NY,NEW YORK CITY,EPMRU,Conventional Regular Gasoline,PF4,Spot Price FOB,EER_EPMRU_PF4_Y35NY_DPG,New York Harbor Conventional Gasoline Regular Spot Price FOB (Dollars per Gallon),0.461,$/GAL
1988-02-01,ZEU,NA,EPCBRENT,UK Brent Crude Oil,PF4,Spot Price FOB,RBRTE,Europe Brent Spot Price FOB (Dollars per Barrel),15.73,$/BBL
1988-02-01,YCUOK,NA,EPCWTI,WTI Crude Oil,PF4,Spot Price FOB,RWTC,"Cushing, OK WTI Spot Price FOB (Dollars per Barrel)",16.8,$/BBL
1988-03-01,Y35NY,NEW YORK CITY,EPD2F,No 2 Fuel Oil / Heating Oil,PF4,Spot Price FOB,EER_EPD2F_PF4_Y35NY_DPG,New York Harbor No. 2 Heating Oil Spot Price FOB (Dollars per Gallon),0.475,$/GAL
1988-03-01,RGC,NA,EPMRU,Conventional Regular Gasoline,PF4,Spot Price FOB,EER_EPMRU_PF4_RGC_DPG,U.S. Gulf Coast Conventional Gasoline Regular Spot Price FOB (Dollars per Gallon),0.456,$/GAL
1988-03-01,Y35NY,NEW YORK CITY,EPMRU,Conventional Regular Gasoline,PF4,Spot Price FOB,EER_EPMRU_PF4_Y35NY_DPG,New York Harbor Conventional Gasoline Regular Spot Price FOB (Dollars per Gallon),0.452,$/GAL
1988-03-01,ZEU,NA,EPCBRENT,UK Brent Crude Oil,PF4,Spot Price FOB,RBRTE,Europe Brent Spot Price FOB (Dollars per Barrel),14.73,$/BBL
1988-03-01,YCUOK,NA,EPCWTI,WTI Crude Oil,PF4,Spot Price FOB,RWTC,"Cushing, OK WTI Spot Price FOB (Dollars per Barrel)",16.2,$/BBL
1988-04-01,Y35NY,NEW YORK CITY,EPD2F,No 2 Fuel Oil / Heating Oil,PF4,Spot Price FOB,EER_EPD2F_PF4_Y35NY_DPG,New York Harbor No. 2 Heating Oil Spot Price FOB (Dollars per Gallon),0.515,$/GAL
1988-04-01,RGC,NA,EPMRU,Conventional Regular Gasoline,PF4,Spot Price FOB,EER_EPMRU_PF4_RGC_DPG,U.S. Gulf Coast Conventional Gasoline Regular Spot Price FOB (Dollars per Gallon),0.511,$/GAL
1988-04-01,Y35NY,NEW YORK CITY,EPMRU,Conventional Regular Gasoline,PF4,Spot Price FOB,EER_EPMRU_PF4_Y35NY_DPG,New York Harbor Conventional Gasoline Regular Spot Price FOB (Dollars per Gallon),0.507,$/GAL
1988-04-01,ZEU,NA,EPCBRENT,UK Brent Crude Oil,PF4,Spot Price FOB,RBRTE,Europe Brent Spot Price FOB (Dollars per Barrel),16.6,$/BBL
1988-04-01,YCUOK,NA,EPCWTI,WTI Crude Oil,PF4,Spot Price FOB,RWTC,"Cushing, OK WTI Spot Price FOB (Dollars per Barrel)",17.86,$/BBL
1988-05-01,Y35NY,NEW YORK CITY,EPD2F,No 2 Fuel Oil / Heating Oil,PF4,Spot Price FOB,EER_EPD2F_PF4_Y35NY_DPG,New York Harbor No. 2 Heating Oil Spot Price FOB (Dollars per Gallon),0.509,$/GAL
1988-05-01,RGC,NA,EPMRU,Conventional Regular Gasoline,PF4,Spot Price FOB,EER_EPMRU_PF4_RGC_DPG,U.S. Gulf Coast Conventional Gasoline Regular Spot Price FOB (Dollars per Gallon),0.51,$/GAL
1988-05-01,Y35NY,NEW YORK CITY,EPMRU,Conventional Regular Gasoline,PF4,Spot Price FOB,EER_EPMRU_PF4_Y35NY_DPG,New York Harbor Conventional Gasoline Regular Spot Price FOB (Dollars per Gallon),0.522,$/GAL
1988-05-01,ZEU,NA,EPCBRENT,UK Brent Crude Oil,PF4,Spot Price FOB,RBRTE,Europe Brent Spot Price FOB (Dollars per Barrel),16.31,$/BBL
1988-05-01,YCUOK,NA,EPCWTI,WTI Crude Oil,PF4,Spot Price FOB,RWTC,"Cushing, OK WTI Spot Price FOB (Dollars per Barrel)",17.42,$/BBL
1988-06-01,Y35NY,NEW YORK CITY,EPD2F,No 2 Fuel Oil / Heating Oil,PF4,Spot Price FOB,EER_EPD2F_PF4_Y35NY_DPG,New York Harbor No. 2 Heating Oil Spot Price FOB (Dollars per Gallon),0.448,$/GAL
1988-06-01,RGC,NA,EPMRU,Conventional Regular Gasoline,PF4,Spot Price FOB,EER_EPMRU_PF4_RGC_DPG,U.S. Gulf Coast Conventional Gasoline Regular Spot Price FOB (Dollars per Gallon),0.498,$/GAL
1988-06-01,Y35NY,NEW YORK CITY,EPMRU,Conventional Regular Gasoline,PF4,Spot Price FOB,EER_EPMRU_PF4_Y35NY_DPG,New York Harbor Conventional Gasoline Regular Spot Price FOB (Dollars per Gallon),0.518,$/GAL
1988-06-01,ZEU,NA,EPCBRENT,UK Brent Crude Oil,PF4,Spot Price FOB,RBRTE,Europe Brent Spot Price FOB (Dollars per Barrel),15.54,$/BBL
1988-06-01,YCUOK,NA,EPCWTI,WTI Crude Oil,PF4,Spot Price FOB,RWTC,"Cushing, OK WTI Spot Price FOB (Dollars per Barrel)",16.53,$/BBL
1988-07-01,Y35NY,NEW YORK CITY,EPD2F,No 2 Fuel Oil / Heating Oil,PF4,Spot Price FOB,EER_EPD2F_PF4_Y35NY_DPG,New York Harbor No. 2 Heating Oil Spot Price FOB (Dollars per Gallon),0.427,$/GAL
1988-07-01,RGC,NA,EPMRU,Conventional Regular Gasoline,PF4,Spot Price FOB,EER_EPMRU_PF4_RGC_DPG,U.S. Gulf Coast Conventional Gasoline Regular Spot Price FOB (Dollars per Gallon),0.557,$/GAL
1988-07-01,Y35NY,NEW YORK CITY,EPMRU,Conventional Regular Gasoline,PF4,Spot Price FOB,EER_EPMRU_PF4_Y35NY_DPG,New York Harbor Conventional Gasoline Regular Spot Price FOB (Dollars per Gallon),0.554,$/GAL
1988-07-01,ZEU,NA,EPCBRENT,UK Brent Crude Oil,PF4,Spot Price FOB,RBRTE,Europe Brent Spot Price FOB (Dollars per Barrel),14.91,$/BBL
1988-07-01,YCUOK,NA,EPCWTI,WTI Crude Oil,PF4,Spot Price FOB,RWTC,"Cushing, OK WTI Spot Price FOB (Dollars per Barrel)",15.5,$/BBL
1988-08-01,Y35NY,NEW YORK CITY,EPD2F,No 2 Fuel Oil / Heating Oil,PF4,Spot Price FOB,EER_EPD2F_PF4_Y35NY_DPG,New York Harbor No. 2 Heating Oil Spot Price FOB (Dollars per Gallon),0.434,$/GAL
1988-08-01,RGC,NA,EPMRU,Conventional Regular Gasoline,PF4,Spot Price FOB,EER_EPMRU_PF4_RGC_DPG,U.S. Gulf Coast Conventional Gasoline Regular Spot Price FOB (Dollars per Gallon),0.482,$/GAL
1988-08-01,Y35NY,NEW YORK CITY,EPMRU,Conventional Regular Gasoline,PF4,Spot Price FOB,EER_EPMRU_PF4_Y35NY_DPG,New York Harbor Conventional Gasoline Regular Spot Price FOB (Dollars per Gallon),0.483,$/GAL
1988-08-01,ZEU,NA,EPCBRENT,UK Brent Crude Oil,PF4,Spot Price FOB,RBRTE,Europe Brent Spot Price FOB (Dollars per Barrel),14.89,$/BBL
1988-08-01,YCUOK,NA,EPCWTI,WTI Crude Oil,PF4,Spot Price FOB,RWTC,"Cushing, OK WTI Spot Price FOB (Dollars per Barrel)",15.52,$/BBL
1988-09-01,Y35NY,NEW YORK CITY,EPD2F,No 2 Fuel Oil / Heating Oil,PF4,Spot Price FOB,EER_EPD2F_PF4_Y35NY_DPG,New York Harbor No. 2 Heating Oil Spot Price FOB (Dollars per Gallon),0.406,$/GAL
1988-09-01,RGC,NA,EPMRU,Conventional Regular Gasoline,PF4,Spot Price FOB,EER_EPMRU_PF4_RGC_DPG,U.S. Gulf Coast Conventional Gasoline Regular Spot Price FOB (Dollars per Gallon),0.47,$/GAL
1988-09-01,Y35NY,NEW YORK CITY,EPMRU,Conventional Regular Gasoline,PF4,Spot Price FOB,EER_EPMRU_PF4_Y35NY_DPG,New York Harbor Conventional Gasoline Regular Spot Price FOB (Dollars per Gallon),0.466,$/GAL
1988-09-01,ZEU,NA,EPCBRENT,UK Brent Crude Oil,PF4,Spot Price FOB,RBRTE,Europe Brent Spot Price FOB (Dollars per Barrel),13.18,$/BBL
1988-09-01,YCUOK,NA,EPCWTI,WTI Crude Oil,PF4,Spot Price FOB,RWTC,"Cushing, OK WTI Spot Price FOB (Dollars per Barrel)",14.54,$/BBL
1988-10-01,Y35NY,NEW YORK CITY,EPD2F,No 2 Fuel Oil / Heating Oil,PF4,Spot Price FOB,EER_EPD2F_PF4_Y35NY_DPG,New York Harbor No. 2 Heating Oil Spot Price FOB (Dollars per Gallon),0.402,$/GAL
1988-10-01,RGC,NA,EPMRU,Conventional Regular Gasoline,PF4,Spot Price FOB,EER_EPMRU_PF4_RGC_DPG,U.S. Gulf Coast Conventional Gasoline Regular Spot Price FOB (Dollars per Gallon),0.498,$/GAL
1988-10-01,Y35NY,NEW YORK CITY,EPMRU,Conventional Regular Gasoline,PF4,Spot Price FOB,EER_EPMRU_PF4_Y35NY_DPG,New York Harbor Conventional Gasoline Regular Spot Price FOB (Dollars per Gallon),0.511,$/GAL
1988-10-01,ZEU,NA,EPCBRENT,UK Brent Crude Oil,PF4,Spot Price FOB,RBRTE,Europe Brent Spot Price FOB (Dollars per Barrel),12.41,$/BBL
1988-10-01,YCUOK,NA,EPCWTI,WTI Crude Oil,PF4,Spot Price FOB,RWTC,"Cushing, OK WTI Spot Price FOB (Dollars per Barrel)",13.77,$/BBL
1988-11-01,Y35NY,NEW YORK CITY,EPD2F,No 2 Fuel Oil / Heating Oil,PF4,Spot Price FOB,EER_EPD2F_PF4_Y35NY_DPG,New York Harbor No. 2 Heating Oil Spot Price FOB (Dollars per Gallon),0.449,$/GAL
1988-11-01,RGC,NA,EPMRU,Conventional Regular Gasoline,PF4,Spot Price FOB,EER_EPMRU_PF4_RGC_DPG,U.S. Gulf Coast Conventional Gasoline Regular Spot Price FOB (Dollars per Gallon),0.475,$/GAL
1988-11-01,Y35NY,NEW YORK CITY,EPMRU,Conventional Regular Gasoline,PF4,Spot Price FOB,EER_EPMRU_PF4_Y35NY_DPG,New York Harbor Conventional Gasoline Regular Spot Price FOB (Dollars per Gallon),0.521,$/GAL
1988-11-01,ZEU,NA,EPCBRENT,UK Brent Crude Oil,PF4,Spot Price FOB,RBRTE,Europe Brent Spot Price FOB (Dollars per Barrel),13.02,$/BBL
1988-11-01,YCUOK,NA,EPCWTI,WTI Crude Oil,PF4,Spot Price FOB,RWTC,"Cushing, OK WTI Spot Price FOB (Dollars per Barrel)",14.14,$/BBL
1988-12-01,Y35NY,NEW YORK CITY,EPD2F,No 2 Fuel Oil / Heating Oil,PF4,Spot Price FOB,EER_EPD2F_PF4_Y35NY_DPG,New York Harbor No. 2 Heating Oil Spot Price FOB (Dollars per Gallon),0.51,$/GAL
1988-12-01,RGC,NA,EPMRU,Conventional Regular Gasoline,PF4,Spot Price FOB,EER_EPMRU_PF4_RGC_DPG,U.S. Gulf Coast Conventional Gasoline Regular Spot Price FOB (Dollars per Gallon),0.438,$/GAL
1988-12-01,Y35NY,NEW YORK CITY,EPMRU,Conventional Regular Gasoline,PF4,Spot Price FOB,EER_EPMRU_PF4_Y35NY_DPG,New York Harbor Conventional Gasoline Regular Spot Price FOB (Dollars per Gallon),0.472,$/GAL
1988-12-01,ZEU,NA,EPCBRENT,UK Brent Crude Oil,PF4,Spot Price FOB,RBRTE,Europe Brent Spot Price FOB (Dollars per Barrel),15.31,$/BBL
1988-12-01,YCUOK,NA,EPCWTI,WTI Crude Oil,PF4,Spot Price FOB,RWTC,"Cushing, OK WTI Spot Price FOB (Dollars per Barrel)",16.38,$/BBL
1989-01-01,Y35NY,NEW YORK CITY,EPD2F,No 2 Fuel Oil / Heating Oil,PF4,Spot Price FOB,EER_EPD2F_PF4_Y35NY_DPG,New York Harbor No. 2 Heating Oil Spot Price FOB (Dollars per Gallon),0.544,$/GAL
1989-01-01,RGC,NA,EPMRU,Conventional Regular Gasoline,PF4,Spot Price FOB,EER_EPMRU_PF4_RGC_DPG,U.S. Gulf Coast Conventional Gasoline Regular Spot Price FOB (Dollars per Gallon),0.492,$/GAL
1989-01-01,Y35NY,NEW YORK CITY,EPMRU,Conventional Regular Gasoline,PF4,Spot Price FOB,EER_EPMRU_PF4_Y35NY_DPG,New York Harbor Conventional Gasoline Regular Spot Price FOB (Dollars per Gallon),0.501,$/GAL
1989-01-01,ZEU,NA,EPCBRENT,UK Brent Crude Oil,PF4,Spot Price FOB,RBRTE,Europe Brent Spot Price FOB (Dollars per Barrel),17.17,$/BBL
1989-01-01,YCUOK,NA,EPCWTI,WTI Crude Oil,PF4,Spot Price FOB,RWTC,"Cushing, OK WTI Spot Price FOB (Dollars per Barrel)",18.02,$/BBL
1989-02-01,Y35NY,NEW YORK CITY,EPD2F,No 2 Fuel Oil / Heating Oil,PF4,Spot Price FOB,EER_EPD2F_PF4_Y35NY_DPG,New York Harbor No. 2 Heating Oil Spot Price FOB (Dollars per Gallon),0.513,$/GAL
1989-02-01,RGC,NA,EPMRU,Conventional Regular Gasoline,PF4,Spot Price FOB,EER_EPMRU_PF4_RGC_DPG,U.S. Gulf Coast Conventional Gasoline Regular Spot Price FOB (Dollars per Gallon),0.488,$/GAL
1989-02-01,Y35NY,NEW YORK CITY,EPMRU,Conventional Regular Gasoline,PF4,Spot Price FOB,EER_EPMRU_PF4_Y35NY_DPG,New York Harbor Conventional Gasoline Regular Spot Price FOB (Dollars per Gallon),0.483,$/GAL
1989-02-01,ZEU,NA,EPCBRENT,UK Brent Crude Oil,PF4,Spot Price FOB,RBRTE,Europe Brent Spot Price FOB (Dollars per Barrel),16.89,$/BBL
1989-02-01,YCUOK,NA,EPCWTI,WTI Crude Oil,PF4,Spot Price FOB,RWTC,"Cushing, OK WTI Spot Price FOB (Dollars per Barrel)",17.94,$/BBL
1989-03-01,Y35NY,NEW YORK CITY,EPD2F,No 2 Fuel Oil / Heating Oil,PF4,Spot Price FOB,EER_EPD2F_PF4_Y35NY_DPG,New York Harbor No. 2 Heating Oil Spot Price FOB (Dollars per Gallon),0.569,$/GAL
1989-03-01,RGC,NA,EPMRU,Conventional Regular Gasoline,PF4,Spot Price FOB,EER_EPMRU_PF4_RGC_DPG,U.S. Gulf Coast Conventional Gasoline Regular Spot Price FOB (Dollars per Gallon),0.547,$/GAL
1989-03-01,Y35NY,NEW YORK CITY,EPMRU,Conventional Regular Gasoline,PF4,Spot Price FOB,EER_EPMRU_PF4_Y35NY_DPG,New York Harbor Conventional Gasoline Regular Spot Price FOB (Dollars per Gallon),0.547,$/GAL
1989-03-01,ZEU,NA,EPCBRENT,UK Brent Crude Oil,PF4,Spot Price FOB,RBRTE,Europe Brent Spot Price FOB (Dollars per Barrel),18.7,$/BBL
1989-03-01,YCUOK,NA,EPCWTI,WTI Crude Oil,PF4,Spot Price FOB,RWTC,"Cushing, OK WTI Spot Price FOB (Dollars per Barrel)",19.48,$/BBL
1989-04-01,Y35NY,NEW YORK CITY,EPD2F,No 2 Fuel Oil / Heating Oil,PF4,Spot Price FOB,EER_EPD2F_PF4_Y35NY_DPG,New York Harbor No. 2 Heating Oil Spot Price FOB (Dollars per Gallon),0.538,$/GAL
1989-04-01,RGC,NA,EPMRU,Conventional Regular Gasoline,PF4,Spot Price FOB,EER_EPMRU_PF4_RGC_DPG,U.S. Gulf Coast Conventional Gasoline Regular Spot Price FOB (Dollars per Gallon),0.687,$/GAL
1989-04-01,Y35NY,NEW YORK CITY,EPMRU,Conventional Regular Gasoline,PF4,Spot Price FOB,EER_EPMRU_PF4_Y35NY_DPG,New York Harbor Conventional Gasoline Regular Spot Price FOB (Dollars per Gallon),0.7,$/GAL
1989-04-01,ZEU,NA,EPCBRENT,UK Brent Crude Oil,PF4,Spot Price FOB,RBRTE,Europe Brent Spot Price FOB (Dollars per Barrel),20.32,$/BBL
1989-04-01,YCUOK,NA,EPCWTI,WTI Crude Oil,PF4,Spot Price FOB,RWTC,"Cushing, OK WTI Spot Price FOB (Dollars per Barrel)",21.07,$/BBL
1989-05-01,Y35NY,NEW YORK CITY,EPD2F,No 2 Fuel Oil / Heating Oil,PF4,Spot Price FOB,EER_EPD2F_PF4_Y35NY_DPG,New York Harbor No. 2 Heating Oil Spot Price FOB (Dollars per Gallon),0.507,$/GAL
1989-05-01,RGC,NA,EPMRU,Conventional Regular Gasoline,PF4,Spot Price FOB,EER_EPMRU_PF4_RGC_DPG,U.S. Gulf Coast Conventional Gasoline Regular Spot Price FOB (Dollars per Gallon),0.674,$/GAL
1989-05-01,Y35NY,NEW YORK CITY,EPMRU,Conventional Regular Gasoline,PF4,Spot Price FOB,EER_EPMRU_PF4_Y35NY_DPG,New York Harbor Conventional Gasoline Regular Spot Price FOB (Dollars per Gallon),0.679,$/GAL
1989-05-01,ZEU,NA,EPCBRENT,UK Brent Crude Oil,PF4,Spot Price FOB,RBRTE,Europe Brent Spot Price FOB (Dollars per Barrel),18.63,$/BBL
1989-05-01,YCUOK,NA,EPCWTI,WTI Crude Oil,PF4,Spot Price FOB,RWTC,"Cushing, OK WTI Spot Price FOB (Dollars per Barrel)",20.12,$/BBL
1989-06-01,Y35NY,NEW YORK CITY,EPD2F,No 2 Fuel Oil / Heating Oil,PF4,Spot Price FOB,EER_EPD2F_PF4_Y35NY_DPG,New York Harbor No. 2 Heating Oil Spot Price FOB (Dollars per Gallon),0.485,$/GAL
1989-06-01,RGC,NA,EPMRU,Conventional Regular Gasoline,PF4,Spot Price FOB,EER_EPMRU_PF4_RGC_DPG,U.S. Gulf Coast Conventional Gasoline Regular Spot Price FOB (Dollars per Gallon),0.611,$/GAL
1989-06-01,Y35NY,NEW YORK CITY,EPMRU,Conventional Regular Gasoline,PF4,Spot Price FOB,EER_EPMRU_PF4_Y35NY_DPG,New York Harbor Conventional Gasoline Regular Spot Price FOB (Dollars per Gallon),0.637,$/GAL
1989-06-01,ZEU,NA,EPCBRENT,UK Brent Crude Oil,PF4,Spot Price FOB,RBRTE,Europe Brent Spot Price FOB (Dollars per Barrel),17.67,$/BBL
1989-06-01,YCUOK,NA,EPCWTI,WTI Crude Oil,PF4,Spot Price FOB,RWTC,"Cushing, OK WTI Spot Price FOB (Dollars per Barrel)",20.05,$/BBL
1989-07-01,Y35NY,NEW YORK CITY,EPD2F,No 2 Fuel Oil / Heating Oil,PF4,Spot Price FOB,EER_EPD2F_PF4_Y35NY_DPG,New York Harbor No. 2 Heating Oil Spot Price FOB (Dollars per Gallon),0.493,$/GAL
1989-07-01,RGC,NA,EPMRU,Conventional Regular Gasoline,PF4,Spot Price FOB,EER_EPMRU_PF4_RGC_DPG,U.S. Gulf Coast Conventional Gasoline Regular Spot Price FOB (Dollars per Gallon),0.531,$/GAL
1989-07-01,Y35NY,NEW YORK CITY,EPMRU,Conventional Regular Gasoline,PF4,Spot Price FOB,EER_EPMRU_PF4_Y35NY_DPG,New York Harbor Conventional Gasoline Regular Spot Price FOB (Dollars per Gallon),0.563,$/GAL
1989-07-01,ZEU,NA,EPCBRENT,UK Brent Crude Oil,PF4,Spot Price FOB,RBRTE,Europe Brent Spot Price FOB (Dollars per Barrel),17.62,$/BBL
1989-07-01,YCUOK,NA,EPCWTI,WTI Crude Oil,PF4,Spot Price FOB,RWTC,"Cushing, OK WTI Spot Price FOB (Dollars per Barrel)",19.78,$/BBL
1989-08-01,Y35NY,NEW YORK CITY,EPD2F,No 2 Fuel Oil / Heating Oil,PF4,Spot Price FOB,EER_EPD2F_PF4_Y35NY_DPG,New York Harbor No. 2 Heating Oil Spot Price FOB (Dollars per Gallon),0.498,$/GAL
1989-08-01,RGC,NA,EPMRU,Conventional Regular Gasoline,PF4,Spot Price FOB,EER_EPMRU_PF4_RGC_DPG,U.S. Gulf Coast Conventional Gasoline Regular Spot Price FOB (Dollars per Gallon),0.508,$/GAL
1989-08-01,Y35NY,NEW YORK CITY,EPMRU,Conventional Regular Gasoline,PF4,Spot Price FOB,EER_EPMRU_PF4_Y35NY_DPG,New York Harbor Conventional Gasoline Regular Spot Price FOB (Dollars per Gallon),0.527,$/GAL
1989-08-01,ZEU,NA,EPCBRENT,UK Brent Crude Oil,PF4,Spot Price FOB,RBRTE,Europe Brent Spot Price FOB (Dollars per Barrel),16.77,$/BBL
1989-08-01,YCUOK,NA,EPCWTI,WTI Crude Oil,PF4,Spot Price FOB,RWTC,"Cushing, OK WTI Spot Price FOB (Dollars per Barrel)",18.58,$/BBL
1989-09-01,Y35NY,NEW YORK CITY,EPD2F,No 2 Fuel Oil / Heating Oil,PF4,Spot Price FOB,EER_EPD2F_PF4_Y35NY_DPG,New York Harbor No. 2 Heating Oil Spot Price FOB (Dollars per Gallon),0.557,$/GAL
1989-09-01,RGC,NA,EPMRU,Conventional Regular Gasoline,PF4,Spot Price FOB,EER_EPMRU_PF4_RGC_DPG,U.S. Gulf Coast Conventional Gasoline Regular Spot Price FOB (Dollars per Gallon),0.578,$/GAL
1989-09-01,Y35NY,NEW YORK CITY,EPMRU,Conventional Regular Gasoline,PF4,Spot Price FOB,EER_EPMRU_PF4_Y35NY_DPG,New York Harbor Conventional Gasoline Regular Spot Price FOB (Dollars per Gallon),0.593,$/GAL
1989-09-01,ZEU,NA,EPCBRENT,UK Brent Crude Oil,PF4,Spot Price FOB,RBRTE,Europe Brent Spot Price FOB (Dollars per Barrel),17.77,$/BBL
1989-09-01,YCUOK,NA,EPCWTI,WTI Crude Oil,PF4,Spot Price FOB,RWTC,"Cushing, OK WTI Spot Price FOB (Dollars per Barrel)",19.59,$/BBL
1989-10-01,Y35NY,NEW YORK CITY,EPD2F,No 2 Fuel Oil / Heating Oil,PF4,Spot Price FOB,EER_EPD2F_PF4_Y35NY_DPG,New York Harbor No. 2 Heating Oil Spot Price FOB (Dollars per Gallon),0.588,$/GAL
1989-10-01,RGC,NA,EPMRU,Conventional Regular Gasoline,PF4,Spot Price FOB,EER_EPMRU_PF4_RGC_DPG,U.S. Gulf Coast Conventional Gasoline Regular Spot Price FOB (Dollars per Gallon),0.535,$/GAL
1989-10-01,Y35NY,NEW YORK CITY,EPMRU,Conventional Regular Gasoline,PF4,Spot Price FOB,EER_EPMRU_PF4_Y35NY_DPG,New York Harbor Conventional Gasoline Regular Spot Price FOB (Dollars per Gallon),0.556,$/GAL
1989-10-01,ZEU,NA,EPCBRENT,UK Brent Crude Oil,PF4,Spot Price FOB,RBRTE,Europe Brent Spot Price FOB (Dollars per Barrel),18.91,$/BBL
1989-10-01,YCUOK,NA,EPCWTI,WTI Crude Oil,PF4,Spot Price FOB,RWTC,"Cushing, OK WTI Spot Price FOB (Dollars per Barrel)",20.1,$/BBL
1989-11-01,Y35NY,NEW YORK CITY,EPD2F,No 2 Fuel Oil / Heating Oil,PF4,Spot Price FOB,EER_EPD2F_PF4_Y35NY_DPG,New York Harbor No. 2 Heating Oil Spot Price FOB (Dollars per Gallon),0.593,$/GAL
1989-11-01,RGC,NA,EPMRU,Conventional Regular Gasoline,PF4,Spot Price FOB,EER_EPMRU_PF4_RGC_DPG,U.S. Gulf Coast Conventional Gasoline Regular Spot Price FOB (Dollars per Gallon),0.504,$/GAL
1989-11-01,Y35NY,NEW YORK CITY,EPMRU,Conventional Regular Gasoline,PF4,Spot Price FOB,EER_EPMRU_PF4_Y35NY_DPG,New York Harbor Conventional Gasoline Regular Spot Price FOB (Dollars per Gallon),0.509,$/GAL
1989-11-01,ZEU,NA,EPCBRENT,UK Brent Crude Oil,PF4,Spot Price FOB,RBRTE,Europe Brent Spot Price FOB (Dollars per Barrel),18.73,$/BBL
1989-11-01,YCUOK,NA,EPCWTI,WTI Crude Oil,PF4,Spot Price FOB,RWTC,"Cushing, OK WTI Spot Price FOB (Dollars per Barrel)",19.86,$/BBL
1989-12-01,Y35NY,NEW YORK CITY,EPD2F,No 2 Fuel Oil / Heating Oil,PF4,Spot Price FOB,EER_EPD2F_PF4_Y35NY_DPG,New York Harbor No. 2 Heating Oil Spot Price FOB (Dollars per Gallon),0.803,$/GAL
1989-12-01,RGC,NA,EPMRU,Conventional Regular Gasoline,PF4,Spot Price FOB,EER_EPMRU_PF4_RGC_DPG,U.S. Gulf Coast Conventional Gasoline Regular Spot Price FOB (Dollars per Gallon),0.534,$/GAL
1989-12-01,Y35NY,NEW YORK CITY,EPMRU,Conventional Regular Gasoline,PF4,Spot Price FOB,EER_EPMRU_PF4_Y35NY_DPG,New York Harbor Conventional Gasoline Regular Spot Price FOB (Dollars per Gallon),0.541,$/GAL
1989-12-01,ZEU,NA,EPCBRENT,UK Brent Crude Oil,PF4,Spot Price FOB,RBRTE,Europe Brent Spot Price FOB (Dollars per Barrel),19.84,$/BBL
1989-12-01,YCUOK,NA,EPCWTI,WTI Crude Oil,PF4,Spot Price FOB,RWTC,"Cushing, OK WTI Spot Price FOB (Dollars per Barrel)",21.1,$/BBL
1990-01-01,Y35NY,NEW YORK CITY,EPD2F,No 2 Fuel Oil / Heating Oil,PF4,Spot Price FOB,EER_EPD2F_PF4_Y35NY_DPG,New York Harbor No. 2 Heating Oil Spot Price FOB (Dollars per Gallon),0.711,$/GAL
1990-01-01,RGC,NA,EPMRU,Conventional Regular Gasoline,PF4,Spot Price FOB,EER_EPMRU_PF4_RGC_DPG,U.S. Gulf Coast Conventional Gasoline Regular Spot Price FOB (Dollars per Gallon),0.638,$/GAL
1990-01-01,Y35NY,NEW YORK CITY,EPMRU,Conventional Regular Gasoline,PF4,Spot Price FOB,EER_EPMRU_PF4_Y35NY_DPG,New York Harbor Conventional Gasoline Regular Spot Price FOB (Dollars per Gallon),0.639,$/GAL
1990-01-01,ZEU,NA,EPCBRENT,UK Brent Crude Oil,PF4,Spot Price FOB,RBRTE,Europe Brent Spot Price FOB (Dollars per Barrel),21.25,$/BBL
1990-01-01,YCUOK,NA,EPCWTI,WTI Crude Oil,PF4,Spot Price FOB,RWTC,"Cushing, OK WTI Spot Price FOB (Dollars per Barrel)",22.86,$/BBL
1990-02-01,Y35NY,NEW YORK CITY,EPD2F,No 2 Fuel Oil / Heating Oil,PF4,Spot Price FOB,EER_EPD2F_PF4_Y35NY_DPG,New York Harbor No. 2 Heating Oil Spot Price FOB (Dollars per Gallon),0.575,$/GAL
1990-02-01,RGC,NA,EPMRU,Conventional Regular Gasoline,PF4,Spot Price FOB,EER_EPMRU_PF4_RGC_DPG,U.S. Gulf Coast Conventional Gasoline Regular Spot Price FOB (Dollars per Gallon),0.583,$/GAL
1990-02-01,Y35NY,NEW YORK CITY,EPMRU,Conventional Regular Gasoline,PF4,Spot Price FOB,EER_EPMRU_PF4_Y35NY_DPG,New York Harbor Conventional Gasoline Regular Spot Price FOB (Dollars per Gallon),0.593,$/GAL
1990-02-01,ZEU,NA,EPCBRENT,UK Brent Crude Oil,PF4,Spot Price FOB,RBRTE,Europe Brent Spot Price FOB (Dollars per Barrel),19.81,$/BBL
1990-02-01,YCUOK,NA,EPCWTI,WTI Crude Oil,PF4,Spot Price FOB,RWTC,"Cushing, OK WTI Spot Price FOB (Dollars per Barrel)",22.11,$/BBL
1990-03-01,Y35NY,NEW YORK CITY,EPD2F,No 2 Fuel Oil / Heating Oil,PF4,Spot Price FOB,EER_EPD2F_PF4_Y35NY_DPG,New York Harbor No. 2 Heating Oil Spot Price FOB (Dollars per Gallon),0.58,$/GAL
1990-03-01,RGC,NA,EPMRU,Conventional Regular Gasoline,PF4,Spot Price FOB,EER_EPMRU_PF4_RGC_DPG,U.S. Gulf Coast Conventional Gasoline Regular Spot Price FOB (Dollars per Gallon),0.578,$/GAL
1990-03-01,Y35NY,NEW YORK CITY,EPMRU,Conventional Regular Gasoline,PF4,Spot Price FOB,EER_EPMRU_PF4_Y35NY_DPG,New York Harbor Conventional Gasoline Regular Spot Price FOB (Dollars per Gallon),0.556,$/GAL
1990-03-01,ZEU,NA,EPCBRENT,UK Brent Crude Oil,PF4,Spot Price FOB,RBRTE,Europe Brent Spot Price FOB (Dollars per Barrel),18.39,$/BBL
1990-03-01,YCUOK,NA,EPCWTI,WTI Crude Oil,PF4,Spot Price FOB,RWTC,"Cushing, OK WTI Spot Price FOB (Dollars per Barrel)",20.39,$/BBL
1990-04-01,Y35NY,NEW YORK CITY,EPD2F,No 2 Fuel Oil / Heating Oil,PF4,Spot Price FOB,EER_EPD2F_PF4_Y35NY_DPG,New York Harbor No. 2 Heating Oil Spot Price FOB (Dollars per Gallon),0.585,$/GAL
1990-04-01,RGC,NA,EPJK,Kerosene-Type Jet Fuel,PF4,Spot Price FOB,EER_EPJK_PF4_RGC_DPG,U.S. Gulf Coast Kerosene-Type Jet Fuel Spot Price FOB (Dollars per Gallon),0.54,$/GAL
1990-04-01,RGC,NA,EPMRU,Conventional Regular Gasoline,PF4,Spot Price FOB,EER_EPMRU_PF4_RGC_DPG,U.S. Gulf Coast Conventional Gasoline Regular Spot Price FOB (Dollars per Gallon),0.617,$/GAL
1990-04-01,Y35NY,NEW YORK CITY,EPMRU,Conventional Regular Gasoline,PF4,Spot Price FOB,EER_EPMRU_PF4_Y35NY_DPG,New York Harbor Conventional Gasoline Regular Spot Price FOB (Dollars per Gallon),0.6,$/GAL
1990-04-01,ZEU,NA,EPCBRENT,UK Brent Crude Oil,PF4,Spot Price FOB,RBRTE,Europe Brent Spot Price FOB (Dollars per Barrel),16.61,$/BBL
1990-04-01,YCUOK,NA,EPCWTI,WTI Crude Oil,PF4,Spot Price FOB,RWTC,"Cushing, OK WTI Spot Price FOB (Dollars per Barrel)",18.43,$/BBL
1990-05-01,Y35NY,NEW YORK CITY,EPD2F,No 2 Fuel Oil / Heating Oil,PF4,Spot Price FOB,EER_EPD2F_PF4_Y35NY_DPG,New York Harbor No. 2 Heating Oil Spot Price FOB (Dollars per Gallon),0.539,$/GAL
1990-05-01,RGC,NA,EPJK,Kerosene-Type Jet Fuel,PF4,Spot Price FOB,EER_EPJK_PF4_RGC_DPG,U.S. Gulf Coast Kerosene-Type Jet Fuel Spot Price FOB (Dollars per Gallon),0.515,$/GAL
1990-05-01,RGC,NA,EPMRU,Conventional Regular Gasoline,PF4,Spot Price FOB,EER_EPMRU_PF4_RGC_DPG,U.S. Gulf Coast Conventional Gasoline Regular Spot Price FOB (Dollars per Gallon),0.667,$/GAL
1990-05-01,Y35NY,NEW YORK CITY,EPMRU,Conventional Regular Gasoline,PF4,Spot Price FOB,EER_EPMRU_PF4_Y35NY_DPG,New York Harbor Conventional Gasoline Regular Spot Price FOB (Dollars per Gallon),0.643,$/GAL
1990-05-01,ZEU,NA,EPCBRENT,UK Brent Crude Oil,PF4,Spot Price FOB,RBRTE,Europe Brent Spot Price FOB (Dollars per Barrel),16.35,$/BBL
1990-05-01,YCUOK,NA,EPCWTI,WTI Crude Oil,PF4,Spot Price FOB,RWTC,"Cushing, OK WTI Spot Price FOB (Dollars per Barrel)",18.2,$/BBL
1990-06-01,Y35NY,NEW YORK CITY,EPD2F,No 2 Fuel Oil / Heating Oil,PF4,Spot Price FOB,EER_EPD2F_PF4_Y35NY_DPG,New York Harbor No. 2 Heating Oil Spot Price FOB (Dollars per Gallon),0.481,$/GAL
1990-06-01,RGC,NA,EPJK,Kerosene-Type Jet Fuel,PF4,Spot Price FOB,EER_EPJK_PF4_RGC_DPG,U.S. Gulf Coast Kerosene-Type Jet Fuel Spot Price FOB (Dollars per Gallon),0.494,$/GAL
1990-06-01,RGC,NA,EPMRU,Conventional Regular Gasoline,PF4,Spot Price FOB,EER_EPMRU_PF4_RGC_DPG,U.S. Gulf Coast Conventional Gasoline Regular Spot Price FOB (Dollars per Gallon),0.613,$/GAL
1990-06-01,Y35NY,NEW YORK CITY,EPMRU,Conventional Regular Gasoline,PF4,Spot Price FOB,EER_EPMRU_PF4_Y35NY_DPG,New York Harbor Conventional Gasoline Regular Spot Price FOB (Dollars per Gallon),0.646,$/GAL
1990-06-01,ZEU,NA,EPCBRENT,UK Brent Crude Oil,PF4,Spot Price FOB,RBRTE,Europe Brent Spot Price FOB (Dollars per Barrel),15.1,$/BBL
1990-06-01,YCUOK,NA,EPCWTI,WTI Crude Oil,PF4,Spot Price FOB,RWTC,"Cushing, OK WTI Spot Price FOB (Dollars per Barrel)",16.7,$/BBL
1990-07-01,Y35NY,NEW YORK CITY,EPD2F,No 2 Fuel Oil / Heating Oil,PF4,Spot Price FOB,EER_EPD2F_PF4_Y35NY_DPG,New York Harbor No. 2 Heating Oil Spot Price FOB (Dollars per Gallon),0.531,$/GAL
1990-07-01,RGC,NA,EPJK,Kerosene-Type Jet Fuel,PF4,Spot Price FOB,EER_EPJK_PF4_RGC_DPG,U.S. Gulf Coast Kerosene-Type Jet Fuel Spot Price FOB (Dollars per Gallon),0.535,$/GAL
1990-07-01,RGC,NA,EPMRU,Conventional Regular Gasoline,PF4,Spot Price FOB,EER_EPMRU_PF4_RGC_DPG,U.S. Gulf Coast Conventional Gasoline Regular Spot Price FOB (Dollars per Gallon),0.602,$/GAL
1990-07-01,Y35NY,NEW YORK CITY,EPMRU,Conventional Regular Gasoline,PF4,Spot Price FOB,EER_EPMRU_PF4_Y35NY_DPG,New York Harbor Conventional Gasoline Regular Spot Price FOB (Dollars per Gallon),0.653,$/GAL
1990-07-01,ZEU,NA,EPCBRENT,UK Brent Crude Oil,PF4,Spot Price FOB,RBRTE,Europe Brent Spot Price FOB (Dollars per Barrel),17.17,$/BBL
1990-07-01,YCUOK,NA,EPCWTI,WTI Crude Oil,PF4,Spot Price FOB,RWTC,"Cushing, OK WTI Spot Price FOB (Dollars per Barrel)",18.45,$/BBL
1990-08-01,Y35NY,NEW YORK CITY,EPD2F,No 2 Fuel Oil / Heating Oil,PF4,Spot Price FOB,EER_EPD2F_PF4_Y35NY_DPG,New York Harbor No. 2 Heating Oil Spot Price FOB (Dollars per Gallon),0.753,$/GAL
1990-08-01,RGC,NA,EPJK,Kerosene-Type Jet Fuel,PF4,Spot Price FOB,EER_EPJK_PF4_RGC_DPG,U.S. Gulf Coast Kerosene-Type Jet Fuel Spot Price FOB (Dollars per Gallon),0.791,$/GAL
1990-08-01,RGC,NA,EPMRU,Conventional Regular Gasoline,PF4,Spot Price FOB,EER_EPMRU_PF4_RGC_DPG,U.S. Gulf Coast Conventional Gasoline Regular Spot Price FOB (Dollars per Gallon),0.866,$/GAL
1990-08-01,Y35NY,NEW YORK CITY,EPMRU,Conventional Regular Gasoline,PF4,Spot Price FOB,EER_EPMRU_PF4_Y35NY_DPG,New York Harbor Conventional Gasoline Regular Spot Price FOB (Dollars per Gallon),0.897,$/GAL
1990-08-01,ZEU,NA,EPCBRENT,UK Brent Crude Oil,PF4,Spot Price FOB,RBRTE,Europe Brent Spot Price FOB (Dollars per Barrel),27.17,$/BBL
1990-08-01,YCUOK,NA,EPCWTI,WTI Crude Oil,PF4,Spot Price FOB,RWTC,"Cushing, OK WTI Spot Price FOB (Dollars per Barrel)",27.31,$/BBL
1990-09-01,Y35NY,NEW YORK CITY,EPD2F,No 2 Fuel Oil / Heating Oil,PF4,Spot Price FOB,EER_EPD2F_PF4_Y35NY_DPG,New York Harbor No. 2 Heating Oil Spot Price FOB (Dollars per Gallon),0.888,$/GAL
1990-09-01,RGC,NA,EPJK,Kerosene-Type Jet Fuel,PF4,Spot Price FOB,EER_EPJK_PF4_RGC_DPG,U.S. Gulf Coast Kerosene-Type Jet Fuel Spot Price FOB (Dollars per Gallon),1.012,$/GAL
1990-09-01,RGC,NA,EPMRU,Conventional Regular Gasoline,PF4,Spot Price FOB,EER_EPMRU_PF4_RGC_DPG,U.S. Gulf Coast Conventional Gasoline Regular Spot Price FOB (Dollars per Gallon),0.95,$/GAL
1990-09-01,Y35NY,NEW YORK CITY,EPMRU,Conventional Regular Gasoline,PF4,Spot Price FOB,EER_EPMRU_PF4_Y35NY_DPG,New York Harbor Conventional Gasoline Regular Spot Price FOB (Dollars per Gallon),0.997,$/GAL
1990-09-01,ZEU,NA,EPCBRENT,UK Brent Crude Oil,PF4,Spot Price FOB,RBRTE,Europe Brent Spot Price FOB (Dollars per Barrel),34.9,$/BBL
1990-09-01,YCUOK,NA,EPCWTI,WTI Crude Oil,PF4,Spot Price FOB,RWTC,"Cushing, OK WTI Spot Price FOB (Dollars per Barrel)",33.51,$/BBL
1990-10-01,Y35NY,NEW YORK CITY,EPD2F,No 2 Fuel Oil / Heating Oil,PF4,Spot Price FOB,EER_EPD2F_PF4_Y35NY_DPG,New York Harbor No. 2 Heating Oil Spot Price FOB (Dollars per Gallon),0.942,$/GAL
1990-10-01,RGC,NA,EPJK,Kerosene-Type Jet Fuel,PF4,Spot Price FOB,EER_EPJK_PF4_RGC_DPG,U.S. Gulf Coast Kerosene-Type Jet Fuel Spot Price FOB (Dollars per Gallon),1.196,$/GAL
1990-10-01,RGC,NA,EPMRU,Conventional Regular Gasoline,PF4,Spot Price FOB,EER_EPMRU_PF4_RGC_DPG,U.S. Gulf Coast Conventional Gasoline Regular Spot Price FOB (Dollars per Gallon),0.898,$/GAL
1990-10-01,Y35NY,NEW YORK CITY,EPMRU,Conventional Regular Gasoline,PF4,Spot Price FOB,EER_EPMRU_PF4_Y35NY_DPG,New York Harbor Conventional Gasoline Regular Spot Price FOB (Dollars per Gallon),0.957,$/GAL
1990-10-01,ZEU,NA,EPCBRENT,UK Brent Crude Oil,PF4,Spot Price FOB,RBRTE,Europe Brent Spot Price FOB (Dollars per Barrel),36.02,$/BBL
1990-10-01,YCUOK,NA,EPCWTI,WTI Crude Oil,PF4,Spot Price FOB,RWTC,"Cushing, OK WTI Spot Price FOB (Dollars per Barrel)",36.04,$/BBL
1990-11-01,Y35NY,NEW YORK CITY,EPD2F,No 2 Fuel Oil / Heating Oil,PF4,Spot Price FOB,EER_EPD2F_PF4_Y35NY_DPG,New York Harbor No. 2 Heating Oil Spot Price FOB (Dollars per Gallon),0.873,$/GAL
1990-11-01,RGC,NA,EPJK,Kerosene-Type Jet Fuel,PF4,Spot Price FOB,EER_EPJK_PF4_RGC_DPG,U.S. Gulf Coast Kerosene-Type Jet Fuel Spot Price FOB (Dollars per Gallon),0.971,$/GAL
1990-11-01,RGC,NA,EPMRU,Conventional Regular Gasoline,PF4,Spot Price FOB,EER_EPMRU_PF4_RGC_DPG,U.S. Gulf Coast Conventional Gasoline Regular Spot Price FOB (Dollars per Gallon),0.829,$/GAL
1990-11-01,Y35NY,NEW YORK CITY,EPMRU,Conventional Regular Gasoline,PF4,Spot Price FOB,EER_EPMRU_PF4_Y35NY_DPG,New York Harbor Conventional Gasoline Regular Spot Price FOB (Dollars per Gallon),0.879,$/GAL
1990-11-01,ZEU,NA,EPCBRENT,UK Brent Crude Oil,PF4,Spot Price FOB,RBRTE,Europe Brent Spot Price FOB (Dollars per Barrel),33.07,$/BBL
1990-11-01,YCUOK,NA,EPCWTI,WTI Crude Oil,PF4,Spot Price FOB,RWTC,"Cushing, OK WTI Spot Price FOB (Dollars per Barrel)",32.33,$/BBL
1990-12-01,Y35NY,NEW YORK CITY,EPD2F,No 2 Fuel Oil / Heating Oil,PF4,Spot Price FOB,EER_EPD2F_PF4_Y35NY_DPG,New York Harbor No. 2 Heating Oil Spot Price FOB (Dollars per Gallon),0.796,$/GAL
1990-12-01,RGC,NA,EPJK,Kerosene-Type Jet Fuel,PF4,Spot Price FOB,EER_EPJK_PF4_RGC_DPG,U.S. Gulf Coast Kerosene-Type Jet Fuel Spot Price FOB (Dollars per Gallon),0.803,$/GAL
1990-12-01,RGC,NA,EPMRU,Conventional Regular Gasoline,PF4,Spot Price FOB,EER_EPMRU_PF4_RGC_DPG,U.S. Gulf Coast Conventional Gasoline Regular Spot Price FOB (Dollars per Gallon),0.649,$/GAL
1990-12-01,Y35NY,NEW YORK CITY,EPMRU,Conventional Regular Gasoline,PF4,Spot Price FOB,EER_EPMRU_PF4_Y35NY_DPG,New York Harbor Conventional Gasoline Regular Spot Price FOB (Dollars per Gallon),0.679,$/GAL
1990-12-01,ZEU,NA,EPCBRENT,UK Brent Crude Oil,PF4,Spot Price FOB,RBRTE,Europe Brent Spot Price FOB (Dollars per Barrel),28.27,$/BBL
1990-12-01,YCUOK,NA,EPCWTI,WTI Crude Oil,PF4,Spot Price FOB,RWTC,"Cushing, OK WTI Spot Price FOB (Dollars per Barrel)",27.28,$/BBL
1991-01-01,Y35NY,NEW YORK CITY,EPD2F,No 2 Fuel Oil / Heating Oil,PF4,Spot Price FOB,EER_EPD2F_PF4_Y35NY_DPG,New York Harbor No. 2 Heating Oil Spot Price FOB (Dollars per Gallon),0.75,$/GAL
1991-01-01,RGC,NA,EPJK,Kerosene-Type Jet Fuel,PF4,Spot Price FOB,EER_EPJK_PF4_RGC_DPG,U.S. Gulf Coast Kerosene-Type Jet Fuel Spot Price FOB (Dollars per Gallon),0.741,$/GAL
1991-01-01,RGC,NA,EPMRU,Conventional Regular Gasoline,PF4,Spot Price FOB,EER_EPMRU_PF4_RGC_DPG,U.S. Gulf Coast Conventional Gasoline Regular Spot Price FOB (Dollars per Gallon),0.668,$/GAL
1991-01-01,Y35NY,NEW YORK CITY,EPMRU,Conventional Regular Gasoline,PF4,Spot Price FOB,EER_EPMRU_PF4_Y35NY_DPG,New York Harbor Conventional Gasoline Regular Spot Price FOB (Dollars per Gallon),0.688,$/GAL
1991-01-01,ZEU,NA,EPCBRENT,UK Brent Crude Oil,PF4,Spot Price FOB,RBRTE,Europe Brent Spot Price FOB (Dollars per Barrel),23.57,$/BBL
1991-01-01,YCUOK,NA,EPCWTI,WTI Crude Oil,PF4,Spot Price FOB,RWTC,"Cushing, OK WTI Spot Price FOB (Dollars per Barrel)",25.23,$/BBL
1991-02-01,Y35NY,NEW YORK CITY,EPD2F,No 2 Fuel Oil / Heating Oil,PF4,Spot Price FOB,EER_EPD2F_PF4_Y35NY_DPG,New York Harbor No. 2 Heating Oil Spot Price FOB (Dollars per Gallon),0.706,$/GAL
1991-02-01,RGC,NA,EPJK,Kerosene-Type Jet Fuel,PF4,Spot Price FOB,EER_EPJK_PF4_RGC_DPG,U.S. Gulf Coast Kerosene-Type Jet Fuel Spot Price FOB (Dollars per Gallon),0.637,$/GAL
1991-02-01,RGC,NA,EPMRU,Conventional Regular Gasoline,PF4,Spot Price FOB,EER_EPMRU_PF4_RGC_DPG,U.S. Gulf Coast Conventional Gasoline Regular Spot Price FOB (Dollars per Gallon),0.606,$/GAL
1991-02-01,Y35NY,NEW YORK CITY,EPMRU,Conventional Regular Gasoline,PF4,Spot Price FOB,EER_EPMRU_PF4_Y35NY_DPG,New York Harbor Conventional Gasoline Regular Spot Price FOB (Dollars per Gallon),0.659,$/GAL
1991-02-01,ZEU,NA,EPCBRENT,UK Brent Crude Oil,PF4,Spot Price FOB,RBRTE,Europe Brent Spot Price FOB (Dollars per Barrel),19.54,$/BBL
1991-02-01,YCUOK,NA,EPCWTI,WTI Crude Oil,PF4,Spot Price FOB,RWTC,"Cushing, OK WTI Spot Price FOB (Dollars per Barrel)",20.48,$/BBL
1991-03-01,Y35NY,NEW YORK CITY,EPD2F,No 2 Fuel Oil / Heating Oil,PF4,Spot Price FOB,EER_EPD2F_PF4_Y35NY_DPG,New York Harbor No. 2 Heating Oil Spot Price FOB (Dollars per Gallon),0.618,$/GAL
1991-03-01,RGC,NA,EPJK,Kerosene-Type Jet Fuel,PF4,Spot Price FOB,EER_EPJK_PF4_RGC_DPG,U.S. Gulf Coast Kerosene-Type Jet Fuel Spot Price FOB (Dollars per Gallon),0.558,$/GAL
1991-03-01,RGC,NA,EPMRU,Conventional Regular Gasoline,PF4,Spot Price FOB,EER_EPMRU_PF4_RGC_DPG,U.S. Gulf Coast Conventional Gasoline Regular Spot Price FOB (Dollars per Gallon),0.674,$/GAL
1991-03-01,Y35NY,NEW YORK CITY,EPMRU,Conventional Regular Gasoline,PF4,Spot Price FOB,EER_EPMRU_PF4_Y35NY_DPG,New York Harbor Conventional Gasoline Regular Spot Price FOB (Dollars per Gallon),0.723,$/GAL
1991-03-01,ZEU,NA,EPCBRENT,UK Brent Crude Oil,PF4,Spot Price FOB,RBRTE,Europe Brent Spot Price FOB (Dollars per Barrel),19.08,$/BBL
1991-03-01,YCUOK,NA,EPCWTI,WTI Crude Oil,PF4,Spot Price FOB,RWTC,"Cushing, OK WTI Spot Price FOB (Dollars per Barrel)",19.9,$/BBL
1991-04-01,Y35NY,NEW YORK CITY,EPD2F,No 2 Fuel Oil / Heating Oil,PF4,Spot Price FOB,EER_EPD2F_PF4_Y35NY_DPG,New York Harbor No. 2 Heating Oil Spot Price FOB (Dollars per Gallon),0.562,$/GAL
1991-04-01,RGC,NA,EPJK,Kerosene-Type Jet Fuel,PF4,Spot Price FOB,EER_EPJK_PF4_RGC_DPG,U.S. Gulf Coast Kerosene-Type Jet Fuel Spot Price FOB (Dollars per Gallon),0.552,$/GAL
1991-04-01,RGC,NA,EPMRU,Conventional Regular Gasoline,PF4,Spot Price FOB,EER_EPMRU_PF4_RGC_DPG,U.S. Gulf Coast Conventional Gasoline Regular Spot Price FOB (Dollars per Gallon),0.706,$/GAL
1991-04-01,Y35NY,NEW YORK CITY,EPMRU,Conventional Regular Gasoline,PF4,Spot Price FOB,EER_EPMRU_PF4_Y35NY_DPG,New York Harbor Conventional Gasoline Regular Spot Price FOB (Dollars per Gallon),0.72,$/GAL
1991-04-01,ZEU,NA,EPCBRENT,UK Brent Crude Oil,PF4,Spot Price FOB,RBRTE,Europe Brent Spot Price FOB (Dollars per Barrel),19.18,$/BBL
1991-04-01,YCUOK,NA,EPCWTI,WTI Crude Oil,PF4,Spot Price FOB,RWTC,"Cushing, OK WTI Spot Price FOB (Dollars per Barrel)",20.83,$/BBL
1991-05-01,Y35NY,NEW YORK CITY,EPD2F,No 2 Fuel Oil / Heating Oil,PF4,Spot Price FOB,EER_EPD2F_PF4_Y35NY_DPG,New York Harbor No. 2 Heating Oil Spot Price FOB (Dollars per Gallon),0.55,$/GAL
1991-05-01,RGC,NA,EPJK,Kerosene-Type Jet Fuel,PF4,Spot Price FOB,EER_EPJK_PF4_RGC_DPG,U.S. Gulf Coast Kerosene-Type Jet Fuel Spot Price FOB (Dollars per Gallon),0.569,$/GAL
1991-05-01,RGC,NA,EPMRU,Conventional Regular Gasoline,PF4,Spot Price FOB,EER_EPMRU_PF4_RGC_DPG,U.S. Gulf Coast Conventional Gasoline Regular Spot Price FOB (Dollars per Gallon),0.693,$/GAL
1991-05-01,Y35NY,NEW YORK CITY,EPMRU,Conventional Regular Gasoline,PF4,Spot Price FOB,EER_EPMRU_PF4_Y35NY_DPG,New York Harbor Conventional Gasoline Regular Spot Price FOB (Dollars per Gallon),0.701,$/GAL
1991-05-01,ZEU,NA,EPCBRENT,UK Brent Crude Oil,PF4,Spot Price FOB,RBRTE,Europe Brent Spot Price FOB (Dollars per Barrel),19.19,$/BBL
1991-05-01,YCUOK,NA,EPCWTI,WTI Crude Oil,PF4,Spot Price FOB,RWTC,"Cushing, OK WTI Spot Price FOB (Dollars per Barrel)",21.23,$/BBL
1991-06-01,Y35NY,NEW YORK CITY,EPD2F,No 2 Fuel Oil / Heating Oil,PF4,Spot Price FOB,EER_EPD2F_PF4_Y35NY_DPG,New York Harbor No. 2 Heating Oil Spot Price FOB (Dollars per Gallon),0.535,$/GAL
1991-06-01,RGC,NA,EPJK,Kerosene-Type Jet Fuel,PF4,Spot Price FOB,EER_EPJK_PF4_RGC_DPG,U.S. Gulf Coast Kerosene-Type Jet Fuel Spot Price FOB (Dollars per Gallon),0.547,$/GAL
1991-06-01,RGC,NA,EPMRU,Conventional Regular Gasoline,PF4,Spot Price FOB,EER_EPMRU_PF4_RGC_DPG,U.S. Gulf Coast Conventional Gasoline Regular Spot Price FOB (Dollars per Gallon),0.615,$/GAL
1991-06-01,Y35NY,NEW YORK CITY,EPMRU,Conventional Regular Gasoline,PF4,Spot Price FOB,EER_EPMRU_PF4_Y35NY_DPG,New York Harbor Conventional Gasoline Regular Spot Price FOB (Dollars per Gallon),0.635,$/GAL
1991-06-01,ZEU,NA,EPCBRENT,UK Brent Crude Oil,PF4,Spot Price FOB,RBRTE,Europe Brent Spot Price FOB (Dollars per Barrel),18.17,$/BBL
1991-06-01,YCUOK,NA,EPCWTI,WTI Crude Oil,PF4,Spot Price FOB,RWTC,"Cushing, OK WTI Spot Price FOB (Dollars per Barrel)",20.19,$/BBL
1991-07-01,Y35NY,NEW YORK CITY,EPD2F,No 2 Fuel Oil / Heating Oil,PF4,Spot Price FOB,EER_EPD2F_PF4_Y35NY_DPG,New York Harbor No. 2 Heating Oil Spot Price FOB (Dollars per Gallon),0.577,$/GAL
1991-07-01,RGC,NA,EPJK,Kerosene-Type Jet Fuel,PF4,Spot Price FOB,EER_EPJK_PF4_RGC_DPG,U.S. Gulf Coast Kerosene-Type Jet Fuel Spot Price FOB (Dollars per Gallon),0.586,$/GAL
1991-07-01,RGC,NA,EPMRU,Conventional Regular Gasoline,PF4,Spot Price FOB,EER_EPMRU_PF4_RGC_DPG,U.S. Gulf Coast Conventional Gasoline Regular Spot Price FOB (Dollars per Gallon),0.634,$/GAL
1991-07-01,Y35NY,NEW YORK CITY,EPMRU,Conventional Regular Gasoline,PF4,Spot Price FOB,EER_EPMRU_PF4_Y35NY_DPG,New York Harbor Conventional Gasoline Regular Spot Price FOB (Dollars per Gallon),0.652,$/GAL
1991-07-01,ZEU,NA,EPCBRENT,UK Brent Crude Oil,PF4,Spot Price FOB,RBRTE,Europe Brent Spot Price FOB (Dollars per Barrel),19.4,$/BBL
1991-07-01,YCUOK,NA,EPCWTI,WTI Crude Oil,PF4,Spot Price FOB,RWTC,"Cushing, OK WTI Spot Price FOB (Dollars per Barrel)",21.4,$/BBL
1991-08-01,Y35NY,NEW YORK CITY,EPD2F,No 2 Fuel Oil / Heating Oil,PF4,Spot Price FOB,EER_EPD2F_PF4_Y35NY_DPG,New York Harbor No. 2 Heating Oil Spot Price FOB (Dollars per Gallon),0.605,$/GAL
1991-08-01,RGC,NA,EPJK,Kerosene-Type Jet Fuel,PF4,Spot Price FOB,EER_EPJK_PF4_RGC_DPG,U.S. Gulf Coast Kerosene-Type Jet Fuel Spot Price FOB (Dollars per Gallon),0.623,$/GAL
1991-08-01,RGC,NA,EPMRU,Conventional Regular Gasoline,PF4,Spot Price FOB,EER_EPMRU_PF4_RGC_DPG,U.S. Gulf Coast Conventional Gasoline Regular Spot Price FOB (Dollars per Gallon),0.671,$/GAL
1991-08-01,Y35NY,NEW YORK CITY,EPMRU,Conventional Regular Gasoline,PF4,Spot Price FOB,EER_EPMRU_PF4_Y35NY_DPG,New York Harbor Conventional Gasoline Regular Spot Price FOB (Dollars per Gallon),0.697,$/GAL
1991-08-01,ZEU,NA,EPCBRENT,UK Brent Crude Oil,PF4,Spot Price FOB,RBRTE,Europe Brent Spot Price FOB (Dollars per Barrel),19.77,$/BBL
1991-08-01,YCUOK,NA,EPCWTI,WTI Crude Oil,PF4,Spot Price FOB,RWTC,"Cushing, OK WTI Spot Price FOB (Dollars per Barrel)",21.69,$/BBL
1991-09-01,Y35NY,NEW YORK CITY,EPD2F,No 2 Fuel Oil / Heating Oil,PF4,Spot Price FOB,EER_EPD2F_PF4_Y35NY_DPG,New York Harbor No. 2 Heating Oil Spot Price FOB (Dollars per Gallon),0.615,$/GAL
1991-09-01,RGC,NA,EPJK,Kerosene-Type Jet Fuel,PF4,Spot Price FOB,EER_EPJK_PF4_RGC_DPG,U.S. Gulf Coast Kerosene-Type Jet Fuel Spot Price FOB (Dollars per Gallon),0.635,$/GAL
1991-09-01,RGC,NA,EPMRU,Conventional Regular Gasoline,PF4,Spot Price FOB,EER_EPMRU_PF4_RGC_DPG,U.S. Gulf Coast Conventional Gasoline Regular Spot Price FOB (Dollars per Gallon),0.6,$/GAL
1991-09-01,Y35NY,NEW YORK CITY,EPMRU,Conventional Regular Gasoline,PF4,Spot Price FOB,EER_EPMRU_PF4_Y35NY_DPG,New York Harbor Conventional Gasoline Regular Spot Price FOB (Dollars per Gallon),0.621,$/GAL
1991-09-01,ZEU,NA,EPCBRENT,UK Brent Crude Oil,PF4,Spot Price FOB,RBRTE,Europe Brent Spot Price FOB (Dollars per Barrel),20.5,$/BBL
1991-09-01,YCUOK,NA,EPCWTI,WTI Crude Oil,PF4,Spot Price FOB,RWTC,"Cushing, OK WTI Spot Price FOB (Dollars per Barrel)",21.89,$/BBL
1991-10-01,Y35NY,NEW YORK CITY,EPD2F,No 2 Fuel Oil / Heating Oil,PF4,Spot Price FOB,EER_EPD2F_PF4_Y35NY_DPG,New York Harbor No. 2 Heating Oil Spot Price FOB (Dollars per Gallon),0.665,$/GAL
1991-10-01,RGC,NA,EPJK,Kerosene-Type Jet Fuel,PF4,Spot Price FOB,EER_EPJK_PF4_RGC_DPG,U.S. Gulf Coast Kerosene-Type Jet Fuel Spot Price FOB (Dollars per Gallon),0.671,$/GAL
1991-10-01,RGC,NA,EPMRU,Conventional Regular Gasoline,PF4,Spot Price FOB,EER_EPMRU_PF4_RGC_DPG,U.S. Gulf Coast Conventional Gasoline Regular Spot Price FOB (Dollars per Gallon),0.618,$/GAL
1991-10-01,Y35NY,NEW YORK CITY,EPMRU,Conventional Regular Gasoline,PF4,Spot Price FOB,EER_EPMRU_PF4_Y35NY_DPG,New York Harbor Conventional Gasoline Regular Spot Price FOB (Dollars per Gallon),0.645,$/GAL
1991-10-01,ZEU,NA,EPCBRENT,UK Brent Crude Oil,PF4,Spot Price FOB,RBRTE,Europe Brent Spot Price FOB (Dollars per Barrel),22.21,$/BBL
1991-10-01,YCUOK,NA,EPCWTI,WTI Crude Oil,PF4,Spot Price FOB,RWTC,"Cushing, OK WTI Spot Price FOB (Dollars per Barrel)",23.23,$/BBL
1991-11-01,Y35NY,NEW YORK CITY,EPD2F,No 2 Fuel Oil / Heating Oil,PF4,Spot Price FOB,EER_EPD2F_PF4_Y35NY_DPG,New York Harbor No. 2 Heating Oil Spot Price FOB (Dollars per Gallon),0.643,$/GAL
1991-11-01,RGC,NA,EPJK,Kerosene-Type Jet Fuel,PF4,Spot Price FOB,EER_EPJK_PF4_RGC_DPG,U.S. Gulf Coast Kerosene-Type Jet Fuel Spot Price FOB (Dollars per Gallon),0.645,$/GAL
1991-11-01,RGC,NA,EPMRU,Conventional Regular Gasoline,PF4,Spot Price FOB,EER_EPMRU_PF4_RGC_DPG,U.S. Gulf Coast Conventional Gasoline Regular Spot Price FOB (Dollars per Gallon),0.617,$/GAL
1991-11-01,Y35NY,NEW YORK CITY,EPMRU,Conventional Regular Gasoline,PF4,Spot Price FOB,EER_EPMRU_PF4_Y35NY_DPG,New York Harbor Conventional Gasoline Regular Spot Price FOB (Dollars per Gallon),0.649,$/GAL
1991-11-01,ZEU,NA,EPCBRENT,UK Brent Crude Oil,PF4,Spot Price FOB,RBRTE,Europe Brent Spot Price FOB (Dollars per Barrel),21.11,$/BBL
1991-11-01,YCUOK,NA,EPCWTI,WTI Crude Oil,PF4,Spot Price FOB,RWTC,"Cushing, OK WTI Spot Price FOB (Dollars per Barrel)",22.46,$/BBL
1991-12-01,Y35NY,NEW YORK CITY,EPD2F,No 2 Fuel Oil / Heating Oil,PF4,Spot Price FOB,EER_EPD2F_PF4_Y35NY_DPG,New York Harbor No. 2 Heating Oil Spot Price FOB (Dollars per Gallon),0.524,$/GAL
1991-12-01,RGC,NA,EPJK,Kerosene-Type Jet Fuel,PF4,Spot Price FOB,EER_EPJK_PF4_RGC_DPG,U.S. Gulf Coast Kerosene-Type Jet Fuel Spot Price FOB (Dollars per Gallon),0.522,$/GAL
1991-12-01,RGC,NA,EPMRU,Conventional Regular Gasoline,PF4,Spot Price FOB,EER_EPMRU_PF4_RGC_DPG,U.S. Gulf Coast Conventional Gasoline Regular Spot Price FOB (Dollars per Gallon),0.517,$/GAL
1991-12-01,Y35NY,NEW YORK CITY,EPMRU,Conventional Regular Gasoline,PF4,Spot Price FOB,EER_EPMRU_PF4_Y35NY_DPG,New York Harbor Conventional Gasoline Regular Spot Price FOB (Dollars per Gallon),0.555,$/GAL
1991-12-01,ZEU,NA,EPCBRENT,UK Brent Crude Oil,PF4,Spot Price FOB,RBRTE,Europe Brent Spot Price FOB (Dollars per Barrel),18.41,$/BBL
1991-12-01,YCUOK,NA,EPCWTI,WTI Crude Oil,PF4,Spot Price FOB,RWTC,"Cushing, OK WTI Spot Price FOB (Dollars per Barrel)",19.5,$/BBL
1992-01-01,Y35NY,NEW YORK CITY,EPD2F,No 2 Fuel Oil / Heating Oil,PF4,Spot Price FOB,EER_EPD2F_PF4_Y35NY_DPG,New York Harbor No. 2 Heating Oil Spot Price FOB (Dollars per Gallon),0.516,$/GAL
1992-01-01,RGC,NA,EPJK,Kerosene-Type Jet Fuel,PF4,Spot Price FOB,EER_EPJK_PF4_RGC_DPG,U.S. Gulf Coast Kerosene-Type Jet Fuel Spot Price FOB (Dollars per Gallon),0.509,$/GAL
1992-01-01,RGC,NA,EPMRU,Conventional Regular Gasoline,PF4,Spot Price FOB,EER_EPMRU_PF4_RGC_DPG,U.S. Gulf Coast Conventional Gasoline Regular Spot Price FOB (Dollars per Gallon),0.508,$/GAL
1992-01-01,Y35NY,NEW YORK CITY,EPMRU,Conventional Regular Gasoline,PF4,Spot Price FOB,EER_EPMRU_PF4_Y35NY_DPG,New York Harbor Conventional Gasoline Regular Spot Price FOB (Dollars per Gallon),0.53,$/GAL
1992-01-01,ZEU,NA,EPCBRENT,UK Brent Crude Oil,PF4,Spot Price FOB,RBRTE,Europe Brent Spot Price FOB (Dollars per Barrel),18.16,$/BBL
1992-01-01,YCUOK,NA,EPCWTI,WTI Crude Oil,PF4,Spot Price FOB,RWTC,"Cushing, OK WTI Spot Price FOB (Dollars per Barrel)",18.79,$/BBL
1992-02-01,Y35NY,NEW YORK CITY,EPD2F,No 2 Fuel Oil / Heating Oil,PF4,Spot Price FOB,EER_EPD2F_PF4_Y35NY_DPG,New York Harbor No. 2 Heating Oil Spot Price FOB (Dollars per Gallon),0.532,$/GAL
1992-02-01,RGC,NA,EPJK,Kerosene-Type Jet Fuel,PF4,Spot Price FOB,EER_EPJK_PF4_RGC_DPG,U.S. Gulf Coast Kerosene-Type Jet Fuel Spot Price FOB (Dollars per Gallon),0.543,$/GAL
1992-02-01,RGC,NA,EPMRU,Conventional Regular Gasoline,PF4,Spot Price FOB,EER_EPMRU_PF4_RGC_DPG,U.S. Gulf Coast Conventional Gasoline Regular Spot Price FOB (Dollars per Gallon),0.536,$/GAL
1992-02-01,Y35NY,NEW YORK CITY,EPMRU,Conventional Regular Gasoline,PF4,Spot Price FOB,EER_EPMRU_PF4_Y35NY_DPG,New York Harbor Conventional Gasoline Regular Spot Price FOB (Dollars per Gallon),0.553,$/GAL
1992-02-01,ZEU,NA,EPCBRENT,UK Brent Crude Oil,PF4,Spot Price FOB,RBRTE,Europe Brent Spot Price FOB (Dollars per Barrel),18.05,$/BBL
1992-02-01,YCUOK,NA,EPCWTI,WTI Crude Oil,PF4,Spot Price FOB,RWTC,"Cushing, OK WTI Spot Price FOB (Dollars per Barrel)",19.01,$/BBL
1992-03-01,Y35NY,NEW YORK CITY,EPD2F,No 2 Fuel Oil / Heating Oil,PF4,Spot Price FOB,EER_EPD2F_PF4_Y35NY_DPG,New York Harbor No. 2 Heating Oil Spot Price FOB (Dollars per Gallon),0.525,$/GAL
1992-03-01,RGC,NA,EPJK,Kerosene-Type Jet Fuel,PF4,Spot Price FOB,EER_EPJK_PF4_RGC_DPG,U.S. Gulf Coast Kerosene-Type Jet Fuel Spot Price FOB (Dollars per Gallon),0.514,$/GAL
1992-03-01,RGC,NA,EPMRU,Conventional Regular Gasoline,PF4,Spot Price FOB,EER_EPMRU_PF4_RGC_DPG,U.S. Gulf Coast Conventional Gasoline Regular Spot Price FOB (Dollars per Gallon),0.553,$/GAL
1992-03-01,Y35NY,NEW YORK CITY,EPMRU,Conventional Regular Gasoline,PF4,Spot Price FOB,EER_EPMRU_PF4_Y35NY_DPG,New York Harbor Conventional Gasoline Regular Spot Price FOB (Dollars per Gallon),0.571,$/GAL
1992-03-01,ZEU,NA,EPCBRENT,UK Brent Crude Oil,PF4,Spot Price FOB,RBRTE,Europe Brent Spot Price FOB (Dollars per Barrel),17.63,$/BBL
1992-03-01,YCUOK,NA,EPCWTI,WTI Crude Oil,PF4,Spot Price FOB,RWTC,"Cushing, OK WTI Spot Price FOB (Dollars per Barrel)",18.92,$/BBL
1992-04-01,Y35NY,NEW YORK CITY,EPD2F,No 2 Fuel Oil / Heating Oil,PF4,Spot Price FOB,EER_EPD2F_PF4_Y35NY_DPG,New York Harbor No. 2 Heating Oil Spot Price FOB (Dollars per Gallon),0.562,$/GAL
1992-04-01,RGC,NA,EPJK,Kerosene-Type Jet Fuel,PF4,Spot Price FOB,EER_EPJK_PF4_RGC_DPG,U.S. Gulf Coast Kerosene-Type Jet Fuel Spot Price FOB (Dollars per Gallon),0.543,$/GAL
1992-04-01,RGC,NA,EPMRU,Conventional Regular Gasoline,PF4,Spot Price FOB,EER_EPMRU_PF4_RGC_DPG,U.S. Gulf Coast Conventional Gasoline Regular Spot Price FOB (Dollars per Gallon),0.605,$/GAL
1992-04-01,Y35NY,NEW YORK CITY,EPMRU,Conventional Regular Gasoline,PF4,Spot Price FOB,EER_EPMRU_PF4_Y35NY_DPG,New York Harbor Conventional Gasoline Regular Spot Price FOB (Dollars per Gallon),0.598,$/GAL
1992-04-01,ZEU,NA,EPCBRENT,UK Brent Crude Oil,PF4,Spot Price FOB,RBRTE,Europe Brent Spot Price FOB (Dollars per Barrel),18.92,$/BBL
1992-04-01,YCUOK,NA,EPCWTI,WTI Crude Oil,PF4,Spot Price FOB,RWTC,"Cushing, OK WTI Spot Price FOB (Dollars per Barrel)",20.23,$/BBL
1992-05-01,Y35NY,NEW YORK CITY,EPD2F,No 2 Fuel Oil / Heating Oil,PF4,Spot Price FOB,EER_EPD2F_PF4_Y35NY_DPG,New York Harbor No. 2 Heating Oil Spot Price FOB (Dollars per Gallon),0.576,$/GAL
1992-05-01,RGC,NA,EPJK,Kerosene-Type Jet Fuel,PF4,Spot Price FOB,EER_EPJK_PF4_RGC_DPG,U.S. Gulf Coast Kerosene-Type Jet Fuel Spot Price FOB (Dollars per Gallon),0.579,$/GAL
1992-05-01,RGC,NA,EPMRU,Conventional Regular Gasoline,PF4,Spot Price FOB,EER_EPMRU_PF4_RGC_DPG,U.S. Gulf Coast Conventional Gasoline Regular Spot Price FOB (Dollars per Gallon),0.633,$/GAL
1992-05-01,Y35NY,NEW YORK CITY,EPMRU,Conventional Regular Gasoline,PF4,Spot Price FOB,EER_EPMRU_PF4_Y35NY_DPG,New York Harbor Conventional Gasoline Regular Spot Price FOB (Dollars per Gallon),0.634,$/GAL
1992-05-01,ZEU,NA,EPCBRENT,UK Brent Crude Oil,PF4,Spot Price FOB,RBRTE,Europe Brent Spot Price FOB (Dollars per Barrel),19.89,$/BBL
1992-05-01,YCUOK,NA,EPCWTI,WTI Crude Oil,PF4,Spot Price FOB,RWTC,"Cushing, OK WTI Spot Price FOB (Dollars per Barrel)",20.98,$/BBL
1992-06-01,Y35NY,NEW YORK CITY,EPD2F,No 2 Fuel Oil / Heating Oil,PF4,Spot Price FOB,EER_EPD2F_PF4_Y35NY_DPG,New York Harbor No. 2 Heating Oil Spot Price FOB (Dollars per Gallon),0.612,$/GAL
1992-06-01,RGC,NA,EPJK,Kerosene-Type Jet Fuel,PF4,Spot Price FOB,EER_EPJK_PF4_RGC_DPG,U.S. Gulf Coast Kerosene-Type Jet Fuel Spot Price FOB (Dollars per Gallon),0.615,$/GAL
1992-06-01,Y44MB,NA,EPLLPA,Propane,PF4,Spot Price FOB,EER_EPLLPA_PF4_Y44MB_DPG,"Mont Belvieu, TX Propane Spot Price FOB (Dollars per Gallon)",0.344,$/GAL
1992-06-01,RGC,NA,EPMRU,Conventional Regular Gasoline,PF4,Spot Price FOB,EER_EPMRU_PF4_RGC_DPG,U.S. Gulf Coast Conventional Gasoline Regular Spot Price FOB (Dollars per Gallon),0.64,$/GAL
1992-06-01,Y35NY,NEW YORK CITY,EPMRU,Conventional Regular Gasoline,PF4,Spot Price FOB,EER_EPMRU_PF4_Y35NY_DPG,New York Harbor Conventional Gasoline Regular Spot Price FOB (Dollars per Gallon),0.645,$/GAL
1992-06-01,ZEU,NA,EPCBRENT,UK Brent Crude Oil,PF4,Spot Price FOB,RBRTE,Europe Brent Spot Price FOB (Dollars per Barrel),21.16,$/BBL
1992-06-01,YCUOK,NA,EPCWTI,WTI Crude Oil,PF4,Spot Price FOB,RWTC,"Cushing, OK WTI Spot Price FOB (Dollars per Barrel)",22.39,$/BBL
1992-07-01,Y35NY,NEW YORK CITY,EPD2F,No 2 Fuel Oil / Heating Oil,PF4,Spot Price FOB,EER_EPD2F_PF4_Y35NY_DPG,New York Harbor No. 2 Heating Oil Spot Price FOB (Dollars per Gallon),0.603,$/GAL
1992-07-01,RGC,NA,EPJK,Kerosene-Type Jet Fuel,PF4,Spot Price FOB,EER_EPJK_PF4_RGC_DPG,U.S. Gulf Coast Kerosene-Type Jet Fuel Spot Price FOB (Dollars per Gallon),0.611,$/GAL
1992-07-01,Y44MB,NA,EPLLPA,Propane,PF4,Spot Price FOB,EER_EPLLPA_PF4_Y44MB_DPG,"Mont Belvieu, TX Propane Spot Price FOB (Dollars per Gallon)",0.342,$/GAL
1992-07-01,RGC,NA,EPMRU,Conventional Regular Gasoline,PF4,Spot Price FOB,EER_EPMRU_PF4_RGC_DPG,U.S. Gulf Coast Conventional Gasoline Regular Spot Price FOB (Dollars per Gallon),0.587,$/GAL
1992-07-01,Y35NY,NEW YORK CITY,EPMRU,Conventional Regular Gasoline,PF4,Spot Price FOB,EER_EPMRU_PF4_Y35NY_DPG,New York Harbor Conventional Gasoline Regular Spot Price FOB (Dollars per Gallon),0.6,$/GAL
1992-07-01,ZEU,NA,EPCBRENT,UK Brent Crude Oil,PF4,Spot Price FOB,RBRTE,Europe Brent Spot Price FOB (Dollars per Barrel),20.24,$/BBL
1992-07-01,YCUOK,NA,EPCWTI,WTI Crude Oil,PF4,Spot Price FOB,RWTC,"Cushing, OK WTI Spot Price FOB (Dollars per Barrel)",21.78,$/BBL
1992-08-01,Y35NY,NEW YORK CITY,EPD2F,No 2 Fuel Oil / Heating Oil,PF4,Spot Price FOB,EER_EPD2F_PF4_Y35NY_DPG,New York Harbor No. 2 Heating Oil Spot Price FOB (Dollars per Gallon),0.582,$/GAL
1992-08-01,RGC,NA,EPJK,Kerosene-Type Jet Fuel,PF4,Spot Price FOB,EER_EPJK_PF4_RGC_DPG,U.S. Gulf Coast Kerosene-Type Jet Fuel Spot Price FOB (Dollars per Gallon),0.59,$/GAL
1992-08-01,Y44MB,NA,EPLLPA,Propane,PF4,Spot Price FOB,EER_EPLLPA_PF4_Y44MB_DPG,"Mont Belvieu, TX Propane Spot Price FOB (Dollars per Gallon)",0.354,$/GAL
1992-08-01,RGC,NA,EPMRU,Conventional Regular Gasoline,PF4,Spot Price FOB,EER_EPMRU_PF4_RGC_DPG,U.S. Gulf Coast Conventional Gasoline Regular Spot Price FOB (Dollars per Gallon),0.6,$/GAL
1992-08-01,Y35NY,NEW YORK CITY,EPMRU,Conventional Regular Gasoline,PF4,Spot Price FOB,EER_EPMRU_PF4_Y35NY_DPG,New York Harbor Conventional Gasoline Regular Spot Price FOB (Dollars per Gallon),0.621,$/GAL
1992-08-01,ZEU,NA,EPCBRENT,UK Brent Crude Oil,PF4,Spot Price FOB,RBRTE,Europe Brent Spot Price FOB (Dollars per Barrel),19.74,$/BBL
1992-08-01,YCUOK,NA,EPCWTI,WTI Crude Oil,PF4,Spot Price FOB,RWTC,"Cushing, OK WTI Spot Price FOB (Dollars per Barrel)",21.34,$/BBL
1992-09-01,Y35NY,NEW YORK CITY,EPD2F,No 2 Fuel Oil / Heating Oil,PF4,Spot Price FOB,EER_EPD2F_PF4_Y35NY_DPG,New York Harbor No. 2 Heating Oil Spot Price FOB (Dollars per Gallon),0.618,$/GAL
1992-09-01,RGC,NA,EPJK,Kerosene-Type Jet Fuel,PF4,Spot Price FOB,EER_EPJK_PF4_RGC_DPG,U.S. Gulf Coast Kerosene-Type Jet Fuel Spot Price FOB (Dollars per Gallon),0.623,$/GAL
1992-09-01,Y44MB,NA,EPLLPA,Propane,PF4,Spot Price FOB,EER_EPLLPA_PF4_Y44MB_DPG,"Mont Belvieu, TX Propane Spot Price FOB (Dollars per Gallon)",0.375,$/GAL
1992-09-01,RGC,NA,EPMRU,Conventional Regular Gasoline,PF4,Spot Price FOB,EER_EPMRU_PF4_RGC_DPG,U.S. Gulf Coast Conventional Gasoline Regular Spot Price FOB (Dollars per Gallon),0.59,$/GAL
1992-09-01,Y35NY,NEW YORK CITY,EPMRU,Conventional Regular Gasoline,PF4,Spot Price FOB,EER_EPMRU_PF4_Y35NY_DPG,New York Harbor Conventional Gasoline Regular Spot Price FOB (Dollars per Gallon),0.618,$/GAL
1992-09-01,ZEU,NA,EPCBRENT,UK Brent Crude Oil,PF4,Spot Price FOB,RBRTE,Europe Brent Spot Price FOB (Dollars per Barrel),20.27,$/BBL
1992-09-01,YCUOK,NA,EPCWTI,WTI Crude Oil,PF4,Spot Price FOB,RWTC,"Cushing, OK WTI Spot Price FOB (Dollars per Barrel)",21.88,$/BBL
1992-10-01,Y35NY,NEW YORK CITY,EPD2F,No 2 Fuel Oil / Heating Oil,PF4,Spot Price FOB,EER_EPD2F_PF4_Y35NY_DPG,New York Harbor No. 2 Heating Oil Spot Price FOB (Dollars per Gallon),0.626,$/GAL
1992-10-01,RGC,NA,EPJK,Kerosene-Type Jet Fuel,PF4,Spot Price FOB,EER_EPJK_PF4_RGC_DPG,U.S. Gulf Coast Kerosene-Type Jet Fuel Spot Price FOB (Dollars per Gallon),0.621,$/GAL
1992-10-01,Y44MB,NA,EPLLPA,Propane,PF4,Spot Price FOB,EER_EPLLPA_PF4_Y44MB_DPG,"Mont Belvieu, TX Propane Spot Price FOB (Dollars per Gallon)",0.354,$/GAL
1992-10-01,RGC,NA,EPMRU,Conventional Regular Gasoline,PF4,Spot Price FOB,EER_EPMRU_PF4_RGC_DPG,U.S. Gulf Coast Conventional Gasoline Regular Spot Price FOB (Dollars per Gallon),0.596,$/GAL
1992-10-01,Y35NY,NEW YORK CITY,EPMRU,Conventional Regular Gasoline,PF4,Spot Price FOB,EER_EPMRU_PF4_Y35NY_DPG,New York Harbor Conventional Gasoline Regular Spot Price FOB (Dollars per Gallon),0.605,$/GAL
1992-10-01,ZEU,NA,EPCBRENT,UK Brent Crude Oil,PF4,Spot Price FOB,RBRTE,Europe Brent Spot Price FOB (Dollars per Barrel),20.26,$/BBL
1992-10-01,YCUOK,NA,EPCWTI,WTI Crude Oil,PF4,Spot Price FOB,RWTC,"Cushing, OK WTI Spot Price FOB (Dollars per Barrel)",21.69,$/BBL
1992-11-01,Y35NY,NEW YORK CITY,EPD2F,No 2 Fuel Oil / Heating Oil,PF4,Spot Price FOB,EER_EPD2F_PF4_Y35NY_DPG,New York Harbor No. 2 Heating Oil Spot Price FOB (Dollars per Gallon),0.566,$/GAL
1992-11-01,RGC,NA,EPJK,Kerosene-Type Jet Fuel,PF4,Spot Price FOB,EER_EPJK_PF4_RGC_DPG,U.S. Gulf Coast Kerosene-Type Jet Fuel Spot Price FOB (Dollars per Gallon),0.561,$/GAL
1992-11-01,Y44MB,NA,EPLLPA,Propane,PF4,Spot Price FOB,EER_EPLLPA_PF4_Y44MB_DPG,"Mont Belvieu, TX Propane Spot Price FOB (Dollars per Gallon)",0.327,$/GAL
1992-11-01,RGC,NA,EPMRU,Conventional Regular Gasoline,PF4,Spot Price FOB,EER_EPMRU_PF4_RGC_DPG,U.S. Gulf Coast Conventional Gasoline Regular Spot Price FOB (Dollars per Gallon),0.54,$/GAL
1992-11-01,Y35NY,NEW YORK CITY,EPMRU,Conventional Regular Gasoline,PF4,Spot Price FOB,EER_EPMRU_PF4_Y35NY_DPG,New York Harbor Conventional Gasoline Regular Spot Price FOB (Dollars per Gallon),0.582,$/GAL
1992-11-01,ZEU,NA,EPCBRENT,UK Brent Crude Oil,PF4,Spot Price FOB,RBRTE,Europe Brent Spot Price FOB (Dollars per Barrel),19.21,$/BBL
1992-11-01,YCUOK,NA,EPCWTI,WTI Crude Oil,PF4,Spot Price FOB,RWTC,"Cushing, OK WTI Spot Price FOB (Dollars per Barrel)",20.34,$/BBL
1992-12-01,Y35NY,NEW YORK CITY,EPD2F,No 2 Fuel Oil / Heating Oil,PF4,Spot Price FOB,EER_EPD2F_PF4_Y35NY_DPG,New York Harbor No. 2 Heating Oil Spot Price FOB (Dollars per Gallon),0.55,$/GAL
1992-12-01,RGC,NA,EPJK,Kerosene-Type Jet Fuel,PF4,Spot Price FOB,EER_EPJK_PF4_RGC_DPG,U.S. Gulf Coast Kerosene-Type Jet Fuel Spot Price FOB (Dollars per Gallon),0.544,$/GAL
1992-12-01,Y44MB,NA,EPLLPA,Propane,PF4,Spot Price FOB,EER_EPLLPA_PF4_Y44MB_DPG,"Mont Belvieu, TX Propane Spot Price FOB (Dollars per Gallon)",0.312,$/GAL
1992-12-01,RGC,NA,EPMRU,Conventional Regular Gasoline,PF4,Spot Price FOB,EER_EPMRU_PF4_RGC_DPG,U.S. Gulf Coast Conventional Gasoline Regular Spot Price FOB (Dollars per Gallon),0.508,$/GAL
1992-12-01,Y35NY,NEW YORK CITY,EPMRU,Conventional Regular Gasoline,PF4,Spot Price FOB,EER_EPMRU_PF4_Y35NY_DPG,New York Harbor Conventional Gasoline Regular Spot Price FOB (Dollars per Gallon),0.533,$/GAL
1992-12-01,ZEU,NA,EPCBRENT,UK Brent Crude Oil,PF4,Spot Price FOB,RBRTE,Europe Brent Spot Price FOB (Dollars per Barrel),18.14,$/BBL
1992-12-01,YCUOK,NA,EPCWTI,WTI Crude Oil,PF4,Spot Price FOB,RWTC,"Cushing, OK WTI Spot Price FOB (Dollars per Barrel)",19.41,$/BBL
1993-01-01,Y35NY,NEW YORK CITY,EPD2F,No 2 Fuel Oil / Heating Oil,PF4,Spot Price FOB,EER_EPD2F_PF4_Y35NY_DPG,New York Harbor No. 2 Heating Oil Spot Price FOB (Dollars per Gallon),0.53,$/GAL
1993-01-01,RGC,NA,EPJK,Kerosene-Type Jet Fuel,PF4,Spot Price FOB,EER_EPJK_PF4_RGC_DPG,U.S. Gulf Coast Kerosene-Type Jet Fuel Spot Price FOB (Dollars per Gallon),0.534,$/GAL
1993-01-01,Y44MB,NA,EPLLPA,Propane,PF4,Spot Price FOB,EER_EPLLPA_PF4_Y44MB_DPG,"Mont Belvieu, TX Propane Spot Price FOB (Dollars per Gallon)",0.337,$/GAL
1993-01-01,RGC,NA,EPMRU,Conventional Regular Gasoline,PF4,Spot Price FOB,EER_EPMRU_PF4_RGC_DPG,U.S. Gulf Coast Conventional Gasoline Regular Spot Price FOB (Dollars per Gallon),0.514,$/GAL
1993-01-01,Y35NY,NEW YORK CITY,EPMRU,Conventional Regular Gasoline,PF4,Spot Price FOB,EER_EPMRU_PF4_Y35NY_DPG,New York Harbor Conventional Gasoline Regular Spot Price FOB (Dollars per Gallon),0.527,$/GAL
1993-01-01,ZEU,NA,EPCBRENT,UK Brent Crude Oil,PF4,Spot Price FOB,RBRTE,Europe Brent Spot Price FOB (Dollars per Barrel),17.39,$/BBL
1993-01-01,YCUOK,NA,EPCWTI,WTI Crude Oil,PF4,Spot Price FOB,RWTC,"Cushing, OK WTI Spot Price FOB (Dollars per Barrel)",19.03,$/BBL
1993-02-01,Y35NY,NEW YORK CITY,EPD2F,No 2 Fuel Oil / Heating Oil,PF4,Spot Price FOB,EER_EPD2F_PF4_Y35NY_DPG,New York Harbor No. 2 Heating Oil Spot Price FOB (Dollars per Gallon),0.559,$/GAL
1993-02-01,RGC,NA,EPJK,Kerosene-Type Jet Fuel,PF4,Spot Price FOB,EER_EPJK_PF4_RGC_DPG,U.S. Gulf Coast Kerosene-Type Jet Fuel Spot Price FOB (Dollars per Gallon),0.553,$/GAL
1993-02-01,Y44MB,NA,EPLLPA,Propane,PF4,Spot Price FOB,EER_EPLLPA_PF4_Y44MB_DPG,"Mont Belvieu, TX Propane Spot Price FOB (Dollars per Gallon)",0.33,$/GAL
1993-02-01,RGC,NA,EPMRU,Conventional Regular Gasoline,PF4,Spot Price FOB,EER_EPMRU_PF4_RGC_DPG,U.S. Gulf Coast Conventional Gasoline Regular Spot Price FOB (Dollars per Gallon),0.508,$/GAL
1993-02-01,Y35NY,NEW YORK CITY,EPMRU,Conventional Regular Gasoline,PF4,Spot Price FOB,EER_EPMRU_PF4_Y35NY_DPG,New York Harbor Conventional Gasoline Regular Spot Price FOB (Dollars per Gallon),0.523,$/GAL
1993-02-01,ZEU,NA,EPCBRENT,UK Brent Crude Oil,PF4,Spot Price FOB,RBRTE,Europe Brent Spot Price FOB (Dollars per Barrel),18.47,$/BBL
1993-02-01,YCUOK,NA,EPCWTI,WTI Crude Oil,PF4,Spot Price FOB,RWTC,"Cushing, OK WTI Spot Price FOB (Dollars per Barrel)",20.09,$/BBL
1993-03-01,Y35NY,NEW YORK CITY,EPD2F,No 2 Fuel Oil / Heating Oil,PF4,Spot Price FOB,EER_EPD2F_PF4_Y35NY_DPG,New York Harbor No. 2 Heating Oil Spot Price FOB (Dollars per Gallon),0.581,$/GAL
1993-03-01,RGC,NA,EPJK,Kerosene-Type Jet Fuel,PF4,Spot Price FOB,EER_EPJK_PF4_RGC_DPG,U.S. Gulf Coast Kerosene-Type Jet Fuel Spot Price FOB (Dollars per Gallon),0.558,$/GAL
1993-03-01,Y44MB,NA,EPLLPA,Propane,PF4,Spot Price FOB,EER_EPLLPA_PF4_Y44MB_DPG,"Mont Belvieu, TX Propane Spot Price FOB (Dollars per Gallon)",0.342,$/GAL
1993-03-01,RGC,NA,EPMRU,Conventional Regular Gasoline,PF4,Spot Price FOB,EER_EPMRU_PF4_RGC_DPG,U.S. Gulf Coast Conventional Gasoline Regular Spot Price FOB (Dollars per Gallon),0.559,$/GAL
1993-03-01,Y35NY,NEW YORK CITY,EPMRU,Conventional Regular Gasoline,PF4,Spot Price FOB,EER_EPMRU_PF4_Y35NY_DPG,New York Harbor Conventional Gasoline Regular Spot Price FOB (Dollars per Gallon),0.54,$/GAL
1993-03-01,ZEU,NA,EPCBRENT,UK Brent Crude Oil,PF4,Spot Price FOB,RBRTE,Europe Brent Spot Price FOB (Dollars per Barrel),18.79,$/BBL
1993-03-01,YCUOK,NA,EPCWTI,WTI Crude Oil,PF4,Spot Price FOB,RWTC,"Cushing, OK WTI Spot Price FOB (Dollars per Barrel)",20.32,$/BBL
1993-04-01,Y35NY,NEW YORK CITY,EPD2F,No 2 Fuel Oil / Heating Oil,PF4,Spot Price FOB,EER_EPD2F_PF4_Y35NY_DPG,New York Harbor No. 2 Heating Oil Spot Price FOB (Dollars per Gallon),0.555,$/GAL
1993-04-01,RGC,NA,EPJK,Kerosene-Type Jet Fuel,PF4,Spot Price FOB,EER_EPJK_PF4_RGC_DPG,U.S. Gulf Coast Kerosene-Type Jet Fuel Spot Price FOB (Dollars per Gallon),0.551,$/GAL
1993-04-01,Y44MB,NA,EPLLPA,Propane,PF4,Spot Price FOB,EER_EPLLPA_PF4_Y44MB_DPG,"Mont Belvieu, TX Propane Spot Price FOB (Dollars per Gallon)",0.344,$/GAL
1993-04-01,RGC,NA,EPMRU,Conventional Regular Gasoline,PF4,Spot Price FOB,EER_EPMRU_PF4_RGC_DPG,U.S. Gulf Coast Conventional Gasoline Regular Spot Price FOB (Dollars per Gallon),0.598,$/GAL
1993-04-01,Y35NY,NEW YORK CITY,EPMRU,Conventional Regular Gasoline,PF4,Spot Price FOB,EER_EPMRU_PF4_Y35NY_DPG,New York Harbor Conventional Gasoline Regular Spot Price FOB (Dollars per Gallon),0.594,$/GAL
1993-04-01,ZEU,NA,EPCBRENT,UK Brent Crude Oil,PF4,Spot Price FOB,RBRTE,Europe Brent Spot Price FOB (Dollars per Barrel),18.67,$/BBL
1993-04-01,YCUOK,NA,EPCWTI,WTI Crude Oil,PF4,Spot Price FOB,RWTC,"Cushing, OK WTI Spot Price FOB (Dollars per Barrel)",20.25,$/BBL
1993-05-01,Y35NY,NEW YORK CITY,EPD2F,No 2 Fuel Oil / Heating Oil,PF4,Spot Price FOB,EER_EPD2F_PF4_Y35NY_DPG,New York Harbor No. 2 Heating Oil Spot Price FOB (Dollars per Gallon),0.545,$/GAL
1993-05-01,RGC,NA,EPJK,Kerosene-Type Jet Fuel,PF4,Spot Price FOB,EER_EPJK_PF4_RGC_DPG,U.S. Gulf Coast Kerosene-Type Jet Fuel Spot Price FOB (Dollars per Gallon),0.553,$/GAL
1993-05-01,Y44MB,NA,EPLLPA,Propane,PF4,Spot Price FOB,EER_EPLLPA_PF4_Y44MB_DPG,"Mont Belvieu, TX Propane Spot Price FOB (Dollars per Gallon)",0.328,$/GAL
1993-05-01,RGC,NA,EPMRU,Conventional Regular Gasoline,PF4,Spot Price FOB,EER_EPMRU_PF4_RGC_DPG,U.S. Gulf Coast Conventional Gasoline Regular Spot Price FOB (Dollars per Gallon),0.601,$/GAL
1993-05-01,Y35NY,NEW YORK CITY,EPMRU,Conventional Regular Gasoline,PF4,Spot Price FOB,EER_EPMRU_PF4_Y35NY_DPG,New York Harbor Conventional Gasoline Regular Spot Price FOB (Dollars per Gallon),0.594,$/GAL
1993-05-01,ZEU,NA,EPCBRENT,UK Brent Crude Oil,PF4,Spot Price FOB,RBRTE,Europe Brent Spot Price FOB (Dollars per Barrel),18.51,$/BBL
1993-05-01,YCUOK,NA,EPCWTI,WTI Crude Oil,PF4,Spot Price FOB,RWTC,"Cushing, OK WTI Spot Price FOB (Dollars per Barrel)",19.95,$/BBL
1993-06-01,Y35NY,NEW YORK CITY,EPD2F,No 2 Fuel Oil / Heating Oil,PF4,Spot Price FOB,EER_EPD2F_PF4_Y35NY_DPG,New York Harbor No. 2 Heating Oil Spot Price FOB (Dollars per Gallon),0.525,$/GAL
1993-06-01,RGC,NA,EPJK,Kerosene-Type Jet Fuel,PF4,Spot Price FOB,EER_EPJK_PF4_RGC_DPG,U.S. Gulf Coast Kerosene-Type Jet Fuel Spot Price FOB (Dollars per Gallon),0.526,$/GAL
1993-06-01,Y44MB,NA,EPLLPA,Propane,PF4,Spot Price FOB,EER_EPLLPA_PF4_Y44MB_DPG,"Mont Belvieu, TX Propane Spot Price FOB (Dollars per Gallon)",0.328,$/GAL
1993-06-01,RGC,NA,EPMRU,Conventional Regular Gasoline,PF4,Spot Price FOB,EER_EPMRU_PF4_RGC_DPG,U.S. Gulf Coast Conventional Gasoline Regular Spot Price FOB (Dollars per Gallon),0.548,$/GAL
1993-06-01,Y35NY,NEW YORK CITY,EPMRU,Conventional Regular Gasoline,PF4,Spot Price FOB,EER_EPMRU_PF4_Y35NY_DPG,New York Harbor Conventional Gasoline Regular Spot Price FOB (Dollars per Gallon),0.548,$/GAL
1993-06-01,ZEU,NA,EPCBRENT,UK Brent Crude Oil,PF4,Spot Price FOB,RBRTE,Europe Brent Spot Price FOB (Dollars per Barrel),17.65,$/BBL
1993-06-01,YCUOK,NA,EPCWTI,WTI Crude Oil,PF4,Spot Price FOB,RWTC,"Cushing, OK WTI Spot Price FOB (Dollars per Barrel)",19.09,$/BBL
1993-07-01,Y35NY,NEW YORK CITY,EPD2F,No 2 Fuel Oil / Heating Oil,PF4,Spot Price FOB,EER_EPD2F_PF4_Y35NY_DPG,New York Harbor No. 2 Heating Oil Spot Price FOB (Dollars per Gallon),0.498,$/GAL
1993-07-01,RGC,NA,EPJK,Kerosene-Type Jet Fuel,PF4,Spot Price FOB,EER_EPJK_PF4_RGC_DPG,U.S. Gulf Coast Kerosene-Type Jet Fuel Spot Price FOB (Dollars per Gallon),0.494,$/GAL
1993-07-01,Y44MB,NA,EPLLPA,Propane,PF4,Spot Price FOB,EER_EPLLPA_PF4_Y44MB_DPG,"Mont Belvieu, TX Propane Spot Price FOB (Dollars per Gallon)",0.314,$/GAL
1993-07-01,RGC,NA,EPMRU,Conventional Regular Gasoline,PF4,Spot Price FOB,EER_EPMRU_PF4_RGC_DPG,U.S. Gulf Coast Conventional Gasoline Regular Spot Price FOB (Dollars per Gallon),0.504,$/GAL
1993-07-01,Y35NY,NEW YORK CITY,EPMRU,Conventional Regular Gasoline,PF4,Spot Price FOB,EER_EPMRU_PF4_Y35NY_DPG,New York Harbor Conventional Gasoline Regular Spot Price FOB (Dollars per Gallon),0.519,$/GAL
1993-07-01,ZEU,NA,EPCBRENT,UK Brent Crude Oil,PF4,Spot Price FOB,RBRTE,Europe Brent Spot Price FOB (Dollars per Barrel),16.78,$/BBL
1993-07-01,YCUOK,NA,EPCWTI,WTI Crude Oil,PF4,Spot Price FOB,RWTC,"Cushing, OK WTI Spot Price FOB (Dollars per Barrel)",17.89,$/BBL
1993-08-01,Y35NY,NEW YORK CITY,EPD2F,No 2 Fuel Oil / Heating Oil,PF4,Spot Price FOB,EER_EPD2F_PF4_Y35NY_DPG,New York Harbor No. 2 Heating Oil Spot Price FOB (Dollars per Gallon),0.508,$/GAL
1993-08-01,RGC,NA,EPJK,Kerosene-Type Jet Fuel,PF4,Spot Price FOB,EER_EPJK_PF4_RGC_DPG,U.S. Gulf Coast Kerosene-Type Jet Fuel Spot Price FOB (Dollars per Gallon),0.501,$/GAL
1993-08-01,Y44MB,NA,EPLLPA,Propane,PF4,Spot Price FOB,EER_EPLLPA_PF4_Y44MB_DPG,"Mont Belvieu, TX Propane Spot Price FOB (Dollars per Gallon)",0.305,$/GAL
1993-08-01,RGC,NA,EPMRU,Conventional Regular Gasoline,PF4,Spot Price FOB,EER_EPMRU_PF4_RGC_DPG,U.S. Gulf Coast Conventional Gasoline Regular Spot Price FOB (Dollars per Gallon),0.519,$/GAL
1993-08-01,Y35NY,NEW YORK CITY,EPMRU,Conventional Regular Gasoline,PF4,Spot Price FOB,EER_EPMRU_PF4_Y35NY_DPG,New York Harbor Conventional Gasoline Regular Spot Price FOB (Dollars per Gallon),0.532,$/GAL
1993-08-01,ZEU,NA,EPCBRENT,UK Brent Crude Oil,PF4,Spot Price FOB,RBRTE,Europe Brent Spot Price FOB (Dollars per Barrel),16.7,$/BBL
1993-08-01,YCUOK,NA,EPCWTI,WTI Crude Oil,PF4,Spot Price FOB,RWTC,"Cushing, OK WTI Spot Price FOB (Dollars per Barrel)",18.01,$/BBL
1993-09-01,Y35NY,NEW YORK CITY,EPD2F,No 2 Fuel Oil / Heating Oil,PF4,Spot Price FOB,EER_EPD2F_PF4_Y35NY_DPG,New York Harbor No. 2 Heating Oil Spot Price FOB (Dollars per Gallon),0.52,$/GAL
1993-09-01,RGC,NA,EPJK,Kerosene-Type Jet Fuel,PF4,Spot Price FOB,EER_EPJK_PF4_RGC_DPG,U.S. Gulf Coast Kerosene-Type Jet Fuel Spot Price FOB (Dollars per Gallon),0.535,$/GAL
1993-09-01,Y44MB,NA,EPLLPA,Propane,PF4,Spot Price FOB,EER_EPLLPA_PF4_Y44MB_DPG,"Mont Belvieu, TX Propane Spot Price FOB (Dollars per Gallon)",0.299,$/GAL
1993-09-01,RGC,NA,EPMRU,Conventional Regular Gasoline,PF4,Spot Price FOB,EER_EPMRU_PF4_RGC_DPG,U.S. Gulf Coast Conventional Gasoline Regular Spot Price FOB (Dollars per Gallon),0.481,$/GAL
1993-09-01,Y35NY,NEW YORK CITY,EPMRU,Conventional Regular Gasoline,PF4,Spot Price FOB,EER_EPMRU_PF4_Y35NY_DPG,New York Harbor Conventional Gasoline Regular Spot Price FOB (Dollars per Gallon),0.486,$/GAL
1993-09-01,ZEU,NA,EPCBRENT,UK Brent Crude Oil,PF4,Spot Price FOB,RBRTE,Europe Brent Spot Price FOB (Dollars per Barrel),16.01,$/BBL
1993-09-01,YCUOK,NA,EPCWTI,WTI Crude Oil,PF4,Spot Price FOB,RWTC,"Cushing, OK WTI Spot Price FOB (Dollars per Barrel)",17.5,$/BBL
1993-10-01,Y35NY,NEW YORK CITY,EPD2F,No 2 Fuel Oil / Heating Oil,PF4,Spot Price FOB,EER_EPD2F_PF4_Y35NY_DPG,New York Harbor No. 2 Heating Oil Spot Price FOB (Dollars per Gallon),0.539,$/GAL
1993-10-01,RGC,NA,EPJK,Kerosene-Type Jet Fuel,PF4,Spot Price FOB,EER_EPJK_PF4_RGC_DPG,U.S. Gulf Coast Kerosene-Type Jet Fuel Spot Price FOB (Dollars per Gallon),0.568,$/GAL
1993-10-01,Y44MB,NA,EPLLPA,Propane,PF4,Spot Price FOB,EER_EPLLPA_PF4_Y44MB_DPG,"Mont Belvieu, TX Propane Spot Price FOB (Dollars per Gallon)",0.293,$/GAL
1993-10-01,RGC,NA,EPMRU,Conventional Regular Gasoline,PF4,Spot Price FOB,EER_EPMRU_PF4_RGC_DPG,U.S. Gulf Coast Conventional Gasoline Regular Spot Price FOB (Dollars per Gallon),0.483,$/GAL
1993-10-01,Y35NY,NEW YORK CITY,EPMRU,Conventional Regular Gasoline,PF4,Spot Price FOB,EER_EPMRU_PF4_Y35NY_DPG,New York Harbor Conventional Gasoline Regular Spot Price FOB (Dollars per Gallon),0.503,$/GAL
1993-10-01,ZEU,NA,EPCBRENT,UK Brent Crude Oil,PF4,Spot Price FOB,RBRTE,Europe Brent Spot Price FOB (Dollars per Barrel),16.61,$/BBL
1993-10-01,YCUOK,NA,EPCWTI,WTI Crude Oil,PF4,Spot Price FOB,RWTC,"Cushing, OK WTI Spot Price FOB (Dollars per Barrel)",18.15,$/BBL
1993-11-01,Y35NY,NEW YORK CITY,EPD2F,No 2 Fuel Oil / Heating Oil,PF4,Spot Price FOB,EER_EPD2F_PF4_Y35NY_DPG,New York Harbor No. 2 Heating Oil Spot Price FOB (Dollars per Gallon),0.502,$/GAL
1993-11-01,RGC,NA,EPJK,Kerosene-Type Jet Fuel,PF4,Spot Price FOB,EER_EPJK_PF4_RGC_DPG,U.S. Gulf Coast Kerosene-Type Jet Fuel Spot Price FOB (Dollars per Gallon),0.533,$/GAL
1993-11-01,Y44MB,NA,EPLLPA,Propane,PF4,Spot Price FOB,EER_EPLLPA_PF4_Y44MB_DPG,"Mont Belvieu, TX Propane Spot Price FOB (Dollars per Gallon)",0.275,$/GAL
1993-11-01,RGC,NA,EPMRU,Conventional Regular Gasoline,PF4,Spot Price FOB,EER_EPMRU_PF4_RGC_DPG,U.S. Gulf Coast Conventional Gasoline Regular Spot Price FOB (Dollars per Gallon),0.426,$/GAL
1993-11-01,Y35NY,NEW YORK CITY,EPMRU,Conventional Regular Gasoline,PF4,Spot Price FOB,EER_EPMRU_PF4_Y35NY_DPG,New York Harbor Conventional Gasoline Regular Spot Price FOB (Dollars per Gallon),0.444,$/GAL
1993-11-01,ZEU,NA,EPCBRENT,UK Brent Crude Oil,PF4,Spot Price FOB,RBRTE,Europe Brent Spot Price FOB (Dollars per Barrel),15.2,$/BBL
1993-11-01,YCUOK,NA,EPCWTI,WTI Crude Oil,PF4,Spot Price FOB,RWTC,"Cushing, OK WTI Spot Price FOB (Dollars per Barrel)",16.61,$/BBL
1993-12-01,Y35NY,NEW YORK CITY,EPD2F,No 2 Fuel Oil / Heating Oil,PF4,Spot Price FOB,EER_EPD2F_PF4_Y35NY_DPG,New York Harbor No. 2 Heating Oil Spot Price FOB (Dollars per Gallon),0.435,$/GAL
1993-12-01,RGC,NA,EPJK,Kerosene-Type Jet Fuel,PF4,Spot Price FOB,EER_EPJK_PF4_RGC_DPG,U.S. Gulf Coast Kerosene-Type Jet Fuel Spot Price FOB (Dollars per Gallon),0.446,$/GAL
1993-12-01,Y44MB,NA,EPLLPA,Propane,PF4,Spot Price FOB,EER_EPLLPA_PF4_Y44MB_DPG,"Mont Belvieu, TX Propane Spot Price FOB (Dollars per Gallon)",0.245,$/GAL
1993-12-01,RGC,NA,EPMRU,Conventional Regular Gasoline,PF4,Spot Price FOB,EER_EPMRU_PF4_RGC_DPG,U.S. Gulf Coast Conventional Gasoline Regular Spot Price FOB (Dollars per Gallon),0.362,$/GAL
1993-12-01,Y35NY,NEW YORK CITY,EPMRU,Conventional Regular Gasoline,PF4,Spot Price FOB,EER_EPMRU_PF4_Y35NY_DPG,New York Harbor Conventional Gasoline Regular Spot Price FOB (Dollars per Gallon),0.376,$/GAL
1993-12-01,ZEU,NA,EPCBRENT,UK Brent Crude Oil,PF4,Spot Price FOB,RBRTE,Europe Brent Spot Price FOB (Dollars per Barrel),13.73,$/BBL
1993-12-01,YCUOK,NA,EPCWTI,WTI Crude Oil,PF4,Spot Price FOB,RWTC,"Cushing, OK WTI Spot Price FOB (Dollars per Barrel)",14.52,$/BBL
1994-01-01,Y35NY,NEW YORK CITY,EPD2F,No 2 Fuel Oil / Heating Oil,PF4,Spot Price FOB,EER_EPD2F_PF4_Y35NY_DPG,New York Harbor No. 2 Heating Oil Spot Price FOB (Dollars per Gallon),0.499,$/GAL
1994-01-01,RGC,NA,EPJK,Kerosene-Type Jet Fuel,PF4,Spot Price FOB,EER_EPJK_PF4_RGC_DPG,U.S. Gulf Coast Kerosene-Type Jet Fuel Spot Price FOB (Dollars per Gallon),0.528,$/GAL
1994-01-01,Y44MB,NA,EPLLPA,Propane,PF4,Spot Price FOB,EER_EPLLPA_PF4_Y44MB_DPG,"Mont Belvieu, TX Propane Spot Price FOB (Dollars per Gallon)",0.263,$/GAL
1994-01-01,RGC,NA,EPMRU,Conventional Regular Gasoline,PF4,Spot Price FOB,EER_EPMRU_PF4_RGC_DPG,U.S. Gulf Coast Conventional Gasoline Regular Spot Price FOB (Dollars per Gallon),0.419,$/GAL
1994-01-01,Y35NY,NEW YORK CITY,EPMRU,Conventional Regular Gasoline,PF4,Spot Price FOB,EER_EPMRU_PF4_Y35NY_DPG,New York Harbor Conventional Gasoline Regular Spot Price FOB (Dollars per Gallon),0.422,$/GAL
1994-01-01,ZEU,NA,EPCBRENT,UK Brent Crude Oil,PF4,Spot Price FOB,RBRTE,Europe Brent Spot Price FOB (Dollars per Barrel),14.29,$/BBL
1994-01-01,YCUOK,NA,EPCWTI,WTI Crude Oil,PF4,Spot Price FOB,RWTC,"Cushing, OK WTI Spot Price FOB (Dollars per Barrel)",15.03,$/BBL
1994-02-01,Y35NY,NEW YORK CITY,EPD2F,No 2 Fuel Oil / Heating Oil,PF4,Spot Price FOB,EER_EPD2F_PF4_Y35NY_DPG,New York Harbor No. 2 Heating Oil Spot Price FOB (Dollars per Gallon),0.557,$/GAL
1994-02-01,RGC,NA,EPJK,Kerosene-Type Jet Fuel,PF4,Spot Price FOB,EER_EPJK_PF4_RGC_DPG,U.S. Gulf Coast Kerosene-Type Jet Fuel Spot Price FOB (Dollars per Gallon),0.501,$/GAL
1994-02-01,Y44MB,NA,EPLLPA,Propane,PF4,Spot Price FOB,EER_EPLLPA_PF4_Y44MB_DPG,"Mont Belvieu, TX Propane Spot Price FOB (Dollars per Gallon)",0.29,$/GAL
1994-02-01,RGC,NA,EPMRU,Conventional Regular Gasoline,PF4,Spot Price FOB,EER_EPMRU_PF4_RGC_DPG,U.S. Gulf Coast Conventional Gasoline Regular Spot Price FOB (Dollars per Gallon),0.44,$/GAL
1994-02-01,Y35NY,NEW YORK CITY,EPMRU,Conventional Regular Gasoline,PF4,Spot Price FOB,EER_EPMRU_PF4_Y35NY_DPG,New York Harbor Conventional Gasoline Regular Spot Price FOB (Dollars per Gallon),0.436,$/GAL
1994-02-01,ZEU,NA,EPCBRENT,UK Brent Crude Oil,PF4,Spot Price FOB,RBRTE,Europe Brent Spot Price FOB (Dollars per Barrel),13.8,$/BBL
1994-02-01,YCUOK,NA,EPCWTI,WTI Crude Oil,PF4,Spot Price FOB,RWTC,"Cushing, OK WTI Spot Price FOB (Dollars per Barrel)",14.78,$/BBL
1994-03-01,Y35NY,NEW YORK CITY,EPD2F,No 2 Fuel Oil / Heating Oil,PF4,Spot Price FOB,EER_EPD2F_PF4_Y35NY_DPG,New York Harbor No. 2 Heating Oil Spot Price FOB (Dollars per Gallon),0.492,$/GAL
1994-03-01,RGC,NA,EPJK,Kerosene-Type Jet Fuel,PF4,Spot Price FOB,EER_EPJK_PF4_RGC_DPG,U.S. Gulf Coast Kerosene-Type Jet Fuel Spot Price FOB (Dollars per Gallon),0.451,$/GAL
1994-03-01,Y44MB,NA,EPLLPA,Propane,PF4,Spot Price FOB,EER_EPLLPA_PF4_Y44MB_DPG,"Mont Belvieu, TX Propane Spot Price FOB (Dollars per Gallon)",0.284,$/GAL
1994-03-01,RGC,NA,EPMRU,Conventional Regular Gasoline,PF4,Spot Price FOB,EER_EPMRU_PF4_RGC_DPG,U.S. Gulf Coast Conventional Gasoline Regular Spot Price FOB (Dollars per Gallon),0.456,$/GAL
1994-03-01,Y35NY,NEW YORK CITY,EPMRU,Conventional Regular Gasoline,PF4,Spot Price FOB,EER_EPMRU_PF4_Y35NY_DPG,New York Harbor Conventional Gasoline Regular Spot Price FOB (Dollars per Gallon),0.441,$/GAL
1994-03-01,ZEU,NA,EPCBRENT,UK Brent Crude Oil,PF4,Spot Price FOB,RBRTE,Europe Brent Spot Price FOB (Dollars per Barrel),13.82,$/BBL
1994-03-01,YCUOK,NA,EPCWTI,WTI Crude Oil,PF4,Spot Price FOB,RWTC,"Cushing, OK WTI Spot Price FOB (Dollars per Barrel)",14.68,$/BBL
1994-04-01,Y35NY,NEW YORK CITY,EPD2F,No 2 Fuel Oil / Heating Oil,PF4,Spot Price FOB,EER_EPD2F_PF4_Y35NY_DPG,New York Harbor No. 2 Heating Oil Spot Price FOB (Dollars per Gallon),0.479,$/GAL
1994-04-01,RGC,NA,EPJK,Kerosene-Type Jet Fuel,PF4,Spot Price FOB,EER_EPJK_PF4_RGC_DPG,U.S. Gulf Coast Kerosene-Type Jet Fuel Spot Price FOB (Dollars per Gallon),0.469,$/GAL
1994-04-01,Y44MB,NA,EPLLPA,Propane,PF4,Spot Price FOB,EER_EPLLPA_PF4_Y44MB_DPG,"Mont Belvieu, TX Propane Spot Price FOB (Dollars per Gallon)",0.289,$/GAL
1994-04-01,RGC,NA,EPMRU,Conventional Regular Gasoline,PF4,Spot Price FOB,EER_EPMRU_PF4_RGC_DPG,U.S. Gulf Coast Conventional Gasoline Regular Spot Price FOB (Dollars per Gallon),0.494,$/GAL
1994-04-01,Y35NY,NEW YORK CITY,EPMRU,Conventional Regular Gasoline,PF4,Spot Price FOB,EER_EPMRU_PF4_Y35NY_DPG,New York Harbor Conventional Gasoline Regular Spot Price FOB (Dollars per Gallon),0.49,$/GAL
1994-04-01,ZEU,NA,EPCBRENT,UK Brent Crude Oil,PF4,Spot Price FOB,RBRTE,Europe Brent Spot Price FOB (Dollars per Barrel),15.23,$/BBL
1994-04-01,YCUOK,NA,EPCWTI,WTI Crude Oil,PF4,Spot Price FOB,RWTC,"Cushing, OK WTI Spot Price FOB (Dollars per Barrel)",16.42,$/BBL
1994-05-01,Y35NY,NEW YORK CITY,EPD2F,No 2 Fuel Oil / Heating Oil,PF4,Spot Price FOB,EER_EPD2F_PF4_Y35NY_DPG,New York Harbor No. 2 Heating Oil Spot Price FOB (Dollars per Gallon),0.479,$/GAL
1994-05-01,RGC,NA,EPJK,Kerosene-Type Jet Fuel,PF4,Spot Price FOB,EER_EPJK_PF4_RGC_DPG,U.S. Gulf Coast Kerosene-Type Jet Fuel Spot Price FOB (Dollars per Gallon),0.472,$/GAL
1994-05-01,Y44MB,NA,EPLLPA,Propane,PF4,Spot Price FOB,EER_EPLLPA_PF4_Y44MB_DPG,"Mont Belvieu, TX Propane Spot Price FOB (Dollars per Gallon)",0.296,$/GAL
1994-05-01,RGC,NA,EPMRU,Conventional Regular Gasoline,PF4,Spot Price FOB,EER_EPMRU_PF4_RGC_DPG,U.S. Gulf Coast Conventional Gasoline Regular Spot Price FOB (Dollars per Gallon),0.494,$/GAL
1994-05-01,Y35NY,NEW YORK CITY,EPMRU,Conventional Regular Gasoline,PF4,Spot Price FOB,EER_EPMRU_PF4_Y35NY_DPG,New York Harbor Conventional Gasoline Regular Spot Price FOB (Dollars per Gallon),0.505,$/GAL
1994-05-01,ZEU,NA,EPCBRENT,UK Brent Crude Oil,PF4,Spot Price FOB,RBRTE,Europe Brent Spot Price FOB (Dollars per Barrel),16.19,$/BBL
1994-05-01,YCUOK,NA,EPCWTI,WTI Crude Oil,PF4,Spot Price FOB,RWTC,"Cushing, OK WTI Spot Price FOB (Dollars per Barrel)",17.89,$/BBL
1994-06-01,Y35NY,NEW YORK CITY,EPD2F,No 2 Fuel Oil / Heating Oil,PF4,Spot Price FOB,EER_EPD2F_PF4_Y35NY_DPG,New York Harbor No. 2 Heating Oil Spot Price FOB (Dollars per Gallon),0.492,$/GAL
1994-06-01,RGC,NA,EPJK,Kerosene-Type Jet Fuel,PF4,Spot Price FOB,EER_EPJK_PF4_RGC_DPG,U.S. Gulf Coast Kerosene-Type Jet Fuel Spot Price FOB (Dollars per Gallon),0.493,$/GAL
1994-06-01,Y44MB,NA,EPLLPA,Propane,PF4,Spot Price FOB,EER_EPLLPA_PF4_Y44MB_DPG,"Mont Belvieu, TX Propane Spot Price FOB (Dollars per Gallon)",0.288,$/GAL
1994-06-01,RGC,NA,EPMRU,Conventional Regular Gasoline,PF4,Spot Price FOB,EER_EPMRU_PF4_RGC_DPG,U.S. Gulf Coast Conventional Gasoline Regular Spot Price FOB (Dollars per Gallon),0.528,$/GAL
1994-06-01,Y35NY,NEW YORK CITY,EPMRU,Conventional Regular Gasoline,PF4,Spot Price FOB,EER_EPMRU_PF4_Y35NY_DPG,New York Harbor Conventional Gasoline Regular Spot Price FOB (Dollars per Gallon),0.528,$/GAL
1994-06-01,ZEU,NA,EPCBRENT,UK Brent Crude Oil,PF4,Spot Price FOB,RBRTE,Europe Brent Spot Price FOB (Dollars per Barrel),16.76,$/BBL
1994-06-01,YCUOK,NA,EPCWTI,WTI Crude Oil,PF4,Spot Price FOB,RWTC,"Cushing, OK WTI Spot Price FOB (Dollars per Barrel)",19.06,$/BBL
1994-07-01,Y35NY,NEW YORK CITY,EPD2F,No 2 Fuel Oil / Heating Oil,PF4,Spot Price FOB,EER_EPD2F_PF4_Y35NY_DPG,New York Harbor No. 2 Heating Oil Spot Price FOB (Dollars per Gallon),0.499,$/GAL
1994-07-01,RGC,NA,EPJK,Kerosene-Type Jet Fuel,PF4,Spot Price FOB,EER_EPJK_PF4_RGC_DPG,U.S. Gulf Coast Kerosene-Type Jet Fuel Spot Price FOB (Dollars per Gallon),0.509,$/GAL
1994-07-01,Y44MB,NA,EPLLPA,Propane,PF4,Spot Price FOB,EER_EPLLPA_PF4_Y44MB_DPG,"Mont Belvieu, TX Propane Spot Price FOB (Dollars per Gallon)",0.292,$/GAL
1994-07-01,RGC,NA,EPMRU,Conventional Regular Gasoline,PF4,Spot Price FOB,EER_EPMRU_PF4_RGC_DPG,U.S. Gulf Coast Conventional Gasoline Regular Spot Price FOB (Dollars per Gallon),0.544,$/GAL
1994-07-01,Y35NY,NEW YORK CITY,EPMRU,Conventional Regular Gasoline,PF4,Spot Price FOB,EER_EPMRU_PF4_Y35NY_DPG,New York Harbor Conventional Gasoline Regular Spot Price FOB (Dollars per Gallon),0.545,$/GAL
1994-07-01,ZEU,NA,EPCBRENT,UK Brent Crude Oil,PF4,Spot Price FOB,RBRTE,Europe Brent Spot Price FOB (Dollars per Barrel),17.6,$/BBL
1994-07-01,YCUOK,NA,EPCWTI,WTI Crude Oil,PF4,Spot Price FOB,RWTC,"Cushing, OK WTI Spot Price FOB (Dollars per Barrel)",19.66,$/BBL
1994-08-01,Y35NY,NEW YORK CITY,EPD2F,No 2 Fuel Oil / Heating Oil,PF4,Spot Price FOB,EER_EPD2F_PF4_Y35NY_DPG,New York Harbor No. 2 Heating Oil Spot Price FOB (Dollars per Gallon),0.495,$/GAL
1994-08-01,RGC,NA,EPJK,Kerosene-Type Jet Fuel,PF4,Spot Price FOB,EER_EPJK_PF4_RGC_DPG,U.S. Gulf Coast Kerosene-Type Jet Fuel Spot Price FOB (Dollars per Gallon),0.498,$/GAL
1994-08-01,Y44MB,NA,EPLLPA,Propane,PF4,Spot Price FOB,EER_EPLLPA_PF4_Y44MB_DPG,"Mont Belvieu, TX Propane Spot Price FOB (Dollars per Gallon)",0.3,$/GAL
1994-08-01,RGC,NA,EPMRU,Conventional Regular Gasoline,PF4,Spot Price FOB,EER_EPMRU_PF4_RGC_DPG,U.S. Gulf Coast Conventional Gasoline Regular Spot Price FOB (Dollars per Gallon),0.544,$/GAL
1994-08-01,Y35NY,NEW YORK CITY,EPMRU,Conventional Regular Gasoline,PF4,Spot Price FOB,EER_EPMRU_PF4_Y35NY_DPG,New York Harbor Conventional Gasoline Regular Spot Price FOB (Dollars per Gallon),0.555,$/GAL
1994-08-01,ZEU,NA,EPCBRENT,UK Brent Crude Oil,PF4,Spot Price FOB,RBRTE,Europe Brent Spot Price FOB (Dollars per Barrel),16.89,$/BBL
1994-08-01,YCUOK,NA,EPCWTI,WTI Crude Oil,PF4,Spot Price FOB,RWTC,"Cushing, OK WTI Spot Price FOB (Dollars per Barrel)",18.38,$/BBL
1994-09-01,Y35NY,NEW YORK CITY,EPD2F,No 2 Fuel Oil / Heating Oil,PF4,Spot Price FOB,EER_EPD2F_PF4_Y35NY_DPG,New York Harbor No. 2 Heating Oil Spot Price FOB (Dollars per Gallon),0.477,$/GAL
1994-09-01,RGC,NA,EPJK,Kerosene-Type Jet Fuel,PF4,Spot Price FOB,EER_EPJK_PF4_RGC_DPG,U.S. Gulf Coast Kerosene-Type Jet Fuel Spot Price FOB (Dollars per Gallon),0.49,$/GAL
1994-09-01,Y44MB,NA,EPLLPA,Propane,PF4,Spot Price FOB,EER_EPLLPA_PF4_Y44MB_DPG,"Mont Belvieu, TX Propane Spot Price FOB (Dollars per Gallon)",0.299,$/GAL
1994-09-01,RGC,NA,EPMRU,Conventional Regular Gasoline,PF4,Spot Price FOB,EER_EPMRU_PF4_RGC_DPG,U.S. Gulf Coast Conventional Gasoline Regular Spot Price FOB (Dollars per Gallon),0.445,$/GAL
1994-09-01,Y35NY,NEW YORK CITY,EPMRU,Conventional Regular Gasoline,PF4,Spot Price FOB,EER_EPMRU_PF4_Y35NY_DPG,New York Harbor Conventional Gasoline Regular Spot Price FOB (Dollars per Gallon),0.464,$/GAL
1994-09-01,ZEU,NA,EPCBRENT,UK Brent Crude Oil,PF4,Spot Price FOB,RBRTE,Europe Brent Spot Price FOB (Dollars per Barrel),15.9,$/BBL
1994-09-01,YCUOK,NA,EPCWTI,WTI Crude Oil,PF4,Spot Price FOB,RWTC,"Cushing, OK WTI Spot Price FOB (Dollars per Barrel)",17.45,$/BBL
1994-10-01,Y35NY,NEW YORK CITY,EPD2F,No 2 Fuel Oil / Heating Oil,PF4,Spot Price FOB,EER_EPD2F_PF4_Y35NY_DPG,New York Harbor No. 2 Heating Oil Spot Price FOB (Dollars per Gallon),0.482,$/GAL
1994-10-01,RGC,NA,EPJK,Kerosene-Type Jet Fuel,PF4,Spot Price FOB,EER_EPJK_PF4_RGC_DPG,U.S. Gulf Coast Kerosene-Type Jet Fuel Spot Price FOB (Dollars per Gallon),0.509,$/GAL
1994-10-01,Y44MB,NA,EPLLPA,Propane,PF4,Spot Price FOB,EER_EPLLPA_PF4_Y44MB_DPG,"Mont Belvieu, TX Propane Spot Price FOB (Dollars per Gallon)",0.324,$/GAL
1994-10-01,RGC,NA,EPMRU,Conventional Regular Gasoline,PF4,Spot Price FOB,EER_EPMRU_PF4_RGC_DPG,U.S. Gulf Coast Conventional Gasoline Regular Spot Price FOB (Dollars per Gallon),0.492,$/GAL
1994-10-01,Y35NY,NEW YORK CITY,EPMRU,Conventional Regular Gasoline,PF4,Spot Price FOB,EER_EPMRU_PF4_Y35NY_DPG,New York Harbor Conventional Gasoline Regular Spot Price FOB (Dollars per Gallon),0.51,$/GAL
1994-10-01,ZEU,NA,EPCBRENT,UK Brent Crude Oil,PF4,Spot Price FOB,RBRTE,Europe Brent Spot Price FOB (Dollars per Barrel),16.49,$/BBL
1994-10-01,YCUOK,NA,EPCWTI,WTI Crude Oil,PF4,Spot Price FOB,RWTC,"Cushing, OK WTI Spot Price FOB (Dollars per Barrel)",17.72,$/BBL
1994-11-01,Y35NY,NEW YORK CITY,EPD2F,No 2 Fuel Oil / Heating Oil,PF4,Spot Price FOB,EER_EPD2F_PF4_Y35NY_DPG,New York Harbor No. 2 Heating Oil Spot Price FOB (Dollars per Gallon),0.494,$/GAL
1994-11-01,RGC,NA,EPJK,Kerosene-Type Jet Fuel,PF4,Spot Price FOB,EER_EPJK_PF4_RGC_DPG,U.S. Gulf Coast Kerosene-Type Jet Fuel Spot Price FOB (Dollars per Gallon),0.513,$/GAL
1994-11-01,Y44MB,NA,EPLLPA,Propane,PF4,Spot Price FOB,EER_EPLLPA_PF4_Y44MB_DPG,"Mont Belvieu, TX Propane Spot Price FOB (Dollars per Gallon)",0.344,$/GAL
1994-11-01,RGC,NA,EPMRU,Conventional Regular Gasoline,PF4,Spot Price FOB,EER_EPMRU_PF4_RGC_DPG,U.S. Gulf Coast Conventional Gasoline Regular Spot Price FOB (Dollars per Gallon),0.465,$/GAL
1994-11-01,Y35NY,NEW YORK CITY,EPMRU,Conventional Regular Gasoline,PF4,Spot Price FOB,EER_EPMRU_PF4_Y35NY_DPG,New York Harbor Conventional Gasoline Regular Spot Price FOB (Dollars per Gallon),0.52,$/GAL
1994-11-01,ZEU,NA,EPCBRENT,UK Brent Crude Oil,PF4,Spot Price FOB,RBRTE,Europe Brent Spot Price FOB (Dollars per Barrel),17.19,$/BBL
1994-11-01,YCUOK,NA,EPCWTI,WTI Crude Oil,PF4,Spot Price FOB,RWTC,"Cushing, OK WTI Spot Price FOB (Dollars per Barrel)",18.07,$/BBL
1994-12-01,Y35NY,NEW YORK CITY,EPD2F,No 2 Fuel Oil / Heating Oil,PF4,Spot Price FOB,EER_EPD2F_PF4_Y35NY_DPG,New York Harbor No. 2 Heating Oil Spot Price FOB (Dollars per Gallon),0.483,$/GAL
1994-12-01,RGC,NA,EPJK,Kerosene-Type Jet Fuel,PF4,Spot Price FOB,EER_EPJK_PF4_RGC_DPG,U.S. Gulf Coast Kerosene-Type Jet Fuel Spot Price FOB (Dollars per Gallon),0.487,$/GAL
1994-12-01,Y44MB,NA,EPLLPA,Propane,PF4,Spot Price FOB,EER_EPLLPA_PF4_Y44MB_DPG,"Mont Belvieu, TX Propane Spot Price FOB (Dollars per Gallon)",0.333,$/GAL
1994-12-01,RGC,NA,EPMRU,Conventional Regular Gasoline,PF4,Spot Price FOB,EER_EPMRU_PF4_RGC_DPG,U.S. Gulf Coast Conventional Gasoline Regular Spot Price FOB (Dollars per Gallon),0.432,$/GAL
1994-12-01,Y35NY,NEW YORK CITY,EPMRU,Conventional Regular Gasoline,PF4,Spot Price FOB,EER_EPMRU_PF4_Y35NY_DPG,New York Harbor Conventional Gasoline Regular Spot Price FOB (Dollars per Gallon),0.468,$/GAL
1994-12-01,ZEU,NA,EPCBRENT,UK Brent Crude Oil,PF4,Spot Price FOB,RBRTE,Europe Brent Spot Price FOB (Dollars per Barrel),15.93,$/BBL
1994-12-01,YCUOK,NA,EPCWTI,WTI Crude Oil,PF4,Spot Price FOB,RWTC,"Cushing, OK WTI Spot Price FOB (Dollars per Barrel)",17.16,$/BBL
1995-01-01,Y35NY,NEW YORK CITY,EPD2F,No 2 Fuel Oil / Heating Oil,PF4,Spot Price FOB,EER_EPD2F_PF4_Y35NY_DPG,New York Harbor No. 2 Heating Oil Spot Price FOB (Dollars per Gallon),0.479,$/GAL
1995-01-01,RGC,NA,EPJK,Kerosene-Type Jet Fuel,PF4,Spot Price FOB,EER_EPJK_PF4_RGC_DPG,U.S. Gulf Coast Kerosene-Type Jet Fuel Spot Price FOB (Dollars per Gallon),0.472,$/GAL
1995-01-01,Y44MB,NA,EPLLPA,Propane,PF4,Spot Price FOB,EER_EPLLPA_PF4_Y44MB_DPG,"Mont Belvieu, TX Propane Spot Price FOB (Dollars per Gallon)",0.327,$/GAL
1995-01-01,RGC,NA,EPMRU,Conventional Regular Gasoline,PF4,Spot Price FOB,EER_EPMRU_PF4_RGC_DPG,U.S. Gulf Coast Conventional Gasoline Regular Spot Price FOB (Dollars per Gallon),0.477,$/GAL
1995-01-01,Y35NY,NEW YORK CITY,EPMRU,Conventional Regular Gasoline,PF4,Spot Price FOB,EER_EPMRU_PF4_Y35NY_DPG,New York Harbor Conventional Gasoline Regular Spot Price FOB (Dollars per Gallon),0.511,$/GAL
1995-01-01,ZEU,NA,EPCBRENT,UK Brent Crude Oil,PF4,Spot Price FOB,RBRTE,Europe Brent Spot Price FOB (Dollars per Barrel),16.55,$/BBL
1995-01-01,YCUOK,NA,EPCWTI,WTI Crude Oil,PF4,Spot Price FOB,RWTC,"Cushing, OK WTI Spot Price FOB (Dollars per Barrel)",18.04,$/BBL
1995-02-01,Y35NY,NEW YORK CITY,EPD2F,No 2 Fuel Oil / Heating Oil,PF4,Spot Price FOB,EER_EPD2F_PF4_Y35NY_DPG,New York Harbor No. 2 Heating Oil Spot Price FOB (Dollars per Gallon),0.476,$/GAL
1995-02-01,RGC,NA,EPJK,Kerosene-Type Jet Fuel,PF4,Spot Price FOB,EER_EPJK_PF4_RGC_DPG,U.S. Gulf Coast Kerosene-Type Jet Fuel Spot Price FOB (Dollars per Gallon),0.467,$/GAL
1995-02-01,Y44MB,NA,EPLLPA,Propane,PF4,Spot Price FOB,EER_EPLLPA_PF4_Y44MB_DPG,"Mont Belvieu, TX Propane Spot Price FOB (Dollars per Gallon)",0.316,$/GAL
1995-02-01,RGC,NA,EPMRU,Conventional Regular Gasoline,PF4,Spot Price FOB,EER_EPMRU_PF4_RGC_DPG,U.S. Gulf Coast Conventional Gasoline Regular Spot Price FOB (Dollars per Gallon),0.489,$/GAL
1995-02-01,Y35NY,NEW YORK CITY,EPMRU,Conventional Regular Gasoline,PF4,Spot Price FOB,EER_EPMRU_PF4_Y35NY_DPG,New York Harbor Conventional Gasoline Regular Spot Price FOB (Dollars per Gallon),0.511,$/GAL
1995-02-01,ZEU,NA,EPCBRENT,UK Brent Crude Oil,PF4,Spot Price FOB,RBRTE,Europe Brent Spot Price FOB (Dollars per Barrel),17.11,$/BBL
1995-02-01,YCUOK,NA,EPCWTI,WTI Crude Oil,PF4,Spot Price FOB,RWTC,"Cushing, OK WTI Spot Price FOB (Dollars per Barrel)",18.57,$/BBL
1995-03-01,Y35NY,NEW YORK CITY,EPD2F,No 2 Fuel Oil / Heating Oil,PF4,Spot Price FOB,EER_EPD2F_PF4_Y35NY_DPG,New York Harbor No. 2 Heating Oil Spot Price FOB (Dollars per Gallon),0.458,$/GAL
1995-03-01,RGC,NA,EPJK,Kerosene-Type Jet Fuel,PF4,Spot Price FOB,EER_EPJK_PF4_RGC_DPG,U.S. Gulf Coast Kerosene-Type Jet Fuel Spot Price FOB (Dollars per Gallon),0.449,$/GAL
1995-03-01,Y44MB,NA,EPLLPA,Propane,PF4,Spot Price FOB,EER_EPLLPA_PF4_Y44MB_DPG,"Mont Belvieu, TX Propane Spot Price FOB (Dollars per Gallon)",0.327,$/GAL
1995-03-01,RGC,NA,EPMRU,Conventional Regular Gasoline,PF4,Spot Price FOB,EER_EPMRU_PF4_RGC_DPG,U.S. Gulf Coast Conventional Gasoline Regular Spot Price FOB (Dollars per Gallon),0.49,$/GAL
1995-03-01,Y35NY,NEW YORK CITY,EPMRU,Conventional Regular Gasoline,PF4,Spot Price FOB,EER_EPMRU_PF4_Y35NY_DPG,New York Harbor Conventional Gasoline Regular Spot Price FOB (Dollars per Gallon),0.504,$/GAL
1995-03-01,ZEU,NA,EPCBRENT,UK Brent Crude Oil,PF4,Spot Price FOB,RBRTE,Europe Brent Spot Price FOB (Dollars per Barrel),17.01,$/BBL
1995-03-01,YCUOK,NA,EPCWTI,WTI Crude Oil,PF4,Spot Price FOB,RWTC,"Cushing, OK WTI Spot Price FOB (Dollars per Barrel)",18.54,$/BBL
1995-04-01,Y35NY,NEW YORK CITY,EPD2F,No 2 Fuel Oil / Heating Oil,PF4,Spot Price FOB,EER_EPD2F_PF4_Y35NY_DPG,New York Harbor No. 2 Heating Oil Spot Price FOB (Dollars per Gallon),0.494,$/GAL
1995-04-01,RGC,NA,EPJK,Kerosene-Type Jet Fuel,PF4,Spot Price FOB,EER_EPJK_PF4_RGC_DPG,U.S. Gulf Coast Kerosene-Type Jet Fuel Spot Price FOB (Dollars per Gallon),0.5,$/GAL
1995-04-01,Y44MB,NA,EPLLPA,Propane,PF4,Spot Price FOB,EER_EPLLPA_PF4_Y44MB_DPG,"Mont Belvieu, TX Propane Spot Price FOB (Dollars per Gallon)",0.323,$/GAL
1995-04-01,RGC,NA,EPMRU,Conventional Regular Gasoline,PF4,Spot Price FOB,EER_EPMRU_PF4_RGC_DPG,U.S. Gulf Coast Conventional Gasoline Regular Spot Price FOB (Dollars per Gallon),0.593,$/GAL
1995-04-01,Y35NY,NEW YORK CITY,EPMRU,Conventional Regular Gasoline,PF4,Spot Price FOB,EER_EPMRU_PF4_Y35NY_DPG,New York Harbor Conventional Gasoline Regular Spot Price FOB (Dollars per Gallon),0.61,$/GAL
1995-04-01,ZEU,NA,EPCBRENT,UK Brent Crude Oil,PF4,Spot Price FOB,RBRTE,Europe Brent Spot Price FOB (Dollars per Barrel),18.65,$/BBL
1995-04-01,YCUOK,NA,EPCWTI,WTI Crude Oil,PF4,Spot Price FOB,RWTC,"Cushing, OK WTI Spot Price FOB (Dollars per Barrel)",19.9,$/BBL
1995-05-01,Y35NY,NEW YORK CITY,EPD2F,No 2 Fuel Oil / Heating Oil,PF4,Spot Price FOB,EER_EPD2F_PF4_Y35NY_DPG,New York Harbor No. 2 Heating Oil Spot Price FOB (Dollars per Gallon),0.501,$/GAL
1995-05-01,RGC,NA,EPJK,Kerosene-Type Jet Fuel,PF4,Spot Price FOB,EER_EPJK_PF4_RGC_DPG,U.S. Gulf Coast Kerosene-Type Jet Fuel Spot Price FOB (Dollars per Gallon),0.511,$/GAL
1995-05-01,Y44MB,NA,EPLLPA,Propane,PF4,Spot Price FOB,EER_EPLLPA_PF4_Y44MB_DPG,"Mont Belvieu, TX Propane Spot Price FOB (Dollars per Gallon)",0.327,$/GAL
1995-05-01,RGC,NA,EPMRU,Conventional Regular Gasoline,PF4,Spot Price FOB,EER_EPMRU_PF4_RGC_DPG,U.S. Gulf Coast Conventional Gasoline Regular Spot Price FOB (Dollars per Gallon),0.636,$/GAL
1995-05-01,Y35NY,NEW YORK CITY,EPMRU,Conventional Regular Gasoline,PF4,Spot Price FOB,EER_EPMRU_PF4_Y35NY_DPG,New York Harbor Conventional Gasoline Regular Spot Price FOB (Dollars per Gallon),0.648,$/GAL
1995-05-01,ZEU,NA,EPCBRENT,UK Brent Crude Oil,PF4,Spot Price FOB,RBRTE,Europe Brent Spot Price FOB (Dollars per Barrel),18.35,$/BBL
1995-05-01,YCUOK,NA,EPCWTI,WTI Crude Oil,PF4,Spot Price FOB,RWTC,"Cushing, OK WTI Spot Price FOB (Dollars per Barrel)",19.74,$/BBL
1995-06-01,Y35NY,NEW YORK CITY,EPD2F,No 2 Fuel Oil / Heating Oil,PF4,Spot Price FOB,EER_EPD2F_PF4_Y35NY_DPG,New York Harbor No. 2 Heating Oil Spot Price FOB (Dollars per Gallon),0.476,$/GAL
1995-06-01,RGC,NA,EPJK,Kerosene-Type Jet Fuel,PF4,Spot Price FOB,EER_EPJK_PF4_RGC_DPG,U.S. Gulf Coast Kerosene-Type Jet Fuel Spot Price FOB (Dollars per Gallon),0.478,$/GAL
1995-06-01,Y44MB,NA,EPLLPA,Propane,PF4,Spot Price FOB,EER_EPLLPA_PF4_Y44MB_DPG,"Mont Belvieu, TX Propane Spot Price FOB (Dollars per Gallon)",0.318,$/GAL
1995-06-01,RGC,NA,EPMRU,Conventional Regular Gasoline,PF4,Spot Price FOB,EER_EPMRU_PF4_RGC_DPG,U.S. Gulf Coast Conventional Gasoline Regular Spot Price FOB (Dollars per Gallon),0.551,$/GAL
1995-06-01,Y35NY,NEW YORK CITY,EPMRU,Conventional Regular Gasoline,PF4,Spot Price FOB,EER_EPMRU_PF4_Y35NY_DPG,New York Harbor Conventional Gasoline Regular Spot Price FOB (Dollars per Gallon),0.596,$/GAL
1995-06-01,ZEU,NA,EPCBRENT,UK Brent Crude Oil,PF4,Spot Price FOB,RBRTE,Europe Brent Spot Price FOB (Dollars per Barrel),17.31,$/BBL
1995-06-01,YCUOK,NA,EPCWTI,WTI Crude Oil,PF4,Spot Price FOB,RWTC,"Cushing, OK WTI Spot Price FOB (Dollars per Barrel)",18.45,$/BBL
1995-07-01,Y35NY,NEW YORK CITY,EPD2F,No 2 Fuel Oil / Heating Oil,PF4,Spot Price FOB,EER_EPD2F_PF4_Y35NY_DPG,New York Harbor No. 2 Heating Oil Spot Price FOB (Dollars per Gallon),0.465,$/GAL
1995-07-01,RGC,NA,EPJK,Kerosene-Type Jet Fuel,PF4,Spot Price FOB,EER_EPJK_PF4_RGC_DPG,U.S. Gulf Coast Kerosene-Type Jet Fuel Spot Price FOB (Dollars per Gallon),0.467,$/GAL
1995-07-01,Y44MB,NA,EPLLPA,Propane,PF4,Spot Price FOB,EER_EPLLPA_PF4_Y44MB_DPG,"Mont Belvieu, TX Propane Spot Price FOB (Dollars per Gallon)",0.308,$/GAL
1995-07-01,RGC,NA,EPMRU,Conventional Regular Gasoline,PF4,Spot Price FOB,EER_EPMRU_PF4_RGC_DPG,U.S. Gulf Coast Conventional Gasoline Regular Spot Price FOB (Dollars per Gallon),0.48,$/GAL
1995-07-01,Y35NY,NEW YORK CITY,EPMRU,Conventional Regular Gasoline,PF4,Spot Price FOB,EER_EPMRU_PF4_Y35NY_DPG,New York Harbor Conventional Gasoline Regular Spot Price FOB (Dollars per Gallon),0.511,$/GAL
1995-07-01,ZEU,NA,EPCBRENT,UK Brent Crude Oil,PF4,Spot Price FOB,RBRTE,Europe Brent Spot Price FOB (Dollars per Barrel),15.85,$/BBL
1995-07-01,YCUOK,NA,EPCWTI,WTI Crude Oil,PF4,Spot Price FOB,RWTC,"Cushing, OK WTI Spot Price FOB (Dollars per Barrel)",17.33,$/BBL
1995-08-01,Y35NY,NEW YORK CITY,EPD2F,No 2 Fuel Oil / Heating Oil,PF4,Spot Price FOB,EER_EPD2F_PF4_Y35NY_DPG,New York Harbor No. 2 Heating Oil Spot Price FOB (Dollars per Gallon),0.491,$/GAL
1995-08-01,RGC,NA,EPJK,Kerosene-Type Jet Fuel,PF4,Spot Price FOB,EER_EPJK_PF4_RGC_DPG,U.S. Gulf Coast Kerosene-Type Jet Fuel Spot Price FOB (Dollars per Gallon),0.496,$/GAL
1995-08-01,Y44MB,NA,EPLLPA,Propane,PF4,Spot Price FOB,EER_EPLLPA_PF4_Y44MB_DPG,"Mont Belvieu, TX Propane Spot Price FOB (Dollars per Gallon)",0.313,$/GAL
1995-08-01,RGC,NA,EPMRU,Conventional Regular Gasoline,PF4,Spot Price FOB,EER_EPMRU_PF4_RGC_DPG,U.S. Gulf Coast Conventional Gasoline Regular Spot Price FOB (Dollars per Gallon),0.504,$/GAL
1995-08-01,Y35NY,NEW YORK CITY,EPMRU,Conventional Regular Gasoline,PF4,Spot Price FOB,EER_EPMRU_PF4_Y35NY_DPG,New York Harbor Conventional Gasoline Regular Spot Price FOB (Dollars per Gallon),0.533,$/GAL
1995-08-01,ZEU,NA,EPCBRENT,UK Brent Crude Oil,PF4,Spot Price FOB,RBRTE,Europe Brent Spot Price FOB (Dollars per Barrel),16.1,$/BBL
1995-08-01,YCUOK,NA,EPCWTI,WTI Crude Oil,PF4,Spot Price FOB,RWTC,"Cushing, OK WTI Spot Price FOB (Dollars per Barrel)",18.02,$/BBL
1995-09-01,Y35NY,NEW YORK CITY,EPD2F,No 2 Fuel Oil / Heating Oil,PF4,Spot Price FOB,EER_EPD2F_PF4_Y35NY_DPG,New York Harbor No. 2 Heating Oil Spot Price FOB (Dollars per Gallon),0.501,$/GAL
1995-09-01,RGC,NA,EPJK,Kerosene-Type Jet Fuel,PF4,Spot Price FOB,EER_EPJK_PF4_RGC_DPG,U.S. Gulf Coast Kerosene-Type Jet Fuel Spot Price FOB (Dollars per Gallon),0.513,$/GAL
1995-09-01,Y44MB,NA,EPLLPA,Propane,PF4,Spot Price FOB,EER_EPLLPA_PF4_Y44MB_DPG,"Mont Belvieu, TX Propane Spot Price FOB (Dollars per Gallon)",0.313,$/GAL
1995-09-01,RGC,NA,EPMRU,Conventional Regular Gasoline,PF4,Spot Price FOB,EER_EPMRU_PF4_RGC_DPG,U.S. Gulf Coast Conventional Gasoline Regular Spot Price FOB (Dollars per Gallon),0.505,$/GAL
1995-09-01,Y35NY,NEW YORK CITY,EPMRU,Conventional Regular Gasoline,PF4,Spot Price FOB,EER_EPMRU_PF4_Y35NY_DPG,New York Harbor Conventional Gasoline Regular Spot Price FOB (Dollars per Gallon),0.561,$/GAL
1995-09-01,ZEU,NA,EPCBRENT,UK Brent Crude Oil,PF4,Spot Price FOB,RBRTE,Europe Brent Spot Price FOB (Dollars per Barrel),16.7,$/BBL
1995-09-01,YCUOK,NA,EPCWTI,WTI Crude Oil,PF4,Spot Price FOB,RWTC,"Cushing, OK WTI Spot Price FOB (Dollars per Barrel)",18.23,$/BBL
1995-10-01,Y35NY,NEW YORK CITY,EPD2F,No 2 Fuel Oil / Heating Oil,PF4,Spot Price FOB,EER_EPD2F_PF4_Y35NY_DPG,New York Harbor No. 2 Heating Oil Spot Price FOB (Dollars per Gallon),0.487,$/GAL
1995-10-01,RGC,NA,EPJK,Kerosene-Type Jet Fuel,PF4,Spot Price FOB,EER_EPJK_PF4_RGC_DPG,U.S. Gulf Coast Kerosene-Type Jet Fuel Spot Price FOB (Dollars per Gallon),0.502,$/GAL
1995-10-01,Y44MB,NA,EPLLPA,Propane,PF4,Spot Price FOB,EER_EPLLPA_PF4_Y44MB_DPG,"Mont Belvieu, TX Propane Spot Price FOB (Dollars per Gallon)",0.309,$/GAL
1995-10-01,RGC,NA,EPMRU,Conventional Regular Gasoline,PF4,Spot Price FOB,EER_EPMRU_PF4_RGC_DPG,U.S. Gulf Coast Conventional Gasoline Regular Spot Price FOB (Dollars per Gallon),0.45,$/GAL
1995-10-01,Y35NY,NEW YORK CITY,EPMRU,Conventional Regular Gasoline,PF4,Spot Price FOB,EER_EPMRU_PF4_Y35NY_DPG,New York Harbor Conventional Gasoline Regular Spot Price FOB (Dollars per Gallon),0.487,$/GAL
1995-10-01,ZEU,NA,EPCBRENT,UK Brent Crude Oil,PF4,Spot Price FOB,RBRTE,Europe Brent Spot Price FOB (Dollars per Barrel),16.11,$/BBL
1995-10-01,YCUOK,NA,EPCWTI,WTI Crude Oil,PF4,Spot Price FOB,RWTC,"Cushing, OK WTI Spot Price FOB (Dollars per Barrel)",17.43,$/BBL
1995-11-01,Y35NY,NEW YORK CITY,EPD2F,No 2 Fuel Oil / Heating Oil,PF4,Spot Price FOB,EER_EPD2F_PF4_Y35NY_DPG,New York Harbor No. 2 Heating Oil Spot Price FOB (Dollars per Gallon),0.517,$/GAL
1995-11-01,RGC,NA,EPJK,Kerosene-Type Jet Fuel,PF4,Spot Price FOB,EER_EPJK_PF4_RGC_DPG,U.S. Gulf Coast Kerosene-Type Jet Fuel Spot Price FOB (Dollars per Gallon),0.524,$/GAL
1995-11-01,Y44MB,NA,EPLLPA,Propane,PF4,Spot Price FOB,EER_EPLLPA_PF4_Y44MB_DPG,"Mont Belvieu, TX Propane Spot Price FOB (Dollars per Gallon)",0.31,$/GAL
1995-11-01,RGC,NA,EPMRU,Conventional Regular Gasoline,PF4,Spot Price FOB,EER_EPMRU_PF4_RGC_DPG,U.S. Gulf Coast Conventional Gasoline Regular Spot Price FOB (Dollars per Gallon),0.457,$/GAL
1995-11-01,Y35NY,NEW YORK CITY,EPMRU,Conventional Regular Gasoline,PF4,Spot Price FOB,EER_EPMRU_PF4_Y35NY_DPG,New York Harbor Conventional Gasoline Regular Spot Price FOB (Dollars per Gallon),0.505,$/GAL
1995-11-01,ZEU,NA,EPCBRENT,UK Brent Crude Oil,PF4,Spot Price FOB,RBRTE,Europe Brent Spot Price FOB (Dollars per Barrel),16.86,$/BBL
1995-11-01,YCUOK,NA,EPCWTI,WTI Crude Oil,PF4,Spot Price FOB,RWTC,"Cushing, OK WTI Spot Price FOB (Dollars per Barrel)",17.99,$/BBL
1995-12-01,Y35NY,NEW YORK CITY,EPD2F,No 2 Fuel Oil / Heating Oil,PF4,Spot Price FOB,EER_EPD2F_PF4_Y35NY_DPG,New York Harbor No. 2 Heating Oil Spot Price FOB (Dollars per Gallon),0.576,$/GAL
1995-12-01,RGC,NA,EPJK,Kerosene-Type Jet Fuel,PF4,Spot Price FOB,EER_EPJK_PF4_RGC_DPG,U.S. Gulf Coast Kerosene-Type Jet Fuel Spot Price FOB (Dollars per Gallon),0.553,$/GAL
1995-12-01,Y44MB,NA,EPLLPA,Propane,PF4,Spot Price FOB,EER_EPLLPA_PF4_Y44MB_DPG,"Mont Belvieu, TX Propane Spot Price FOB (Dollars per Gallon)",0.354,$/GAL
1995-12-01,RGC,NA,EPMRU,Conventional Regular Gasoline,PF4,Spot Price FOB,EER_EPMRU_PF4_RGC_DPG,U.S. Gulf Coast Conventional Gasoline Regular Spot Price FOB (Dollars per Gallon),0.479,$/GAL
1995-12-01,Y35NY,NEW YORK CITY,EPMRU,Conventional Regular Gasoline,PF4,Spot Price FOB,EER_EPMRU_PF4_Y35NY_DPG,New York Harbor Conventional Gasoline Regular Spot Price FOB (Dollars per Gallon),0.534,$/GAL
1995-12-01,ZEU,NA,EPCBRENT,UK Brent Crude Oil,PF4,Spot Price FOB,RBRTE,Europe Brent Spot Price FOB (Dollars per Barrel),17.93,$/BBL
1995-12-01,YCUOK,NA,EPCWTI,WTI Crude Oil,PF4,Spot Price FOB,RWTC,"Cushing, OK WTI Spot Price FOB (Dollars per Barrel)",19.03,$/BBL
1996-01-01,Y35NY,NEW YORK CITY,EPD2F,No 2 Fuel Oil / Heating Oil,PF4,Spot Price FOB,EER_EPD2F_PF4_Y35NY_DPG,New York Harbor No. 2 Heating Oil Spot Price FOB (Dollars per Gallon),0.555,$/GAL
1996-01-01,RGC,NA,EPJK,Kerosene-Type Jet Fuel,PF4,Spot Price FOB,EER_EPJK_PF4_RGC_DPG,U.S. Gulf Coast Kerosene-Type Jet Fuel Spot Price FOB (Dollars per Gallon),0.55,$/GAL
1996-01-01,Y44MB,NA,EPLLPA,Propane,PF4,Spot Price FOB,EER_EPLLPA_PF4_Y44MB_DPG,"Mont Belvieu, TX Propane Spot Price FOB (Dollars per Gallon)",0.354,$/GAL
1996-01-01,RGC,NA,EPMRU,Conventional Regular Gasoline,PF4,Spot Price FOB,EER_EPMRU_PF4_RGC_DPG,U.S. Gulf Coast Conventional Gasoline Regular Spot Price FOB (Dollars per Gallon),0.494,$/GAL
1996-01-01,Y35NY,NEW YORK CITY,EPMRU,Conventional Regular Gasoline,PF4,Spot Price FOB,EER_EPMRU_PF4_Y35NY_DPG,New York Harbor Conventional Gasoline Regular Spot Price FOB (Dollars per Gallon),0.506,$/GAL
1996-01-01,ZEU,NA,EPCBRENT,UK Brent Crude Oil,PF4,Spot Price FOB,RBRTE,Europe Brent Spot Price FOB (Dollars per Barrel),17.85,$/BBL
1996-01-01,YCUOK,NA,EPCWTI,WTI Crude Oil,PF4,Spot Price FOB,RWTC,"Cushing, OK WTI Spot Price FOB (Dollars per Barrel)",18.86,$/BBL
1996-02-01,Y35NY,NEW YORK CITY,EPD2F,No 2 Fuel Oil / Heating Oil,PF4,Spot Price FOB,EER_EPD2F_PF4_Y35NY_DPG,New York Harbor No. 2 Heating Oil Spot Price FOB (Dollars per Gallon),0.614,$/GAL
1996-02-01,RGC,NA,EPJK,Kerosene-Type Jet Fuel,PF4,Spot Price FOB,EER_EPJK_PF4_RGC_DPG,U.S. Gulf Coast Kerosene-Type Jet Fuel Spot Price FOB (Dollars per Gallon),0.557,$/GAL
1996-02-01,Y44MB,NA,EPLLPA,Propane,PF4,Spot Price FOB,EER_EPLLPA_PF4_Y44MB_DPG,"Mont Belvieu, TX Propane Spot Price FOB (Dollars per Gallon)",0.39,$/GAL
1996-02-01,RGC,NA,EPMRU,Conventional Regular Gasoline,PF4,Spot Price FOB,EER_EPMRU_PF4_RGC_DPG,U.S. Gulf Coast Conventional Gasoline Regular Spot Price FOB (Dollars per Gallon),0.514,$/GAL
1996-02-01,Y35NY,NEW YORK CITY,EPMRU,Conventional Regular Gasoline,PF4,Spot Price FOB,EER_EPMRU_PF4_Y35NY_DPG,New York Harbor Conventional Gasoline Regular Spot Price FOB (Dollars per Gallon),0.533,$/GAL
1996-02-01,ZEU,NA,EPCBRENT,UK Brent Crude Oil,PF4,Spot Price FOB,RBRTE,Europe Brent Spot Price FOB (Dollars per Barrel),18.0,$/BBL
1996-02-01,YCUOK,NA,EPCWTI,WTI Crude Oil,PF4,Spot Price FOB,RWTC,"Cushing, OK WTI Spot Price FOB (Dollars per Barrel)",19.09,$/BBL
1996-03-01,Y35NY,NEW YORK CITY,EPD2F,No 2 Fuel Oil / Heating Oil,PF4,Spot Price FOB,EER_EPD2F_PF4_Y35NY_DPG,New York Harbor No. 2 Heating Oil Spot Price FOB (Dollars per Gallon),0.656,$/GAL
1996-03-01,RGC,NA,EPJK,Kerosene-Type Jet Fuel,PF4,Spot Price FOB,EER_EPJK_PF4_RGC_DPG,U.S. Gulf Coast Kerosene-Type Jet Fuel Spot Price FOB (Dollars per Gallon),0.586,$/GAL
1996-03-01,Y44MB,NA,EPLLPA,Propane,PF4,Spot Price FOB,EER_EPLLPA_PF4_Y44MB_DPG,"Mont Belvieu, TX Propane Spot Price FOB (Dollars per Gallon)",0.369,$/GAL
1996-03-01,RGC,NA,EPMRU,Conventional Regular Gasoline,PF4,Spot Price FOB,EER_EPMRU_PF4_RGC_DPG,U.S. Gulf Coast Conventional Gasoline Regular Spot Price FOB (Dollars per Gallon),0.581,$/GAL
1996-03-01,Y35NY,NEW YORK CITY,EPMRU,Conventional Regular Gasoline,PF4,Spot Price FOB,EER_EPMRU_PF4_Y35NY_DPG,New York Harbor Conventional Gasoline Regular Spot Price FOB (Dollars per Gallon),0.585,$/GAL
1996-03-01,ZEU,NA,EPCBRENT,UK Brent Crude Oil,PF4,Spot Price FOB,RBRTE,Europe Brent Spot Price FOB (Dollars per Barrel),19.85,$/BBL
1996-03-01,YCUOK,NA,EPCWTI,WTI Crude Oil,PF4,Spot Price FOB,RWTC,"Cushing, OK WTI Spot Price FOB (Dollars per Barrel)",21.33,$/BBL
1996-04-01,Y05LA,LOS ANGELES,EPD2DC,Carb Diesel,PF4,Spot Price FOB,EER_EPD2DC_PF4_Y05LA_DPG,"Los Angeles, CA Ultra-Low Sulfur CARB Diesel Spot Price (Dollars per Gallon)",0.95,$/GAL
1996-04-01,Y35NY,NEW YORK CITY,EPD2F,No 2 Fuel Oil / Heating Oil,PF4,Spot Price FOB,EER_EPD2F_PF4_Y35NY_DPG,New York Harbor No. 2 Heating Oil Spot Price FOB (Dollars per Gallon),0.676,$/GAL
1996-04-01,RGC,NA,EPJK,Kerosene-Type Jet Fuel,PF4,Spot Price FOB,EER_EPJK_PF4_RGC_DPG,U.S. Gulf Coast Kerosene-Type Jet Fuel Spot Price FOB (Dollars per Gallon),0.617,$/GAL
1996-04-01,Y44MB,NA,EPLLPA,Propane,PF4,Spot Price FOB,EER_EPLLPA_PF4_Y44MB_DPG,"Mont Belvieu, TX Propane Spot Price FOB (Dollars per Gallon)",0.356,$/GAL
1996-04-01,RGC,NA,EPMRU,Conventional Regular Gasoline,PF4,Spot Price FOB,EER_EPMRU_PF4_RGC_DPG,U.S. Gulf Coast Conventional Gasoline Regular Spot Price FOB (Dollars per Gallon),0.66,$/GAL
1996-04-01,Y35NY,NEW YORK CITY,EPMRU,Conventional Regular Gasoline,PF4,Spot Price FOB,EER_EPMRU_PF4_Y35NY_DPG,New York Harbor Conventional Gasoline Regular Spot Price FOB (Dollars per Gallon),0.691,$/GAL
1996-04-01,ZEU,NA,EPCBRENT,UK Brent Crude Oil,PF4,Spot Price FOB,RBRTE,Europe Brent Spot Price FOB (Dollars per Barrel),20.9,$/BBL
1996-04-01,YCUOK,NA,EPCWTI,WTI Crude Oil,PF4,Spot Price FOB,RWTC,"Cushing, OK WTI Spot Price FOB (Dollars per Barrel)",23.5,$/BBL
1996-05-01,Y05LA,LOS ANGELES,EPD2DC,Carb Diesel,PF4,Spot Price FOB,EER_EPD2DC_PF4_Y05LA_DPG,"Los Angeles, CA Ultra-Low Sulfur CARB Diesel Spot Price (Dollars per Gallon)",0.87,$/GAL
1996-05-01,Y35NY,NEW YORK CITY,EPD2F,No 2 Fuel Oil / Heating Oil,PF4,Spot Price FOB,EER_EPD2F_PF4_Y35NY_DPG,New York Harbor No. 2 Heating Oil Spot Price FOB (Dollars per Gallon),0.576,$/GAL
1996-05-01,RGC,NA,EPJK,Kerosene-Type Jet Fuel,PF4,Spot Price FOB,EER_EPJK_PF4_RGC_DPG,U.S. Gulf Coast Kerosene-Type Jet Fuel Spot Price FOB (Dollars per Gallon),0.557,$/GAL
1996-05-01,Y44MB,NA,EPLLPA,Propane,PF4,Spot Price FOB,EER_EPLLPA_PF4_Y44MB_DPG,"Mont Belvieu, TX Propane Spot Price FOB (Dollars per Gallon)",0.348,$/GAL
1996-05-01,RGC,NA,EPMRU,Conventional Regular Gasoline,PF4,Spot Price FOB,EER_EPMRU_PF4_RGC_DPG,U.S. Gulf Coast Conventional Gasoline Regular Spot Price FOB (Dollars per Gallon),0.627,$/GAL
1996-05-01,Y35NY,NEW YORK CITY,EPMRU,Conventional Regular Gasoline,PF4,Spot Price FOB,EER_EPMRU_PF4_Y35NY_DPG,New York Harbor Conventional Gasoline Regular Spot Price FOB (Dollars per Gallon),0.649,$/GAL
1996-05-01,ZEU,NA,EPCBRENT,UK Brent Crude Oil,PF4,Spot Price FOB,RBRTE,Europe Brent Spot Price FOB (Dollars per Barrel),19.15,$/BBL
1996-05-01,YCUOK,NA,EPCWTI,WTI Crude Oil,PF4,Spot Price FOB,RWTC,"Cushing, OK WTI Spot Price FOB (Dollars per Barrel)",21.17,$/BBL
1996-06-01,Y05LA,LOS ANGELES,EPD2DC,Carb Diesel,PF4,Spot Price FOB,EER_EPD2DC_PF4_Y05LA_DPG,"Los Angeles, CA Ultra-Low Sulfur CARB Diesel Spot Price (Dollars per Gallon)",0.745,$/GAL
1996-06-01,Y35NY,NEW YORK CITY,EPD2F,No 2 Fuel Oil / Heating Oil,PF4,Spot Price FOB,EER_EPD2F_PF4_Y35NY_DPG,New York Harbor No. 2 Heating Oil Spot Price FOB (Dollars per Gallon),0.514,$/GAL
1996-06-01,RGC,NA,EPJK,Kerosene-Type Jet Fuel,PF4,Spot Price FOB,EER_EPJK_PF4_RGC_DPG,U.S. Gulf Coast Kerosene-Type Jet Fuel Spot Price FOB (Dollars per Gallon),0.516,$/GAL
1996-06-01,Y44MB,NA,EPLLPA,Propane,PF4,Spot Price FOB,EER_EPLLPA_PF4_Y44MB_DPG,"Mont Belvieu, TX Propane Spot Price FOB (Dollars per Gallon)",0.348,$/GAL
1996-06-01,RGC,NA,EPMRU,Conventional Regular Gasoline,PF4,Spot Price FOB,EER_EPMRU_PF4_RGC_DPG,U.S. Gulf Coast Conventional Gasoline Regular Spot Price FOB (Dollars per Gallon),0.566,$/GAL
1996-06-01,Y35NY,NEW YORK CITY,EPMRU,Conventional Regular Gasoline,PF4,Spot Price FOB,EER_EPMRU_PF4_Y35NY_DPG,New York Harbor Conventional Gasoline Regular Spot Price FOB (Dollars per Gallon),0.58,$/GAL
1996-06-01,ZEU,NA,EPCBRENT,UK Brent Crude Oil,PF4,Spot Price FOB,RBRTE,Europe Brent Spot Price FOB (Dollars per Barrel),18.46,$/BBL
1996-06-01,YCUOK,NA,EPCWTI,WTI Crude Oil,PF4,Spot Price FOB,RWTC,"Cushing, OK WTI Spot Price FOB (Dollars per Barrel)",20.42,$/BBL
1996-07-01,Y05LA,LOS ANGELES,EPD2DC,Carb Diesel,PF4,Spot Price FOB,EER_EPD2DC_PF4_Y05LA_DPG,"Los Angeles, CA Ultra-Low Sulfur CARB Diesel Spot Price (Dollars per Gallon)",0.692,$/GAL
1996-07-01,Y35NY,NEW YORK CITY,EPD2F,No 2 Fuel Oil / Heating Oil,PF4,Spot Price FOB,EER_EPD2F_PF4_Y35NY_DPG,New York Harbor No. 2 Heating Oil Spot Price FOB (Dollars per Gallon),0.555,$/GAL
1996-07-01,RGC,NA,EPJK,Kerosene-Type Jet Fuel,PF4,Spot Price FOB,EER_EPJK_PF4_RGC_DPG,U.S. Gulf Coast Kerosene-Type Jet Fuel Spot Price FOB (Dollars per Gallon),0.556,$/GAL
1996-07-01,Y44MB,NA,EPLLPA,Propane,PF4,Spot Price FOB,EER_EPLLPA_PF4_Y44MB_DPG,"Mont Belvieu, TX Propane Spot Price FOB (Dollars per Gallon)",0.356,$/GAL
1996-07-01,RGC,NA,EPMRU,Conventional Regular Gasoline,PF4,Spot Price FOB,EER_EPMRU_PF4_RGC_DPG,U.S. Gulf Coast Conventional Gasoline Regular Spot Price FOB (Dollars per Gallon),0.59,$/GAL
1996-07-01,Y35NY,NEW YORK CITY,EPMRU,Conventional Regular Gasoline,PF4,Spot Price FOB,EER_EPMRU_PF4_Y35NY_DPG,New York Harbor Conventional Gasoline Regular Spot Price FOB (Dollars per Gallon),0.616,$/GAL
1996-07-01,ZEU,NA,EPCBRENT,UK Brent Crude Oil,PF4,Spot Price FOB,RBRTE,Europe Brent Spot Price FOB (Dollars per Barrel),19.57,$/BBL
1996-07-01,YCUOK,NA,EPCWTI,WTI Crude Oil,PF4,Spot Price FOB,RWTC,"Cushing, OK WTI Spot Price FOB (Dollars per Barrel)",21.3,$/BBL
1996-08-01,Y05LA,LOS ANGELES,EPD2DC,Carb Diesel,PF4,Spot Price FOB,EER_EPD2DC_PF4_Y05LA_DPG,"Los Angeles, CA Ultra-Low Sulfur CARB Diesel Spot Price (Dollars per Gallon)",0.705,$/GAL
1996-08-01,Y35NY,NEW YORK CITY,EPD2F,No 2 Fuel Oil / Heating Oil,PF4,Spot Price FOB,EER_EPD2F_PF4_Y35NY_DPG,New York Harbor No. 2 Heating Oil Spot Price FOB (Dollars per Gallon),0.603,$/GAL
1996-08-01,RGC,NA,EPJK,Kerosene-Type Jet Fuel,PF4,Spot Price FOB,EER_EPJK_PF4_RGC_DPG,U.S. Gulf Coast Kerosene-Type Jet Fuel Spot Price FOB (Dollars per Gallon),0.615,$/GAL
1996-08-01,Y44MB,NA,EPLLPA,Propane,PF4,Spot Price FOB,EER_EPLLPA_PF4_Y44MB_DPG,"Mont Belvieu, TX Propane Spot Price FOB (Dollars per Gallon)",0.384,$/GAL
1996-08-01,RGC,NA,EPMRU,Conventional Regular Gasoline,PF4,Spot Price FOB,EER_EPMRU_PF4_RGC_DPG,U.S. Gulf Coast Conventional Gasoline Regular Spot Price FOB (Dollars per Gallon),0.579,$/GAL
1996-08-01,Y35NY,NEW YORK CITY,EPMRU,Conventional Regular Gasoline,PF4,Spot Price FOB,EER_EPMRU_PF4_Y35NY_DPG,New York Harbor Conventional Gasoline Regular Spot Price FOB (Dollars per Gallon),0.609,$/GAL
1996-08-01,ZEU,NA,EPCBRENT,UK Brent Crude Oil,PF4,Spot Price FOB,RBRTE,Europe Brent Spot Price FOB (Dollars per Barrel),20.51,$/BBL
1996-08-01,YCUOK,NA,EPCWTI,WTI Crude Oil,PF4,Spot Price FOB,RWTC,"Cushing, OK WTI Spot Price FOB (Dollars per Barrel)",21.9,$/BBL
1996-09-01,Y05LA,LOS ANGELES,EPD2DC,Carb Diesel,PF4,Spot Price FOB,EER_EPD2DC_PF4_Y05LA_DPG,"Los Angeles, CA Ultra-Low Sulfur CARB Diesel Spot Price (Dollars per Gallon)",0.768,$/GAL
1996-09-01,Y35NY,NEW YORK CITY,EPD2F,No 2 Fuel Oil / Heating Oil,PF4,Spot Price FOB,EER_EPD2F_PF4_Y35NY_DPG,New York Harbor No. 2 Heating Oil Spot Price FOB (Dollars per Gallon),0.677,$/GAL
1996-09-01,RGC,NA,EPJK,Kerosene-Type Jet Fuel,PF4,Spot Price FOB,EER_EPJK_PF4_RGC_DPG,U.S. Gulf Coast Kerosene-Type Jet Fuel Spot Price FOB (Dollars per Gallon),0.682,$/GAL
1996-09-01,Y44MB,NA,EPLLPA,Propane,PF4,Spot Price FOB,EER_EPLLPA_PF4_Y44MB_DPG,"Mont Belvieu, TX Propane Spot Price FOB (Dollars per Gallon)",0.47,$/GAL
1996-09-01,RGC,NA,EPMRU,Conventional Regular Gasoline,PF4,Spot Price FOB,EER_EPMRU_PF4_RGC_DPG,U.S. Gulf Coast Conventional Gasoline Regular Spot Price FOB (Dollars per Gallon),0.59,$/GAL
1996-09-01,Y35NY,NEW YORK CITY,EPMRU,Conventional Regular Gasoline,PF4,Spot Price FOB,EER_EPMRU_PF4_Y35NY_DPG,New York Harbor Conventional Gasoline Regular Spot Price FOB (Dollars per Gallon),0.624,$/GAL
1996-09-01,ZEU,NA,EPCBRENT,UK Brent Crude Oil,PF4,Spot Price FOB,RBRTE,Europe Brent Spot Price FOB (Dollars per Barrel),22.63,$/BBL
1996-09-01,YCUOK,NA,EPCWTI,WTI Crude Oil,PF4,Spot Price FOB,RWTC,"Cushing, OK WTI Spot Price FOB (Dollars per Barrel)",23.97,$/BBL
1996-10-01,Y05LA,LOS ANGELES,EPD2DC,Carb Diesel,PF4,Spot Price FOB,EER_EPD2DC_PF4_Y05LA_DPG,"Los Angeles, CA Ultra-Low Sulfur CARB Diesel Spot Price (Dollars per Gallon)",0.817,$/GAL
1996-10-01,Y35NY,NEW YORK CITY,EPD2F,No 2 Fuel Oil / Heating Oil,PF4,Spot Price FOB,EER_EPD2F_PF4_Y35NY_DPG,New York Harbor No. 2 Heating Oil Spot Price FOB (Dollars per Gallon),0.723,$/GAL
1996-10-01,RGC,NA,EPJK,Kerosene-Type Jet Fuel,PF4,Spot Price FOB,EER_EPJK_PF4_RGC_DPG,U.S. Gulf Coast Kerosene-Type Jet Fuel Spot Price FOB (Dollars per Gallon),0.703,$/GAL
1996-10-01,Y44MB,NA,EPLLPA,Propane,PF4,Spot Price FOB,EER_EPLLPA_PF4_Y44MB_DPG,"Mont Belvieu, TX Propane Spot Price FOB (Dollars per Gallon)",0.513,$/GAL
1996-10-01,RGC,NA,EPMRU,Conventional Regular Gasoline,PF4,Spot Price FOB,EER_EPMRU_PF4_RGC_DPG,U.S. Gulf Coast Conventional Gasoline Regular Spot Price FOB (Dollars per Gallon),0.647,$/GAL
1996-10-01,Y35NY,NEW YORK CITY,EPMRU,Conventional Regular Gasoline,PF4,Spot Price FOB,EER_EPMRU_PF4_Y35NY_DPG,New York Harbor Conventional Gasoline Regular Spot Price FOB (Dollars per Gallon),0.655,$/GAL
1996-10-01,ZEU,NA,EPCBRENT,UK Brent Crude Oil,PF4,Spot Price FOB,RBRTE,Europe Brent Spot Price FOB (Dollars per Barrel),24.16,$/BBL
1996-10-01,YCUOK,NA,EPCWTI,WTI Crude Oil,PF4,Spot Price FOB,RWTC,"Cushing, OK WTI Spot Price FOB (Dollars per Barrel)",24.88,$/BBL
1996-11-01,Y05LA,LOS ANGELES,EPD2DC,Carb Diesel,PF4,Spot Price FOB,EER_EPD2DC_PF4_Y05LA_DPG,"Los Angeles, CA Ultra-Low Sulfur CARB Diesel Spot Price (Dollars per Gallon)",0.741,$/GAL
1996-11-01,Y35NY,NEW YORK CITY,EPD2F,No 2 Fuel Oil / Heating Oil,PF4,Spot Price FOB,EER_EPD2F_PF4_Y35NY_DPG,New York Harbor No. 2 Heating Oil Spot Price FOB (Dollars per Gallon),0.701,$/GAL
1996-11-01,RGC,NA,EPJK,Kerosene-Type Jet Fuel,PF4,Spot Price FOB,EER_EPJK_PF4_RGC_DPG,U.S. Gulf Coast Kerosene-Type Jet Fuel Spot Price FOB (Dollars per Gallon),0.696,$/GAL
1996-11-01,Y44MB,NA,EPLLPA,Propane,PF4,Spot Price FOB,EER_EPLLPA_PF4_Y44MB_DPG,"Mont Belvieu, TX Propane Spot Price FOB (Dollars per Gallon)",0.583,$/GAL
1996-11-01,RGC,NA,EPMRU,Conventional Regular Gasoline,PF4,Spot Price FOB,EER_EPMRU_PF4_RGC_DPG,U.S. Gulf Coast Conventional Gasoline Regular Spot Price FOB (Dollars per Gallon),0.661,$/GAL
1996-11-01,Y35NY,NEW YORK CITY,EPMRU,Conventional Regular Gasoline,PF4,Spot Price FOB,EER_EPMRU_PF4_Y35NY_DPG,New York Harbor Conventional Gasoline Regular Spot Price FOB (Dollars per Gallon),0.691,$/GAL
1996-11-01,ZEU,NA,EPCBRENT,UK Brent Crude Oil,PF4,Spot Price FOB,RBRTE,Europe Brent Spot Price FOB (Dollars per Barrel),22.76,$/BBL
1996-11-01,YCUOK,NA,EPCWTI,WTI Crude Oil,PF4,Spot Price FOB,RWTC,"Cushing, OK WTI Spot Price FOB (Dollars per Barrel)",23.71,$/BBL
1996-12-01,Y05LA,LOS ANGELES,EPD2DC,Carb Diesel,PF4,Spot Price FOB,EER_EPD2DC_PF4_Y05LA_DPG,"Los Angeles, CA Ultra-Low Sulfur CARB Diesel Spot Price (Dollars per Gallon)",0.735,$/GAL
1996-12-01,Y35NY,NEW YORK CITY,EPD2F,No 2 Fuel Oil / Heating Oil,PF4,Spot Price FOB,EER_EPD2F_PF4_Y35NY_DPG,New York Harbor No. 2 Heating Oil Spot Price FOB (Dollars per Gallon),0.722,$/GAL
1996-12-01,RGC,NA,EPJK,Kerosene-Type Jet Fuel,PF4,Spot Price FOB,EER_EPJK_PF4_RGC_DPG,U.S. Gulf Coast Kerosene-Type Jet Fuel Spot Price FOB (Dollars per Gallon),0.693,$/GAL
1996-12-01,Y44MB,NA,EPLLPA,Propane,PF4,Spot Price FOB,EER_EPLLPA_PF4_Y44MB_DPG,"Mont Belvieu, TX Propane Spot Price FOB (Dollars per Gallon)",0.608,$/GAL
1996-12-01,RGC,NA,EPMRU,Conventional Regular Gasoline,PF4,Spot Price FOB,EER_EPMRU_PF4_RGC_DPG,U.S. Gulf Coast Conventional Gasoline Regular Spot Price FOB (Dollars per Gallon),0.648,$/GAL
1996-12-01,Y35NY,NEW YORK CITY,EPMRU,Conventional Regular Gasoline,PF4,Spot Price FOB,EER_EPMRU_PF4_Y35NY_DPG,New York Harbor Conventional Gasoline Regular Spot Price FOB (Dollars per Gallon),0.687,$/GAL
1996-12-01,ZEU,NA,EPCBRENT,UK Brent Crude Oil,PF4,Spot Price FOB,RBRTE,Europe Brent Spot Price FOB (Dollars per Barrel),23.78,$/BBL
1996-12-01,YCUOK,NA,EPCWTI,WTI Crude Oil,PF4,Spot Price FOB,RWTC,"Cushing, OK WTI Spot Price FOB (Dollars per Barrel)",25.23,$/BBL
1997-01-01,Y05LA,LOS ANGELES,EPD2DC,Carb Diesel,PF4,Spot Price FOB,EER_EPD2DC_PF4_Y05LA_DPG,"Los Angeles, CA Ultra-Low Sulfur CARB Diesel Spot Price (Dollars per Gallon)",0.773,$/GAL
1997-01-01,Y35NY,NEW YORK CITY,EPD2F,No 2 Fuel Oil / Heating Oil,PF4,Spot Price FOB,EER_EPD2F_PF4_Y35NY_DPG,New York Harbor No. 2 Heating Oil Spot Price FOB (Dollars per Gallon),0.698,$/GAL
1997-01-01,RGC,NA,EPJK,Kerosene-Type Jet Fuel,PF4,Spot Price FOB,EER_EPJK_PF4_RGC_DPG,U.S. Gulf Coast Kerosene-Type Jet Fuel Spot Price FOB (Dollars per Gallon),0.68,$/GAL
1997-01-01,Y44MB,NA,EPLLPA,Propane,PF4,Spot Price FOB,EER_EPLLPA_PF4_Y44MB_DPG,"Mont Belvieu, TX Propane Spot Price FOB (Dollars per Gallon)",0.474,$/GAL
1997-01-01,RGC,NA,EPMRU,Conventional Regular Gasoline,PF4,Spot Price FOB,EER_EPMRU_PF4_RGC_DPG,U.S. Gulf Coast Conventional Gasoline Regular Spot Price FOB (Dollars per Gallon),0.67,$/GAL
1997-01-01,Y35NY,NEW YORK CITY,EPMRU,Conventional Regular Gasoline,PF4,Spot Price FOB,EER_EPMRU_PF4_Y35NY_DPG,New York Harbor Conventional Gasoline Regular Spot Price FOB (Dollars per Gallon),0.674,$/GAL
1997-01-01,ZEU,NA,EPCBRENT,UK Brent Crude Oil,PF4,Spot Price FOB,RBRTE,Europe Brent Spot Price FOB (Dollars per Barrel),23.54,$/BBL
1997-01-01,YCUOK,NA,EPCWTI,WTI Crude Oil,PF4,Spot Price FOB,RWTC,"Cushing, OK WTI Spot Price FOB (Dollars per Barrel)",25.13,$/BBL
1997-02-01,Y05LA,LOS ANGELES,EPD2DC,Carb Diesel,PF4,Spot Price FOB,EER_EPD2DC_PF4_Y05LA_DPG,"Los Angeles, CA Ultra-Low Sulfur CARB Diesel Spot Price (Dollars per Gallon)",0.789,$/GAL
1997-02-01,Y35NY,NEW YORK CITY,EPD2F,No 2 Fuel Oil / Heating Oil,PF4,Spot Price FOB,EER_EPD2F_PF4_Y35NY_DPG,New York Harbor No. 2 Heating Oil Spot Price FOB (Dollars per Gallon),0.611,$/GAL
1997-02-01,RGC,NA,EPJK,Kerosene-Type Jet Fuel,PF4,Spot Price FOB,EER_EPJK_PF4_RGC_DPG,U.S. Gulf Coast Kerosene-Type Jet Fuel Spot Price FOB (Dollars per Gallon),0.619,$/GAL
1997-02-01,Y44MB,NA,EPLLPA,Propane,PF4,Spot Price FOB,EER_EPLLPA_PF4_Y44MB_DPG,"Mont Belvieu, TX Propane Spot Price FOB (Dollars per Gallon)",0.386,$/GAL
1997-02-01,RGC,NA,EPMRU,Conventional Regular Gasoline,PF4,Spot Price FOB,EER_EPMRU_PF4_RGC_DPG,U.S. Gulf Coast Conventional Gasoline Regular Spot Price FOB (Dollars per Gallon),0.62,$/GAL
1997-02-01,Y35NY,NEW YORK CITY,EPMRU,Conventional Regular Gasoline,PF4,Spot Price FOB,EER_EPMRU_PF4_Y35NY_DPG,New York Harbor Conventional Gasoline Regular Spot Price FOB (Dollars per Gallon),0.624,$/GAL
1997-02-01,ZEU,NA,EPCBRENT,UK Brent Crude Oil,PF4,Spot Price FOB,RBRTE,Europe Brent Spot Price FOB (Dollars per Barrel),20.85,$/BBL
1997-02-01,YCUOK,NA,EPCWTI,WTI Crude Oil,PF4,Spot Price FOB,RWTC,"Cushing, OK WTI Spot Price FOB (Dollars per Barrel)",22.18,$/BBL
1997-03-01,Y05LA,LOS ANGELES,EPD2DC,Carb Diesel,PF4,Spot Price FOB,EER_EPD2DC_PF4_Y05LA_DPG,"Los Angeles, CA Ultra-Low Sulfur CARB Diesel Spot Price (Dollars per Gallon)",0.751,$/GAL
1997-03-01,Y35NY,NEW YORK CITY,EPD2F,No 2 Fuel Oil / Heating Oil,PF4,Spot Price FOB,EER_EPD2F_PF4_Y35NY_DPG,New York Harbor No. 2 Heating Oil Spot Price FOB (Dollars per Gallon),0.547,$/GAL
1997-03-01,RGC,NA,EPJK,Kerosene-Type Jet Fuel,PF4,Spot Price FOB,EER_EPJK_PF4_RGC_DPG,U.S. Gulf Coast Kerosene-Type Jet Fuel Spot Price FOB (Dollars per Gallon),0.557,$/GAL
1997-03-01,Y44MB,NA,EPLLPA,Propane,PF4,Spot Price FOB,EER_EPLLPA_PF4_Y44MB_DPG,"Mont Belvieu, TX Propane Spot Price FOB (Dollars per Gallon)",0.385,$/GAL
1997-03-01,RGC,NA,EPMRU,Conventional Regular Gasoline,PF4,Spot Price FOB,EER_EPMRU_PF4_RGC_DPG,U.S. Gulf Coast Conventional Gasoline Regular Spot Price FOB (Dollars per Gallon),0.614,$/GAL
1997-03-01,Y35NY,NEW YORK CITY,EPMRU,Conventional Regular Gasoline,PF4,Spot Price FOB,EER_EPMRU_PF4_Y35NY_DPG,New York Harbor Conventional Gasoline Regular Spot Price FOB (Dollars per Gallon),0.613,$/GAL
1997-03-01,ZEU,NA,EPCBRENT,UK Brent Crude Oil,PF4,Spot Price FOB,RBRTE,Europe Brent Spot Price FOB (Dollars per Barrel),19.13,$/BBL
1997-03-01,YCUOK,NA,EPCWTI,WTI Crude Oil,PF4,Spot Price FOB,RWTC,"Cushing, OK WTI Spot Price FOB (Dollars per Barrel)",20.97,$/BBL
1997-04-01,Y05LA,LOS ANGELES,EPD2DC,Carb Diesel,PF4,Spot Price FOB,EER_EPD2DC_PF4_Y05LA_DPG,"Los Angeles, CA Ultra-Low Sulfur CARB Diesel Spot Price (Dollars per Gallon)",0.731,$/GAL
1997-04-01,Y35NY,NEW YORK CITY,EPD2F,No 2 Fuel Oil / Heating Oil,PF4,Spot Price FOB,EER_EPD2F_PF4_Y35NY_DPG,New York Harbor No. 2 Heating Oil Spot Price FOB (Dollars per Gallon),0.577,$/GAL
1997-04-01,RGC,NA,EPJK,Kerosene-Type Jet Fuel,PF4,Spot Price FOB,EER_EPJK_PF4_RGC_DPG,U.S. Gulf Coast Kerosene-Type Jet Fuel Spot Price FOB (Dollars per Gallon),0.541,$/GAL
1997-04-01,Y44MB,NA,EPLLPA,Propane,PF4,Spot Price FOB,EER_EPLLPA_PF4_Y44MB_DPG,"Mont Belvieu, TX Propane Spot Price FOB (Dollars per Gallon)",0.349,$/GAL
1997-04-01,RGC,NA,EPMRU,Conventional Regular Gasoline,PF4,Spot Price FOB,EER_EPMRU_PF4_RGC_DPG,U.S. Gulf Coast Conventional Gasoline Regular Spot Price FOB (Dollars per Gallon),0.585,$/GAL
1997-04-01,Y35NY,NEW YORK CITY,EPMRU,Conventional Regular Gasoline,PF4,Spot Price FOB,EER_EPMRU_PF4_Y35NY_DPG,New York Harbor Conventional Gasoline Regular Spot Price FOB (Dollars per Gallon),0.587,$/GAL
1997-04-01,ZEU,NA,EPCBRENT,UK Brent Crude Oil,PF4,Spot Price FOB,RBRTE,Europe Brent Spot Price FOB (Dollars per Barrel),17.56,$/BBL
1997-04-01,YCUOK,NA,EPCWTI,WTI Crude Oil,PF4,Spot Price FOB,RWTC,"Cushing, OK WTI Spot Price FOB (Dollars per Barrel)",19.7,$/BBL
1997-05-01,Y05LA,LOS ANGELES,EPD2DC,Carb Diesel,PF4,Spot Price FOB,EER_EPD2DC_PF4_Y05LA_DPG,"Los Angeles, CA Ultra-Low Sulfur CARB Diesel Spot Price (Dollars per Gallon)",0.623,$/GAL
1997-05-01,Y35NY,NEW YORK CITY,EPD2F,No 2 Fuel Oil / Heating Oil,PF4,Spot Price FOB,EER_EPD2F_PF4_Y35NY_DPG,New York Harbor No. 2 Heating Oil Spot Price FOB (Dollars per Gallon),0.563,$/GAL
1997-05-01,RGC,NA,EPJK,Kerosene-Type Jet Fuel,PF4,Spot Price FOB,EER_EPJK_PF4_RGC_DPG,U.S. Gulf Coast Kerosene-Type Jet Fuel Spot Price FOB (Dollars per Gallon),0.549,$/GAL
1997-05-01,Y44MB,NA,EPLLPA,Propane,PF4,Spot Price FOB,EER_EPLLPA_PF4_Y44MB_DPG,"Mont Belvieu, TX Propane Spot Price FOB (Dollars per Gallon)",0.353,$/GAL
1997-05-01,RGC,NA,EPMRU,Conventional Regular Gasoline,PF4,Spot Price FOB,EER_EPMRU_PF4_RGC_DPG,U.S. Gulf Coast Conventional Gasoline Regular Spot Price FOB (Dollars per Gallon),0.608,$/GAL
1997-05-01,Y35NY,NEW YORK CITY,EPMRU,Conventional Regular Gasoline,PF4,Spot Price FOB,EER_EPMRU_PF4_Y35NY_DPG,New York Harbor Conventional Gasoline Regular Spot Price FOB (Dollars per Gallon),0.621,$/GAL
1997-05-01,ZEU,NA,EPCBRENT,UK Brent Crude Oil,PF4,Spot Price FOB,RBRTE,Europe Brent Spot Price FOB (Dollars per Barrel),19.02,$/BBL
1997-05-01,YCUOK,NA,EPCWTI,WTI Crude Oil,PF4,Spot Price FOB,RWTC,"Cushing, OK WTI Spot Price FOB (Dollars per Barrel)",20.82,$/BBL
1997-06-01,Y05LA,LOS ANGELES,EPD2DC,Carb Diesel,PF4,Spot Price FOB,EER_EPD2DC_PF4_Y05LA_DPG,"Los Angeles, CA Ultra-Low Sulfur CARB Diesel Spot Price (Dollars per Gallon)",0.589,$/GAL
1997-06-01,Y35NY,NEW YORK CITY,EPD2F,No 2 Fuel Oil / Heating Oil,PF4,Spot Price FOB,EER_EPD2F_PF4_Y35NY_DPG,New York Harbor No. 2 Heating Oil Spot Price FOB (Dollars per Gallon),0.522,$/GAL
1997-06-01,RGC,NA,EPJK,Kerosene-Type Jet Fuel,PF4,Spot Price FOB,EER_EPJK_PF4_RGC_DPG,U.S. Gulf Coast Kerosene-Type Jet Fuel Spot Price FOB (Dollars per Gallon),0.523,$/GAL
1997-06-01,Y44MB,NA,EPLLPA,Propane,PF4,Spot Price FOB,EER_EPLLPA_PF4_Y44MB_DPG,"Mont Belvieu, TX Propane Spot Price FOB (Dollars per Gallon)",0.344,$/GAL
1997-06-01,RGC,NA,EPMRU,Conventional Regular Gasoline,PF4,Spot Price FOB,EER_EPMRU_PF4_RGC_DPG,U.S. Gulf Coast Conventional Gasoline Regular Spot Price FOB (Dollars per Gallon),0.552,$/GAL
1997-06-01,Y35NY,NEW YORK CITY,EPMRU,Conventional Regular Gasoline,PF4,Spot Price FOB,EER_EPMRU_PF4_Y35NY_DPG,New York Harbor Conventional Gasoline Regular Spot Price FOB (Dollars per Gallon),0.551,$/GAL
1997-06-01,ZEU,NA,EPCBRENT,UK Brent Crude Oil,PF4,Spot Price FOB,RBRTE,Europe Brent Spot Price FOB (Dollars per Barrel),17.58,$/BBL
1997-06-01,YCUOK,NA,EPCWTI,WTI Crude Oil,PF4,Spot Price FOB,RWTC,"Cushing, OK WTI Spot Price FOB (Dollars per Barrel)",19.26,$/BBL
1997-07-01,Y05LA,LOS ANGELES,EPD2DC,Carb Diesel,PF4,Spot Price FOB,EER_EPD2DC_PF4_Y05LA_DPG,"Los Angeles, CA Ultra-Low Sulfur CARB Diesel Spot Price (Dollars per Gallon)",0.571,$/GAL
1997-07-01,Y35NY,NEW YORK CITY,EPD2F,No 2 Fuel Oil / Heating Oil,PF4,Spot Price FOB,EER_EPD2F_PF4_Y35NY_DPG,New York Harbor No. 2 Heating Oil Spot Price FOB (Dollars per Gallon),0.53,$/GAL
1997-07-01,RGC,NA,EPJK,Kerosene-Type Jet Fuel,PF4,Spot Price FOB,EER_EPJK_PF4_RGC_DPG,U.S. Gulf Coast Kerosene-Type Jet Fuel Spot Price FOB (Dollars per Gallon),0.536,$/GAL
1997-07-01,Y44MB,NA,EPLLPA,Propane,PF4,Spot Price FOB,EER_EPLLPA_PF4_Y44MB_DPG,"Mont Belvieu, TX Propane Spot Price FOB (Dollars per Gallon)",0.348,$/GAL
1997-07-01,RGC,NA,EPMRU,Conventional Regular Gasoline,PF4,Spot Price FOB,EER_EPMRU_PF4_RGC_DPG,U.S. Gulf Coast Conventional Gasoline Regular Spot Price FOB (Dollars per Gallon),0.591,$/GAL
1997-07-01,Y35NY,NEW YORK CITY,EPMRU,Conventional Regular Gasoline,PF4,Spot Price FOB,EER_EPMRU_PF4_Y35NY_DPG,New York Harbor Conventional Gasoline Regular Spot Price FOB (Dollars per Gallon),0.587,$/GAL
1997-07-01,ZEU,NA,EPCBRENT,UK Brent Crude Oil,PF4,Spot Price FOB,RBRTE,Europe Brent Spot Price FOB (Dollars per Barrel),18.46,$/BBL
1997-07-01,YCUOK,NA,EPCWTI,WTI Crude Oil,PF4,Spot Price FOB,RWTC,"Cushing, OK WTI Spot Price FOB (Dollars per Barrel)",19.66,$/BBL
1997-08-01,Y05LA,LOS ANGELES,EPD2DC,Carb Diesel,PF4,Spot Price FOB,EER_EPD2DC_PF4_Y05LA_DPG,"Los Angeles, CA Ultra-Low Sulfur CARB Diesel Spot Price (Dollars per Gallon)",0.679,$/GAL
1997-08-01,Y35NY,NEW YORK CITY,EPD2F,No 2 Fuel Oil / Heating Oil,PF4,Spot Price FOB,EER_EPD2F_PF4_Y35NY_DPG,New York Harbor No. 2 Heating Oil Spot Price FOB (Dollars per Gallon),0.54,$/GAL
1997-08-01,RGC,NA,EPJK,Kerosene-Type Jet Fuel,PF4,Spot Price FOB,EER_EPJK_PF4_RGC_DPG,U.S. Gulf Coast Kerosene-Type Jet Fuel Spot Price FOB (Dollars per Gallon),0.559,$/GAL
1997-08-01,Y44MB,NA,EPLLPA,Propane,PF4,Spot Price FOB,EER_EPLLPA_PF4_Y44MB_DPG,"Mont Belvieu, TX Propane Spot Price FOB (Dollars per Gallon)",0.369,$/GAL
1997-08-01,RGC,NA,EPMRU,Conventional Regular Gasoline,PF4,Spot Price FOB,EER_EPMRU_PF4_RGC_DPG,U.S. Gulf Coast Conventional Gasoline Regular Spot Price FOB (Dollars per Gallon),0.646,$/GAL
1997-08-01,Y35NY,NEW YORK CITY,EPMRU,Conventional Regular Gasoline,PF4,Spot Price FOB,EER_EPMRU_PF4_Y35NY_DPG,New York Harbor Conventional Gasoline Regular Spot Price FOB (Dollars per Gallon),0.705,$/GAL
1997-08-01,ZEU,NA,EPCBRENT,UK Brent Crude Oil,PF4,Spot Price FOB,RBRTE,Europe Brent Spot Price FOB (Dollars per Barrel),18.6,$/BBL
1997-08-01,YCUOK,NA,EPCWTI,WTI Crude Oil,PF4,Spot Price FOB,RWTC,"Cushing, OK WTI Spot Price FOB (Dollars per Barrel)",19.95,$/BBL
1997-09-01,Y05LA,LOS ANGELES,EPD2DC,Carb Diesel,PF4,Spot Price FOB,EER_EPD2DC_PF4_Y05LA_DPG,"Los Angeles, CA Ultra-Low Sulfur CARB Diesel Spot Price (Dollars per Gallon)",0.645,$/GAL
1997-09-01,Y35NY,NEW YORK CITY,EPD2F,No 2 Fuel Oil / Heating Oil,PF4,Spot Price FOB,EER_EPD2F_PF4_Y35NY_DPG,New York Harbor No. 2 Heating Oil Spot Price FOB (Dollars per Gallon),0.532,$/GAL
1997-09-01,RGC,NA,EPJK,Kerosene-Type Jet Fuel,PF4,Spot Price FOB,EER_EPJK_PF4_RGC_DPG,U.S. Gulf Coast Kerosene-Type Jet Fuel Spot Price FOB (Dollars per Gallon),0.541,$/GAL
1997-09-01,Y44MB,NA,EPLLPA,Propane,PF4,Spot Price FOB,EER_EPLLPA_PF4_Y44MB_DPG,"Mont Belvieu, TX Propane Spot Price FOB (Dollars per Gallon)",0.387,$/GAL
1997-09-01,RGC,NA,EPMRU,Conventional Regular Gasoline,PF4,Spot Price FOB,EER_EPMRU_PF4_RGC_DPG,U.S. Gulf Coast Conventional Gasoline Regular Spot Price FOB (Dollars per Gallon),0.562,$/GAL
1997-09-01,Y35NY,NEW YORK CITY,EPMRU,Conventional Regular Gasoline,PF4,Spot Price FOB,EER_EPMRU_PF4_Y35NY_DPG,New York Harbor Conventional Gasoline Regular Spot Price FOB (Dollars per Gallon),0.623,$/GAL
1997-09-01,ZEU,NA,EPCBRENT,UK Brent Crude Oil,PF4,Spot Price FOB,RBRTE,Europe Brent Spot Price FOB (Dollars per Barrel),18.46,$/BBL
1997-09-01,YCUOK,NA,EPCWTI,WTI Crude Oil,PF4,Spot Price FOB,RWTC,"Cushing, OK WTI Spot Price FOB (Dollars per Barrel)",19.8,$/BBL
1997-10-01,Y05LA,LOS ANGELES,EPD2DC,Carb Diesel,PF4,Spot Price FOB,EER_EPD2DC_PF4_Y05LA_DPG,"Los Angeles, CA Ultra-Low Sulfur CARB Diesel Spot Price (Dollars per Gallon)",0.685,$/GAL
1997-10-01,Y35NY,NEW YORK CITY,EPD2F,No 2 Fuel Oil / Heating Oil,PF4,Spot Price FOB,EER_EPD2F_PF4_Y35NY_DPG,New York Harbor No. 2 Heating Oil Spot Price FOB (Dollars per Gallon),0.572,$/GAL
1997-10-01,RGC,NA,EPJK,Kerosene-Type Jet Fuel,PF4,Spot Price FOB,EER_EPJK_PF4_RGC_DPG,U.S. Gulf Coast Kerosene-Type Jet Fuel Spot Price FOB (Dollars per Gallon),0.571,$/GAL
1997-10-01,Y44MB,NA,EPLLPA,Propane,PF4,Spot Price FOB,EER_EPLLPA_PF4_Y44MB_DPG,"Mont Belvieu, TX Propane Spot Price FOB (Dollars per Gallon)",0.398,$/GAL
1997-10-01,RGC,NA,EPMRU,Conventional Regular Gasoline,PF4,Spot Price FOB,EER_EPMRU_PF4_RGC_DPG,U.S. Gulf Coast Conventional Gasoline Regular Spot Price FOB (Dollars per Gallon),0.549,$/GAL
1997-10-01,Y35NY,NEW YORK CITY,EPMRU,Conventional Regular Gasoline,PF4,Spot Price FOB,EER_EPMRU_PF4_Y35NY_DPG,New York Harbor Conventional Gasoline Regular Spot Price FOB (Dollars per Gallon),0.584,$/GAL
1997-10-01,ZEU,NA,EPCBRENT,UK Brent Crude Oil,PF4,Spot Price FOB,RBRTE,Europe Brent Spot Price FOB (Dollars per Barrel),19.87,$/BBL
1997-10-01,YCUOK,NA,EPCWTI,WTI Crude Oil,PF4,Spot Price FOB,RWTC,"Cushing, OK WTI Spot Price FOB (Dollars per Barrel)",21.33,$/BBL
1997-11-01,Y05LA,LOS ANGELES,EPD2DC,Carb Diesel,PF4,Spot Price FOB,EER_EPD2DC_PF4_Y05LA_DPG,"Los Angeles, CA Ultra-Low Sulfur CARB Diesel Spot Price (Dollars per Gallon)",0.703,$/GAL
1997-11-01,Y35NY,NEW YORK CITY,EPD2F,No 2 Fuel Oil / Heating Oil,PF4,Spot Price FOB,EER_EPD2F_PF4_Y35NY_DPG,New York Harbor No. 2 Heating Oil Spot Price FOB (Dollars per Gallon),0.564,$/GAL
1997-11-01,RGC,NA,EPJK,Kerosene-Type Jet Fuel,PF4,Spot Price FOB,EER_EPJK_PF4_RGC_DPG,U.S. Gulf Coast Kerosene-Type Jet Fuel Spot Price FOB (Dollars per Gallon),0.549,$/GAL
1997-11-01,Y44MB,NA,EPLLPA,Propane,PF4,Spot Price FOB,EER_EPLLPA_PF4_Y44MB_DPG,"Mont Belvieu, TX Propane Spot Price FOB (Dollars per Gallon)",0.36,$/GAL
1997-11-01,RGC,NA,EPMRU,Conventional Regular Gasoline,PF4,Spot Price FOB,EER_EPMRU_PF4_RGC_DPG,U.S. Gulf Coast Conventional Gasoline Regular Spot Price FOB (Dollars per Gallon),0.528,$/GAL
1997-11-01,Y35NY,NEW YORK CITY,EPMRU,Conventional Regular Gasoline,PF4,Spot Price FOB,EER_EPMRU_PF4_Y35NY_DPG,New York Harbor Conventional Gasoline Regular Spot Price FOB (Dollars per Gallon),0.557,$/GAL
1997-11-01,ZEU,NA,EPCBRENT,UK Brent Crude Oil,PF4,Spot Price FOB,RBRTE,Europe Brent Spot Price FOB (Dollars per Barrel),19.17,$/BBL
1997-11-01,YCUOK,NA,EPCWTI,WTI Crude Oil,PF4,Spot Price FOB,RWTC,"Cushing, OK WTI Spot Price FOB (Dollars per Barrel)",20.19,$/BBL
1997-12-01,Y05LA,LOS ANGELES,EPD2DC,Carb Diesel,PF4,Spot Price FOB,EER_EPD2DC_PF4_Y05LA_DPG,"Los Angeles, CA Ultra-Low Sulfur CARB Diesel Spot Price (Dollars per Gallon)",0.601,$/GAL
1997-12-01,Y35NY,NEW YORK CITY,EPD2F,No 2 Fuel Oil / Heating Oil,PF4,Spot Price FOB,EER_EPD2F_PF4_Y35NY_DPG,New York Harbor No. 2 Heating Oil Spot Price FOB (Dollars per Gallon),0.511,$/GAL
1997-12-01,RGC,NA,EPJK,Kerosene-Type Jet Fuel,PF4,Spot Price FOB,EER_EPJK_PF4_RGC_DPG,U.S. Gulf Coast Kerosene-Type Jet Fuel Spot Price FOB (Dollars per Gallon),0.496,$/GAL
1997-12-01,Y44MB,NA,EPLLPA,Propane,PF4,Spot Price FOB,EER_EPLLPA_PF4_Y44MB_DPG,"Mont Belvieu, TX Propane Spot Price FOB (Dollars per Gallon)",0.336,$/GAL
1997-12-01,RGC,NA,EPMRU,Conventional Regular Gasoline,PF4,Spot Price FOB,EER_EPMRU_PF4_RGC_DPG,U.S. Gulf Coast Conventional Gasoline Regular Spot Price FOB (Dollars per Gallon),0.498,$/GAL
1997-12-01,Y35NY,NEW YORK CITY,EPMRU,Conventional Regular Gasoline,PF4,Spot Price FOB,EER_EPMRU_PF4_Y35NY_DPG,New York Harbor Conventional Gasoline Regular Spot Price FOB (Dollars per Gallon),0.518,$/GAL
1997-12-01,ZEU,NA,EPCBRENT,UK Brent Crude Oil,PF4,Spot Price FOB,RBRTE,Europe Brent Spot Price FOB (Dollars per Barrel),17.18,$/BBL
1997-12-01,YCUOK,NA,EPCWTI,WTI Crude Oil,PF4,Spot Price FOB,RWTC,"Cushing, OK WTI Spot Price FOB (Dollars per Barrel)",18.33,$/BBL
1998-01-01,Y05LA,LOS ANGELES,EPD2DC,Carb Diesel,PF4,Spot Price FOB,EER_EPD2DC_PF4_Y05LA_DPG,"Los Angeles, CA Ultra-Low Sulfur CARB Diesel Spot Price (Dollars per Gallon)",0.566,$/GAL
1998-01-01,Y35NY,NEW YORK CITY,EPD2F,No 2 Fuel Oil / Heating Oil,PF4,Spot Price FOB,EER_EPD2F_PF4_Y35NY_DPG,New York Harbor No. 2 Heating Oil Spot Price FOB (Dollars per Gallon),0.466,$/GAL
1998-01-01,RGC,NA,EPJK,Kerosene-Type Jet Fuel,PF4,Spot Price FOB,EER_EPJK_PF4_RGC_DPG,U.S. Gulf Coast Kerosene-Type Jet Fuel Spot Price FOB (Dollars per Gallon),0.476,$/GAL
1998-01-01,Y44MB,NA,EPLLPA,Propane,PF4,Spot Price FOB,EER_EPLLPA_PF4_Y44MB_DPG,"Mont Belvieu, TX Propane Spot Price FOB (Dollars per Gallon)",0.302,$/GAL
1998-01-01,RGC,NA,EPMRU,Conventional Regular Gasoline,PF4,Spot Price FOB,EER_EPMRU_PF4_RGC_DPG,U.S. Gulf Coast Conventional Gasoline Regular Spot Price FOB (Dollars per Gallon),0.46,$/GAL
1998-01-01,Y35NY,NEW YORK CITY,EPMRU,Conventional Regular Gasoline,PF4,Spot Price FOB,EER_EPMRU_PF4_Y35NY_DPG,New York Harbor Conventional Gasoline Regular Spot Price FOB (Dollars per Gallon),0.478,$/GAL
1998-01-01,ZEU,NA,EPCBRENT,UK Brent Crude Oil,PF4,Spot Price FOB,RBRTE,Europe Brent Spot Price FOB (Dollars per Barrel),15.19,$/BBL
1998-01-01,YCUOK,NA,EPCWTI,WTI Crude Oil,PF4,Spot Price FOB,RWTC,"Cushing, OK WTI Spot Price FOB (Dollars per Barrel)",16.72,$/BBL
1998-02-01,Y05LA,LOS ANGELES,EPD2DC,Carb Diesel,PF4,Spot Price FOB,EER_EPD2DC_PF4_Y05LA_DPG,"Los Angeles, CA Ultra-Low Sulfur CARB Diesel Spot Price (Dollars per Gallon)",0.497,$/GAL
1998-02-01,Y35NY,NEW YORK CITY,EPD2F,No 2 Fuel Oil / Heating Oil,PF4,Spot Price FOB,EER_EPD2F_PF4_Y35NY_DPG,New York Harbor No. 2 Heating Oil Spot Price FOB (Dollars per Gallon),0.443,$/GAL
1998-02-01,RGC,NA,EPJK,Kerosene-Type Jet Fuel,PF4,Spot Price FOB,EER_EPJK_PF4_RGC_DPG,U.S. Gulf Coast Kerosene-Type Jet Fuel Spot Price FOB (Dollars per Gallon),0.449,$/GAL
1998-02-01,Y44MB,NA,EPLLPA,Propane,PF4,Spot Price FOB,EER_EPLLPA_PF4_Y44MB_DPG,"Mont Belvieu, TX Propane Spot Price FOB (Dollars per Gallon)",0.298,$/GAL
1998-02-01,RGC,NA,EPMRU,Conventional Regular Gasoline,PF4,Spot Price FOB,EER_EPMRU_PF4_RGC_DPG,U.S. Gulf Coast Conventional Gasoline Regular Spot Price FOB (Dollars per Gallon),0.449,$/GAL
1998-02-01,Y35NY,NEW YORK CITY,EPMRU,Conventional Regular Gasoline,PF4,Spot Price FOB,EER_EPMRU_PF4_Y35NY_DPG,New York Harbor Conventional Gasoline Regular Spot Price FOB (Dollars per Gallon),0.449,$/GAL
1998-02-01,ZEU,NA,EPCBRENT,UK Brent Crude Oil,PF4,Spot Price FOB,RBRTE,Europe Brent Spot Price FOB (Dollars per Barrel),14.07,$/BBL
1998-02-01,YCUOK,NA,EPCWTI,WTI Crude Oil,PF4,Spot Price FOB,RWTC,"Cushing, OK WTI Spot Price FOB (Dollars per Barrel)",16.06,$/BBL
1998-03-01,Y05LA,LOS ANGELES,EPD2DC,Carb Diesel,PF4,Spot Price FOB,EER_EPD2DC_PF4_Y05LA_DPG,"Los Angeles, CA Ultra-Low Sulfur CARB Diesel Spot Price (Dollars per Gallon)",0.479,$/GAL
1998-03-01,Y35NY,NEW YORK CITY,EPD2F,No 2 Fuel Oil / Heating Oil,PF4,Spot Price FOB,EER_EPD2F_PF4_Y35NY_DPG,New York Harbor No. 2 Heating Oil Spot Price FOB (Dollars per Gallon),0.421,$/GAL
1998-03-01,RGC,NA,EPJK,Kerosene-Type Jet Fuel,PF4,Spot Price FOB,EER_EPJK_PF4_RGC_DPG,U.S. Gulf Coast Kerosene-Type Jet Fuel Spot Price FOB (Dollars per Gallon),0.413,$/GAL
1998-03-01,Y44MB,NA,EPLLPA,Propane,PF4,Spot Price FOB,EER_EPLLPA_PF4_Y44MB_DPG,"Mont Belvieu, TX Propane Spot Price FOB (Dollars per Gallon)",0.275,$/GAL
1998-03-01,RGC,NA,EPMRU,Conventional Regular Gasoline,PF4,Spot Price FOB,EER_EPMRU_PF4_RGC_DPG,U.S. Gulf Coast Conventional Gasoline Regular Spot Price FOB (Dollars per Gallon),0.428,$/GAL
1998-03-01,Y35NY,NEW YORK CITY,EPMRU,Conventional Regular Gasoline,PF4,Spot Price FOB,EER_EPMRU_PF4_Y35NY_DPG,New York Harbor Conventional Gasoline Regular Spot Price FOB (Dollars per Gallon),0.447,$/GAL
1998-03-01,ZEU,NA,EPCBRENT,UK Brent Crude Oil,PF4,Spot Price FOB,RBRTE,Europe Brent Spot Price FOB (Dollars per Barrel),13.1,$/BBL
1998-03-01,YCUOK,NA,EPCWTI,WTI Crude Oil,PF4,Spot Price FOB,RWTC,"Cushing, OK WTI Spot Price FOB (Dollars per Barrel)",15.12,$/BBL
1998-04-01,Y05LA,LOS ANGELES,EPD2DC,Carb Diesel,PF4,Spot Price FOB,EER_EPD2DC_PF4_Y05LA_DPG,"Los Angeles, CA Ultra-Low Sulfur CARB Diesel Spot Price (Dollars per Gallon)",0.552,$/GAL
1998-04-01,Y35NY,NEW YORK CITY,EPD2F,No 2 Fuel Oil / Heating Oil,PF4,Spot Price FOB,EER_EPD2F_PF4_Y35NY_DPG,New York Harbor No. 2 Heating Oil Spot Price FOB (Dollars per Gallon),0.43,$/GAL
1998-04-01,RGC,NA,EPJK,Kerosene-Type Jet Fuel,PF4,Spot Price FOB,EER_EPJK_PF4_RGC_DPG,U.S. Gulf Coast Kerosene-Type Jet Fuel Spot Price FOB (Dollars per Gallon),0.426,$/GAL
1998-04-01,Y44MB,NA,EPLLPA,Propane,PF4,Spot Price FOB,EER_EPLLPA_PF4_Y44MB_DPG,"Mont Belvieu, TX Propane Spot Price FOB (Dollars per Gallon)",0.291,$/GAL
1998-04-01,RGC,NA,EPMRU,Conventional Regular Gasoline,PF4,Spot Price FOB,EER_EPMRU_PF4_RGC_DPG,U.S. Gulf Coast Conventional Gasoline Regular Spot Price FOB (Dollars per Gallon),0.465,$/GAL
1998-04-01,Y35NY,NEW YORK CITY,EPMRU,Conventional Regular Gasoline,PF4,Spot Price FOB,EER_EPMRU_PF4_Y35NY_DPG,New York Harbor Conventional Gasoline Regular Spot Price FOB (Dollars per Gallon),0.47,$/GAL
1998-04-01,ZEU,NA,EPCBRENT,UK Brent Crude Oil,PF4,Spot Price FOB,RBRTE,Europe Brent Spot Price FOB (Dollars per Barrel),13.53,$/BBL
1998-04-01,YCUOK,NA,EPCWTI,WTI Crude Oil,PF4,Spot Price FOB,RWTC,"Cushing, OK WTI Spot Price FOB (Dollars per Barrel)",15.35,$/BBL
1998-05-01,Y05LA,LOS ANGELES,EPD2DC,Carb Diesel,PF4,Spot Price FOB,EER_EPD2DC_PF4_Y05LA_DPG,"Los Angeles, CA Ultra-Low Sulfur CARB Diesel Spot Price (Dollars per Gallon)",0.518,$/GAL
1998-05-01,Y35NY,NEW YORK CITY,EPD2F,No 2 Fuel Oil / Heating Oil,PF4,Spot Price FOB,EER_EPD2F_PF4_Y35NY_DPG,New York Harbor No. 2 Heating Oil Spot Price FOB (Dollars per Gallon),0.411,$/GAL
1998-05-01,RGC,NA,EPJK,Kerosene-Type Jet Fuel,PF4,Spot Price FOB,EER_EPJK_PF4_RGC_DPG,U.S. Gulf Coast Kerosene-Type Jet Fuel Spot Price FOB (Dollars per Gallon),0.416,$/GAL
1998-05-01,Y44MB,NA,EPLLPA,Propane,PF4,Spot Price FOB,EER_EPLLPA_PF4_Y44MB_DPG,"Mont Belvieu, TX Propane Spot Price FOB (Dollars per Gallon)",0.274,$/GAL
1998-05-01,RGC,NA,EPMRU,Conventional Regular Gasoline,PF4,Spot Price FOB,EER_EPMRU_PF4_RGC_DPG,U.S. Gulf Coast Conventional Gasoline Regular Spot Price FOB (Dollars per Gallon),0.48,$/GAL
1998-05-01,Y35NY,NEW YORK CITY,EPMRU,Conventional Regular Gasoline,PF4,Spot Price FOB,EER_EPMRU_PF4_Y35NY_DPG,New York Harbor Conventional Gasoline Regular Spot Price FOB (Dollars per Gallon),0.482,$/GAL
1998-05-01,ZEU,NA,EPCBRENT,UK Brent Crude Oil,PF4,Spot Price FOB,RBRTE,Europe Brent Spot Price FOB (Dollars per Barrel),14.36,$/BBL
1998-05-01,YCUOK,NA,EPCWTI,WTI Crude Oil,PF4,Spot Price FOB,RWTC,"Cushing, OK WTI Spot Price FOB (Dollars per Barrel)",14.91,$/BBL
1998-06-01,Y05LA,LOS ANGELES,EPD2DC,Carb Diesel,PF4,Spot Price FOB,EER_EPD2DC_PF4_Y05LA_DPG,"Los Angeles, CA Ultra-Low Sulfur CARB Diesel Spot Price (Dollars per Gallon)",0.469,$/GAL
1998-06-01,Y35NY,NEW YORK CITY,EPD2F,No 2 Fuel Oil / Heating Oil,PF4,Spot Price FOB,EER_EPD2F_PF4_Y35NY_DPG,New York Harbor No. 2 Heating Oil Spot Price FOB (Dollars per Gallon),0.378,$/GAL
1998-06-01,RGC,NA,EPJK,Kerosene-Type Jet Fuel,PF4,Spot Price FOB,EER_EPJK_PF4_RGC_DPG,U.S. Gulf Coast Kerosene-Type Jet Fuel Spot Price FOB (Dollars per Gallon),0.389,$/GAL
1998-06-01,Y44MB,NA,EPLLPA,Propane,PF4,Spot Price FOB,EER_EPLLPA_PF4_Y44MB_DPG,"Mont Belvieu, TX Propane Spot Price FOB (Dollars per Gallon)",0.245,$/GAL
1998-06-01,RGC,NA,EPMRU,Conventional Regular Gasoline,PF4,Spot Price FOB,EER_EPMRU_PF4_RGC_DPG,U.S. Gulf Coast Conventional Gasoline Regular Spot Price FOB (Dollars per Gallon),0.437,$/GAL
1998-06-01,Y35NY,NEW YORK CITY,EPMRU,Conventional Regular Gasoline,PF4,Spot Price FOB,EER_EPMRU_PF4_Y35NY_DPG,New York Harbor Conventional Gasoline Regular Spot Price FOB (Dollars per Gallon),0.439,$/GAL
1998-06-01,ZEU,NA,EPCBRENT,UK Brent Crude Oil,PF4,Spot Price FOB,RBRTE,Europe Brent Spot Price FOB (Dollars per Barrel),12.21,$/BBL
1998-06-01,YCUOK,NA,EPCWTI,WTI Crude Oil,PF4,Spot Price FOB,RWTC,"Cushing, OK WTI Spot Price FOB (Dollars per Barrel)",13.72,$/BBL
1998-07-01,Y05LA,LOS ANGELES,EPD2DC,Carb Diesel,PF4,Spot Price FOB,EER_EPD2DC_PF4_Y05LA_DPG,"Los Angeles, CA Ultra-Low Sulfur CARB Diesel Spot Price (Dollars per Gallon)",0.47,$/GAL
1998-07-01,Y35NY,NEW YORK CITY,EPD2F,No 2 Fuel Oil / Heating Oil,PF4,Spot Price FOB,EER_EPD2F_PF4_Y35NY_DPG,New York Harbor No. 2 Heating Oil Spot Price FOB (Dollars per Gallon),0.362,$/GAL
1998-07-01,RGC,NA,EPJK,Kerosene-Type Jet Fuel,PF4,Spot Price FOB,EER_EPJK_PF4_RGC_DPG,U.S. Gulf Coast Kerosene-Type Jet Fuel Spot Price FOB (Dollars per Gallon),0.386,$/GAL
1998-07-01,Y44MB,NA,EPLLPA,Propane,PF4,Spot Price FOB,EER_EPLLPA_PF4_Y44MB_DPG,"Mont Belvieu, TX Propane Spot Price FOB (Dollars per Gallon)",0.246,$/GAL
1998-07-01,RGC,NA,EPMRU,Conventional Regular Gasoline,PF4,Spot Price FOB,EER_EPMRU_PF4_RGC_DPG,U.S. Gulf Coast Conventional Gasoline Regular Spot Price FOB (Dollars per Gallon),0.417,$/GAL
1998-07-01,Y35NY,NEW YORK CITY,EPMRU,Conventional Regular Gasoline,PF4,Spot Price FOB,EER_EPMRU_PF4_Y35NY_DPG,New York Harbor Conventional Gasoline Regular Spot Price FOB (Dollars per Gallon),0.423,$/GAL
1998-07-01,ZEU,NA,EPCBRENT,UK Brent Crude Oil,PF4,Spot Price FOB,RBRTE,Europe Brent Spot Price FOB (Dollars per Barrel),12.08,$/BBL
1998-07-01,YCUOK,NA,EPCWTI,WTI Crude Oil,PF4,Spot Price FOB,RWTC,"Cushing, OK WTI Spot Price FOB (Dollars per Barrel)",14.17,$/BBL
1998-08-01,Y05LA,LOS ANGELES,EPD2DC,Carb Diesel,PF4,Spot Price FOB,EER_EPD2DC_PF4_Y05LA_DPG,"Los Angeles, CA Ultra-Low Sulfur CARB Diesel Spot Price (Dollars per Gallon)",0.463,$/GAL
1998-08-01,Y35NY,NEW YORK CITY,EPD2F,No 2 Fuel Oil / Heating Oil,PF4,Spot Price FOB,EER_EPD2F_PF4_Y35NY_DPG,New York Harbor No. 2 Heating Oil Spot Price FOB (Dollars per Gallon),0.345,$/GAL
1998-08-01,RGC,NA,EPJK,Kerosene-Type Jet Fuel,PF4,Spot Price FOB,EER_EPJK_PF4_RGC_DPG,U.S. Gulf Coast Kerosene-Type Jet Fuel Spot Price FOB (Dollars per Gallon),0.372,$/GAL
1998-08-01,Y44MB,NA,EPLLPA,Propane,PF4,Spot Price FOB,EER_EPLLPA_PF4_Y44MB_DPG,"Mont Belvieu, TX Propane Spot Price FOB (Dollars per Gallon)",0.241,$/GAL
1998-08-01,RGC,NA,EPMRU,Conventional Regular Gasoline,PF4,Spot Price FOB,EER_EPMRU_PF4_RGC_DPG,U.S. Gulf Coast Conventional Gasoline Regular Spot Price FOB (Dollars per Gallon),0.375,$/GAL
1998-08-01,Y35NY,NEW YORK CITY,EPMRU,Conventional Regular Gasoline,PF4,Spot Price FOB,EER_EPMRU_PF4_Y35NY_DPG,New York Harbor Conventional Gasoline Regular Spot Price FOB (Dollars per Gallon),0.403,$/GAL
1998-08-01,ZEU,NA,EPCBRENT,UK Brent Crude Oil,PF4,Spot Price FOB,RBRTE,Europe Brent Spot Price FOB (Dollars per Barrel),11.91,$/BBL
1998-08-01,YCUOK,NA,EPCWTI,WTI Crude Oil,PF4,Spot Price FOB,RWTC,"Cushing, OK WTI Spot Price FOB (Dollars per Barrel)",13.47,$/BBL
1998-09-01,Y05LA,LOS ANGELES,EPD2DC,Carb Diesel,PF4,Spot Price FOB,EER_EPD2DC_PF4_Y05LA_DPG,"Los Angeles, CA Ultra-Low Sulfur CARB Diesel Spot Price (Dollars per Gallon)",0.482,$/GAL
1998-09-01,Y35NY,NEW YORK CITY,EPD2F,No 2 Fuel Oil / Heating Oil,PF4,Spot Price FOB,EER_EPD2F_PF4_Y35NY_DPG,New York Harbor No. 2 Heating Oil Spot Price FOB (Dollars per Gallon),0.403,$/GAL
1998-09-01,RGC,NA,EPJK,Kerosene-Type Jet Fuel,PF4,Spot Price FOB,EER_EPJK_PF4_RGC_DPG,U.S. Gulf Coast Kerosene-Type Jet Fuel Spot Price FOB (Dollars per Gallon),0.42,$/GAL
1998-09-01,Y44MB,NA,EPLLPA,Propane,PF4,Spot Price FOB,EER_EPLLPA_PF4_Y44MB_DPG,"Mont Belvieu, TX Propane Spot Price FOB (Dollars per Gallon)",0.249,$/GAL
1998-09-01,RGC,NA,EPMRU,Conventional Regular Gasoline,PF4,Spot Price FOB,EER_EPMRU_PF4_RGC_DPG,U.S. Gulf Coast Conventional Gasoline Regular Spot Price FOB (Dollars per Gallon),0.403,$/GAL
1998-09-01,Y35NY,NEW YORK CITY,EPMRU,Conventional Regular Gasoline,PF4,Spot Price FOB,EER_EPMRU_PF4_Y35NY_DPG,New York Harbor Conventional Gasoline Regular Spot Price FOB (Dollars per Gallon),0.429,$/GAL
1998-09-01,ZEU,NA,EPCBRENT,UK Brent Crude Oil,PF4,Spot Price FOB,RBRTE,Europe Brent Spot Price FOB (Dollars per Barrel),13.34,$/BBL
1998-09-01,YCUOK,NA,EPCWTI,WTI Crude Oil,PF4,Spot Price FOB,RWTC,"Cushing, OK WTI Spot Price FOB (Dollars per Barrel)",15.03,$/BBL
1998-10-01,Y05LA,LOS ANGELES,EPD2DC,Carb Diesel,PF4,Spot Price FOB,EER_EPD2DC_PF4_Y05LA_DPG,"Los Angeles, CA Ultra-Low Sulfur CARB Diesel Spot Price (Dollars per Gallon)",0.478,$/GAL
1998-10-01,Y35NY,NEW YORK CITY,EPD2F,No 2 Fuel Oil / Heating Oil,PF4,Spot Price FOB,EER_EPD2F_PF4_Y35NY_DPG,New York Harbor No. 2 Heating Oil Spot Price FOB (Dollars per Gallon),0.385,$/GAL
1998-10-01,RGC,NA,EPJK,Kerosene-Type Jet Fuel,PF4,Spot Price FOB,EER_EPJK_PF4_RGC_DPG,U.S. Gulf Coast Kerosene-Type Jet Fuel Spot Price FOB (Dollars per Gallon),0.42,$/GAL
1998-10-01,Y44MB,NA,EPLLPA,Propane,PF4,Spot Price FOB,EER_EPLLPA_PF4_Y44MB_DPG,"Mont Belvieu, TX Propane Spot Price FOB (Dollars per Gallon)",0.257,$/GAL
1998-10-01,RGC,NA,EPMRU,Conventional Regular Gasoline,PF4,Spot Price FOB,EER_EPMRU_PF4_RGC_DPG,U.S. Gulf Coast Conventional Gasoline Regular Spot Price FOB (Dollars per Gallon),0.414,$/GAL
1998-10-01,Y35NY,NEW YORK CITY,EPMRU,Conventional Regular Gasoline,PF4,Spot Price FOB,EER_EPMRU_PF4_Y35NY_DPG,New York Harbor Conventional Gasoline Regular Spot Price FOB (Dollars per Gallon),0.435,$/GAL
1998-10-01,ZEU,NA,EPCBRENT,UK Brent Crude Oil,PF4,Spot Price FOB,RBRTE,Europe Brent Spot Price FOB (Dollars per Barrel),12.7,$/BBL
1998-10-01,YCUOK,NA,EPCWTI,WTI Crude Oil,PF4,Spot Price FOB,RWTC,"Cushing, OK WTI Spot Price FOB (Dollars per Barrel)",14.46,$/BBL
1998-11-01,Y05LA,LOS ANGELES,EPD2DC,Carb Diesel,PF4,Spot Price FOB,EER_EPD2DC_PF4_Y05LA_DPG,"Los Angeles, CA Ultra-Low Sulfur CARB Diesel Spot Price (Dollars per Gallon)",0.466,$/GAL
1998-11-01,Y35NY,NEW YORK CITY,EPD2F,No 2 Fuel Oil / Heating Oil,PF4,Spot Price FOB,EER_EPD2F_PF4_Y35NY_DPG,New York Harbor No. 2 Heating Oil Spot Price FOB (Dollars per Gallon),0.359,$/GAL
1998-11-01,RGC,NA,EPJK,Kerosene-Type Jet Fuel,PF4,Spot Price FOB,EER_EPJK_PF4_RGC_DPG,U.S. Gulf Coast Kerosene-Type Jet Fuel Spot Price FOB (Dollars per Gallon),0.371,$/GAL
1998-11-01,Y44MB,NA,EPLLPA,Propane,PF4,Spot Price FOB,EER_EPLLPA_PF4_Y44MB_DPG,"Mont Belvieu, TX Propane Spot Price FOB (Dollars per Gallon)",0.248,$/GAL
1998-11-01,RGC,NA,EPMRU,Conventional Regular Gasoline,PF4,Spot Price FOB,EER_EPMRU_PF4_RGC_DPG,U.S. Gulf Coast Conventional Gasoline Regular Spot Price FOB (Dollars per Gallon),0.337,$/GAL
1998-11-01,Y35NY,NEW YORK CITY,EPMRU,Conventional Regular Gasoline,PF4,Spot Price FOB,EER_EPMRU_PF4_Y35NY_DPG,New York Harbor Conventional Gasoline Regular Spot Price FOB (Dollars per Gallon),0.372,$/GAL
1998-11-01,ZEU,NA,EPCBRENT,UK Brent Crude Oil,PF4,Spot Price FOB,RBRTE,Europe Brent Spot Price FOB (Dollars per Barrel),11.04,$/BBL
1998-11-01,YCUOK,NA,EPCWTI,WTI Crude Oil,PF4,Spot Price FOB,RWTC,"Cushing, OK WTI Spot Price FOB (Dollars per Barrel)",13.0,$/BBL
1998-12-01,Y05LA,LOS ANGELES,EPD2DC,Carb Diesel,PF4,Spot Price FOB,EER_EPD2DC_PF4_Y05LA_DPG,"Los Angeles, CA Ultra-Low Sulfur CARB Diesel Spot Price (Dollars per Gallon)",0.391,$/GAL
1998-12-01,Y35NY,NEW YORK CITY,EPD2F,No 2 Fuel Oil / Heating Oil,PF4,Spot Price FOB,EER_EPD2F_PF4_Y35NY_DPG,New York Harbor No. 2 Heating Oil Spot Price FOB (Dollars per Gallon),0.313,$/GAL
1998-12-01,RGC,NA,EPJK,Kerosene-Type Jet Fuel,PF4,Spot Price FOB,EER_EPJK_PF4_RGC_DPG,U.S. Gulf Coast Kerosene-Type Jet Fuel Spot Price FOB (Dollars per Gallon),0.304,$/GAL
1998-12-01,Y44MB,NA,EPLLPA,Propane,PF4,Spot Price FOB,EER_EPLLPA_PF4_Y44MB_DPG,"Mont Belvieu, TX Propane Spot Price FOB (Dollars per Gallon)",0.209,$/GAL
1998-12-01,RGC,NA,EPMRU,Conventional Regular Gasoline,PF4,Spot Price FOB,EER_EPMRU_PF4_RGC_DPG,U.S. Gulf Coast Conventional Gasoline Regular Spot Price FOB (Dollars per Gallon),0.294,$/GAL
1998-12-01,Y35NY,NEW YORK CITY,EPMRU,Conventional Regular Gasoline,PF4,Spot Price FOB,EER_EPMRU_PF4_Y35NY_DPG,New York Harbor Conventional Gasoline Regular Spot Price FOB (Dollars per Gallon),0.307,$/GAL
1998-12-01,ZEU,NA,EPCBRENT,UK Brent Crude Oil,PF4,Spot Price FOB,RBRTE,Europe Brent Spot Price FOB (Dollars per Barrel),9.82,$/BBL
1998-12-01,YCUOK,NA,EPCWTI,WTI Crude Oil,PF4,Spot Price FOB,RWTC,"Cushing, OK WTI Spot Price FOB (Dollars per Barrel)",11.35,$/BBL
1999-01-01,Y05LA,LOS ANGELES,EPD2DC,Carb Diesel,PF4,Spot Price FOB,EER_EPD2DC_PF4_Y05LA_DPG,"Los Angeles, CA Ultra-Low Sulfur CARB Diesel Spot Price (Dollars per Gallon)",0.417,$/GAL
1999-01-01,Y35NY,NEW YORK CITY,EPD2F,No 2 Fuel Oil / Heating Oil,PF4,Spot Price FOB,EER_EPD2F_PF4_Y35NY_DPG,New York Harbor No. 2 Heating Oil Spot Price FOB (Dollars per Gallon),0.335,$/GAL
1999-01-01,RGC,NA,EPJK,Kerosene-Type Jet Fuel,PF4,Spot Price FOB,EER_EPJK_PF4_RGC_DPG,U.S. Gulf Coast Kerosene-Type Jet Fuel Spot Price FOB (Dollars per Gallon),0.334,$/GAL
1999-01-01,Y44MB,NA,EPLLPA,Propane,PF4,Spot Price FOB,EER_EPLLPA_PF4_Y44MB_DPG,"Mont Belvieu, TX Propane Spot Price FOB (Dollars per Gallon)",0.217,$/GAL
1999-01-01,RGC,NA,EPMRU,Conventional Regular Gasoline,PF4,Spot Price FOB,EER_EPMRU_PF4_RGC_DPG,U.S. Gulf Coast Conventional Gasoline Regular Spot Price FOB (Dollars per Gallon),0.324,$/GAL
1999-01-01,Y35NY,NEW YORK CITY,EPMRU,Conventional Regular Gasoline,PF4,Spot Price FOB,EER_EPMRU_PF4_Y35NY_DPG,New York Harbor Conventional Gasoline Regular Spot Price FOB (Dollars per Gallon),0.343,$/GAL
1999-01-01,ZEU,NA,EPCBRENT,UK Brent Crude Oil,PF4,Spot Price FOB,RBRTE,Europe Brent Spot Price FOB (Dollars per Barrel),11.11,$/BBL
1999-01-01,YCUOK,NA,EPCWTI,WTI Crude Oil,PF4,Spot Price FOB,RWTC,"Cushing, OK WTI Spot Price FOB (Dollars per Barrel)",12.52,$/BBL
1999-02-01,Y05LA,LOS ANGELES,EPD2DC,Carb Diesel,PF4,Spot Price FOB,EER_EPD2DC_PF4_Y05LA_DPG,"Los Angeles, CA Ultra-Low Sulfur CARB Diesel Spot Price (Dollars per Gallon)",0.391,$/GAL
1999-02-01,Y35NY,NEW YORK CITY,EPD2F,No 2 Fuel Oil / Heating Oil,PF4,Spot Price FOB,EER_EPD2F_PF4_Y35NY_DPG,New York Harbor No. 2 Heating Oil Spot Price FOB (Dollars per Gallon),0.304,$/GAL
1999-02-01,RGC,NA,EPJK,Kerosene-Type Jet Fuel,PF4,Spot Price FOB,EER_EPJK_PF4_RGC_DPG,U.S. Gulf Coast Kerosene-Type Jet Fuel Spot Price FOB (Dollars per Gallon),0.309,$/GAL
1999-02-01,Y44MB,NA,EPLLPA,Propane,PF4,Spot Price FOB,EER_EPLLPA_PF4_Y44MB_DPG,"Mont Belvieu, TX Propane Spot Price FOB (Dollars per Gallon)",0.224,$/GAL
1999-02-01,RGC,NA,EPMRU,Conventional Regular Gasoline,PF4,Spot Price FOB,EER_EPMRU_PF4_RGC_DPG,U.S. Gulf Coast Conventional Gasoline Regular Spot Price FOB (Dollars per Gallon),0.302,$/GAL
1999-02-01,Y35NY,NEW YORK CITY,EPMRU,Conventional Regular Gasoline,PF4,Spot Price FOB,EER_EPMRU_PF4_Y35NY_DPG,New York Harbor Conventional Gasoline Regular Spot Price FOB (Dollars per Gallon),0.317,$/GAL
1999-02-01,ZEU,NA,EPCBRENT,UK Brent Crude Oil,PF4,Spot Price FOB,RBRTE,Europe Brent Spot Price FOB (Dollars per Barrel),10.27,$/BBL
1999-02-01,YCUOK,NA,EPCWTI,WTI Crude Oil,PF4,Spot Price FOB,RWTC,"Cushing, OK WTI Spot Price FOB (Dollars per Barrel)",12.01,$/BBL
1999-03-01,Y05LA,LOS ANGELES,EPD2DC,Carb Diesel,PF4,Spot Price FOB,EER_EPD2DC_PF4_Y05LA_DPG,"Los Angeles, CA Ultra-Low Sulfur CARB Diesel Spot Price (Dollars per Gallon)",0.601,$/GAL
1999-03-01,Y35NY,NEW YORK CITY,EPD2F,No 2 Fuel Oil / Heating Oil,PF4,Spot Price FOB,EER_EPD2F_PF4_Y35NY_DPG,New York Harbor No. 2 Heating Oil Spot Price FOB (Dollars per Gallon),0.388,$/GAL
1999-03-01,RGC,NA,EPJK,Kerosene-Type Jet Fuel,PF4,Spot Price FOB,EER_EPJK_PF4_RGC_DPG,U.S. Gulf Coast Kerosene-Type Jet Fuel Spot Price FOB (Dollars per Gallon),0.378,$/GAL
1999-03-01,Y44MB,NA,EPLLPA,Propane,PF4,Spot Price FOB,EER_EPLLPA_PF4_Y44MB_DPG,"Mont Belvieu, TX Propane Spot Price FOB (Dollars per Gallon)",0.242,$/GAL
1999-03-01,RGC,NA,EPMRU,Conventional Regular Gasoline,PF4,Spot Price FOB,EER_EPMRU_PF4_RGC_DPG,U.S. Gulf Coast Conventional Gasoline Regular Spot Price FOB (Dollars per Gallon),0.418,$/GAL
1999-03-01,Y35NY,NEW YORK CITY,EPMRU,Conventional Regular Gasoline,PF4,Spot Price FOB,EER_EPMRU_PF4_Y35NY_DPG,New York Harbor Conventional Gasoline Regular Spot Price FOB (Dollars per Gallon),0.423,$/GAL
1999-03-01,ZEU,NA,EPCBRENT,UK Brent Crude Oil,PF4,Spot Price FOB,RBRTE,Europe Brent Spot Price FOB (Dollars per Barrel),12.51,$/BBL
1999-03-01,YCUOK,NA,EPCWTI,WTI Crude Oil,PF4,Spot Price FOB,RWTC,"Cushing, OK WTI Spot Price FOB (Dollars per Barrel)",14.68,$/BBL
1999-04-01,Y05LA,LOS ANGELES,EPD2DC,Carb Diesel,PF4,Spot Price FOB,EER_EPD2DC_PF4_Y05LA_DPG,"Los Angeles, CA Ultra-Low Sulfur CARB Diesel Spot Price (Dollars per Gallon)",0.588,$/GAL
1999-04-01,Y35NY,NEW YORK CITY,EPD2F,No 2 Fuel Oil / Heating Oil,PF4,Spot Price FOB,EER_EPD2F_PF4_Y35NY_DPG,New York Harbor No. 2 Heating Oil Spot Price FOB (Dollars per Gallon),0.431,$/GAL
1999-04-01,RGC,NA,EPJK,Kerosene-Type Jet Fuel,PF4,Spot Price FOB,EER_EPJK_PF4_RGC_DPG,U.S. Gulf Coast Kerosene-Type Jet Fuel Spot Price FOB (Dollars per Gallon),0.43,$/GAL
1999-04-01,Y44MB,NA,EPLLPA,Propane,PF4,Spot Price FOB,EER_EPLLPA_PF4_Y44MB_DPG,"Mont Belvieu, TX Propane Spot Price FOB (Dollars per Gallon)",0.282,$/GAL
1999-04-01,RGC,NA,EPMRU,Conventional Regular Gasoline,PF4,Spot Price FOB,EER_EPMRU_PF4_RGC_DPG,U.S. Gulf Coast Conventional Gasoline Regular Spot Price FOB (Dollars per Gallon),0.498,$/GAL
1999-04-01,Y35NY,NEW YORK CITY,EPMRU,Conventional Regular Gasoline,PF4,Spot Price FOB,EER_EPMRU_PF4_Y35NY_DPG,New York Harbor Conventional Gasoline Regular Spot Price FOB (Dollars per Gallon),0.501,$/GAL
1999-04-01,ZEU,NA,EPCBRENT,UK Brent Crude Oil,PF4,Spot Price FOB,RBRTE,Europe Brent Spot Price FOB (Dollars per Barrel),15.29,$/BBL
1999-04-01,YCUOK,NA,EPCWTI,WTI Crude Oil,PF4,Spot Price FOB,RWTC,"Cushing, OK WTI Spot Price FOB (Dollars per Barrel)",17.31,$/BBL
1999-05-01,Y05LA,LOS ANGELES,EPD2DC,Carb Diesel,PF4,Spot Price FOB,EER_EPD2DC_PF4_Y05LA_DPG,"Los Angeles, CA Ultra-Low Sulfur CARB Diesel Spot Price (Dollars per Gallon)",0.541,$/GAL
1999-05-01,Y35NY,NEW YORK CITY,EPD2F,No 2 Fuel Oil / Heating Oil,PF4,Spot Price FOB,EER_EPD2F_PF4_Y35NY_DPG,New York Harbor No. 2 Heating Oil Spot Price FOB (Dollars per Gallon),0.423,$/GAL
1999-05-01,RGC,NA,EPJK,Kerosene-Type Jet Fuel,PF4,Spot Price FOB,EER_EPJK_PF4_RGC_DPG,U.S. Gulf Coast Kerosene-Type Jet Fuel Spot Price FOB (Dollars per Gallon),0.415,$/GAL
1999-05-01,Y44MB,NA,EPLLPA,Propane,PF4,Spot Price FOB,EER_EPLLPA_PF4_Y44MB_DPG,"Mont Belvieu, TX Propane Spot Price FOB (Dollars per Gallon)",0.283,$/GAL
1999-05-01,RGC,NA,EPMRU,Conventional Regular Gasoline,PF4,Spot Price FOB,EER_EPMRU_PF4_RGC_DPG,U.S. Gulf Coast Conventional Gasoline Regular Spot Price FOB (Dollars per Gallon),0.483,$/GAL
1999-05-01,Y35NY,NEW YORK CITY,EPMRU,Conventional Regular Gasoline,PF4,Spot Price FOB,EER_EPMRU_PF4_Y35NY_DPG,New York Harbor Conventional Gasoline Regular Spot Price FOB (Dollars per Gallon),0.492,$/GAL
1999-05-01,ZEU,NA,EPCBRENT,UK Brent Crude Oil,PF4,Spot Price FOB,RBRTE,Europe Brent Spot Price FOB (Dollars per Barrel),15.23,$/BBL
1999-05-01,YCUOK,NA,EPCWTI,WTI Crude Oil,PF4,Spot Price FOB,RWTC,"Cushing, OK WTI Spot Price FOB (Dollars per Barrel)",17.72,$/BBL
1999-06-01,Y05LA,LOS ANGELES,EPD2DC,Carb Diesel,PF4,Spot Price FOB,EER_EPD2DC_PF4_Y05LA_DPG,"Los Angeles, CA Ultra-Low Sulfur CARB Diesel Spot Price (Dollars per Gallon)",0.675,$/GAL
1999-06-01,Y35NY,NEW YORK CITY,EPD2F,No 2 Fuel Oil / Heating Oil,PF4,Spot Price FOB,EER_EPD2F_PF4_Y35NY_DPG,New York Harbor No. 2 Heating Oil Spot Price FOB (Dollars per Gallon),0.433,$/GAL
1999-06-01,RGC,NA,EPJK,Kerosene-Type Jet Fuel,PF4,Spot Price FOB,EER_EPJK_PF4_RGC_DPG,U.S. Gulf Coast Kerosene-Type Jet Fuel Spot Price FOB (Dollars per Gallon),0.44,$/GAL
1999-06-01,Y44MB,NA,EPLLPA,Propane,PF4,Spot Price FOB,EER_EPLLPA_PF4_Y44MB_DPG,"Mont Belvieu, TX Propane Spot Price FOB (Dollars per Gallon)",0.309,$/GAL
1999-06-01,RGC,NA,EPMRU,Conventional Regular Gasoline,PF4,Spot Price FOB,EER_EPMRU_PF4_RGC_DPG,U.S. Gulf Coast Conventional Gasoline Regular Spot Price FOB (Dollars per Gallon),0.486,$/GAL
1999-06-01,Y35NY,NEW YORK CITY,EPMRU,Conventional Regular Gasoline,PF4,Spot Price FOB,EER_EPMRU_PF4_Y35NY_DPG,New York Harbor Conventional Gasoline Regular Spot Price FOB (Dollars per Gallon),0.489,$/GAL
1999-06-01,ZEU,NA,EPCBRENT,UK Brent Crude Oil,PF4,Spot Price FOB,RBRTE,Europe Brent Spot Price FOB (Dollars per Barrel),15.86,$/BBL
1999-06-01,YCUOK,NA,EPCWTI,WTI Crude Oil,PF4,Spot Price FOB,RWTC,"Cushing, OK WTI Spot Price FOB (Dollars per Barrel)",17.92,$/BBL
1999-07-01,Y05LA,LOS ANGELES,EPD2DC,Carb Diesel,PF4,Spot Price FOB,EER_EPD2DC_PF4_Y05LA_DPG,"Los Angeles, CA Ultra-Low Sulfur CARB Diesel Spot Price (Dollars per Gallon)",0.693,$/GAL
1999-07-01,Y35NY,NEW YORK CITY,EPD2F,No 2 Fuel Oil / Heating Oil,PF4,Spot Price FOB,EER_EPD2F_PF4_Y35NY_DPG,New York Harbor No. 2 Heating Oil Spot Price FOB (Dollars per Gallon),0.5,$/GAL
1999-07-01,RGC,NA,EPJK,Kerosene-Type Jet Fuel,PF4,Spot Price FOB,EER_EPJK_PF4_RGC_DPG,U.S. Gulf Coast Kerosene-Type Jet Fuel Spot Price FOB (Dollars per Gallon),0.512,$/GAL
1999-07-01,Y44MB,NA,EPLLPA,Propane,PF4,Spot Price FOB,EER_EPLLPA_PF4_Y44MB_DPG,"Mont Belvieu, TX Propane Spot Price FOB (Dollars per Gallon)",0.372,$/GAL
1999-07-01,RGC,NA,EPMRU,Conventional Regular Gasoline,PF4,Spot Price FOB,EER_EPMRU_PF4_RGC_DPG,U.S. Gulf Coast Conventional Gasoline Regular Spot Price FOB (Dollars per Gallon),0.569,$/GAL
1999-07-01,Y35NY,NEW YORK CITY,EPMRU,Conventional Regular Gasoline,PF4,Spot Price FOB,EER_EPMRU_PF4_Y35NY_DPG,New York Harbor Conventional Gasoline Regular Spot Price FOB (Dollars per Gallon),0.583,$/GAL
1999-07-01,ZEU,NA,EPCBRENT,UK Brent Crude Oil,PF4,Spot Price FOB,RBRTE,Europe Brent Spot Price FOB (Dollars per Barrel),19.08,$/BBL
1999-07-01,YCUOK,NA,EPCWTI,WTI Crude Oil,PF4,Spot Price FOB,RWTC,"Cushing, OK WTI Spot Price FOB (Dollars per Barrel)",20.1,$/BBL
1999-08-01,Y05LA,LOS ANGELES,EPD2DC,Carb Diesel,PF4,Spot Price FOB,EER_EPD2DC_PF4_Y05LA_DPG,"Los Angeles, CA Ultra-Low Sulfur CARB Diesel Spot Price (Dollars per Gallon)",0.713,$/GAL
1999-08-01,Y35NY,NEW YORK CITY,EPD2F,No 2 Fuel Oil / Heating Oil,PF4,Spot Price FOB,EER_EPD2F_PF4_Y35NY_DPG,New York Harbor No. 2 Heating Oil Spot Price FOB (Dollars per Gallon),0.548,$/GAL
1999-08-01,RGC,NA,EPJK,Kerosene-Type Jet Fuel,PF4,Spot Price FOB,EER_EPJK_PF4_RGC_DPG,U.S. Gulf Coast Kerosene-Type Jet Fuel Spot Price FOB (Dollars per Gallon),0.564,$/GAL
1999-08-01,Y44MB,NA,EPLLPA,Propane,PF4,Spot Price FOB,EER_EPLLPA_PF4_Y44MB_DPG,"Mont Belvieu, TX Propane Spot Price FOB (Dollars per Gallon)",0.406,$/GAL
1999-08-01,RGC,NA,EPMRU,Conventional Regular Gasoline,PF4,Spot Price FOB,EER_EPMRU_PF4_RGC_DPG,U.S. Gulf Coast Conventional Gasoline Regular Spot Price FOB (Dollars per Gallon),0.607,$/GAL
1999-08-01,Y35NY,NEW YORK CITY,EPMRU,Conventional Regular Gasoline,PF4,Spot Price FOB,EER_EPMRU_PF4_Y35NY_DPG,New York Harbor Conventional Gasoline Regular Spot Price FOB (Dollars per Gallon),0.639,$/GAL
1999-08-01,ZEU,NA,EPCBRENT,UK Brent Crude Oil,PF4,Spot Price FOB,RBRTE,Europe Brent Spot Price FOB (Dollars per Barrel),20.22,$/BBL
1999-08-01,YCUOK,NA,EPCWTI,WTI Crude Oil,PF4,Spot Price FOB,RWTC,"Cushing, OK WTI Spot Price FOB (Dollars per Barrel)",21.28,$/BBL
1999-09-01,Y05LA,LOS ANGELES,EPD2DC,Carb Diesel,PF4,Spot Price FOB,EER_EPD2DC_PF4_Y05LA_DPG,"Los Angeles, CA Ultra-Low Sulfur CARB Diesel Spot Price (Dollars per Gallon)",0.68,$/GAL
1999-09-01,Y35NY,NEW YORK CITY,EPD2F,No 2 Fuel Oil / Heating Oil,PF4,Spot Price FOB,EER_EPD2F_PF4_Y35NY_DPG,New York Harbor No. 2 Heating Oil Spot Price FOB (Dollars per Gallon),0.602,$/GAL
1999-09-01,RGC,NA,EPJK,Kerosene-Type Jet Fuel,PF4,Spot Price FOB,EER_EPJK_PF4_RGC_DPG,U.S. Gulf Coast Kerosene-Type Jet Fuel Spot Price FOB (Dollars per Gallon),0.614,$/GAL
1999-09-01,Y44MB,NA,EPLLPA,Propane,PF4,Spot Price FOB,EER_EPLLPA_PF4_Y44MB_DPG,"Mont Belvieu, TX Propane Spot Price FOB (Dollars per Gallon)",0.432,$/GAL
1999-09-01,RGC,NA,EPMRU,Conventional Regular Gasoline,PF4,Spot Price FOB,EER_EPMRU_PF4_RGC_DPG,U.S. Gulf Coast Conventional Gasoline Regular Spot Price FOB (Dollars per Gallon),0.643,$/GAL
1999-09-01,Y35NY,NEW YORK CITY,EPMRU,Conventional Regular Gasoline,PF4,Spot Price FOB,EER_EPMRU_PF4_Y35NY_DPG,New York Harbor Conventional Gasoline Regular Spot Price FOB (Dollars per Gallon),0.688,$/GAL
1999-09-01,ZEU,NA,EPCBRENT,UK Brent Crude Oil,PF4,Spot Price FOB,RBRTE,Europe Brent Spot Price FOB (Dollars per Barrel),22.54,$/BBL
1999-09-01,YCUOK,NA,EPCWTI,WTI Crude Oil,PF4,Spot Price FOB,RWTC,"Cushing, OK WTI Spot Price FOB (Dollars per Barrel)",23.8,$/BBL
1999-10-01,Y05LA,LOS ANGELES,EPD2DC,Carb Diesel,PF4,Spot Price FOB,EER_EPD2DC_PF4_Y05LA_DPG,"Los Angeles, CA Ultra-Low Sulfur CARB Diesel Spot Price (Dollars per Gallon)",0.708,$/GAL
1999-10-01,Y35NY,NEW YORK CITY,EPD2F,No 2 Fuel Oil / Heating Oil,PF4,Spot Price FOB,EER_EPD2F_PF4_Y35NY_DPG,New York Harbor No. 2 Heating Oil Spot Price FOB (Dollars per Gallon),0.584,$/GAL
1999-10-01,RGC,NA,EPJK,Kerosene-Type Jet Fuel,PF4,Spot Price FOB,EER_EPJK_PF4_RGC_DPG,U.S. Gulf Coast Kerosene-Type Jet Fuel Spot Price FOB (Dollars per Gallon),0.595,$/GAL
1999-10-01,Y44MB,NA,EPLLPA,Propane,PF4,Spot Price FOB,EER_EPLLPA_PF4_Y44MB_DPG,"Mont Belvieu, TX Propane Spot Price FOB (Dollars per Gallon)",0.454,$/GAL
1999-10-01,RGC,NA,EPMRU,Conventional Regular Gasoline,PF4,Spot Price FOB,EER_EPMRU_PF4_RGC_DPG,U.S. Gulf Coast Conventional Gasoline Regular Spot Price FOB (Dollars per Gallon),0.592,$/GAL
1999-10-01,Y35NY,NEW YORK CITY,EPMRU,Conventional Regular Gasoline,PF4,Spot Price FOB,EER_EPMRU_PF4_Y35NY_DPG,New York Harbor Conventional Gasoline Regular Spot Price FOB (Dollars per Gallon),0.627,$/GAL
1999-10-01,ZEU,NA,EPCBRENT,UK Brent Crude Oil,PF4,Spot Price FOB,RBRTE,Europe Brent Spot Price FOB (Dollars per Barrel),22.0,$/BBL
1999-10-01,YCUOK,NA,EPCWTI,WTI Crude Oil,PF4,Spot Price FOB,RWTC,"Cushing, OK WTI Spot Price FOB (Dollars per Barrel)",22.69,$/BBL
1999-11-01,Y05LA,LOS ANGELES,EPD2DC,Carb Diesel,PF4,Spot Price FOB,EER_EPD2DC_PF4_Y05LA_DPG,"Los Angeles, CA Ultra-Low Sulfur CARB Diesel Spot Price (Dollars per Gallon)",0.803,$/GAL
1999-11-01,Y35NY,NEW YORK CITY,EPD2F,No 2 Fuel Oil / Heating Oil,PF4,Spot Price FOB,EER_EPD2F_PF4_Y35NY_DPG,New York Harbor No. 2 Heating Oil Spot Price FOB (Dollars per Gallon),0.648,$/GAL
1999-11-01,RGC,NA,EPJK,Kerosene-Type Jet Fuel,PF4,Spot Price FOB,EER_EPJK_PF4_RGC_DPG,U.S. Gulf Coast Kerosene-Type Jet Fuel Spot Price FOB (Dollars per Gallon),0.661,$/GAL
1999-11-01,Y44MB,NA,EPLLPA,Propane,PF4,Spot Price FOB,EER_EPLLPA_PF4_Y44MB_DPG,"Mont Belvieu, TX Propane Spot Price FOB (Dollars per Gallon)",0.436,$/GAL
1999-11-01,RGC,NA,EPMRU,Conventional Regular Gasoline,PF4,Spot Price FOB,EER_EPMRU_PF4_RGC_DPG,U.S. Gulf Coast Conventional Gasoline Regular Spot Price FOB (Dollars per Gallon),0.659,$/GAL
1999-11-01,Y35NY,NEW YORK CITY,EPMRU,Conventional Regular Gasoline,PF4,Spot Price FOB,EER_EPMRU_PF4_Y35NY_DPG,New York Harbor Conventional Gasoline Regular Spot Price FOB (Dollars per Gallon),0.696,$/GAL
1999-11-01,ZEU,NA,EPCBRENT,UK Brent Crude Oil,PF4,Spot Price FOB,RBRTE,Europe Brent Spot Price FOB (Dollars per Barrel),24.58,$/BBL
1999-11-01,YCUOK,NA,EPCWTI,WTI Crude Oil,PF4,Spot Price FOB,RWTC,"Cushing, OK WTI Spot Price FOB (Dollars per Barrel)",25.0,$/BBL
1999-12-01,Y05LA,LOS ANGELES,EPD2DC,Carb Diesel,PF4,Spot Price FOB,EER_EPD2DC_PF4_Y05LA_DPG,"Los Angeles, CA Ultra-Low Sulfur CARB Diesel Spot Price (Dollars per Gallon)",0.762,$/GAL
1999-12-01,Y35NY,NEW YORK CITY,EPD2F,No 2 Fuel Oil / Heating Oil,PF4,Spot Price FOB,EER_EPD2F_PF4_Y35NY_DPG,New York Harbor No. 2 Heating Oil Spot Price FOB (Dollars per Gallon),0.671,$/GAL
1999-12-01,RGC,NA,EPJK,Kerosene-Type Jet Fuel,PF4,Spot Price FOB,EER_EPJK_PF4_RGC_DPG,U.S. Gulf Coast Kerosene-Type Jet Fuel Spot Price FOB (Dollars per Gallon),0.701,$/GAL
1999-12-01,Y44MB,NA,EPLLPA,Propane,PF4,Spot Price FOB,EER_EPLLPA_PF4_Y44MB_DPG,"Mont Belvieu, TX Propane Spot Price FOB (Dollars per Gallon)",0.428,$/GAL
1999-12-01,RGC,NA,EPMRU,Conventional Regular Gasoline,PF4,Spot Price FOB,EER_EPMRU_PF4_RGC_DPG,U.S. Gulf Coast Conventional Gasoline Regular Spot Price FOB (Dollars per Gallon),0.653,$/GAL
1999-12-01,Y35NY,NEW YORK CITY,EPMRU,Conventional Regular Gasoline,PF4,Spot Price FOB,EER_EPMRU_PF4_Y35NY_DPG,New York Harbor Conventional Gasoline Regular Spot Price FOB (Dollars per Gallon),0.703,$/GAL
1999-12-01,ZEU,NA,EPCBRENT,UK Brent Crude Oil,PF4,Spot Price FOB,RBRTE,Europe Brent Spot Price FOB (Dollars per Barrel),25.47,$/BBL
1999-12-01,YCUOK,NA,EPCWTI,WTI Crude Oil,PF4,Spot Price FOB,RWTC,"Cushing, OK WTI Spot Price FOB (Dollars per Barrel)",26.1,$/BBL
2000-01-01,Y05LA,LOS ANGELES,EPD2DC,Carb Diesel,PF4,Spot Price FOB,EER_EPD2DC_PF4_Y05LA_DPG,"Los Angeles, CA Ultra-Low Sulfur CARB Diesel Spot Price (Dollars per Gallon)",0.852,$/GAL
2000-01-01,Y35NY,NEW YORK CITY,EPD2F,No 2 Fuel Oil / Heating Oil,PF4,Spot Price FOB,EER_EPD2F_PF4_Y35NY_DPG,New York Harbor No. 2 Heating Oil Spot Price FOB (Dollars per Gallon),0.915,$/GAL
2000-01-01,RGC,NA,EPJK,Kerosene-Type Jet Fuel,PF4,Spot Price FOB,EER_EPJK_PF4_RGC_DPG,U.S. Gulf Coast Kerosene-Type Jet Fuel Spot Price FOB (Dollars per Gallon),0.781,$/GAL
2000-01-01,Y44MB,NA,EPLLPA,Propane,PF4,Spot Price FOB,EER_EPLLPA_PF4_Y44MB_DPG,"Mont Belvieu, TX Propane Spot Price FOB (Dollars per Gallon)",0.555,$/GAL
2000-01-01,RGC,NA,EPMRU,Conventional Regular Gasoline,PF4,Spot Price FOB,EER_EPMRU_PF4_RGC_DPG,U.S. Gulf Coast Conventional Gasoline Regular Spot Price FOB (Dollars per Gallon),0.695,$/GAL
2000-01-01,Y35NY,NEW YORK CITY,EPMRU,Conventional Regular Gasoline,PF4,Spot Price FOB,EER_EPMRU_PF4_Y35NY_DPG,New York Harbor Conventional Gasoline Regular Spot Price FOB (Dollars per Gallon),0.705,$/GAL
2000-01-01,ZEU,NA,EPCBRENT,UK Brent Crude Oil,PF4,Spot Price FOB,RBRTE,Europe Brent Spot Price FOB (Dollars per Barrel),25.51,$/BBL
2000-01-01,YCUOK,NA,EPCWTI,WTI Crude Oil,PF4,Spot Price FOB,RWTC,"Cushing, OK WTI Spot Price FOB (Dollars per Barrel)",27.26,$/BBL
2000-02-01,Y05LA,LOS ANGELES,EPD2DC,Carb Diesel,PF4,Spot Price FOB,EER_EPD2DC_PF4_Y05LA_DPG,"Los Angeles, CA Ultra-Low Sulfur CARB Diesel Spot Price (Dollars per Gallon)",0.887,$/GAL
2000-02-01,Y35NY,NEW YORK CITY,EPD2F,No 2 Fuel Oil / Heating Oil,PF4,Spot Price FOB,EER_EPD2F_PF4_Y35NY_DPG,New York Harbor No. 2 Heating Oil Spot Price FOB (Dollars per Gallon),0.937,$/GAL
2000-02-01,RGC,NA,EPJK,Kerosene-Type Jet Fuel,PF4,Spot Price FOB,EER_EPJK_PF4_RGC_DPG,U.S. Gulf Coast Kerosene-Type Jet Fuel Spot Price FOB (Dollars per Gallon),0.78,$/GAL
2000-02-01,Y44MB,NA,EPLLPA,Propane,PF4,Spot Price FOB,EER_EPLLPA_PF4_Y44MB_DPG,"Mont Belvieu, TX Propane Spot Price FOB (Dollars per Gallon)",0.596,$/GAL
2000-02-01,RGC,NA,EPMRU,Conventional Regular Gasoline,PF4,Spot Price FOB,EER_EPMRU_PF4_RGC_DPG,U.S. Gulf Coast Conventional Gasoline Regular Spot Price FOB (Dollars per Gallon),0.819,$/GAL
2000-02-01,Y35NY,NEW YORK CITY,EPMRU,Conventional Regular Gasoline,PF4,Spot Price FOB,EER_EPMRU_PF4_Y35NY_DPG,New York Harbor Conventional Gasoline Regular Spot Price FOB (Dollars per Gallon),0.816,$/GAL
2000-02-01,ZEU,NA,EPCBRENT,UK Brent Crude Oil,PF4,Spot Price FOB,RBRTE,Europe Brent Spot Price FOB (Dollars per Barrel),27.78,$/BBL
2000-02-01,YCUOK,NA,EPCWTI,WTI Crude Oil,PF4,Spot Price FOB,RWTC,"Cushing, OK WTI Spot Price FOB (Dollars per Barrel)",29.37,$/BBL
2000-03-01,Y05LA,LOS ANGELES,EPD2DC,Carb Diesel,PF4,Spot Price FOB,EER_EPD2DC_PF4_Y05LA_DPG,"Los Angeles, CA Ultra-Low Sulfur CARB Diesel Spot Price (Dollars per Gallon)",0.954,$/GAL
2000-03-01,Y35NY,NEW YORK CITY,EPD2F,No 2 Fuel Oil / Heating Oil,PF4,Spot Price FOB,EER_EPD2F_PF4_Y35NY_DPG,New York Harbor No. 2 Heating Oil Spot Price FOB (Dollars per Gallon),0.773,$/GAL
2000-03-01,RGC,NA,EPJK,Kerosene-Type Jet Fuel,PF4,Spot Price FOB,EER_EPJK_PF4_RGC_DPG,U.S. Gulf Coast Kerosene-Type Jet Fuel Spot Price FOB (Dollars per Gallon),0.771,$/GAL
2000-03-01,Y44MB,NA,EPLLPA,Propane,PF4,Spot Price FOB,EER_EPLLPA_PF4_Y44MB_DPG,"Mont Belvieu, TX Propane Spot Price FOB (Dollars per Gallon)",0.512,$/GAL
2000-03-01,RGC,NA,EPMRU,Conventional Regular Gasoline,PF4,Spot Price FOB,EER_EPMRU_PF4_RGC_DPG,U.S. Gulf Coast Conventional Gasoline Regular Spot Price FOB (Dollars per Gallon),0.857,$/GAL
2000-03-01,Y35NY,NEW YORK CITY,EPMRU,Conventional Regular Gasoline,PF4,Spot Price FOB,EER_EPMRU_PF4_Y35NY_DPG,New York Harbor Conventional Gasoline Regular Spot Price FOB (Dollars per Gallon),0.889,$/GAL
2000-03-01,ZEU,NA,EPCBRENT,UK Brent Crude Oil,PF4,Spot Price FOB,RBRTE,Europe Brent Spot Price FOB (Dollars per Barrel),27.49,$/BBL
2000-03-01,YCUOK,NA,EPCWTI,WTI Crude Oil,PF4,Spot Price FOB,RWTC,"Cushing, OK WTI Spot Price FOB (Dollars per Barrel)",29.84,$/BBL
2000-04-01,Y05LA,LOS ANGELES,EPD2DC,Carb Diesel,PF4,Spot Price FOB,EER_EPD2DC_PF4_Y05LA_DPG,"Los Angeles, CA Ultra-Low Sulfur CARB Diesel Spot Price (Dollars per Gallon)",0.815,$/GAL
2000-04-01,Y35NY,NEW YORK CITY,EPD2F,No 2 Fuel Oil / Heating Oil,PF4,Spot Price FOB,EER_EPD2F_PF4_Y35NY_DPG,New York Harbor No. 2 Heating Oil Spot Price FOB (Dollars per Gallon),0.749,$/GAL
2000-04-01,RGC,NA,EPJK,Kerosene-Type Jet Fuel,PF4,Spot Price FOB,EER_EPJK_PF4_RGC_DPG,U.S. Gulf Coast Kerosene-Type Jet Fuel Spot Price FOB (Dollars per Gallon),0.719,$/GAL
2000-04-01,Y44MB,NA,EPLLPA,Propane,PF4,Spot Price FOB,EER_EPLLPA_PF4_Y44MB_DPG,"Mont Belvieu, TX Propane Spot Price FOB (Dollars per Gallon)",0.469,$/GAL
2000-04-01,RGC,NA,EPMRU,Conventional Regular Gasoline,PF4,Spot Price FOB,EER_EPMRU_PF4_RGC_DPG,U.S. Gulf Coast Conventional Gasoline Regular Spot Price FOB (Dollars per Gallon),0.732,$/GAL
2000-04-01,Y35NY,NEW YORK CITY,EPMRU,Conventional Regular Gasoline,PF4,Spot Price FOB,EER_EPMRU_PF4_Y35NY_DPG,New York Harbor Conventional Gasoline Regular Spot Price FOB (Dollars per Gallon),0.729,$/GAL
2000-04-01,ZEU,NA,EPCBRENT,UK Brent Crude Oil,PF4,Spot Price FOB,RBRTE,Europe Brent Spot Price FOB (Dollars per Barrel),22.76,$/BBL
2000-04-01,YCUOK,NA,EPCWTI,WTI Crude Oil,PF4,Spot Price FOB,RWTC,"Cushing, OK WTI Spot Price FOB (Dollars per Barrel)",25.72,$/BBL
2000-05-01,Y05LA,LOS ANGELES,EPD2DC,Carb Diesel,PF4,Spot Price FOB,EER_EPD2DC_PF4_Y05LA_DPG,"Los Angeles, CA Ultra-Low Sulfur CARB Diesel Spot Price (Dollars per Gallon)",0.803,$/GAL
2000-05-01,Y35NY,NEW YORK CITY,EPD2F,No 2 Fuel Oil / Heating Oil,PF4,Spot Price FOB,EER_EPD2F_PF4_Y35NY_DPG,New York Harbor No. 2 Heating Oil Spot Price FOB (Dollars per Gallon),0.76,$/GAL
2000-05-01,RGC,NA,EPJK,Kerosene-Type Jet Fuel,PF4,Spot Price FOB,EER_EPJK_PF4_RGC_DPG,U.S. Gulf Coast Kerosene-Type Jet Fuel Spot Price FOB (Dollars per Gallon),0.762,$/GAL
2000-05-01,Y44MB,NA,EPLLPA,Propane,PF4,Spot Price FOB,EER_EPLLPA_PF4_Y44MB_DPG,"Mont Belvieu, TX Propane Spot Price FOB (Dollars per Gallon)",0.512,$/GAL
2000-05-01,RGC,NA,EPMRU,Conventional Regular Gasoline,PF4,Spot Price FOB,EER_EPMRU_PF4_RGC_DPG,U.S. Gulf Coast Conventional Gasoline Regular Spot Price FOB (Dollars per Gallon),0.896,$/GAL
2000-05-01,Y35NY,NEW YORK CITY,EPMRU,Conventional Regular Gasoline,PF4,Spot Price FOB,EER_EPMRU_PF4_Y35NY_DPG,New York Harbor Conventional Gasoline Regular Spot Price FOB (Dollars per Gallon),0.888,$/GAL
2000-05-01,ZEU,NA,EPCBRENT,UK Brent Crude Oil,PF4,Spot Price FOB,RBRTE,Europe Brent Spot Price FOB (Dollars per Barrel),27.74,$/BBL
2000-05-01,YCUOK,NA,EPCWTI,WTI Crude Oil,PF4,Spot Price FOB,RWTC,"Cushing, OK WTI Spot Price FOB (Dollars per Barrel)",28.79,$/BBL
2000-06-01,Y05LA,LOS ANGELES,EPD2DC,Carb Diesel,PF4,Spot Price FOB,EER_EPD2DC_PF4_Y05LA_DPG,"Los Angeles, CA Ultra-Low Sulfur CARB Diesel Spot Price (Dollars per Gallon)",0.839,$/GAL
2000-06-01,Y35NY,NEW YORK CITY,EPD2F,No 2 Fuel Oil / Heating Oil,PF4,Spot Price FOB,EER_EPD2F_PF4_Y35NY_DPG,New York Harbor No. 2 Heating Oil Spot Price FOB (Dollars per Gallon),0.782,$/GAL
2000-06-01,RGC,NA,EPJK,Kerosene-Type Jet Fuel,PF4,Spot Price FOB,EER_EPJK_PF4_RGC_DPG,U.S. Gulf Coast Kerosene-Type Jet Fuel Spot Price FOB (Dollars per Gallon),0.785,$/GAL
2000-06-01,Y44MB,NA,EPLLPA,Propane,PF4,Spot Price FOB,EER_EPLLPA_PF4_Y44MB_DPG,"Mont Belvieu, TX Propane Spot Price FOB (Dollars per Gallon)",0.555,$/GAL
2000-06-01,RGC,NA,EPMRU,Conventional Regular Gasoline,PF4,Spot Price FOB,EER_EPMRU_PF4_RGC_DPG,U.S. Gulf Coast Conventional Gasoline Regular Spot Price FOB (Dollars per Gallon),0.959,$/GAL
2000-06-01,Y35NY,NEW YORK CITY,EPMRU,Conventional Regular Gasoline,PF4,Spot Price FOB,EER_EPMRU_PF4_Y35NY_DPG,New York Harbor Conventional Gasoline Regular Spot Price FOB (Dollars per Gallon),0.963,$/GAL
2000-06-01,ZEU,NA,EPCBRENT,UK Brent Crude Oil,PF4,Spot Price FOB,RBRTE,Europe Brent Spot Price FOB (Dollars per Barrel),29.8,$/BBL
2000-06-01,YCUOK,NA,EPCWTI,WTI Crude Oil,PF4,Spot Price FOB,RWTC,"Cushing, OK WTI Spot Price FOB (Dollars per Barrel)",31.82,$/BBL
2000-07-01,Y05LA,LOS ANGELES,EPD2DC,Carb Diesel,PF4,Spot Price FOB,EER_EPD2DC_PF4_Y05LA_DPG,"Los Angeles, CA Ultra-Low Sulfur CARB Diesel Spot Price (Dollars per Gallon)",0.895,$/GAL
2000-07-01,Y35NY,NEW YORK CITY,EPD2F,No 2 Fuel Oil / Heating Oil,PF4,Spot Price FOB,EER_EPD2F_PF4_Y35NY_DPG,New York Harbor No. 2 Heating Oil Spot Price FOB (Dollars per Gallon),0.781,$/GAL
2000-07-01,RGC,NA,EPJK,Kerosene-Type Jet Fuel,PF4,Spot Price FOB,EER_EPJK_PF4_RGC_DPG,U.S. Gulf Coast Kerosene-Type Jet Fuel Spot Price FOB (Dollars per Gallon),0.796,$/GAL
2000-07-01,Y44MB,NA,EPLLPA,Propane,PF4,Spot Price FOB,EER_EPLLPA_PF4_Y44MB_DPG,"Mont Belvieu, TX Propane Spot Price FOB (Dollars per Gallon)",0.551,$/GAL
2000-07-01,RGC,NA,EPMRU,Conventional Regular Gasoline,PF4,Spot Price FOB,EER_EPMRU_PF4_RGC_DPG,U.S. Gulf Coast Conventional Gasoline Regular Spot Price FOB (Dollars per Gallon),0.829,$/GAL
2000-07-01,Y35NY,NEW YORK CITY,EPMRU,Conventional Regular Gasoline,PF4,Spot Price FOB,EER_EPMRU_PF4_Y35NY_DPG,New York Harbor Conventional Gasoline Regular Spot Price FOB (Dollars per Gallon),0.859,$/GAL
2000-07-01,ZEU,NA,EPCBRENT,UK Brent Crude Oil,PF4,Spot Price FOB,RBRTE,Europe Brent Spot Price FOB (Dollars per Barrel),28.68,$/BBL
2000-07-01,YCUOK,NA,EPCWTI,WTI Crude Oil,PF4,Spot Price FOB,RWTC,"Cushing, OK WTI Spot Price FOB (Dollars per Barrel)",29.7,$/BBL
2000-08-01,Y05LA,LOS ANGELES,EPD2DC,Carb Diesel,PF4,Spot Price FOB,EER_EPD2DC_PF4_Y05LA_DPG,"Los Angeles, CA Ultra-Low Sulfur CARB Diesel Spot Price (Dollars per Gallon)",1.059,$/GAL
2000-08-01,Y35NY,NEW YORK CITY,EPD2F,No 2 Fuel Oil / Heating Oil,PF4,Spot Price FOB,EER_EPD2F_PF4_Y35NY_DPG,New York Harbor No. 2 Heating Oil Spot Price FOB (Dollars per Gallon),0.893,$/GAL
2000-08-01,RGC,NA,EPJK,Kerosene-Type Jet Fuel,PF4,Spot Price FOB,EER_EPJK_PF4_RGC_DPG,U.S. Gulf Coast Kerosene-Type Jet Fuel Spot Price FOB (Dollars per Gallon),0.9,$/GAL
2000-08-01,Y44MB,NA,EPLLPA,Propane,PF4,Spot Price FOB,EER_EPLLPA_PF4_Y44MB_DPG,"Mont Belvieu, TX Propane Spot Price FOB (Dollars per Gallon)",0.583,$/GAL
2000-08-01,RGC,NA,EPMRU,Conventional Regular Gasoline,PF4,Spot Price FOB,EER_EPMRU_PF4_RGC_DPG,U.S. Gulf Coast Conventional Gasoline Regular Spot Price FOB (Dollars per Gallon),0.85,$/GAL
2000-08-01,Y35NY,NEW YORK CITY,EPMRU,Conventional Regular Gasoline,PF4,Spot Price FOB,EER_EPMRU_PF4_Y35NY_DPG,New York Harbor Conventional Gasoline Regular Spot Price FOB (Dollars per Gallon),0.872,$/GAL
2000-08-01,ZEU,NA,EPCBRENT,UK Brent Crude Oil,PF4,Spot Price FOB,RBRTE,Europe Brent Spot Price FOB (Dollars per Barrel),30.2,$/BBL
2000-08-01,YCUOK,NA,EPCWTI,WTI Crude Oil,PF4,Spot Price FOB,RWTC,"Cushing, OK WTI Spot Price FOB (Dollars per Barrel)",31.26,$/BBL
2000-09-01,Y05LA,LOS ANGELES,EPD2DC,Carb Diesel,PF4,Spot Price FOB,EER_EPD2DC_PF4_Y05LA_DPG,"Los Angeles, CA Ultra-Low Sulfur CARB Diesel Spot Price (Dollars per Gallon)",1.2,$/GAL
2000-09-01,Y35NY,NEW YORK CITY,EPD2F,No 2 Fuel Oil / Heating Oil,PF4,Spot Price FOB,EER_EPD2F_PF4_Y35NY_DPG,New York Harbor No. 2 Heating Oil Spot Price FOB (Dollars per Gallon),0.988,$/GAL
2000-09-01,RGC,NA,EPJK,Kerosene-Type Jet Fuel,PF4,Spot Price FOB,EER_EPJK_PF4_RGC_DPG,U.S. Gulf Coast Kerosene-Type Jet Fuel Spot Price FOB (Dollars per Gallon),1.017,$/GAL
2000-09-01,Y44MB,NA,EPLLPA,Propane,PF4,Spot Price FOB,EER_EPLLPA_PF4_Y44MB_DPG,"Mont Belvieu, TX Propane Spot Price FOB (Dollars per Gallon)",0.643,$/GAL
2000-09-01,RGC,NA,EPMRU,Conventional Regular Gasoline,PF4,Spot Price FOB,EER_EPMRU_PF4_RGC_DPG,U.S. Gulf Coast Conventional Gasoline Regular Spot Price FOB (Dollars per Gallon),0.914,$/GAL
2000-09-01,Y35NY,NEW YORK CITY,EPMRU,Conventional Regular Gasoline,PF4,Spot Price FOB,EER_EPMRU_PF4_Y35NY_DPG,New York Harbor Conventional Gasoline Regular Spot Price FOB (Dollars per Gallon),0.961,$/GAL
2000-09-01,ZEU,NA,EPCBRENT,UK Brent Crude Oil,PF4,Spot Price FOB,RBRTE,Europe Brent Spot Price FOB (Dollars per Barrel),33.14,$/BBL
2000-09-01,YCUOK,NA,EPCWTI,WTI Crude Oil,PF4,Spot Price FOB,RWTC,"Cushing, OK WTI Spot Price FOB (Dollars per Barrel)",33.88,$/BBL
2000-10-01,Y05LA,LOS ANGELES,EPD2DC,Carb Diesel,PF4,Spot Price FOB,EER_EPD2DC_PF4_Y05LA_DPG,"Los Angeles, CA Ultra-Low Sulfur CARB Diesel Spot Price (Dollars per Gallon)",1.169,$/GAL
2000-10-01,Y35NY,NEW YORK CITY,EPD2F,No 2 Fuel Oil / Heating Oil,PF4,Spot Price FOB,EER_EPD2F_PF4_Y35NY_DPG,New York Harbor No. 2 Heating Oil Spot Price FOB (Dollars per Gallon),0.977,$/GAL
2000-10-01,RGC,NA,EPJK,Kerosene-Type Jet Fuel,PF4,Spot Price FOB,EER_EPJK_PF4_RGC_DPG,U.S. Gulf Coast Kerosene-Type Jet Fuel Spot Price FOB (Dollars per Gallon),0.982,$/GAL
2000-10-01,Y44MB,NA,EPLLPA,Propane,PF4,Spot Price FOB,EER_EPLLPA_PF4_Y44MB_DPG,"Mont Belvieu, TX Propane Spot Price FOB (Dollars per Gallon)",0.62,$/GAL
2000-10-01,RGC,NA,EPMRU,Conventional Regular Gasoline,PF4,Spot Price FOB,EER_EPMRU_PF4_RGC_DPG,U.S. Gulf Coast Conventional Gasoline Regular Spot Price FOB (Dollars per Gallon),0.879,$/GAL
2000-10-01,Y35NY,NEW YORK CITY,EPMRU,Conventional Regular Gasoline,PF4,Spot Price FOB,EER_EPMRU_PF4_Y35NY_DPG,New York Harbor Conventional Gasoline Regular Spot Price FOB (Dollars per Gallon),0.948,$/GAL
2000-10-01,ZEU,NA,EPCBRENT,UK Brent Crude Oil,PF4,Spot Price FOB,RBRTE,Europe Brent Spot Price FOB (Dollars per Barrel),30.96,$/BBL
2000-10-01,YCUOK,NA,EPCWTI,WTI Crude Oil,PF4,Spot Price FOB,RWTC,"Cushing, OK WTI Spot Price FOB (Dollars per Barrel)",33.11,$/BBL
2000-11-01,Y05LA,LOS ANGELES,EPD2DC,Carb Diesel,PF4,Spot Price FOB,EER_EPD2DC_PF4_Y05LA_DPG,"Los Angeles, CA Ultra-Low Sulfur CARB Diesel Spot Price (Dollars per Gallon)",1.204,$/GAL
2000-11-01,Y35NY,NEW YORK CITY,EPD2F,No 2 Fuel Oil / Heating Oil,PF4,Spot Price FOB,EER_EPD2F_PF4_Y35NY_DPG,New York Harbor No. 2 Heating Oil Spot Price FOB (Dollars per Gallon),1.032,$/GAL
2000-11-01,RGC,NA,EPJK,Kerosene-Type Jet Fuel,PF4,Spot Price FOB,EER_EPJK_PF4_RGC_DPG,U.S. Gulf Coast Kerosene-Type Jet Fuel Spot Price FOB (Dollars per Gallon),1.028,$/GAL
2000-11-01,Y44MB,NA,EPLLPA,Propane,PF4,Spot Price FOB,EER_EPLLPA_PF4_Y44MB_DPG,"Mont Belvieu, TX Propane Spot Price FOB (Dollars per Gallon)",0.608,$/GAL
2000-11-01,RGC,NA,EPMRU,Conventional Regular Gasoline,PF4,Spot Price FOB,EER_EPMRU_PF4_RGC_DPG,U.S. Gulf Coast Conventional Gasoline Regular Spot Price FOB (Dollars per Gallon),0.862,$/GAL
2000-11-01,Y35NY,NEW YORK CITY,EPMRU,Conventional Regular Gasoline,PF4,Spot Price FOB,EER_EPMRU_PF4_Y35NY_DPG,New York Harbor Conventional Gasoline Regular Spot Price FOB (Dollars per Gallon),0.944,$/GAL
2000-11-01,ZEU,NA,EPCBRENT,UK Brent Crude Oil,PF4,Spot Price FOB,RBRTE,Europe Brent Spot Price FOB (Dollars per Barrel),32.55,$/BBL
2000-11-01,YCUOK,NA,EPCWTI,WTI Crude Oil,PF4,Spot Price FOB,RWTC,"Cushing, OK WTI Spot Price FOB (Dollars per Barrel)",34.42,$/BBL
2000-12-01,Y05LA,LOS ANGELES,EPD2DC,Carb Diesel,PF4,Spot Price FOB,EER_EPD2DC_PF4_Y05LA_DPG,"Los Angeles, CA Ultra-Low Sulfur CARB Diesel Spot Price (Dollars per Gallon)",1.058,$/GAL
2000-12-01,Y35NY,NEW YORK CITY,EPD2F,No 2 Fuel Oil / Heating Oil,PF4,Spot Price FOB,EER_EPD2F_PF4_Y35NY_DPG,New York Harbor No. 2 Heating Oil Spot Price FOB (Dollars per Gallon),0.943,$/GAL
2000-12-01,RGC,NA,EPJK,Kerosene-Type Jet Fuel,PF4,Spot Price FOB,EER_EPJK_PF4_RGC_DPG,U.S. Gulf Coast Kerosene-Type Jet Fuel Spot Price FOB (Dollars per Gallon),0.863,$/GAL
2000-12-01,Y44MB,NA,EPLLPA,Propane,PF4,Spot Price FOB,EER_EPLLPA_PF4_Y44MB_DPG,"Mont Belvieu, TX Propane Spot Price FOB (Dollars per Gallon)",0.775,$/GAL
2000-12-01,RGC,NA,EPMRU,Conventional Regular Gasoline,PF4,Spot Price FOB,EER_EPMRU_PF4_RGC_DPG,U.S. Gulf Coast Conventional Gasoline Regular Spot Price FOB (Dollars per Gallon),0.72,$/GAL
2000-12-01,Y35NY,NEW YORK CITY,EPMRU,Conventional Regular Gasoline,PF4,Spot Price FOB,EER_EPMRU_PF4_Y35NY_DPG,New York Harbor Conventional Gasoline Regular Spot Price FOB (Dollars per Gallon),0.737,$/GAL
2000-12-01,ZEU,NA,EPCBRENT,UK Brent Crude Oil,PF4,Spot Price FOB,RBRTE,Europe Brent Spot Price FOB (Dollars per Barrel),25.66,$/BBL
2000-12-01,YCUOK,NA,EPCWTI,WTI Crude Oil,PF4,Spot Price FOB,RWTC,"Cushing, OK WTI Spot Price FOB (Dollars per Barrel)",28.44,$/BBL
2001-01-01,Y05LA,LOS ANGELES,EPD2DC,Carb Diesel,PF4,Spot Price FOB,EER_EPD2DC_PF4_Y05LA_DPG,"Los Angeles, CA Ultra-Low Sulfur CARB Diesel Spot Price (Dollars per Gallon)",0.898,$/GAL
2001-01-01,Y35NY,NEW YORK CITY,EPD2F,No 2 Fuel Oil / Heating Oil,PF4,Spot Price FOB,EER_EPD2F_PF4_Y35NY_DPG,New York Harbor No. 2 Heating Oil Spot Price FOB (Dollars per Gallon),0.845,$/GAL
2001-01-01,RGC,NA,EPJK,Kerosene-Type Jet Fuel,PF4,Spot Price FOB,EER_EPJK_PF4_RGC_DPG,U.S. Gulf Coast Kerosene-Type Jet Fuel Spot Price FOB (Dollars per Gallon),0.87,$/GAL
2001-01-01,Y44MB,NA,EPLLPA,Propane,PF4,Spot Price FOB,EER_EPLLPA_PF4_Y44MB_DPG,"Mont Belvieu, TX Propane Spot Price FOB (Dollars per Gallon)",0.774,$/GAL
2001-01-01,RGC,NA,EPMRU,Conventional Regular Gasoline,PF4,Spot Price FOB,EER_EPMRU_PF4_RGC_DPG,U.S. Gulf Coast Conventional Gasoline Regular Spot Price FOB (Dollars per Gallon),0.865,$/GAL
2001-01-01,Y35NY,NEW YORK CITY,EPMRU,Conventional Regular Gasoline,PF4,Spot Price FOB,EER_EPMRU_PF4_Y35NY_DPG,New York Harbor Conventional Gasoline Regular Spot Price FOB (Dollars per Gallon),0.829,$/GAL
2001-01-01,ZEU,NA,EPCBRENT,UK Brent Crude Oil,PF4,Spot Price FOB,RBRTE,Europe Brent Spot Price FOB (Dollars per Barrel),25.62,$/BBL
2001-01-01,YCUOK,NA,EPCWTI,WTI Crude Oil,PF4,Spot Price FOB,RWTC,"Cushing, OK WTI Spot Price FOB (Dollars per Barrel)",29.59,$/BBL
2001-02-01,Y05LA,LOS ANGELES,EPD2DC,Carb Diesel,PF4,Spot Price FOB,EER_EPD2DC_PF4_Y05LA_DPG,"Los Angeles, CA Ultra-Low Sulfur CARB Diesel Spot Price (Dollars per Gallon)",0.901,$/GAL
2001-02-01,Y35NY,NEW YORK CITY,EPD2F,No 2 Fuel Oil / Heating Oil,PF4,Spot Price FOB,EER_EPD2F_PF4_Y35NY_DPG,New York Harbor No. 2 Heating Oil Spot Price FOB (Dollars per Gallon),0.785,$/GAL
2001-02-01,RGC,NA,EPJK,Kerosene-Type Jet Fuel,PF4,Spot Price FOB,EER_EPJK_PF4_RGC_DPG,U.S. Gulf Coast Kerosene-Type Jet Fuel Spot Price FOB (Dollars per Gallon),0.815,$/GAL
2001-02-01,Y44MB,NA,EPLLPA,Propane,PF4,Spot Price FOB,EER_EPLLPA_PF4_Y44MB_DPG,"Mont Belvieu, TX Propane Spot Price FOB (Dollars per Gallon)",0.593,$/GAL
2001-02-01,RGC,NA,EPMRU,Conventional Regular Gasoline,PF4,Spot Price FOB,EER_EPMRU_PF4_RGC_DPG,U.S. Gulf Coast Conventional Gasoline Regular Spot Price FOB (Dollars per Gallon),0.816,$/GAL
2001-02-01,Y35NY,NEW YORK CITY,EPMRU,Conventional Regular Gasoline,PF4,Spot Price FOB,EER_EPMRU_PF4_Y35NY_DPG,New York Harbor Conventional Gasoline Regular Spot Price FOB (Dollars per Gallon),0.826,$/GAL
2001-02-01,ZEU,NA,EPCBRENT,UK Brent Crude Oil,PF4,Spot Price FOB,RBRTE,Europe Brent Spot Price FOB (Dollars per Barrel),27.5,$/BBL
2001-02-01,YCUOK,NA,EPCWTI,WTI Crude Oil,PF4,Spot Price FOB,RWTC,"Cushing, OK WTI Spot Price FOB (Dollars per Barrel)",29.61,$/BBL
2001-03-01,Y05LA,LOS ANGELES,EPD2DC,Carb Diesel,PF4,Spot Price FOB,EER_EPD2DC_PF4_Y05LA_DPG,"Los Angeles, CA Ultra-Low Sulfur CARB Diesel Spot Price (Dollars per Gallon)",0.868,$/GAL
2001-03-01,Y35NY,NEW YORK CITY,EPD2F,No 2 Fuel Oil / Heating Oil,PF4,Spot Price FOB,EER_EPD2F_PF4_Y35NY_DPG,New York Harbor No. 2 Heating Oil Spot Price FOB (Dollars per Gallon),0.741,$/GAL
2001-03-01,RGC,NA,EPJK,Kerosene-Type Jet Fuel,PF4,Spot Price FOB,EER_EPJK_PF4_RGC_DPG,U.S. Gulf Coast Kerosene-Type Jet Fuel Spot Price FOB (Dollars per Gallon),0.748,$/GAL
2001-03-01,Y44MB,NA,EPLLPA,Propane,PF4,Spot Price FOB,EER_EPLLPA_PF4_Y44MB_DPG,"Mont Belvieu, TX Propane Spot Price FOB (Dollars per Gallon)",0.558,$/GAL
2001-03-01,RGC,NA,EPMRU,Conventional Regular Gasoline,PF4,Spot Price FOB,EER_EPMRU_PF4_RGC_DPG,U.S. Gulf Coast Conventional Gasoline Regular Spot Price FOB (Dollars per Gallon),0.771,$/GAL
2001-03-01,Y35NY,NEW YORK CITY,EPMRU,Conventional Regular Gasoline,PF4,Spot Price FOB,EER_EPMRU_PF4_Y35NY_DPG,New York Harbor Conventional Gasoline Regular Spot Price FOB (Dollars per Gallon),0.785,$/GAL
2001-03-01,ZEU,NA,EPCBRENT,UK Brent Crude Oil,PF4,Spot Price FOB,RBRTE,Europe Brent Spot Price FOB (Dollars per Barrel),24.5,$/BBL
2001-03-01,YCUOK,NA,EPCWTI,WTI Crude Oil,PF4,Spot Price FOB,RWTC,"Cushing, OK WTI Spot Price FOB (Dollars per Barrel)",27.25,$/BBL
2001-04-01,Y05LA,LOS ANGELES,EPD2DC,Carb Diesel,PF4,Spot Price FOB,EER_EPD2DC_PF4_Y05LA_DPG,"Los Angeles, CA Ultra-Low Sulfur CARB Diesel Spot Price (Dollars per Gallon)",0.879,$/GAL
2001-04-01,Y35NY,NEW YORK CITY,EPD2F,No 2 Fuel Oil / Heating Oil,PF4,Spot Price FOB,EER_EPD2F_PF4_Y35NY_DPG,New York Harbor No. 2 Heating Oil Spot Price FOB (Dollars per Gallon),0.782,$/GAL
2001-04-01,RGC,NA,EPJK,Kerosene-Type Jet Fuel,PF4,Spot Price FOB,EER_EPJK_PF4_RGC_DPG,U.S. Gulf Coast Kerosene-Type Jet Fuel Spot Price FOB (Dollars per Gallon),0.77,$/GAL
2001-04-01,Y44MB,NA,EPLLPA,Propane,PF4,Spot Price FOB,EER_EPLLPA_PF4_Y44MB_DPG,"Mont Belvieu, TX Propane Spot Price FOB (Dollars per Gallon)",0.547,$/GAL
2001-04-01,RGC,NA,EPMRU,Conventional Regular Gasoline,PF4,Spot Price FOB,EER_EPMRU_PF4_RGC_DPG,U.S. Gulf Coast Conventional Gasoline Regular Spot Price FOB (Dollars per Gallon),1.001,$/GAL
2001-04-01,Y35NY,NEW YORK CITY,EPMRU,Conventional Regular Gasoline,PF4,Spot Price FOB,EER_EPMRU_PF4_Y35NY_DPG,New York Harbor Conventional Gasoline Regular Spot Price FOB (Dollars per Gallon),0.947,$/GAL
2001-04-01,ZEU,NA,EPCBRENT,UK Brent Crude Oil,PF4,Spot Price FOB,RBRTE,Europe Brent Spot Price FOB (Dollars per Barrel),25.66,$/BBL
2001-04-01,YCUOK,NA,EPCWTI,WTI Crude Oil,PF4,Spot Price FOB,RWTC,"Cushing, OK WTI Spot Price FOB (Dollars per Barrel)",27.49,$/BBL
2001-05-01,Y05LA,LOS ANGELES,EPD2DC,Carb Diesel,PF4,Spot Price FOB,EER_EPD2DC_PF4_Y05LA_DPG,"Los Angeles, CA Ultra-Low Sulfur CARB Diesel Spot Price (Dollars per Gallon)",0.889,$/GAL
2001-05-01,Y35NY,NEW YORK CITY,EPD2F,No 2 Fuel Oil / Heating Oil,PF4,Spot Price FOB,EER_EPD2F_PF4_Y35NY_DPG,New York Harbor No. 2 Heating Oil Spot Price FOB (Dollars per Gallon),0.772,$/GAL
2001-05-01,RGC,NA,EPJK,Kerosene-Type Jet Fuel,PF4,Spot Price FOB,EER_EPJK_PF4_RGC_DPG,U.S. Gulf Coast Kerosene-Type Jet Fuel Spot Price FOB (Dollars per Gallon),0.821,$/GAL
2001-05-01,Y44MB,NA,EPLLPA,Propane,PF4,Spot Price FOB,EER_EPLLPA_PF4_Y44MB_DPG,"Mont Belvieu, TX Propane Spot Price FOB (Dollars per Gallon)",0.513,$/GAL
2001-05-01,RGC,NA,EPMRU,Conventional Regular Gasoline,PF4,Spot Price FOB,EER_EPMRU_PF4_RGC_DPG,U.S. Gulf Coast Conventional Gasoline Regular Spot Price FOB (Dollars per Gallon),0.922,$/GAL
2001-05-01,Y35NY,NEW YORK CITY,EPMRU,Conventional Regular Gasoline,PF4,Spot Price FOB,EER_EPMRU_PF4_Y35NY_DPG,New York Harbor Conventional Gasoline Regular Spot Price FOB (Dollars per Gallon),0.927,$/GAL
2001-05-01,ZEU,NA,EPCBRENT,UK Brent Crude Oil,PF4,Spot Price FOB,RBRTE,Europe Brent Spot Price FOB (Dollars per Barrel),28.31,$/BBL
2001-05-01,YCUOK,NA,EPCWTI,WTI Crude Oil,PF4,Spot Price FOB,RWTC,"Cushing, OK WTI Spot Price FOB (Dollars per Barrel)",28.63,$/BBL
2001-06-01,Y05LA,LOS ANGELES,EPD2DC,Carb Diesel,PF4,Spot Price FOB,EER_EPD2DC_PF4_Y05LA_DPG,"Los Angeles, CA Ultra-Low Sulfur CARB Diesel Spot Price (Dollars per Gallon)",0.906,$/GAL
2001-06-01,Y35NY,NEW YORK CITY,EPD2F,No 2 Fuel Oil / Heating Oil,PF4,Spot Price FOB,EER_EPD2F_PF4_Y35NY_DPG,New York Harbor No. 2 Heating Oil Spot Price FOB (Dollars per Gallon),0.756,$/GAL
2001-06-01,RGC,NA,EPJK,Kerosene-Type Jet Fuel,PF4,Spot Price FOB,EER_EPJK_PF4_RGC_DPG,U.S. Gulf Coast Kerosene-Type Jet Fuel Spot Price FOB (Dollars per Gallon),0.767,$/GAL
2001-06-01,Y44MB,NA,EPLLPA,Propane,PF4,Spot Price FOB,EER_EPLLPA_PF4_Y44MB_DPG,"Mont Belvieu, TX Propane Spot Price FOB (Dollars per Gallon)",0.431,$/GAL
2001-06-01,RGC,NA,EPMRU,Conventional Regular Gasoline,PF4,Spot Price FOB,EER_EPMRU_PF4_RGC_DPG,U.S. Gulf Coast Conventional Gasoline Regular Spot Price FOB (Dollars per Gallon),0.729,$/GAL
2001-06-01,Y35NY,NEW YORK CITY,EPMRU,Conventional Regular Gasoline,PF4,Spot Price FOB,EER_EPMRU_PF4_Y35NY_DPG,New York Harbor Conventional Gasoline Regular Spot Price FOB (Dollars per Gallon),0.72,$/GAL
2001-06-01,ZEU,NA,EPCBRENT,UK Brent Crude Oil,PF4,Spot Price FOB,RBRTE,Europe Brent Spot Price FOB (Dollars per Barrel),27.85,$/BBL
2001-06-01,YCUOK,NA,EPCWTI,WTI Crude Oil,PF4,Spot Price FOB,RWTC,"Cushing, OK WTI Spot Price FOB (Dollars per Barrel)",27.6,$/BBL
2001-07-01,Y05LA,LOS ANGELES,EPD2DC,Carb Diesel,PF4,Spot Price FOB,EER_EPD2DC_PF4_Y05LA_DPG,"Los Angeles, CA Ultra-Low Sulfur CARB Diesel Spot Price (Dollars per Gallon)",0.788,$/GAL
2001-07-01,Y35NY,NEW YORK CITY,EPD2F,No 2 Fuel Oil / Heating Oil,PF4,Spot Price FOB,EER_EPD2F_PF4_Y35NY_DPG,New York Harbor No. 2 Heating Oil Spot Price FOB (Dollars per Gallon),0.698,$/GAL
2001-07-01,RGC,NA,EPJK,Kerosene-Type Jet Fuel,PF4,Spot Price FOB,EER_EPJK_PF4_RGC_DPG,U.S. Gulf Coast Kerosene-Type Jet Fuel Spot Price FOB (Dollars per Gallon),0.711,$/GAL
2001-07-01,Y44MB,NA,EPLLPA,Propane,PF4,Spot Price FOB,EER_EPLLPA_PF4_Y44MB_DPG,"Mont Belvieu, TX Propane Spot Price FOB (Dollars per Gallon)",0.39,$/GAL
2001-07-01,RGC,NA,EPMRU,Conventional Regular Gasoline,PF4,Spot Price FOB,EER_EPMRU_PF4_RGC_DPG,U.S. Gulf Coast Conventional Gasoline Regular Spot Price FOB (Dollars per Gallon),0.674,$/GAL
2001-07-01,Y35NY,NEW YORK CITY,EPMRU,Conventional Regular Gasoline,PF4,Spot Price FOB,EER_EPMRU_PF4_Y35NY_DPG,New York Harbor Conventional Gasoline Regular Spot Price FOB (Dollars per Gallon),0.683,$/GAL
2001-07-01,ZEU,NA,EPCBRENT,UK Brent Crude Oil,PF4,Spot Price FOB,RBRTE,Europe Brent Spot Price FOB (Dollars per Barrel),24.61,$/BBL
2001-07-01,YCUOK,NA,EPCWTI,WTI Crude Oil,PF4,Spot Price FOB,RWTC,"Cushing, OK WTI Spot Price FOB (Dollars per Barrel)",26.43,$/BBL
2001-08-01,Y05LA,LOS ANGELES,EPD2DC,Carb Diesel,PF4,Spot Price FOB,EER_EPD2DC_PF4_Y05LA_DPG,"Los Angeles, CA Ultra-Low Sulfur CARB Diesel Spot Price (Dollars per Gallon)",0.854,$/GAL
2001-08-01,Y35NY,NEW YORK CITY,EPD2F,No 2 Fuel Oil / Heating Oil,PF4,Spot Price FOB,EER_EPD2F_PF4_Y35NY_DPG,New York Harbor No. 2 Heating Oil Spot Price FOB (Dollars per Gallon),0.734,$/GAL
2001-08-01,RGC,NA,EPJK,Kerosene-Type Jet Fuel,PF4,Spot Price FOB,EER_EPJK_PF4_RGC_DPG,U.S. Gulf Coast Kerosene-Type Jet Fuel Spot Price FOB (Dollars per Gallon),0.764,$/GAL
2001-08-01,Y44MB,NA,EPLLPA,Propane,PF4,Spot Price FOB,EER_EPLLPA_PF4_Y44MB_DPG,"Mont Belvieu, TX Propane Spot Price FOB (Dollars per Gallon)",0.415,$/GAL
2001-08-01,RGC,NA,EPMRU,Conventional Regular Gasoline,PF4,Spot Price FOB,EER_EPMRU_PF4_RGC_DPG,U.S. Gulf Coast Conventional Gasoline Regular Spot Price FOB (Dollars per Gallon),0.78,$/GAL
2001-08-01,Y35NY,NEW YORK CITY,EPMRU,Conventional Regular Gasoline,PF4,Spot Price FOB,EER_EPMRU_PF4_Y35NY_DPG,New York Harbor Conventional Gasoline Regular Spot Price FOB (Dollars per Gallon),0.776,$/GAL
2001-08-01,ZEU,NA,EPCBRENT,UK Brent Crude Oil,PF4,Spot Price FOB,RBRTE,Europe Brent Spot Price FOB (Dollars per Barrel),25.68,$/BBL
2001-08-01,YCUOK,NA,EPCWTI,WTI Crude Oil,PF4,Spot Price FOB,RWTC,"Cushing, OK WTI Spot Price FOB (Dollars per Barrel)",27.37,$/BBL
2001-09-01,Y05LA,LOS ANGELES,EPD2DC,Carb Diesel,PF4,Spot Price FOB,EER_EPD2DC_PF4_Y05LA_DPG,"Los Angeles, CA Ultra-Low Sulfur CARB Diesel Spot Price (Dollars per Gallon)",0.893,$/GAL
2001-09-01,Y35NY,NEW YORK CITY,EPD2F,No 2 Fuel Oil / Heating Oil,PF4,Spot Price FOB,EER_EPD2F_PF4_Y35NY_DPG,New York Harbor No. 2 Heating Oil Spot Price FOB (Dollars per Gallon),0.731,$/GAL
2001-09-01,RGC,NA,EPJK,Kerosene-Type Jet Fuel,PF4,Spot Price FOB,EER_EPJK_PF4_RGC_DPG,U.S. Gulf Coast Kerosene-Type Jet Fuel Spot Price FOB (Dollars per Gallon),0.738,$/GAL
2001-09-01,Y44MB,NA,EPLLPA,Propane,PF4,Spot Price FOB,EER_EPLLPA_PF4_Y44MB_DPG,"Mont Belvieu, TX Propane Spot Price FOB (Dollars per Gallon)",0.421,$/GAL
2001-09-01,RGC,NA,EPMRU,Conventional Regular Gasoline,PF4,Spot Price FOB,EER_EPMRU_PF4_RGC_DPG,U.S. Gulf Coast Conventional Gasoline Regular Spot Price FOB (Dollars per Gallon),0.745,$/GAL
2001-09-01,Y35NY,NEW YORK CITY,EPMRU,Conventional Regular Gasoline,PF4,Spot Price FOB,EER_EPMRU_PF4_Y35NY_DPG,New York Harbor Conventional Gasoline Regular Spot Price FOB (Dollars per Gallon),0.761,$/GAL
2001-09-01,ZEU,NA,EPCBRENT,UK Brent Crude Oil,PF4,Spot Price FOB,RBRTE,Europe Brent Spot Price FOB (Dollars per Barrel),25.62,$/BBL
2001-09-01,YCUOK,NA,EPCWTI,WTI Crude Oil,PF4,Spot Price FOB,RWTC,"Cushing, OK WTI Spot Price FOB (Dollars per Barrel)",26.2,$/BBL
2001-10-01,Y05LA,LOS ANGELES,EPD2DC,Carb Diesel,PF4,Spot Price FOB,EER_EPD2DC_PF4_Y05LA_DPG,"Los Angeles, CA Ultra-Low Sulfur CARB Diesel Spot Price (Dollars per Gallon)",0.726,$/GAL
2001-10-01,Y35NY,NEW YORK CITY,EPD2F,No 2 Fuel Oil / Heating Oil,PF4,Spot Price FOB,EER_EPD2F_PF4_Y35NY_DPG,New York Harbor No. 2 Heating Oil Spot Price FOB (Dollars per Gallon),0.628,$/GAL
2001-10-01,RGC,NA,EPJK,Kerosene-Type Jet Fuel,PF4,Spot Price FOB,EER_EPJK_PF4_RGC_DPG,U.S. Gulf Coast Kerosene-Type Jet Fuel Spot Price FOB (Dollars per Gallon),0.622,$/GAL
2001-10-01,Y44MB,NA,EPLLPA,Propane,PF4,Spot Price FOB,EER_EPLLPA_PF4_Y44MB_DPG,"Mont Belvieu, TX Propane Spot Price FOB (Dollars per Gallon)",0.395,$/GAL
2001-10-01,RGC,NA,EPMRU,Conventional Regular Gasoline,PF4,Spot Price FOB,EER_EPMRU_PF4_RGC_DPG,U.S. Gulf Coast Conventional Gasoline Regular Spot Price FOB (Dollars per Gallon),0.562,$/GAL
2001-10-01,Y35NY,NEW YORK CITY,EPMRU,Conventional Regular Gasoline,PF4,Spot Price FOB,EER_EPMRU_PF4_Y35NY_DPG,New York Harbor Conventional Gasoline Regular Spot Price FOB (Dollars per Gallon),0.598,$/GAL
2001-10-01,ZEU,NA,EPCBRENT,UK Brent Crude Oil,PF4,Spot Price FOB,RBRTE,Europe Brent Spot Price FOB (Dollars per Barrel),20.54,$/BBL
2001-10-01,YCUOK,NA,EPCWTI,WTI Crude Oil,PF4,Spot Price FOB,RWTC,"Cushing, OK WTI Spot Price FOB (Dollars per Barrel)",22.17,$/BBL
2001-11-01,Y05LA,LOS ANGELES,EPD2DC,Carb Diesel,PF4,Spot Price FOB,EER_EPD2DC_PF4_Y05LA_DPG,"Los Angeles, CA Ultra-Low Sulfur CARB Diesel Spot Price (Dollars per Gallon)",0.625,$/GAL
2001-11-01,Y35NY,NEW YORK CITY,EPD2F,No 2 Fuel Oil / Heating Oil,PF4,Spot Price FOB,EER_EPD2F_PF4_Y35NY_DPG,New York Harbor No. 2 Heating Oil Spot Price FOB (Dollars per Gallon),0.548,$/GAL
2001-11-01,RGC,NA,EPJK,Kerosene-Type Jet Fuel,PF4,Spot Price FOB,EER_EPJK_PF4_RGC_DPG,U.S. Gulf Coast Kerosene-Type Jet Fuel Spot Price FOB (Dollars per Gallon),0.543,$/GAL
2001-11-01,Y44MB,NA,EPLLPA,Propane,PF4,Spot Price FOB,EER_EPLLPA_PF4_Y44MB_DPG,"Mont Belvieu, TX Propane Spot Price FOB (Dollars per Gallon)",0.331,$/GAL
2001-11-01,RGC,NA,EPMRU,Conventional Regular Gasoline,PF4,Spot Price FOB,EER_EPMRU_PF4_RGC_DPG,U.S. Gulf Coast Conventional Gasoline Regular Spot Price FOB (Dollars per Gallon),0.501,$/GAL
2001-11-01,Y35NY,NEW YORK CITY,EPMRU,Conventional Regular Gasoline,PF4,Spot Price FOB,EER_EPMRU_PF4_Y35NY_DPG,New York Harbor Conventional Gasoline Regular Spot Price FOB (Dollars per Gallon),0.517,$/GAL
2001-11-01,ZEU,NA,EPCBRENT,UK Brent Crude Oil,PF4,Spot Price FOB,RBRTE,Europe Brent Spot Price FOB (Dollars per Barrel),18.8,$/BBL
2001-11-01,YCUOK,NA,EPCWTI,WTI Crude Oil,PF4,Spot Price FOB,RWTC,"Cushing, OK WTI Spot Price FOB (Dollars per Barrel)",19.64,$/BBL
2001-12-01,Y05LA,LOS ANGELES,EPD2DC,Carb Diesel,PF4,Spot Price FOB,EER_EPD2DC_PF4_Y05LA_DPG,"Los Angeles, CA Ultra-Low Sulfur CARB Diesel Spot Price (Dollars per Gallon)",0.565,$/GAL
2001-12-01,Y35NY,NEW YORK CITY,EPD2F,No 2 Fuel Oil / Heating Oil,PF4,Spot Price FOB,EER_EPD2F_PF4_Y35NY_DPG,New York Harbor No. 2 Heating Oil Spot Price FOB (Dollars per Gallon),0.524,$/GAL
2001-12-01,RGC,NA,EPJK,Kerosene-Type Jet Fuel,PF4,Spot Price FOB,EER_EPJK_PF4_RGC_DPG,U.S. Gulf Coast Kerosene-Type Jet Fuel Spot Price FOB (Dollars per Gallon),0.515,$/GAL
2001-12-01,Y44MB,NA,EPLLPA,Propane,PF4,Spot Price FOB,EER_EPLLPA_PF4_Y44MB_DPG,"Mont Belvieu, TX Propane Spot Price FOB (Dollars per Gallon)",0.301,$/GAL
2001-12-01,RGC,NA,EPMRU,Conventional Regular Gasoline,PF4,Spot Price FOB,EER_EPMRU_PF4_RGC_DPG,U.S. Gulf Coast Conventional Gasoline Regular Spot Price FOB (Dollars per Gallon),0.508,$/GAL
2001-12-01,Y35NY,NEW YORK CITY,EPMRU,Conventional Regular Gasoline,PF4,Spot Price FOB,EER_EPMRU_PF4_Y35NY_DPG,New York Harbor Conventional Gasoline Regular Spot Price FOB (Dollars per Gallon),0.517,$/GAL
2001-12-01,ZEU,NA,EPCBRENT,UK Brent Crude Oil,PF4,Spot Price FOB,RBRTE,Europe Brent Spot Price FOB (Dollars per Barrel),18.71,$/BBL
2001-12-01,YCUOK,NA,EPCWTI,WTI Crude Oil,PF4,Spot Price FOB,RWTC,"Cushing, OK WTI Spot Price FOB (Dollars per Barrel)",19.39,$/BBL
2002-01-01,Y05LA,LOS ANGELES,EPD2DC,Carb Diesel,PF4,Spot Price FOB,EER_EPD2DC_PF4_Y05LA_DPG,"Los Angeles, CA Ultra-Low Sulfur CARB Diesel Spot Price (Dollars per Gallon)",0.566,$/GAL
2002-01-01,Y35NY,NEW YORK CITY,EPD2F,No 2 Fuel Oil / Heating Oil,PF4,Spot Price FOB,EER_EPD2F_PF4_Y35NY_DPG,New York Harbor No. 2 Heating Oil Spot Price FOB (Dollars per Gallon),0.536,$/GAL
2002-01-01,RGC,NA,EPJK,Kerosene-Type Jet Fuel,PF4,Spot Price FOB,EER_EPJK_PF4_RGC_DPG,U.S. Gulf Coast Kerosene-Type Jet Fuel Spot Price FOB (Dollars per Gallon),0.533,$/GAL
2002-01-01,Y44MB,NA,EPLLPA,Propane,PF4,Spot Price FOB,EER_EPLLPA_PF4_Y44MB_DPG,"Mont Belvieu, TX Propane Spot Price FOB (Dollars per Gallon)",0.291,$/GAL
2002-01-01,RGC,NA,EPMRU,Conventional Regular Gasoline,PF4,Spot Price FOB,EER_EPMRU_PF4_RGC_DPG,U.S. Gulf Coast Conventional Gasoline Regular Spot Price FOB (Dollars per Gallon),0.538,$/GAL
2002-01-01,Y35NY,NEW YORK CITY,EPMRU,Conventional Regular Gasoline,PF4,Spot Price FOB,EER_EPMRU_PF4_Y35NY_DPG,New York Harbor Conventional Gasoline Regular Spot Price FOB (Dollars per Gallon),0.544,$/GAL
2002-01-01,ZEU,NA,EPCBRENT,UK Brent Crude Oil,PF4,Spot Price FOB,RBRTE,Europe Brent Spot Price FOB (Dollars per Barrel),19.42,$/BBL
2002-01-01,YCUOK,NA,EPCWTI,WTI Crude Oil,PF4,Spot Price FOB,RWTC,"Cushing, OK WTI Spot Price FOB (Dollars per Barrel)",19.72,$/BBL
2002-02-01,Y05LA,LOS ANGELES,EPD2DC,Carb Diesel,PF4,Spot Price FOB,EER_EPD2DC_PF4_Y05LA_DPG,"Los Angeles, CA Ultra-Low Sulfur CARB Diesel Spot Price (Dollars per Gallon)",0.616,$/GAL
2002-02-01,Y35NY,NEW YORK CITY,EPD2F,No 2 Fuel Oil / Heating Oil,PF4,Spot Price FOB,EER_EPD2F_PF4_Y35NY_DPG,New York Harbor No. 2 Heating Oil Spot Price FOB (Dollars per Gallon),0.541,$/GAL
2002-02-01,RGC,NA,EPJK,Kerosene-Type Jet Fuel,PF4,Spot Price FOB,EER_EPJK_PF4_RGC_DPG,U.S. Gulf Coast Kerosene-Type Jet Fuel Spot Price FOB (Dollars per Gallon),0.551,$/GAL
2002-02-01,Y44MB,NA,EPLLPA,Propane,PF4,Spot Price FOB,EER_EPLLPA_PF4_Y44MB_DPG,"Mont Belvieu, TX Propane Spot Price FOB (Dollars per Gallon)",0.313,$/GAL
2002-02-01,RGC,NA,EPMRU,Conventional Regular Gasoline,PF4,Spot Price FOB,EER_EPMRU_PF4_RGC_DPG,U.S. Gulf Coast Conventional Gasoline Regular Spot Price FOB (Dollars per Gallon),0.539,$/GAL
2002-02-01,Y35NY,NEW YORK CITY,EPMRU,Conventional Regular Gasoline,PF4,Spot Price FOB,EER_EPMRU_PF4_Y35NY_DPG,New York Harbor Conventional Gasoline Regular Spot Price FOB (Dollars per Gallon),0.553,$/GAL
2002-02-01,ZEU,NA,EPCBRENT,UK Brent Crude Oil,PF4,Spot Price FOB,RBRTE,Europe Brent Spot Price FOB (Dollars per Barrel),20.28,$/BBL
2002-02-01,YCUOK,NA,EPCWTI,WTI Crude Oil,PF4,Spot Price FOB,RWTC,"Cushing, OK WTI Spot Price FOB (Dollars per Barrel)",20.72,$/BBL
2002-03-01,Y05LA,LOS ANGELES,EPD2DC,Carb Diesel,PF4,Spot Price FOB,EER_EPD2DC_PF4_Y05LA_DPG,"Los Angeles, CA Ultra-Low Sulfur CARB Diesel Spot Price (Dollars per Gallon)",0.739,$/GAL
2002-03-01,Y35NY,NEW YORK CITY,EPD2F,No 2 Fuel Oil / Heating Oil,PF4,Spot Price FOB,EER_EPD2F_PF4_Y35NY_DPG,New York Harbor No. 2 Heating Oil Spot Price FOB (Dollars per Gallon),0.636,$/GAL
2002-03-01,RGC,NA,EPJK,Kerosene-Type Jet Fuel,PF4,Spot Price FOB,EER_EPJK_PF4_RGC_DPG,U.S. Gulf Coast Kerosene-Type Jet Fuel Spot Price FOB (Dollars per Gallon),0.63,$/GAL
2002-03-01,Y44MB,NA,EPLLPA,Propane,PF4,Spot Price FOB,EER_EPLLPA_PF4_Y44MB_DPG,"Mont Belvieu, TX Propane Spot Price FOB (Dollars per Gallon)",0.38,$/GAL
2002-03-01,RGC,NA,EPMRU,Conventional Regular Gasoline,PF4,Spot Price FOB,EER_EPMRU_PF4_RGC_DPG,U.S. Gulf Coast Conventional Gasoline Regular Spot Price FOB (Dollars per Gallon),0.714,$/GAL
2002-03-01,Y35NY,NEW YORK CITY,EPMRU,Conventional Regular Gasoline,PF4,Spot Price FOB,EER_EPMRU_PF4_Y35NY_DPG,New York Harbor Conventional Gasoline Regular Spot Price FOB (Dollars per Gallon),0.698,$/GAL
2002-03-01,ZEU,NA,EPCBRENT,UK Brent Crude Oil,PF4,Spot Price FOB,RBRTE,Europe Brent Spot Price FOB (Dollars per Barrel),23.7,$/BBL
2002-03-01,YCUOK,NA,EPCWTI,WTI Crude Oil,PF4,Spot Price FOB,RWTC,"Cushing, OK WTI Spot Price FOB (Dollars per Barrel)",24.53,$/BBL
2002-04-01,Y05LA,LOS ANGELES,EPD2DC,Carb Diesel,PF4,Spot Price FOB,EER_EPD2DC_PF4_Y05LA_DPG,"Los Angeles, CA Ultra-Low Sulfur CARB Diesel Spot Price (Dollars per Gallon)",0.726,$/GAL
2002-04-01,Y35NY,NEW YORK CITY,EPD2F,No 2 Fuel Oil / Heating Oil,PF4,Spot Price FOB,EER_EPD2F_PF4_Y35NY_DPG,New York Harbor No. 2 Heating Oil Spot Price FOB (Dollars per Gallon),0.667,$/GAL
2002-04-01,RGC,NA,EPJK,Kerosene-Type Jet Fuel,PF4,Spot Price FOB,EER_EPJK_PF4_RGC_DPG,U.S. Gulf Coast Kerosene-Type Jet Fuel Spot Price FOB (Dollars per Gallon),0.669,$/GAL
2002-04-01,Y44MB,NA,EPLLPA,Propane,PF4,Spot Price FOB,EER_EPLLPA_PF4_Y44MB_DPG,"Mont Belvieu, TX Propane Spot Price FOB (Dollars per Gallon)",0.415,$/GAL
2002-04-01,RGC,NA,EPMRU,Conventional Regular Gasoline,PF4,Spot Price FOB,EER_EPMRU_PF4_RGC_DPG,U.S. Gulf Coast Conventional Gasoline Regular Spot Price FOB (Dollars per Gallon),0.777,$/GAL
2002-04-01,Y35NY,NEW YORK CITY,EPMRU,Conventional Regular Gasoline,PF4,Spot Price FOB,EER_EPMRU_PF4_Y35NY_DPG,New York Harbor Conventional Gasoline Regular Spot Price FOB (Dollars per Gallon),0.744,$/GAL
2002-04-01,ZEU,NA,EPCBRENT,UK Brent Crude Oil,PF4,Spot Price FOB,RBRTE,Europe Brent Spot Price FOB (Dollars per Barrel),25.73,$/BBL
2002-04-01,YCUOK,NA,EPCWTI,WTI Crude Oil,PF4,Spot Price FOB,RWTC,"Cushing, OK WTI Spot Price FOB (Dollars per Barrel)",26.18,$/BBL
2002-05-01,Y05LA,LOS ANGELES,EPD2DC,Carb Diesel,PF4,Spot Price FOB,EER_EPD2DC_PF4_Y05LA_DPG,"Los Angeles, CA Ultra-Low Sulfur CARB Diesel Spot Price (Dollars per Gallon)",0.705,$/GAL
2002-05-01,Y35NY,NEW YORK CITY,EPD2F,No 2 Fuel Oil / Heating Oil,PF4,Spot Price FOB,EER_EPD2F_PF4_Y35NY_DPG,New York Harbor No. 2 Heating Oil Spot Price FOB (Dollars per Gallon),0.666,$/GAL
2002-05-01,RGC,NA,EPJK,Kerosene-Type Jet Fuel,PF4,Spot Price FOB,EER_EPJK_PF4_RGC_DPG,U.S. Gulf Coast Kerosene-Type Jet Fuel Spot Price FOB (Dollars per Gallon),0.666,$/GAL
2002-05-01,Y44MB,NA,EPLLPA,Propane,PF4,Spot Price FOB,EER_EPLLPA_PF4_Y44MB_DPG,"Mont Belvieu, TX Propane Spot Price FOB (Dollars per Gallon)",0.406,$/GAL
2002-05-01,RGC,NA,EPMRU,Conventional Regular Gasoline,PF4,Spot Price FOB,EER_EPMRU_PF4_RGC_DPG,U.S. Gulf Coast Conventional Gasoline Regular Spot Price FOB (Dollars per Gallon),0.74,$/GAL
2002-05-01,Y35NY,NEW YORK CITY,EPMRU,Conventional Regular Gasoline,PF4,Spot Price FOB,EER_EPMRU_PF4_Y35NY_DPG,New York Harbor Conventional Gasoline Regular Spot Price FOB (Dollars per Gallon),0.703,$/GAL
2002-05-01,ZEU,NA,EPCBRENT,UK Brent Crude Oil,PF4,Spot Price FOB,RBRTE,Europe Brent Spot Price FOB (Dollars per Barrel),25.35,$/BBL
2002-05-01,YCUOK,NA,EPCWTI,WTI Crude Oil,PF4,Spot Price FOB,RWTC,"Cushing, OK WTI Spot Price FOB (Dollars per Barrel)",27.04,$/BBL
2002-06-01,Y05LA,LOS ANGELES,EPD2DC,Carb Diesel,PF4,Spot Price FOB,EER_EPD2DC_PF4_Y05LA_DPG,"Los Angeles, CA Ultra-Low Sulfur CARB Diesel Spot Price (Dollars per Gallon)",0.73,$/GAL
2002-06-01,Y35NY,NEW YORK CITY,EPD2F,No 2 Fuel Oil / Heating Oil,PF4,Spot Price FOB,EER_EPD2F_PF4_Y35NY_DPG,New York Harbor No. 2 Heating Oil Spot Price FOB (Dollars per Gallon),0.646,$/GAL
2002-06-01,RGC,NA,EPJK,Kerosene-Type Jet Fuel,PF4,Spot Price FOB,EER_EPJK_PF4_RGC_DPG,U.S. Gulf Coast Kerosene-Type Jet Fuel Spot Price FOB (Dollars per Gallon),0.653,$/GAL
2002-06-01,Y44MB,NA,EPLLPA,Propane,PF4,Spot Price FOB,EER_EPLLPA_PF4_Y44MB_DPG,"Mont Belvieu, TX Propane Spot Price FOB (Dollars per Gallon)",0.375,$/GAL
2002-06-01,RGC,NA,EPMRU,Conventional Regular Gasoline,PF4,Spot Price FOB,EER_EPMRU_PF4_RGC_DPG,U.S. Gulf Coast Conventional Gasoline Regular Spot Price FOB (Dollars per Gallon),0.736,$/GAL
2002-06-01,Y35NY,NEW YORK CITY,EPMRU,Conventional Regular Gasoline,PF4,Spot Price FOB,EER_EPMRU_PF4_Y35NY_DPG,New York Harbor Conventional Gasoline Regular Spot Price FOB (Dollars per Gallon),0.717,$/GAL
2002-06-01,ZEU,NA,EPCBRENT,UK Brent Crude Oil,PF4,Spot Price FOB,RBRTE,Europe Brent Spot Price FOB (Dollars per Barrel),24.08,$/BBL
2002-06-01,YCUOK,NA,EPCWTI,WTI Crude Oil,PF4,Spot Price FOB,RWTC,"Cushing, OK WTI Spot Price FOB (Dollars per Barrel)",25.52,$/BBL
2002-07-01,Y05LA,LOS ANGELES,EPD2DC,Carb Diesel,PF4,Spot Price FOB,EER_EPD2DC_PF4_Y05LA_DPG,"Los Angeles, CA Ultra-Low Sulfur CARB Diesel Spot Price (Dollars per Gallon)",0.728,$/GAL
2002-07-01,Y35NY,NEW YORK CITY,EPD2F,No 2 Fuel Oil / Heating Oil,PF4,Spot Price FOB,EER_EPD2F_PF4_Y35NY_DPG,New York Harbor No. 2 Heating Oil Spot Price FOB (Dollars per Gallon),0.679,$/GAL
2002-07-01,RGC,NA,EPJK,Kerosene-Type Jet Fuel,PF4,Spot Price FOB,EER_EPJK_PF4_RGC_DPG,U.S. Gulf Coast Kerosene-Type Jet Fuel Spot Price FOB (Dollars per Gallon),0.691,$/GAL
2002-07-01,Y44MB,NA,EPLLPA,Propane,PF4,Spot Price FOB,EER_EPLLPA_PF4_Y44MB_DPG,"Mont Belvieu, TX Propane Spot Price FOB (Dollars per Gallon)",0.372,$/GAL
2002-07-01,RGC,NA,EPMRU,Conventional Regular Gasoline,PF4,Spot Price FOB,EER_EPMRU_PF4_RGC_DPG,U.S. Gulf Coast Conventional Gasoline Regular Spot Price FOB (Dollars per Gallon),0.756,$/GAL
2002-07-01,Y35NY,NEW YORK CITY,EPMRU,Conventional Regular Gasoline,PF4,Spot Price FOB,EER_EPMRU_PF4_Y35NY_DPG,New York Harbor Conventional Gasoline Regular Spot Price FOB (Dollars per Gallon),0.766,$/GAL
2002-07-01,ZEU,NA,EPCBRENT,UK Brent Crude Oil,PF4,Spot Price FOB,RBRTE,Europe Brent Spot Price FOB (Dollars per Barrel),25.74,$/BBL
2002-07-01,YCUOK,NA,EPCWTI,WTI Crude Oil,PF4,Spot Price FOB,RWTC,"Cushing, OK WTI Spot Price FOB (Dollars per Barrel)",26.97,$/BBL
2002-08-01,Y05LA,LOS ANGELES,EPD2DC,Carb Diesel,PF4,Spot Price FOB,EER_EPD2DC_PF4_Y05LA_DPG,"Los Angeles, CA Ultra-Low Sulfur CARB Diesel Spot Price (Dollars per Gallon)",0.811,$/GAL
2002-08-01,Y35NY,NEW YORK CITY,EPD2F,No 2 Fuel Oil / Heating Oil,PF4,Spot Price FOB,EER_EPD2F_PF4_Y35NY_DPG,New York Harbor No. 2 Heating Oil Spot Price FOB (Dollars per Gallon),0.701,$/GAL
2002-08-01,RGC,NA,EPJK,Kerosene-Type Jet Fuel,PF4,Spot Price FOB,EER_EPJK_PF4_RGC_DPG,U.S. Gulf Coast Kerosene-Type Jet Fuel Spot Price FOB (Dollars per Gallon),0.722,$/GAL
2002-08-01,Y44MB,NA,EPLLPA,Propane,PF4,Spot Price FOB,EER_EPLLPA_PF4_Y44MB_DPG,"Mont Belvieu, TX Propane Spot Price FOB (Dollars per Gallon)",0.415,$/GAL
2002-08-01,RGC,NA,EPMRU,Conventional Regular Gasoline,PF4,Spot Price FOB,EER_EPMRU_PF4_RGC_DPG,U.S. Gulf Coast Conventional Gasoline Regular Spot Price FOB (Dollars per Gallon),0.75,$/GAL
2002-08-01,Y35NY,NEW YORK CITY,EPMRU,Conventional Regular Gasoline,PF4,Spot Price FOB,EER_EPMRU_PF4_Y35NY_DPG,New York Harbor Conventional Gasoline Regular Spot Price FOB (Dollars per Gallon),0.769,$/GAL
2002-08-01,ZEU,NA,EPCBRENT,UK Brent Crude Oil,PF4,Spot Price FOB,RBRTE,Europe Brent Spot Price FOB (Dollars per Barrel),26.65,$/BBL
2002-08-01,YCUOK,NA,EPCWTI,WTI Crude Oil,PF4,Spot Price FOB,RWTC,"Cushing, OK WTI Spot Price FOB (Dollars per Barrel)",28.39,$/BBL
2002-09-01,Y05LA,LOS ANGELES,EPD2DC,Carb Diesel,PF4,Spot Price FOB,EER_EPD2DC_PF4_Y05LA_DPG,"Los Angeles, CA Ultra-Low Sulfur CARB Diesel Spot Price (Dollars per Gallon)",0.893,$/GAL
2002-09-01,Y35NY,NEW YORK CITY,EPD2F,No 2 Fuel Oil / Heating Oil,PF4,Spot Price FOB,EER_EPD2F_PF4_Y35NY_DPG,New York Harbor No. 2 Heating Oil Spot Price FOB (Dollars per Gallon),0.773,$/GAL
2002-09-01,RGC,NA,EPJK,Kerosene-Type Jet Fuel,PF4,Spot Price FOB,EER_EPJK_PF4_RGC_DPG,U.S. Gulf Coast Kerosene-Type Jet Fuel Spot Price FOB (Dollars per Gallon),0.8,$/GAL
2002-09-01,Y44MB,NA,EPLLPA,Propane,PF4,Spot Price FOB,EER_EPLLPA_PF4_Y44MB_DPG,"Mont Belvieu, TX Propane Spot Price FOB (Dollars per Gallon)",0.471,$/GAL
2002-09-01,RGC,NA,EPMRU,Conventional Regular Gasoline,PF4,Spot Price FOB,EER_EPMRU_PF4_RGC_DPG,U.S. Gulf Coast Conventional Gasoline Regular Spot Price FOB (Dollars per Gallon),0.776,$/GAL
2002-09-01,Y35NY,NEW YORK CITY,EPMRU,Conventional Regular Gasoline,PF4,Spot Price FOB,EER_EPMRU_PF4_Y35NY_DPG,New York Harbor Conventional Gasoline Regular Spot Price FOB (Dollars per Gallon),0.778,$/GAL
2002-09-01,ZEU,NA,EPCBRENT,UK Brent Crude Oil,PF4,Spot Price FOB,RBRTE,Europe Brent Spot Price FOB (Dollars per Barrel),28.4,$/BBL
2002-09-01,YCUOK,NA,EPCWTI,WTI Crude Oil,PF4,Spot Price FOB,RWTC,"Cushing, OK WTI Spot Price FOB (Dollars per Barrel)",29.66,$/BBL
2002-10-01,Y05LA,LOS ANGELES,EPD2DC,Carb Diesel,PF4,Spot Price FOB,EER_EPD2DC_PF4_Y05LA_DPG,"Los Angeles, CA Ultra-Low Sulfur CARB Diesel Spot Price (Dollars per Gallon)",0.84,$/GAL
2002-10-01,Y35NY,NEW YORK CITY,EPD2F,No 2 Fuel Oil / Heating Oil,PF4,Spot Price FOB,EER_EPD2F_PF4_Y35NY_DPG,New York Harbor No. 2 Heating Oil Spot Price FOB (Dollars per Gallon),0.768,$/GAL
2002-10-01,RGC,NA,EPJK,Kerosene-Type Jet Fuel,PF4,Spot Price FOB,EER_EPJK_PF4_RGC_DPG,U.S. Gulf Coast Kerosene-Type Jet Fuel Spot Price FOB (Dollars per Gallon),0.79,$/GAL
2002-10-01,Y44MB,NA,EPLLPA,Propane,PF4,Spot Price FOB,EER_EPLLPA_PF4_Y44MB_DPG,"Mont Belvieu, TX Propane Spot Price FOB (Dollars per Gallon)",0.479,$/GAL
2002-10-01,RGC,NA,EPMRU,Conventional Regular Gasoline,PF4,Spot Price FOB,EER_EPMRU_PF4_RGC_DPG,U.S. Gulf Coast Conventional Gasoline Regular Spot Price FOB (Dollars per Gallon),0.826,$/GAL
2002-10-01,Y35NY,NEW YORK CITY,EPMRU,Conventional Regular Gasoline,PF4,Spot Price FOB,EER_EPMRU_PF4_Y35NY_DPG,New York Harbor Conventional Gasoline Regular Spot Price FOB (Dollars per Gallon),0.826,$/GAL
2002-10-01,ZEU,NA,EPCBRENT,UK Brent Crude Oil,PF4,Spot Price FOB,RBRTE,Europe Brent Spot Price FOB (Dollars per Barrel),27.54,$/BBL
2002-10-01,YCUOK,NA,EPCWTI,WTI Crude Oil,PF4,Spot Price FOB,RWTC,"Cushing, OK WTI Spot Price FOB (Dollars per Barrel)",28.84,$/BBL
2002-11-01,Y05LA,LOS ANGELES,EPD2DC,Carb Diesel,PF4,Spot Price FOB,EER_EPD2DC_PF4_Y05LA_DPG,"Los Angeles, CA Ultra-Low Sulfur CARB Diesel Spot Price (Dollars per Gallon)",0.801,$/GAL
2002-11-01,Y35NY,NEW YORK CITY,EPD2F,No 2 Fuel Oil / Heating Oil,PF4,Spot Price FOB,EER_EPD2F_PF4_Y35NY_DPG,New York Harbor No. 2 Heating Oil Spot Price FOB (Dollars per Gallon),0.72,$/GAL
2002-11-01,RGC,NA,EPJK,Kerosene-Type Jet Fuel,PF4,Spot Price FOB,EER_EPJK_PF4_RGC_DPG,U.S. Gulf Coast Kerosene-Type Jet Fuel Spot Price FOB (Dollars per Gallon),0.708,$/GAL
2002-11-01,Y44MB,NA,EPLLPA,Propane,PF4,Spot Price FOB,EER_EPLLPA_PF4_Y44MB_DPG,"Mont Belvieu, TX Propane Spot Price FOB (Dollars per Gallon)",0.472,$/GAL
2002-11-01,RGC,NA,EPMRU,Conventional Regular Gasoline,PF4,Spot Price FOB,EER_EPMRU_PF4_RGC_DPG,U.S. Gulf Coast Conventional Gasoline Regular Spot Price FOB (Dollars per Gallon),0.691,$/GAL
2002-11-01,Y35NY,NEW YORK CITY,EPMRU,Conventional Regular Gasoline,PF4,Spot Price FOB,EER_EPMRU_PF4_Y35NY_DPG,New York Harbor Conventional Gasoline Regular Spot Price FOB (Dollars per Gallon),0.766,$/GAL
2002-11-01,ZEU,NA,EPCBRENT,UK Brent Crude Oil,PF4,Spot Price FOB,RBRTE,Europe Brent Spot Price FOB (Dollars per Barrel),24.34,$/BBL
2002-11-01,YCUOK,NA,EPCWTI,WTI Crude Oil,PF4,Spot Price FOB,RWTC,"Cushing, OK WTI Spot Price FOB (Dollars per Barrel)",26.35,$/BBL
2002-12-01,Y05LA,LOS ANGELES,EPD2DC,Carb Diesel,PF4,Spot Price FOB,EER_EPD2DC_PF4_Y05LA_DPG,"Los Angeles, CA Ultra-Low Sulfur CARB Diesel Spot Price (Dollars per Gallon)",0.844,$/GAL
2002-12-01,Y35NY,NEW YORK CITY,EPD2F,No 2 Fuel Oil / Heating Oil,PF4,Spot Price FOB,EER_EPD2F_PF4_Y35NY_DPG,New York Harbor No. 2 Heating Oil Spot Price FOB (Dollars per Gallon),0.821,$/GAL
2002-12-01,RGC,NA,EPJK,Kerosene-Type Jet Fuel,PF4,Spot Price FOB,EER_EPJK_PF4_RGC_DPG,U.S. Gulf Coast Kerosene-Type Jet Fuel Spot Price FOB (Dollars per Gallon),0.811,$/GAL
2002-12-01,Y44MB,NA,EPLLPA,Propane,PF4,Spot Price FOB,EER_EPLLPA_PF4_Y44MB_DPG,"Mont Belvieu, TX Propane Spot Price FOB (Dollars per Gallon)",0.523,$/GAL
2002-12-01,RGC,NA,EPMRU,Conventional Regular Gasoline,PF4,Spot Price FOB,EER_EPMRU_PF4_RGC_DPG,U.S. Gulf Coast Conventional Gasoline Regular Spot Price FOB (Dollars per Gallon),0.78,$/GAL
2002-12-01,Y35NY,NEW YORK CITY,EPMRU,Conventional Regular Gasoline,PF4,Spot Price FOB,EER_EPMRU_PF4_Y35NY_DPG,New York Harbor Conventional Gasoline Regular Spot Price FOB (Dollars per Gallon),0.808,$/GAL
2002-12-01,ZEU,NA,EPCBRENT,UK Brent Crude Oil,PF4,Spot Price FOB,RBRTE,Europe Brent Spot Price FOB (Dollars per Barrel),28.33,$/BBL
2002-12-01,YCUOK,NA,EPCWTI,WTI Crude Oil,PF4,Spot Price FOB,RWTC,"Cushing, OK WTI Spot Price FOB (Dollars per Barrel)",29.46,$/BBL
2003-01-01,Y05LA,LOS ANGELES,EPD2DC,Carb Diesel,PF4,Spot Price FOB,EER_EPD2DC_PF4_Y05LA_DPG,"Los Angeles, CA Ultra-Low Sulfur CARB Diesel Spot Price (Dollars per Gallon)",0.898,$/GAL
2003-01-01,Y35NY,NEW YORK CITY,EPD2F,No 2 Fuel Oil / Heating Oil,PF4,Spot Price FOB,EER_EPD2F_PF4_Y35NY_DPG,New York Harbor No. 2 Heating Oil Spot Price FOB (Dollars per Gallon),0.905,$/GAL
2003-01-01,RGC,NA,EPJK,Kerosene-Type Jet Fuel,PF4,Spot Price FOB,EER_EPJK_PF4_RGC_DPG,U.S. Gulf Coast Kerosene-Type Jet Fuel Spot Price FOB (Dollars per Gallon),0.887,$/GAL
2003-01-01,Y44MB,NA,EPLLPA,Propane,PF4,Spot Price FOB,EER_EPLLPA_PF4_Y44MB_DPG,"Mont Belvieu, TX Propane Spot Price FOB (Dollars per Gallon)",0.606,$/GAL
2003-01-01,RGC,NA,EPMRU,Conventional Regular Gasoline,PF4,Spot Price FOB,EER_EPMRU_PF4_RGC_DPG,U.S. Gulf Coast Conventional Gasoline Regular Spot Price FOB (Dollars per Gallon),0.879,$/GAL
2003-01-01,Y35NY,NEW YORK CITY,EPMRU,Conventional Regular Gasoline,PF4,Spot Price FOB,EER_EPMRU_PF4_Y35NY_DPG,New York Harbor Conventional Gasoline Regular Spot Price FOB (Dollars per Gallon),0.879,$/GAL
2003-01-01,ZEU,NA,EPCBRENT,UK Brent Crude Oil,PF4,Spot Price FOB,RBRTE,Europe Brent Spot Price FOB (Dollars per Barrel),31.18,$/BBL
2003-01-01,YCUOK,NA,EPCWTI,WTI Crude Oil,PF4,Spot Price FOB,RWTC,"Cushing, OK WTI Spot Price FOB (Dollars per Barrel)",32.95,$/BBL
2003-02-01,Y05LA,LOS ANGELES,EPD2DC,Carb Diesel,PF4,Spot Price FOB,EER_EPD2DC_PF4_Y05LA_DPG,"Los Angeles, CA Ultra-Low Sulfur CARB Diesel Spot Price (Dollars per Gallon)",1.073,$/GAL
2003-02-01,Y35NY,NEW YORK CITY,EPD2F,No 2 Fuel Oil / Heating Oil,PF4,Spot Price FOB,EER_EPD2F_PF4_Y35NY_DPG,New York Harbor No. 2 Heating Oil Spot Price FOB (Dollars per Gallon),1.129,$/GAL
2003-02-01,RGC,NA,EPJK,Kerosene-Type Jet Fuel,PF4,Spot Price FOB,EER_EPJK_PF4_RGC_DPG,U.S. Gulf Coast Kerosene-Type Jet Fuel Spot Price FOB (Dollars per Gallon),1.055,$/GAL
2003-02-01,Y44MB,NA,EPLLPA,Propane,PF4,Spot Price FOB,EER_EPLLPA_PF4_Y44MB_DPG,"Mont Belvieu, TX Propane Spot Price FOB (Dollars per Gallon)",0.775,$/GAL
2003-02-01,RGC,NA,EPMRU,Conventional Regular Gasoline,PF4,Spot Price FOB,EER_EPMRU_PF4_RGC_DPG,U.S. Gulf Coast Conventional Gasoline Regular Spot Price FOB (Dollars per Gallon),1.006,$/GAL
2003-02-01,Y35NY,NEW YORK CITY,EPMRU,Conventional Regular Gasoline,PF4,Spot Price FOB,EER_EPMRU_PF4_Y35NY_DPG,New York Harbor Conventional Gasoline Regular Spot Price FOB (Dollars per Gallon),0.996,$/GAL
2003-02-01,ZEU,NA,EPCBRENT,UK Brent Crude Oil,PF4,Spot Price FOB,RBRTE,Europe Brent Spot Price FOB (Dollars per Barrel),32.77,$/BBL
2003-02-01,YCUOK,NA,EPCWTI,WTI Crude Oil,PF4,Spot Price FOB,RWTC,"Cushing, OK WTI Spot Price FOB (Dollars per Barrel)",35.83,$/BBL
2003-03-01,Y05LA,LOS ANGELES,EPD2DC,Carb Diesel,PF4,Spot Price FOB,EER_EPD2DC_PF4_Y05LA_DPG,"Los Angeles, CA Ultra-Low Sulfur CARB Diesel Spot Price (Dollars per Gallon)",1.04,$/GAL
2003-03-01,Y35NY,NEW YORK CITY,EPD2F,No 2 Fuel Oil / Heating Oil,PF4,Spot Price FOB,EER_EPD2F_PF4_Y35NY_DPG,New York Harbor No. 2 Heating Oil Spot Price FOB (Dollars per Gallon),0.988,$/GAL
2003-03-01,RGC,NA,EPJK,Kerosene-Type Jet Fuel,PF4,Spot Price FOB,EER_EPJK_PF4_RGC_DPG,U.S. Gulf Coast Kerosene-Type Jet Fuel Spot Price FOB (Dollars per Gallon),0.893,$/GAL
2003-03-01,Y44MB,NA,EPLLPA,Propane,PF4,Spot Price FOB,EER_EPLLPA_PF4_Y44MB_DPG,"Mont Belvieu, TX Propane Spot Price FOB (Dollars per Gallon)",0.623,$/GAL
2003-03-01,RGC,NA,EPMRU,Conventional Regular Gasoline,PF4,Spot Price FOB,EER_EPMRU_PF4_RGC_DPG,U.S. Gulf Coast Conventional Gasoline Regular Spot Price FOB (Dollars per Gallon),0.963,$/GAL
2003-03-01,Y35NY,NEW YORK CITY,EPMRU,Conventional Regular Gasoline,PF4,Spot Price FOB,EER_EPMRU_PF4_Y35NY_DPG,New York Harbor Conventional Gasoline Regular Spot Price FOB (Dollars per Gallon),0.955,$/GAL
2003-03-01,ZEU,NA,EPCBRENT,UK Brent Crude Oil,PF4,Spot Price FOB,RBRTE,Europe Brent Spot Price FOB (Dollars per Barrel),30.61,$/BBL
2003-03-01,YCUOK,NA,EPCWTI,WTI Crude Oil,PF4,Spot Price FOB,RWTC,"Cushing, OK WTI Spot Price FOB (Dollars per Barrel)",33.51,$/BBL
2003-04-01,Y05LA,LOS ANGELES,EPD2DC,Carb Diesel,PF4,Spot Price FOB,EER_EPD2DC_PF4_Y05LA_DPG,"Los Angeles, CA Ultra-Low Sulfur CARB Diesel Spot Price (Dollars per Gallon)",0.814,$/GAL
2003-04-01,Y35NY,NEW YORK CITY,EPD2F,No 2 Fuel Oil / Heating Oil,PF4,Spot Price FOB,EER_EPD2F_PF4_Y35NY_DPG,New York Harbor No. 2 Heating Oil Spot Price FOB (Dollars per Gallon),0.796,$/GAL
2003-04-01,RGC,NA,EPJK,Kerosene-Type Jet Fuel,PF4,Spot Price FOB,EER_EPJK_PF4_RGC_DPG,U.S. Gulf Coast Kerosene-Type Jet Fuel Spot Price FOB (Dollars per Gallon),0.743,$/GAL
2003-04-01,Y44MB,NA,EPLLPA,Propane,PF4,Spot Price FOB,EER_EPLLPA_PF4_Y44MB_DPG,"Mont Belvieu, TX Propane Spot Price FOB (Dollars per Gallon)",0.504,$/GAL
2003-04-01,RGC,NA,EPMRU,Conventional Regular Gasoline,PF4,Spot Price FOB,EER_EPMRU_PF4_RGC_DPG,U.S. Gulf Coast Conventional Gasoline Regular Spot Price FOB (Dollars per Gallon),0.81,$/GAL
2003-04-01,Y35NY,NEW YORK CITY,EPMRU,Conventional Regular Gasoline,PF4,Spot Price FOB,EER_EPMRU_PF4_Y35NY_DPG,New York Harbor Conventional Gasoline Regular Spot Price FOB (Dollars per Gallon),0.799,$/GAL
2003-04-01,ZEU,NA,EPCBRENT,UK Brent Crude Oil,PF4,Spot Price FOB,RBRTE,Europe Brent Spot Price FOB (Dollars per Barrel),25.0,$/BBL
2003-04-01,YCUOK,NA,EPCWTI,WTI Crude Oil,PF4,Spot Price FOB,RWTC,"Cushing, OK WTI Spot Price FOB (Dollars per Barrel)",28.17,$/BBL
2003-05-01,Y05LA,LOS ANGELES,EPD2DC,Carb Diesel,PF4,Spot Price FOB,EER_EPD2DC_PF4_Y05LA_DPG,"Los Angeles, CA Ultra-Low Sulfur CARB Diesel Spot Price (Dollars per Gallon)",0.777,$/GAL
2003-05-01,Y35NY,NEW YORK CITY,EPD2F,No 2 Fuel Oil / Heating Oil,PF4,Spot Price FOB,EER_EPD2F_PF4_Y35NY_DPG,New York Harbor No. 2 Heating Oil Spot Price FOB (Dollars per Gallon),0.741,$/GAL
2003-05-01,RGC,NA,EPJK,Kerosene-Type Jet Fuel,PF4,Spot Price FOB,EER_EPJK_PF4_RGC_DPG,U.S. Gulf Coast Kerosene-Type Jet Fuel Spot Price FOB (Dollars per Gallon),0.714,$/GAL
2003-05-01,Y44MB,NA,EPLLPA,Propane,PF4,Spot Price FOB,EER_EPLLPA_PF4_Y44MB_DPG,"Mont Belvieu, TX Propane Spot Price FOB (Dollars per Gallon)",0.541,$/GAL
2003-05-01,RGC,NA,EPMRU,Conventional Regular Gasoline,PF4,Spot Price FOB,EER_EPMRU_PF4_RGC_DPG,U.S. Gulf Coast Conventional Gasoline Regular Spot Price FOB (Dollars per Gallon),0.783,$/GAL
2003-05-01,Y35NY,NEW YORK CITY,EPMRU,Conventional Regular Gasoline,PF4,Spot Price FOB,EER_EPMRU_PF4_Y35NY_DPG,New York Harbor Conventional Gasoline Regular Spot Price FOB (Dollars per Gallon),0.76,$/GAL
2003-05-01,ZEU,NA,EPCBRENT,UK Brent Crude Oil,PF4,Spot Price FOB,RBRTE,Europe Brent Spot Price FOB (Dollars per Barrel),25.86,$/BBL
2003-05-01,YCUOK,NA,EPCWTI,WTI Crude Oil,PF4,Spot Price FOB,RWTC,"Cushing, OK WTI Spot Price FOB (Dollars per Barrel)",28.11,$/BBL
2003-06-01,Y05LA,LOS ANGELES,EPD2DC,Carb Diesel,PF4,Spot Price FOB,EER_EPD2DC_PF4_Y05LA_DPG,"Los Angeles, CA Ultra-Low Sulfur CARB Diesel Spot Price (Dollars per Gallon)",0.839,$/GAL
2003-06-01,Y35NY,NEW YORK CITY,EPD2F,No 2 Fuel Oil / Heating Oil,PF4,Spot Price FOB,EER_EPD2F_PF4_Y35NY_DPG,New York Harbor No. 2 Heating Oil Spot Price FOB (Dollars per Gallon),0.759,$/GAL
2003-06-01,RGC,NA,EPJK,Kerosene-Type Jet Fuel,PF4,Spot Price FOB,EER_EPJK_PF4_RGC_DPG,U.S. Gulf Coast Kerosene-Type Jet Fuel Spot Price FOB (Dollars per Gallon),0.748,$/GAL
2003-06-01,Y44MB,NA,EPLLPA,Propane,PF4,Spot Price FOB,EER_EPLLPA_PF4_Y44MB_DPG,"Mont Belvieu, TX Propane Spot Price FOB (Dollars per Gallon)",0.559,$/GAL
2003-06-01,Y05LA,LOS ANGELES,EPMRR,Reformulated Regular Gasoline,PF4,Spot Price FOB,EER_EPMRR_PF4_Y05LA_DPG,Los Angeles Reformulated RBOB Regular Gasoline Spot Price (Dollars per Gallon),1.072,$/GAL
2003-06-01,RGC,NA,EPMRU,Conventional Regular Gasoline,PF4,Spot Price FOB,EER_EPMRU_PF4_RGC_DPG,U.S. Gulf Coast Conventional Gasoline Regular Spot Price FOB (Dollars per Gallon),0.826,$/GAL
2003-06-01,Y35NY,NEW YORK CITY,EPMRU,Conventional Regular Gasoline,PF4,Spot Price FOB,EER_EPMRU_PF4_Y35NY_DPG,New York Harbor Conventional Gasoline Regular Spot Price FOB (Dollars per Gallon),0.808,$/GAL
2003-06-01,ZEU,NA,EPCBRENT,UK Brent Crude Oil,PF4,Spot Price FOB,RBRTE,Europe Brent Spot Price FOB (Dollars per Barrel),27.65,$/BBL
2003-06-01,YCUOK,NA,EPCWTI,WTI Crude Oil,PF4,Spot Price FOB,RWTC,"Cushing, OK WTI Spot Price FOB (Dollars per Barrel)",30.66,$/BBL
2003-07-01,Y05LA,LOS ANGELES,EPD2DC,Carb Diesel,PF4,Spot Price FOB,EER_EPD2DC_PF4_Y05LA_DPG,"Los Angeles, CA Ultra-Low Sulfur CARB Diesel Spot Price (Dollars per Gallon)",0.914,$/GAL
2003-07-01,Y35NY,NEW YORK CITY,EPD2F,No 2 Fuel Oil / Heating Oil,PF4,Spot Price FOB,EER_EPD2F_PF4_Y35NY_DPG,New York Harbor No. 2 Heating Oil Spot Price FOB (Dollars per Gallon),0.786,$/GAL
2003-07-01,RGC,NA,EPJK,Kerosene-Type Jet Fuel,PF4,Spot Price FOB,EER_EPJK_PF4_RGC_DPG,U.S. Gulf Coast Kerosene-Type Jet Fuel Spot Price FOB (Dollars per Gallon),0.78,$/GAL
2003-07-01,Y44MB,NA,EPLLPA,Propane,PF4,Spot Price FOB,EER_EPLLPA_PF4_Y44MB_DPG,"Mont Belvieu, TX Propane Spot Price FOB (Dollars per Gallon)",0.53,$/GAL
2003-07-01,Y05LA,LOS ANGELES,EPMRR,Reformulated Regular Gasoline,PF4,Spot Price FOB,EER_EPMRR_PF4_Y05LA_DPG,Los Angeles Reformulated RBOB Regular Gasoline Spot Price (Dollars per Gallon),0.965,$/GAL
2003-07-01,RGC,NA,EPMRU,Conventional Regular Gasoline,PF4,Spot Price FOB,EER_EPMRU_PF4_RGC_DPG,U.S. Gulf Coast Conventional Gasoline Regular Spot Price FOB (Dollars per Gallon),0.885,$/GAL
2003-07-01,Y35NY,NEW YORK CITY,EPMRU,Conventional Regular Gasoline,PF4,Spot Price FOB,EER_EPMRU_PF4_Y35NY_DPG,New York Harbor Conventional Gasoline Regular Spot Price FOB (Dollars per Gallon),0.873,$/GAL
2003-07-01,ZEU,NA,EPCBRENT,UK Brent Crude Oil,PF4,Spot Price FOB,RBRTE,Europe Brent Spot Price FOB (Dollars per Barrel),28.35,$/BBL
2003-07-01,YCUOK,NA,EPCWTI,WTI Crude Oil,PF4,Spot Price FOB,RWTC,"Cushing, OK WTI Spot Price FOB (Dollars per Barrel)",30.76,$/BBL
2003-08-01,Y05LA,LOS ANGELES,EPD2DC,Carb Diesel,PF4,Spot Price FOB,EER_EPD2DC_PF4_Y05LA_DPG,"Los Angeles, CA Ultra-Low Sulfur CARB Diesel Spot Price (Dollars per Gallon)",0.975,$/GAL
2003-08-01,Y35NY,NEW YORK CITY,EPD2F,No 2 Fuel Oil / Heating Oil,PF4,Spot Price FOB,EER_EPD2F_PF4_Y35NY_DPG,New York Harbor No. 2 Heating Oil Spot Price FOB (Dollars per Gallon),0.816,$/GAL
2003-08-01,RGC,NA,EPJK,Kerosene-Type Jet Fuel,PF4,Spot Price FOB,EER_EPJK_PF4_RGC_DPG,U.S. Gulf Coast Kerosene-Type Jet Fuel Spot Price FOB (Dollars per Gallon),0.823,$/GAL
2003-08-01,Y44MB,NA,EPLLPA,Propane,PF4,Spot Price FOB,EER_EPLLPA_PF4_Y44MB_DPG,"Mont Belvieu, TX Propane Spot Price FOB (Dollars per Gallon)",0.548,$/GAL
2003-08-01,Y05LA,LOS ANGELES,EPMRR,Reformulated Regular Gasoline,PF4,Spot Price FOB,EER_EPMRR_PF4_Y05LA_DPG,Los Angeles Reformulated RBOB Regular Gasoline Spot Price (Dollars per Gallon),1.315,$/GAL
2003-08-01,RGC,NA,EPMRU,Conventional Regular Gasoline,PF4,Spot Price FOB,EER_EPMRU_PF4_RGC_DPG,U.S. Gulf Coast Conventional Gasoline Regular Spot Price FOB (Dollars per Gallon),0.982,$/GAL
2003-08-01,Y35NY,NEW YORK CITY,EPMRU,Conventional Regular Gasoline,PF4,Spot Price FOB,EER_EPMRU_PF4_Y35NY_DPG,New York Harbor Conventional Gasoline Regular Spot Price FOB (Dollars per Gallon),1.007,$/GAL
2003-08-01,ZEU,NA,EPCBRENT,UK Brent Crude Oil,PF4,Spot Price FOB,RBRTE,Europe Brent Spot Price FOB (Dollars per Barrel),29.89,$/BBL
2003-08-01,YCUOK,NA,EPCWTI,WTI Crude Oil,PF4,Spot Price FOB,RWTC,"Cushing, OK WTI Spot Price FOB (Dollars per Barrel)",31.57,$/BBL
2003-09-01,Y05LA,LOS ANGELES,EPD2DC,Carb Diesel,PF4,Spot Price FOB,EER_EPD2DC_PF4_Y05LA_DPG,"Los Angeles, CA Ultra-Low Sulfur CARB Diesel Spot Price (Dollars per Gallon)",0.835,$/GAL
2003-09-01,Y35NY,NEW YORK CITY,EPD2F,No 2 Fuel Oil / Heating Oil,PF4,Spot Price FOB,EER_EPD2F_PF4_Y35NY_DPG,New York Harbor No. 2 Heating Oil Spot Price FOB (Dollars per Gallon),0.736,$/GAL
2003-09-01,RGC,NA,EPJK,Kerosene-Type Jet Fuel,PF4,Spot Price FOB,EER_EPJK_PF4_RGC_DPG,U.S. Gulf Coast Kerosene-Type Jet Fuel Spot Price FOB (Dollars per Gallon),0.738,$/GAL
2003-09-01,Y44MB,NA,EPLLPA,Propane,PF4,Spot Price FOB,EER_EPLLPA_PF4_Y44MB_DPG,"Mont Belvieu, TX Propane Spot Price FOB (Dollars per Gallon)",0.519,$/GAL
2003-09-01,Y05LA,LOS ANGELES,EPMRR,Reformulated Regular Gasoline,PF4,Spot Price FOB,EER_EPMRR_PF4_Y05LA_DPG,Los Angeles Reformulated RBOB Regular Gasoline Spot Price (Dollars per Gallon),0.949,$/GAL
2003-09-01,RGC,NA,EPMRU,Conventional Regular Gasoline,PF4,Spot Price FOB,EER_EPMRU_PF4_RGC_DPG,U.S. Gulf Coast Conventional Gasoline Regular Spot Price FOB (Dollars per Gallon),0.81,$/GAL
2003-09-01,Y35NY,NEW YORK CITY,EPMRU,Conventional Regular Gasoline,PF4,Spot Price FOB,EER_EPMRU_PF4_Y35NY_DPG,New York Harbor Conventional Gasoline Regular Spot Price FOB (Dollars per Gallon),0.903,$/GAL
2003-09-01,ZEU,NA,EPCBRENT,UK Brent Crude Oil,PF4,Spot Price FOB,RBRTE,Europe Brent Spot Price FOB (Dollars per Barrel),27.11,$/BBL
2003-09-01,YCUOK,NA,EPCWTI,WTI Crude Oil,PF4,Spot Price FOB,RWTC,"Cushing, OK WTI Spot Price FOB (Dollars per Barrel)",28.31,$/BBL
2003-10-01,Y05LA,LOS ANGELES,EPD2DC,Carb Diesel,PF4,Spot Price FOB,EER_EPD2DC_PF4_Y05LA_DPG,"Los Angeles, CA Ultra-Low Sulfur CARB Diesel Spot Price (Dollars per Gallon)",0.897,$/GAL
2003-10-01,Y35NY,NEW YORK CITY,EPD2F,No 2 Fuel Oil / Heating Oil,PF4,Spot Price FOB,EER_EPD2F_PF4_Y35NY_DPG,New York Harbor No. 2 Heating Oil Spot Price FOB (Dollars per Gallon),0.82,$/GAL
2003-10-01,RGC,NA,EPJK,Kerosene-Type Jet Fuel,PF4,Spot Price FOB,EER_EPJK_PF4_RGC_DPG,U.S. Gulf Coast Kerosene-Type Jet Fuel Spot Price FOB (Dollars per Gallon),0.82,$/GAL
2003-10-01,Y44MB,NA,EPLLPA,Propane,PF4,Spot Price FOB,EER_EPLLPA_PF4_Y44MB_DPG,"Mont Belvieu, TX Propane Spot Price FOB (Dollars per Gallon)",0.553,$/GAL
2003-10-01,Y05LA,LOS ANGELES,EPMRR,Reformulated Regular Gasoline,PF4,Spot Price FOB,EER_EPMRR_PF4_Y05LA_DPG,Los Angeles Reformulated RBOB Regular Gasoline Spot Price (Dollars per Gallon),0.996,$/GAL
2003-10-01,RGC,NA,EPMRU,Conventional Regular Gasoline,PF4,Spot Price FOB,EER_EPMRU_PF4_RGC_DPG,U.S. Gulf Coast Conventional Gasoline Regular Spot Price FOB (Dollars per Gallon),0.844,$/GAL
2003-10-01,Y35NY,NEW YORK CITY,EPMRU,Conventional Regular Gasoline,PF4,Spot Price FOB,EER_EPMRU_PF4_Y35NY_DPG,New York Harbor Conventional Gasoline Regular Spot Price FOB (Dollars per Gallon),0.875,$/GAL
2003-10-01,ZEU,NA,EPCBRENT,UK Brent Crude Oil,PF4,Spot Price FOB,RBRTE,Europe Brent Spot Price FOB (Dollars per Barrel),29.61,$/BBL
2003-10-01,YCUOK,NA,EPCWTI,WTI Crude Oil,PF4,Spot Price FOB,RWTC,"Cushing, OK WTI Spot Price FOB (Dollars per Barrel)",30.34,$/BBL
2003-11-01,Y05LA,LOS ANGELES,EPD2DC,Carb Diesel,PF4,Spot Price FOB,EER_EPD2DC_PF4_Y05LA_DPG,"Los Angeles, CA Ultra-Low Sulfur CARB Diesel Spot Price (Dollars per Gallon)",0.939,$/GAL
2003-11-01,Y35NY,NEW YORK CITY,EPD2F,No 2 Fuel Oil / Heating Oil,PF4,Spot Price FOB,EER_EPD2F_PF4_Y35NY_DPG,New York Harbor No. 2 Heating Oil Spot Price FOB (Dollars per Gallon),0.835,$/GAL
2003-11-01,RGC,NA,EPJK,Kerosene-Type Jet Fuel,PF4,Spot Price FOB,EER_EPJK_PF4_RGC_DPG,U.S. Gulf Coast Kerosene-Type Jet Fuel Spot Price FOB (Dollars per Gallon),0.831,$/GAL
2003-11-01,Y44MB,NA,EPLLPA,Propane,PF4,Spot Price FOB,EER_EPLLPA_PF4_Y44MB_DPG,"Mont Belvieu, TX Propane Spot Price FOB (Dollars per Gallon)",0.547,$/GAL
2003-11-01,Y05LA,LOS ANGELES,EPMRR,Reformulated Regular Gasoline,PF4,Spot Price FOB,EER_EPMRR_PF4_Y05LA_DPG,Los Angeles Reformulated RBOB Regular Gasoline Spot Price (Dollars per Gallon),1.02,$/GAL
2003-11-01,RGC,NA,EPMRU,Conventional Regular Gasoline,PF4,Spot Price FOB,EER_EPMRU_PF4_RGC_DPG,U.S. Gulf Coast Conventional Gasoline Regular Spot Price FOB (Dollars per Gallon),0.82,$/GAL
2003-11-01,Y35NY,NEW YORK CITY,EPMRU,Conventional Regular Gasoline,PF4,Spot Price FOB,EER_EPMRU_PF4_Y35NY_DPG,New York Harbor Conventional Gasoline Regular Spot Price FOB (Dollars per Gallon),0.882,$/GAL
2003-11-01,ZEU,NA,EPCBRENT,UK Brent Crude Oil,PF4,Spot Price FOB,RBRTE,Europe Brent Spot Price FOB (Dollars per Barrel),28.75,$/BBL
2003-11-01,YCUOK,NA,EPCWTI,WTI Crude Oil,PF4,Spot Price FOB,RWTC,"Cushing, OK WTI Spot Price FOB (Dollars per Barrel)",31.11,$/BBL
2003-12-01,Y05LA,LOS ANGELES,EPD2DC,Carb Diesel,PF4,Spot Price FOB,EER_EPD2DC_PF4_Y05LA_DPG,"Los Angeles, CA Ultra-Low Sulfur CARB Diesel Spot Price (Dollars per Gallon)",0.975,$/GAL
2003-12-01,Y35NY,NEW YORK CITY,EPD2F,No 2 Fuel Oil / Heating Oil,PF4,Spot Price FOB,EER_EPD2F_PF4_Y35NY_DPG,New York Harbor No. 2 Heating Oil Spot Price FOB (Dollars per Gallon),0.891,$/GAL
2003-12-01,RGC,NA,EPJK,Kerosene-Type Jet Fuel,PF4,Spot Price FOB,EER_EPJK_PF4_RGC_DPG,U.S. Gulf Coast Kerosene-Type Jet Fuel Spot Price FOB (Dollars per Gallon),0.876,$/GAL
2003-12-01,Y44MB,NA,EPLLPA,Propane,PF4,Spot Price FOB,EER_EPLLPA_PF4_Y44MB_DPG,"Mont Belvieu, TX Propane Spot Price FOB (Dollars per Gallon)",0.628,$/GAL
2003-12-01,Y05LA,LOS ANGELES,EPMRR,Reformulated Regular Gasoline,PF4,Spot Price FOB,EER_EPMRR_PF4_Y05LA_DPG,Los Angeles Reformulated RBOB Regular Gasoline Spot Price (Dollars per Gallon),0.959,$/GAL
2003-12-01,RGC,NA,EPMRU,Conventional Regular Gasoline,PF4,Spot Price FOB,EER_EPMRU_PF4_RGC_DPG,U.S. Gulf Coast Conventional Gasoline Regular Spot Price FOB (Dollars per Gallon),0.853,$/GAL
2003-12-01,Y35NY,NEW YORK CITY,EPMRU,Conventional Regular Gasoline,PF4,Spot Price FOB,EER_EPMRU_PF4_Y35NY_DPG,New York Harbor Conventional Gasoline Regular Spot Price FOB (Dollars per Gallon),0.885,$/GAL
2003-12-01,ZEU,NA,EPCBRENT,UK Brent Crude Oil,PF4,Spot Price FOB,RBRTE,Europe Brent Spot Price FOB (Dollars per Barrel),29.81,$/BBL
2003-12-01,YCUOK,NA,EPCWTI,WTI Crude Oil,PF4,Spot Price FOB,RWTC,"Cushing, OK WTI Spot Price FOB (Dollars per Barrel)",32.13,$/BBL
2004-01-01,Y05LA,LOS ANGELES,EPD2DC,Carb Diesel,PF4,Spot Price FOB,EER_EPD2DC_PF4_Y05LA_DPG,"Los Angeles, CA Ultra-Low Sulfur CARB Diesel Spot Price (Dollars per Gallon)",0.992,$/GAL
2004-01-01,Y35NY,NEW YORK CITY,EPD2F,No 2 Fuel Oil / Heating Oil,PF4,Spot Price FOB,EER_EPD2F_PF4_Y35NY_DPG,New York Harbor No. 2 Heating Oil Spot Price FOB (Dollars per Gallon),0.984,$/GAL
2004-01-01,RGC,NA,EPJK,Kerosene-Type Jet Fuel,PF4,Spot Price FOB,EER_EPJK_PF4_RGC_DPG,U.S. Gulf Coast Kerosene-Type Jet Fuel Spot Price FOB (Dollars per Gallon),0.998,$/GAL
2004-01-01,Y44MB,NA,EPLLPA,Propane,PF4,Spot Price FOB,EER_EPLLPA_PF4_Y44MB_DPG,"Mont Belvieu, TX Propane Spot Price FOB (Dollars per Gallon)",0.745,$/GAL
2004-01-01,Y05LA,LOS ANGELES,EPMRR,Reformulated Regular Gasoline,PF4,Spot Price FOB,EER_EPMRR_PF4_Y05LA_DPG,Los Angeles Reformulated RBOB Regular Gasoline Spot Price (Dollars per Gallon),1.079,$/GAL
2004-01-01,RGC,NA,EPMRU,Conventional Regular Gasoline,PF4,Spot Price FOB,EER_EPMRU_PF4_RGC_DPG,U.S. Gulf Coast Conventional Gasoline Regular Spot Price FOB (Dollars per Gallon),0.984,$/GAL
2004-01-01,Y35NY,NEW YORK CITY,EPMRU,Conventional Regular Gasoline,PF4,Spot Price FOB,EER_EPMRU_PF4_Y35NY_DPG,New York Harbor Conventional Gasoline Regular Spot Price FOB (Dollars per Gallon),0.998,$/GAL
2004-01-01,ZEU,NA,EPCBRENT,UK Brent Crude Oil,PF4,Spot Price FOB,RBRTE,Europe Brent Spot Price FOB (Dollars per Barrel),31.28,$/BBL
2004-01-01,YCUOK,NA,EPCWTI,WTI Crude Oil,PF4,Spot Price FOB,RWTC,"Cushing, OK WTI Spot Price FOB (Dollars per Barrel)",34.31,$/BBL
2004-02-01,Y05LA,LOS ANGELES,EPD2DC,Carb Diesel,PF4,Spot Price FOB,EER_EPD2DC_PF4_Y05LA_DPG,"Los Angeles, CA Ultra-Low Sulfur CARB Diesel Spot Price (Dollars per Gallon)",1.156,$/GAL
2004-02-01,Y35NY,NEW YORK CITY,EPD2F,No 2 Fuel Oil / Heating Oil,PF4,Spot Price FOB,EER_EPD2F_PF4_Y35NY_DPG,New York Harbor No. 2 Heating Oil Spot Price FOB (Dollars per Gallon),0.913,$/GAL
2004-02-01,RGC,NA,EPJK,Kerosene-Type Jet Fuel,PF4,Spot Price FOB,EER_EPJK_PF4_RGC_DPG,U.S. Gulf Coast Kerosene-Type Jet Fuel Spot Price FOB (Dollars per Gallon),0.933,$/GAL
2004-02-01,Y44MB,NA,EPLLPA,Propane,PF4,Spot Price FOB,EER_EPLLPA_PF4_Y44MB_DPG,"Mont Belvieu, TX Propane Spot Price FOB (Dollars per Gallon)",0.704,$/GAL
2004-02-01,Y05LA,LOS ANGELES,EPMRR,Reformulated Regular Gasoline,PF4,Spot Price FOB,EER_EPMRR_PF4_Y05LA_DPG,Los Angeles Reformulated RBOB Regular Gasoline Spot Price (Dollars per Gallon),1.344,$/GAL
2004-02-01,RGC,NA,EPMRU,Conventional Regular Gasoline,PF4,Spot Price FOB,EER_EPMRU_PF4_RGC_DPG,U.S. Gulf Coast Conventional Gasoline Regular Spot Price FOB (Dollars per Gallon),1.027,$/GAL
2004-02-01,Y35NY,NEW YORK CITY,EPMRU,Conventional Regular Gasoline,PF4,Spot Price FOB,EER_EPMRU_PF4_Y35NY_DPG,New York Harbor Conventional Gasoline Regular Spot Price FOB (Dollars per Gallon),1.047,$/GAL
2004-02-01,ZEU,NA,EPCBRENT,UK Brent Crude Oil,PF4,Spot Price FOB,RBRTE,Europe Brent Spot Price FOB (Dollars per Barrel),30.86,$/BBL
2004-02-01,YCUOK,NA,EPCWTI,WTI Crude Oil,PF4,Spot Price FOB,RWTC,"Cushing, OK WTI Spot Price FOB (Dollars per Barrel)",34.69,$/BBL
2004-03-01,Y05LA,LOS ANGELES,EPD2DC,Carb Diesel,PF4,Spot Price FOB,EER_EPD2DC_PF4_Y05LA_DPG,"Los Angeles, CA Ultra-Low Sulfur CARB Diesel Spot Price (Dollars per Gallon)",1.119,$/GAL
2004-03-01,Y35NY,NEW YORK CITY,EPD2F,No 2 Fuel Oil / Heating Oil,PF4,Spot Price FOB,EER_EPD2F_PF4_Y35NY_DPG,New York Harbor No. 2 Heating Oil Spot Price FOB (Dollars per Gallon),0.909,$/GAL
2004-03-01,RGC,NA,EPJK,Kerosene-Type Jet Fuel,PF4,Spot Price FOB,EER_EPJK_PF4_RGC_DPG,U.S. Gulf Coast Kerosene-Type Jet Fuel Spot Price FOB (Dollars per Gallon),0.947,$/GAL
2004-03-01,Y44MB,NA,EPLLPA,Propane,PF4,Spot Price FOB,EER_EPLLPA_PF4_Y44MB_DPG,"Mont Belvieu, TX Propane Spot Price FOB (Dollars per Gallon)",0.585,$/GAL
2004-03-01,Y05LA,LOS ANGELES,EPMRR,Reformulated Regular Gasoline,PF4,Spot Price FOB,EER_EPMRR_PF4_Y05LA_DPG,Los Angeles Reformulated RBOB Regular Gasoline Spot Price (Dollars per Gallon),1.323,$/GAL
2004-03-01,RGC,NA,EPMRU,Conventional Regular Gasoline,PF4,Spot Price FOB,EER_EPMRU_PF4_RGC_DPG,U.S. Gulf Coast Conventional Gasoline Regular Spot Price FOB (Dollars per Gallon),1.09,$/GAL
2004-03-01,Y35NY,NEW YORK CITY,EPMRU,Conventional Regular Gasoline,PF4,Spot Price FOB,EER_EPMRU_PF4_Y35NY_DPG,New York Harbor Conventional Gasoline Regular Spot Price FOB (Dollars per Gallon),1.091,$/GAL
2004-03-01,ZEU,NA,EPCBRENT,UK Brent Crude Oil,PF4,Spot Price FOB,RBRTE,Europe Brent Spot Price FOB (Dollars per Barrel),33.63,$/BBL
2004-03-01,YCUOK,NA,EPCWTI,WTI Crude Oil,PF4,Spot Price FOB,RWTC,"Cushing, OK WTI Spot Price FOB (Dollars per Barrel)",36.74,$/BBL
2004-04-01,Y05LA,LOS ANGELES,EPD2DC,Carb Diesel,PF4,Spot Price FOB,EER_EPD2DC_PF4_Y05LA_DPG,"Los Angeles, CA Ultra-Low Sulfur CARB Diesel Spot Price (Dollars per Gallon)",1.45,$/GAL
2004-04-01,Y35NY,NEW YORK CITY,EPD2F,No 2 Fuel Oil / Heating Oil,PF4,Spot Price FOB,EER_EPD2F_PF4_Y35NY_DPG,New York Harbor No. 2 Heating Oil Spot Price FOB (Dollars per Gallon),0.922,$/GAL
2004-04-01,RGC,NA,EPJK,Kerosene-Type Jet Fuel,PF4,Spot Price FOB,EER_EPJK_PF4_RGC_DPG,U.S. Gulf Coast Kerosene-Type Jet Fuel Spot Price FOB (Dollars per Gallon),0.973,$/GAL
2004-04-01,Y44MB,NA,EPLLPA,Propane,PF4,Spot Price FOB,EER_EPLLPA_PF4_Y44MB_DPG,"Mont Belvieu, TX Propane Spot Price FOB (Dollars per Gallon)",0.607,$/GAL
2004-04-01,Y05LA,LOS ANGELES,EPMRR,Reformulated Regular Gasoline,PF4,Spot Price FOB,EER_EPMRR_PF4_Y05LA_DPG,Los Angeles Reformulated RBOB Regular Gasoline Spot Price (Dollars per Gallon),1.426,$/GAL
2004-04-01,RGC,NA,EPMRU,Conventional Regular Gasoline,PF4,Spot Price FOB,EER_EPMRU_PF4_RGC_DPG,U.S. Gulf Coast Conventional Gasoline Regular Spot Price FOB (Dollars per Gallon),1.149,$/GAL
2004-04-01,Y35NY,NEW YORK CITY,EPMRU,Conventional Regular Gasoline,PF4,Spot Price FOB,EER_EPMRU_PF4_Y35NY_DPG,New York Harbor Conventional Gasoline Regular Spot Price FOB (Dollars per Gallon),1.119,$/GAL
2004-04-01,ZEU,NA,EPCBRENT,UK Brent Crude Oil,PF4,Spot Price FOB,RBRTE,Europe Brent Spot Price FOB (Dollars per Barrel),33.59,$/BBL
2004-04-01,YCUOK,NA,EPCWTI,WTI Crude Oil,PF4,Spot Price FOB,RWTC,"Cushing, OK WTI Spot Price FOB (Dollars per Barrel)",36.75,$/BBL
2004-05-01,Y05LA,LOS ANGELES,EPD2DC,Carb Diesel,PF4,Spot Price FOB,EER_EPD2DC_PF4_Y05LA_DPG,"Los Angeles, CA Ultra-Low Sulfur CARB Diesel Spot Price (Dollars per Gallon)",1.412,$/GAL
2004-05-01,Y35NY,NEW YORK CITY,EPD2F,No 2 Fuel Oil / Heating Oil,PF4,Spot Price FOB,EER_EPD2F_PF4_Y35NY_DPG,New York Harbor No. 2 Heating Oil Spot Price FOB (Dollars per Gallon),1.018,$/GAL
2004-05-01,RGC,NA,EPJK,Kerosene-Type Jet Fuel,PF4,Spot Price FOB,EER_EPJK_PF4_RGC_DPG,U.S. Gulf Coast Kerosene-Type Jet Fuel Spot Price FOB (Dollars per Gallon),1.092,$/GAL
2004-05-01,Y44MB,NA,EPLLPA,Propane,PF4,Spot Price FOB,EER_EPLLPA_PF4_Y44MB_DPG,"Mont Belvieu, TX Propane Spot Price FOB (Dollars per Gallon)",0.677,$/GAL
2004-05-01,Y05LA,LOS ANGELES,EPMRR,Reformulated Regular Gasoline,PF4,Spot Price FOB,EER_EPMRR_PF4_Y05LA_DPG,Los Angeles Reformulated RBOB Regular Gasoline Spot Price (Dollars per Gallon),1.649,$/GAL
2004-05-01,RGC,NA,EPMRU,Conventional Regular Gasoline,PF4,Spot Price FOB,EER_EPMRU_PF4_RGC_DPG,U.S. Gulf Coast Conventional Gasoline Regular Spot Price FOB (Dollars per Gallon),1.335,$/GAL
2004-05-01,Y35NY,NEW YORK CITY,EPMRU,Conventional Regular Gasoline,PF4,Spot Price FOB,EER_EPMRU_PF4_Y35NY_DPG,New York Harbor Conventional Gasoline Regular Spot Price FOB (Dollars per Gallon),1.344,$/GAL
2004-05-01,ZEU,NA,EPCBRENT,UK Brent Crude Oil,PF4,Spot Price FOB,RBRTE,Europe Brent Spot Price FOB (Dollars per Barrel),37.57,$/BBL
2004-05-01,YCUOK,NA,EPCWTI,WTI Crude Oil,PF4,Spot Price FOB,RWTC,"Cushing, OK WTI Spot Price FOB (Dollars per Barrel)",40.28,$/BBL
2004-06-01,Y05LA,LOS ANGELES,EPD2DC,Carb Diesel,PF4,Spot Price FOB,EER_EPD2DC_PF4_Y05LA_DPG,"Los Angeles, CA Ultra-Low Sulfur CARB Diesel Spot Price (Dollars per Gallon)",1.186,$/GAL
2004-06-01,Y35NY,NEW YORK CITY,EPD2F,No 2 Fuel Oil / Heating Oil,PF4,Spot Price FOB,EER_EPD2F_PF4_Y35NY_DPG,New York Harbor No. 2 Heating Oil Spot Price FOB (Dollars per Gallon),0.994,$/GAL
2004-06-01,RGC,NA,EPJK,Kerosene-Type Jet Fuel,PF4,Spot Price FOB,EER_EPJK_PF4_RGC_DPG,U.S. Gulf Coast Kerosene-Type Jet Fuel Spot Price FOB (Dollars per Gallon),1.032,$/GAL
2004-06-01,Y44MB,NA,EPLLPA,Propane,PF4,Spot Price FOB,EER_EPLLPA_PF4_Y44MB_DPG,"Mont Belvieu, TX Propane Spot Price FOB (Dollars per Gallon)",0.67,$/GAL
2004-06-01,Y05LA,LOS ANGELES,EPMRR,Reformulated Regular Gasoline,PF4,Spot Price FOB,EER_EPMRR_PF4_Y05LA_DPG,Los Angeles Reformulated RBOB Regular Gasoline Spot Price (Dollars per Gallon),1.457,$/GAL
2004-06-01,RGC,NA,EPMRU,Conventional Regular Gasoline,PF4,Spot Price FOB,EER_EPMRU_PF4_RGC_DPG,U.S. Gulf Coast Conventional Gasoline Regular Spot Price FOB (Dollars per Gallon),1.171,$/GAL
2004-06-01,Y35NY,NEW YORK CITY,EPMRU,Conventional Regular Gasoline,PF4,Spot Price FOB,EER_EPMRU_PF4_Y35NY_DPG,New York Harbor Conventional Gasoline Regular Spot Price FOB (Dollars per Gallon),1.153,$/GAL
2004-06-01,ZEU,NA,EPCBRENT,UK Brent Crude Oil,PF4,Spot Price FOB,RBRTE,Europe Brent Spot Price FOB (Dollars per Barrel),35.18,$/BBL
2004-06-01,YCUOK,NA,EPCWTI,WTI Crude Oil,PF4,Spot Price FOB,RWTC,"Cushing, OK WTI Spot Price FOB (Dollars per Barrel)",38.03,$/BBL
2004-07-01,Y05LA,LOS ANGELES,EPD2DC,Carb Diesel,PF4,Spot Price FOB,EER_EPD2DC_PF4_Y05LA_DPG,"Los Angeles, CA Ultra-Low Sulfur CARB Diesel Spot Price (Dollars per Gallon)",1.324,$/GAL
2004-07-01,Y35NY,NEW YORK CITY,EPD2F,No 2 Fuel Oil / Heating Oil,PF4,Spot Price FOB,EER_EPD2F_PF4_Y35NY_DPG,New York Harbor No. 2 Heating Oil Spot Price FOB (Dollars per Gallon),1.09,$/GAL
2004-07-01,RGC,NA,EPJK,Kerosene-Type Jet Fuel,PF4,Spot Price FOB,EER_EPJK_PF4_RGC_DPG,U.S. Gulf Coast Kerosene-Type Jet Fuel Spot Price FOB (Dollars per Gallon),1.145,$/GAL
2004-07-01,Y44MB,NA,EPLLPA,Propane,PF4,Spot Price FOB,EER_EPLLPA_PF4_Y44MB_DPG,"Mont Belvieu, TX Propane Spot Price FOB (Dollars per Gallon)",0.741,$/GAL
2004-07-01,Y05LA,LOS ANGELES,EPMRR,Reformulated Regular Gasoline,PF4,Spot Price FOB,EER_EPMRR_PF4_Y05LA_DPG,Los Angeles Reformulated RBOB Regular Gasoline Spot Price (Dollars per Gallon),1.467,$/GAL
2004-07-01,RGC,NA,EPMRU,Conventional Regular Gasoline,PF4,Spot Price FOB,EER_EPMRU_PF4_RGC_DPG,U.S. Gulf Coast Conventional Gasoline Regular Spot Price FOB (Dollars per Gallon),1.233,$/GAL
2004-07-01,Y35NY,NEW YORK CITY,EPMRU,Conventional Regular Gasoline,PF4,Spot Price FOB,EER_EPMRU_PF4_Y35NY_DPG,New York Harbor Conventional Gasoline Regular Spot Price FOB (Dollars per Gallon),1.225,$/GAL
2004-07-01,ZEU,NA,EPCBRENT,UK Brent Crude Oil,PF4,Spot Price FOB,RBRTE,Europe Brent Spot Price FOB (Dollars per Barrel),38.22,$/BBL
2004-07-01,YCUOK,NA,EPCWTI,WTI Crude Oil,PF4,Spot Price FOB,RWTC,"Cushing, OK WTI Spot Price FOB (Dollars per Barrel)",40.78,$/BBL
2004-08-01,Y05LA,LOS ANGELES,EPD2DC,Carb Diesel,PF4,Spot Price FOB,EER_EPD2DC_PF4_Y05LA_DPG,"Los Angeles, CA Ultra-Low Sulfur CARB Diesel Spot Price (Dollars per Gallon)",1.361,$/GAL
2004-08-01,Y35NY,NEW YORK CITY,EPD2F,No 2 Fuel Oil / Heating Oil,PF4,Spot Price FOB,EER_EPD2F_PF4_Y35NY_DPG,New York Harbor No. 2 Heating Oil Spot Price FOB (Dollars per Gallon),1.167,$/GAL
2004-08-01,RGC,NA,EPJK,Kerosene-Type Jet Fuel,PF4,Spot Price FOB,EER_EPJK_PF4_RGC_DPG,U.S. Gulf Coast Kerosene-Type Jet Fuel Spot Price FOB (Dollars per Gallon),1.227,$/GAL
2004-08-01,Y44MB,NA,EPLLPA,Propane,PF4,Spot Price FOB,EER_EPLLPA_PF4_Y44MB_DPG,"Mont Belvieu, TX Propane Spot Price FOB (Dollars per Gallon)",0.837,$/GAL
2004-08-01,Y05LA,LOS ANGELES,EPMRR,Reformulated Regular Gasoline,PF4,Spot Price FOB,EER_EPMRR_PF4_Y05LA_DPG,Los Angeles Reformulated RBOB Regular Gasoline Spot Price (Dollars per Gallon),1.388,$/GAL
2004-08-01,RGC,NA,EPMRU,Conventional Regular Gasoline,PF4,Spot Price FOB,EER_EPMRU_PF4_RGC_DPG,U.S. Gulf Coast Conventional Gasoline Regular Spot Price FOB (Dollars per Gallon),1.177,$/GAL
2004-08-01,Y35NY,NEW YORK CITY,EPMRU,Conventional Regular Gasoline,PF4,Spot Price FOB,EER_EPMRU_PF4_Y35NY_DPG,New York Harbor Conventional Gasoline Regular Spot Price FOB (Dollars per Gallon),1.206,$/GAL
2004-08-01,ZEU,NA,EPCBRENT,UK Brent Crude Oil,PF4,Spot Price FOB,RBRTE,Europe Brent Spot Price FOB (Dollars per Barrel),42.74,$/BBL
2004-08-01,YCUOK,NA,EPCWTI,WTI Crude Oil,PF4,Spot Price FOB,RWTC,"Cushing, OK WTI Spot Price FOB (Dollars per Barrel)",44.9,$/BBL
2004-09-01,Y05LA,LOS ANGELES,EPD2DC,Carb Diesel,PF4,Spot Price FOB,EER_EPD2DC_PF4_Y05LA_DPG,"Los Angeles, CA Ultra-Low Sulfur CARB Diesel Spot Price (Dollars per Gallon)",1.457,$/GAL
2004-09-01,Y35NY,NEW YORK CITY,EPD2F,No 2 Fuel Oil / Heating Oil,PF4,Spot Price FOB,EER_EPD2F_PF4_Y35NY_DPG,New York Harbor No. 2 Heating Oil Spot Price FOB (Dollars per Gallon),1.257,$/GAL
2004-09-01,RGC,NA,EPJK,Kerosene-Type Jet Fuel,PF4,Spot Price FOB,EER_EPJK_PF4_RGC_DPG,U.S. Gulf Coast Kerosene-Type Jet Fuel Spot Price FOB (Dollars per Gallon),1.362,$/GAL
2004-09-01,Y44MB,NA,EPLLPA,Propane,PF4,Spot Price FOB,EER_EPLLPA_PF4_Y44MB_DPG,"Mont Belvieu, TX Propane Spot Price FOB (Dollars per Gallon)",0.802,$/GAL
2004-09-01,Y05LA,LOS ANGELES,EPMRR,Reformulated Regular Gasoline,PF4,Spot Price FOB,EER_EPMRR_PF4_Y05LA_DPG,Los Angeles Reformulated RBOB Regular Gasoline Spot Price (Dollars per Gallon),1.481,$/GAL
2004-09-01,RGC,NA,EPMRU,Conventional Regular Gasoline,PF4,Spot Price FOB,EER_EPMRU_PF4_RGC_DPG,U.S. Gulf Coast Conventional Gasoline Regular Spot Price FOB (Dollars per Gallon),1.239,$/GAL
2004-09-01,Y35NY,NEW YORK CITY,EPMRU,Conventional Regular Gasoline,PF4,Spot Price FOB,EER_EPMRU_PF4_Y35NY_DPG,New York Harbor Conventional Gasoline Regular Spot Price FOB (Dollars per Gallon),1.261,$/GAL
2004-09-01,ZEU,NA,EPCBRENT,UK Brent Crude Oil,PF4,Spot Price FOB,RBRTE,Europe Brent Spot Price FOB (Dollars per Barrel),43.2,$/BBL
2004-09-01,YCUOK,NA,EPCWTI,WTI Crude Oil,PF4,Spot Price FOB,RWTC,"Cushing, OK WTI Spot Price FOB (Dollars per Barrel)",45.94,$/BBL
2004-10-01,Y05LA,LOS ANGELES,EPD2DC,Carb Diesel,PF4,Spot Price FOB,EER_EPD2DC_PF4_Y05LA_DPG,"Los Angeles, CA Ultra-Low Sulfur CARB Diesel Spot Price (Dollars per Gallon)",1.625,$/GAL
2004-10-01,Y35NY,NEW YORK CITY,EPD2F,No 2 Fuel Oil / Heating Oil,PF4,Spot Price FOB,EER_EPD2F_PF4_Y35NY_DPG,New York Harbor No. 2 Heating Oil Spot Price FOB (Dollars per Gallon),1.485,$/GAL
2004-10-01,RGC,NA,EPJK,Kerosene-Type Jet Fuel,PF4,Spot Price FOB,EER_EPJK_PF4_RGC_DPG,U.S. Gulf Coast Kerosene-Type Jet Fuel Spot Price FOB (Dollars per Gallon),1.52,$/GAL
2004-10-01,Y44MB,NA,EPLLPA,Propane,PF4,Spot Price FOB,EER_EPLLPA_PF4_Y44MB_DPG,"Mont Belvieu, TX Propane Spot Price FOB (Dollars per Gallon)",0.906,$/GAL
2004-10-01,Y05LA,LOS ANGELES,EPMRR,Reformulated Regular Gasoline,PF4,Spot Price FOB,EER_EPMRR_PF4_Y05LA_DPG,Los Angeles Reformulated RBOB Regular Gasoline Spot Price (Dollars per Gallon),1.642,$/GAL
2004-10-01,RGC,NA,EPMRU,Conventional Regular Gasoline,PF4,Spot Price FOB,EER_EPMRU_PF4_RGC_DPG,U.S. Gulf Coast Conventional Gasoline Regular Spot Price FOB (Dollars per Gallon),1.348,$/GAL
2004-10-01,Y35NY,NEW YORK CITY,EPMRU,Conventional Regular Gasoline,PF4,Spot Price FOB,EER_EPMRU_PF4_Y35NY_DPG,New York Harbor Conventional Gasoline Regular Spot Price FOB (Dollars per Gallon),1.377,$/GAL
2004-10-01,ZEU,NA,EPCBRENT,UK Brent Crude Oil,PF4,Spot Price FOB,RBRTE,Europe Brent Spot Price FOB (Dollars per Barrel),49.78,$/BBL
2004-10-01,YCUOK,NA,EPCWTI,WTI Crude Oil,PF4,Spot Price FOB,RWTC,"Cushing, OK WTI Spot Price FOB (Dollars per Barrel)",53.28,$/BBL
2004-11-01,Y05LA,LOS ANGELES,EPD2DC,Carb Diesel,PF4,Spot Price FOB,EER_EPD2DC_PF4_Y05LA_DPG,"Los Angeles, CA Ultra-Low Sulfur CARB Diesel Spot Price (Dollars per Gallon)",1.474,$/GAL
2004-11-01,Y35NY,NEW YORK CITY,EPD2F,No 2 Fuel Oil / Heating Oil,PF4,Spot Price FOB,EER_EPD2F_PF4_Y35NY_DPG,New York Harbor No. 2 Heating Oil Spot Price FOB (Dollars per Gallon),1.384,$/GAL
2004-11-01,RGC,NA,EPJK,Kerosene-Type Jet Fuel,PF4,Spot Price FOB,EER_EPJK_PF4_RGC_DPG,U.S. Gulf Coast Kerosene-Type Jet Fuel Spot Price FOB (Dollars per Gallon),1.347,$/GAL
2004-11-01,Y44MB,NA,EPLLPA,Propane,PF4,Spot Price FOB,EER_EPLLPA_PF4_Y44MB_DPG,"Mont Belvieu, TX Propane Spot Price FOB (Dollars per Gallon)",0.863,$/GAL
2004-11-01,Y05LA,LOS ANGELES,EPMRR,Reformulated Regular Gasoline,PF4,Spot Price FOB,EER_EPMRR_PF4_Y05LA_DPG,Los Angeles Reformulated RBOB Regular Gasoline Spot Price (Dollars per Gallon),1.404,$/GAL
2004-11-01,RGC,NA,EPMRU,Conventional Regular Gasoline,PF4,Spot Price FOB,EER_EPMRU_PF4_RGC_DPG,U.S. Gulf Coast Conventional Gasoline Regular Spot Price FOB (Dollars per Gallon),1.237,$/GAL
2004-11-01,Y35NY,NEW YORK CITY,EPMRU,Conventional Regular Gasoline,PF4,Spot Price FOB,EER_EPMRU_PF4_Y35NY_DPG,New York Harbor Conventional Gasoline Regular Spot Price FOB (Dollars per Gallon),1.267,$/GAL
2004-11-01,ZEU,NA,EPCBRENT,UK Brent Crude Oil,PF4,Spot Price FOB,RBRTE,Europe Brent Spot Price FOB (Dollars per Barrel),43.11,$/BBL
2004-11-01,YCUOK,NA,EPCWTI,WTI Crude Oil,PF4,Spot Price FOB,RWTC,"Cushing, OK WTI Spot Price FOB (Dollars per Barrel)",48.47,$/BBL
2004-12-01,Y05LA,LOS ANGELES,EPD2DC,Carb Diesel,PF4,Spot Price FOB,EER_EPD2DC_PF4_Y05LA_DPG,"Los Angeles, CA Ultra-Low Sulfur CARB Diesel Spot Price (Dollars per Gallon)",1.256,$/GAL
2004-12-01,Y35NY,NEW YORK CITY,EPD2F,No 2 Fuel Oil / Heating Oil,PF4,Spot Price FOB,EER_EPD2F_PF4_Y35NY_DPG,New York Harbor No. 2 Heating Oil Spot Price FOB (Dollars per Gallon),1.275,$/GAL
2004-12-01,RGC,NA,EPJK,Kerosene-Type Jet Fuel,PF4,Spot Price FOB,EER_EPJK_PF4_RGC_DPG,U.S. Gulf Coast Kerosene-Type Jet Fuel Spot Price FOB (Dollars per Gallon),1.223,$/GAL
2004-12-01,Y44MB,NA,EPLLPA,Propane,PF4,Spot Price FOB,EER_EPLLPA_PF4_Y44MB_DPG,"Mont Belvieu, TX Propane Spot Price FOB (Dollars per Gallon)",0.774,$/GAL
2004-12-01,Y05LA,LOS ANGELES,EPMRR,Reformulated Regular Gasoline,PF4,Spot Price FOB,EER_EPMRR_PF4_Y05LA_DPG,Los Angeles Reformulated RBOB Regular Gasoline Spot Price (Dollars per Gallon),1.185,$/GAL
2004-12-01,RGC,NA,EPMRU,Conventional Regular Gasoline,PF4,Spot Price FOB,EER_EPMRU_PF4_RGC_DPG,U.S. Gulf Coast Conventional Gasoline Regular Spot Price FOB (Dollars per Gallon),1.034,$/GAL
2004-12-01,Y35NY,NEW YORK CITY,EPMRU,Conventional Regular Gasoline,PF4,Spot Price FOB,EER_EPMRU_PF4_Y35NY_DPG,New York Harbor Conventional Gasoline Regular Spot Price FOB (Dollars per Gallon),1.068,$/GAL
2004-12-01,ZEU,NA,EPCBRENT,UK Brent Crude Oil,PF4,Spot Price FOB,RBRTE,Europe Brent Spot Price FOB (Dollars per Barrel),39.6,$/BBL
2004-12-01,YCUOK,NA,EPCWTI,WTI Crude Oil,PF4,Spot Price FOB,RWTC,"Cushing, OK WTI Spot Price FOB (Dollars per Barrel)",43.15,$/BBL
2005-01-01,Y05LA,LOS ANGELES,EPD2DC,Carb Diesel,PF4,Spot Price FOB,EER_EPD2DC_PF4_Y05LA_DPG,"Los Angeles, CA Ultra-Low Sulfur CARB Diesel Spot Price (Dollars per Gallon)",1.302,$/GAL
2005-01-01,Y35NY,NEW YORK CITY,EPD2F,No 2 Fuel Oil / Heating Oil,PF4,Spot Price FOB,EER_EPD2F_PF4_Y35NY_DPG,New York Harbor No. 2 Heating Oil Spot Price FOB (Dollars per Gallon),1.316,$/GAL
2005-01-01,RGC,NA,EPJK,Kerosene-Type Jet Fuel,PF4,Spot Price FOB,EER_EPJK_PF4_RGC_DPG,U.S. Gulf Coast Kerosene-Type Jet Fuel Spot Price FOB (Dollars per Gallon),1.334,$/GAL
2005-01-01,Y44MB,NA,EPLLPA,Propane,PF4,Spot Price FOB,EER_EPLLPA_PF4_Y44MB_DPG,"Mont Belvieu, TX Propane Spot Price FOB (Dollars per Gallon)",0.737,$/GAL
2005-01-01,Y05LA,LOS ANGELES,EPMRR,Reformulated Regular Gasoline,PF4,Spot Price FOB,EER_EPMRR_PF4_Y05LA_DPG,Los Angeles Reformulated RBOB Regular Gasoline Spot Price (Dollars per Gallon),1.379,$/GAL
2005-01-01,RGC,NA,EPMRU,Conventional Regular Gasoline,PF4,Spot Price FOB,EER_EPMRU_PF4_RGC_DPG,U.S. Gulf Coast Conventional Gasoline Regular Spot Price FOB (Dollars per Gallon),1.244,$/GAL
2005-01-01,Y35NY,NEW YORK CITY,EPMRU,Conventional Regular Gasoline,PF4,Spot Price FOB,EER_EPMRU_PF4_Y35NY_DPG,New York Harbor Conventional Gasoline Regular Spot Price FOB (Dollars per Gallon),1.241,$/GAL
2005-01-01,ZEU,NA,EPCBRENT,UK Brent Crude Oil,PF4,Spot Price FOB,RBRTE,Europe Brent Spot Price FOB (Dollars per Barrel),44.51,$/BBL
2005-01-01,YCUOK,NA,EPCWTI,WTI Crude Oil,PF4,Spot Price FOB,RWTC,"Cushing, OK WTI Spot Price FOB (Dollars per Barrel)",46.84,$/BBL
2005-02-01,Y05LA,LOS ANGELES,EPD2DC,Carb Diesel,PF4,Spot Price FOB,EER_EPD2DC_PF4_Y05LA_DPG,"Los Angeles, CA Ultra-Low Sulfur CARB Diesel Spot Price (Dollars per Gallon)",1.502,$/GAL
2005-02-01,Y35NY,NEW YORK CITY,EPD2F,No 2 Fuel Oil / Heating Oil,PF4,Spot Price FOB,EER_EPD2F_PF4_Y35NY_DPG,New York Harbor No. 2 Heating Oil Spot Price FOB (Dollars per Gallon),1.343,$/GAL
2005-02-01,RGC,NA,EPJK,Kerosene-Type Jet Fuel,PF4,Spot Price FOB,EER_EPJK_PF4_RGC_DPG,U.S. Gulf Coast Kerosene-Type Jet Fuel Spot Price FOB (Dollars per Gallon),1.334,$/GAL
2005-02-01,Y44MB,NA,EPLLPA,Propane,PF4,Spot Price FOB,EER_EPLLPA_PF4_Y44MB_DPG,"Mont Belvieu, TX Propane Spot Price FOB (Dollars per Gallon)",0.758,$/GAL
2005-02-01,Y05LA,LOS ANGELES,EPMRR,Reformulated Regular Gasoline,PF4,Spot Price FOB,EER_EPMRR_PF4_Y05LA_DPG,Los Angeles Reformulated RBOB Regular Gasoline Spot Price (Dollars per Gallon),1.545,$/GAL
2005-02-01,RGC,NA,EPMRU,Conventional Regular Gasoline,PF4,Spot Price FOB,EER_EPMRU_PF4_RGC_DPG,U.S. Gulf Coast Conventional Gasoline Regular Spot Price FOB (Dollars per Gallon),1.233,$/GAL
2005-02-01,Y35NY,NEW YORK CITY,EPMRU,Conventional Regular Gasoline,PF4,Spot Price FOB,EER_EPMRU_PF4_Y35NY_DPG,New York Harbor Conventional Gasoline Regular Spot Price FOB (Dollars per Gallon),1.224,$/GAL
2005-02-01,ZEU,NA,EPCBRENT,UK Brent Crude Oil,PF4,Spot Price FOB,RBRTE,Europe Brent Spot Price FOB (Dollars per Barrel),45.48,$/BBL
2005-02-01,YCUOK,NA,EPCWTI,WTI Crude Oil,PF4,Spot Price FOB,RWTC,"Cushing, OK WTI Spot Price FOB (Dollars per Barrel)",48.15,$/BBL
2005-03-01,Y05LA,LOS ANGELES,EPD2DC,Carb Diesel,PF4,Spot Price FOB,EER_EPD2DC_PF4_Y05LA_DPG,"Los Angeles, CA Ultra-Low Sulfur CARB Diesel Spot Price (Dollars per Gallon)",1.713,$/GAL
2005-03-01,Y35NY,NEW YORK CITY,EPD2F,No 2 Fuel Oil / Heating Oil,PF4,Spot Price FOB,EER_EPD2F_PF4_Y35NY_DPG,New York Harbor No. 2 Heating Oil Spot Price FOB (Dollars per Gallon),1.556,$/GAL
2005-03-01,RGC,NA,EPJK,Kerosene-Type Jet Fuel,PF4,Spot Price FOB,EER_EPJK_PF4_RGC_DPG,U.S. Gulf Coast Kerosene-Type Jet Fuel Spot Price FOB (Dollars per Gallon),1.562,$/GAL
2005-03-01,Y44MB,NA,EPLLPA,Propane,PF4,Spot Price FOB,EER_EPLLPA_PF4_Y44MB_DPG,"Mont Belvieu, TX Propane Spot Price FOB (Dollars per Gallon)",0.878,$/GAL
2005-03-01,Y05LA,LOS ANGELES,EPMRR,Reformulated Regular Gasoline,PF4,Spot Price FOB,EER_EPMRR_PF4_Y05LA_DPG,Los Angeles Reformulated RBOB Regular Gasoline Spot Price (Dollars per Gallon),1.718,$/GAL
2005-03-01,RGC,NA,EPMRU,Conventional Regular Gasoline,PF4,Spot Price FOB,EER_EPMRU_PF4_RGC_DPG,U.S. Gulf Coast Conventional Gasoline Regular Spot Price FOB (Dollars per Gallon),1.472,$/GAL
2005-03-01,Y35NY,NEW YORK CITY,EPMRU,Conventional Regular Gasoline,PF4,Spot Price FOB,EER_EPMRU_PF4_Y35NY_DPG,New York Harbor Conventional Gasoline Regular Spot Price FOB (Dollars per Gallon),1.439,$/GAL
2005-03-01,ZEU,NA,EPCBRENT,UK Brent Crude Oil,PF4,Spot Price FOB,RBRTE,Europe Brent Spot Price FOB (Dollars per Barrel),53.1,$/BBL
2005-03-01,YCUOK,NA,EPCWTI,WTI Crude Oil,PF4,Spot Price FOB,RWTC,"Cushing, OK WTI Spot Price FOB (Dollars per Barrel)",54.19,$/BBL
2005-04-01,Y05LA,LOS ANGELES,EPD2DC,Carb Diesel,PF4,Spot Price FOB,EER_EPD2DC_PF4_Y05LA_DPG,"Los Angeles, CA Ultra-Low Sulfur CARB Diesel Spot Price (Dollars per Gallon)",1.79,$/GAL
2005-04-01,Y35NY,NEW YORK CITY,EPD2F,No 2 Fuel Oil / Heating Oil,PF4,Spot Price FOB,EER_EPD2F_PF4_Y35NY_DPG,New York Harbor No. 2 Heating Oil Spot Price FOB (Dollars per Gallon),1.523,$/GAL
2005-04-01,RGC,NA,EPJK,Kerosene-Type Jet Fuel,PF4,Spot Price FOB,EER_EPJK_PF4_RGC_DPG,U.S. Gulf Coast Kerosene-Type Jet Fuel Spot Price FOB (Dollars per Gallon),1.573,$/GAL
2005-04-01,Y44MB,NA,EPLLPA,Propane,PF4,Spot Price FOB,EER_EPLLPA_PF4_Y44MB_DPG,"Mont Belvieu, TX Propane Spot Price FOB (Dollars per Gallon)",0.854,$/GAL
2005-04-01,Y05LA,LOS ANGELES,EPMRR,Reformulated Regular Gasoline,PF4,Spot Price FOB,EER_EPMRR_PF4_Y05LA_DPG,Los Angeles Reformulated RBOB Regular Gasoline Spot Price (Dollars per Gallon),1.829,$/GAL
2005-04-01,RGC,NA,EPMRU,Conventional Regular Gasoline,PF4,Spot Price FOB,EER_EPMRU_PF4_RGC_DPG,U.S. Gulf Coast Conventional Gasoline Regular Spot Price FOB (Dollars per Gallon),1.541,$/GAL
2005-04-01,Y35NY,NEW YORK CITY,EPMRU,Conventional Regular Gasoline,PF4,Spot Price FOB,EER_EPMRU_PF4_Y35NY_DPG,New York Harbor Conventional Gasoline Regular Spot Price FOB (Dollars per Gallon),1.48,$/GAL
2005-04-01,ZEU,NA,EPCBRENT,UK Brent Crude Oil,PF4,Spot Price FOB,RBRTE,Europe Brent Spot Price FOB (Dollars per Barrel),51.88,$/BBL
2005-04-01,YCUOK,NA,EPCWTI,WTI Crude Oil,PF4,Spot Price FOB,RWTC,"Cushing, OK WTI Spot Price FOB (Dollars per Barrel)",52.98,$/BBL
2005-05-01,Y05LA,LOS ANGELES,EPD2DC,Carb Diesel,PF4,Spot Price FOB,EER_EPD2DC_PF4_Y05LA_DPG,"Los Angeles, CA Ultra-Low Sulfur CARB Diesel Spot Price (Dollars per Gallon)",1.597,$/GAL
2005-05-01,Y35NY,NEW YORK CITY,EPD2F,No 2 Fuel Oil / Heating Oil,PF4,Spot Price FOB,EER_EPD2F_PF4_Y35NY_DPG,New York Harbor No. 2 Heating Oil Spot Price FOB (Dollars per Gallon),1.413,$/GAL
2005-05-01,RGC,NA,EPJK,Kerosene-Type Jet Fuel,PF4,Spot Price FOB,EER_EPJK_PF4_RGC_DPG,U.S. Gulf Coast Kerosene-Type Jet Fuel Spot Price FOB (Dollars per Gallon),1.471,$/GAL
2005-05-01,Y44MB,NA,EPLLPA,Propane,PF4,Spot Price FOB,EER_EPLLPA_PF4_Y44MB_DPG,"Mont Belvieu, TX Propane Spot Price FOB (Dollars per Gallon)",0.797,$/GAL
2005-05-01,Y05LA,LOS ANGELES,EPMRR,Reformulated Regular Gasoline,PF4,Spot Price FOB,EER_EPMRR_PF4_Y05LA_DPG,Los Angeles Reformulated RBOB Regular Gasoline Spot Price (Dollars per Gallon),1.6,$/GAL
2005-05-01,RGC,NA,EPMRU,Conventional Regular Gasoline,PF4,Spot Price FOB,EER_EPMRU_PF4_RGC_DPG,U.S. Gulf Coast Conventional Gasoline Regular Spot Price FOB (Dollars per Gallon),1.41,$/GAL
2005-05-01,Y35NY,NEW YORK CITY,EPMRU,Conventional Regular Gasoline,PF4,Spot Price FOB,EER_EPMRU_PF4_Y35NY_DPG,New York Harbor Conventional Gasoline Regular Spot Price FOB (Dollars per Gallon),1.371,$/GAL
2005-05-01,ZEU,NA,EPCBRENT,UK Brent Crude Oil,PF4,Spot Price FOB,RBRTE,Europe Brent Spot Price FOB (Dollars per Barrel),48.65,$/BBL
2005-05-01,YCUOK,NA,EPCWTI,WTI Crude Oil,PF4,Spot Price FOB,RWTC,"Cushing, OK WTI Spot Price FOB (Dollars per Barrel)",49.83,$/BBL
2005-06-01,Y05LA,LOS ANGELES,EPD2DC,Carb Diesel,PF4,Spot Price FOB,EER_EPD2DC_PF4_Y05LA_DPG,"Los Angeles, CA Ultra-Low Sulfur CARB Diesel Spot Price (Dollars per Gallon)",1.722,$/GAL
2005-06-01,Y35NY,NEW YORK CITY,EPD2F,No 2 Fuel Oil / Heating Oil,PF4,Spot Price FOB,EER_EPD2F_PF4_Y35NY_DPG,New York Harbor No. 2 Heating Oil Spot Price FOB (Dollars per Gallon),1.612,$/GAL
2005-06-01,RGC,NA,EPJK,Kerosene-Type Jet Fuel,PF4,Spot Price FOB,EER_EPJK_PF4_RGC_DPG,U.S. Gulf Coast Kerosene-Type Jet Fuel Spot Price FOB (Dollars per Gallon),1.654,$/GAL
2005-06-01,Y44MB,NA,EPLLPA,Propane,PF4,Spot Price FOB,EER_EPLLPA_PF4_Y44MB_DPG,"Mont Belvieu, TX Propane Spot Price FOB (Dollars per Gallon)",0.818,$/GAL
2005-06-01,Y05LA,LOS ANGELES,EPMRR,Reformulated Regular Gasoline,PF4,Spot Price FOB,EER_EPMRR_PF4_Y05LA_DPG,Los Angeles Reformulated RBOB Regular Gasoline Spot Price (Dollars per Gallon),1.745,$/GAL
2005-06-01,RGC,NA,EPMRU,Conventional Regular Gasoline,PF4,Spot Price FOB,EER_EPMRU_PF4_RGC_DPG,U.S. Gulf Coast Conventional Gasoline Regular Spot Price FOB (Dollars per Gallon),1.521,$/GAL
2005-06-01,Y35NY,NEW YORK CITY,EPMRU,Conventional Regular Gasoline,PF4,Spot Price FOB,EER_EPMRU_PF4_Y35NY_DPG,New York Harbor Conventional Gasoline Regular Spot Price FOB (Dollars per Gallon),1.509,$/GAL
2005-06-01,ZEU,NA,EPCBRENT,UK Brent Crude Oil,PF4,Spot Price FOB,RBRTE,Europe Brent Spot Price FOB (Dollars per Barrel),54.35,$/BBL
2005-06-01,YCUOK,NA,EPCWTI,WTI Crude Oil,PF4,Spot Price FOB,RWTC,"Cushing, OK WTI Spot Price FOB (Dollars per Barrel)",56.35,$/BBL
2005-07-01,Y05LA,LOS ANGELES,EPD2DC,Carb Diesel,PF4,Spot Price FOB,EER_EPD2DC_PF4_Y05LA_DPG,"Los Angeles, CA Ultra-Low Sulfur CARB Diesel Spot Price (Dollars per Gallon)",1.809,$/GAL
2005-07-01,Y35NY,NEW YORK CITY,EPD2F,No 2 Fuel Oil / Heating Oil,PF4,Spot Price FOB,EER_EPD2F_PF4_Y35NY_DPG,New York Harbor No. 2 Heating Oil Spot Price FOB (Dollars per Gallon),1.64,$/GAL
2005-07-01,RGC,NA,EPJK,Kerosene-Type Jet Fuel,PF4,Spot Price FOB,EER_EPJK_PF4_RGC_DPG,U.S. Gulf Coast Kerosene-Type Jet Fuel Spot Price FOB (Dollars per Gallon),1.665,$/GAL
2005-07-01,Y44MB,NA,EPLLPA,Propane,PF4,Spot Price FOB,EER_EPLLPA_PF4_Y44MB_DPG,"Mont Belvieu, TX Propane Spot Price FOB (Dollars per Gallon)",0.845,$/GAL
2005-07-01,Y05LA,LOS ANGELES,EPMRR,Reformulated Regular Gasoline,PF4,Spot Price FOB,EER_EPMRR_PF4_Y05LA_DPG,Los Angeles Reformulated RBOB Regular Gasoline Spot Price (Dollars per Gallon),1.882,$/GAL
2005-07-01,RGC,NA,EPMRU,Conventional Regular Gasoline,PF4,Spot Price FOB,EER_EPMRU_PF4_RGC_DPG,U.S. Gulf Coast Conventional Gasoline Regular Spot Price FOB (Dollars per Gallon),1.603,$/GAL
2005-07-01,Y35NY,NEW YORK CITY,EPMRU,Conventional Regular Gasoline,PF4,Spot Price FOB,EER_EPMRU_PF4_Y35NY_DPG,New York Harbor Conventional Gasoline Regular Spot Price FOB (Dollars per Gallon),1.591,$/GAL
2005-07-01,ZEU,NA,EPCBRENT,UK Brent Crude Oil,PF4,Spot Price FOB,RBRTE,Europe Brent Spot Price FOB (Dollars per Barrel),57.52,$/BBL
2005-07-01,YCUOK,NA,EPCWTI,WTI Crude Oil,PF4,Spot Price FOB,RWTC,"Cushing, OK WTI Spot Price FOB (Dollars per Barrel)",59.0,$/BBL
2005-08-01,Y05LA,LOS ANGELES,EPD2DC,Carb Diesel,PF4,Spot Price FOB,EER_EPD2DC_PF4_Y05LA_DPG,"Los Angeles, CA Ultra-Low Sulfur CARB Diesel Spot Price (Dollars per Gallon)",2.12,$/GAL
2005-08-01,Y35NY,NEW YORK CITY,EPD2F,No 2 Fuel Oil / Heating Oil,PF4,Spot Price FOB,EER_EPD2F_PF4_Y35NY_DPG,New York Harbor No. 2 Heating Oil Spot Price FOB (Dollars per Gallon),1.804,$/GAL
2005-08-01,RGC,NA,EPJK,Kerosene-Type Jet Fuel,PF4,Spot Price FOB,EER_EPJK_PF4_RGC_DPG,U.S. Gulf Coast Kerosene-Type Jet Fuel Spot Price FOB (Dollars per Gallon),1.874,$/GAL
2005-08-01,Y44MB,NA,EPLLPA,Propane,PF4,Spot Price FOB,EER_EPLLPA_PF4_Y44MB_DPG,"Mont Belvieu, TX Propane Spot Price FOB (Dollars per Gallon)",0.941,$/GAL
2005-08-01,Y05LA,LOS ANGELES,EPMRR,Reformulated Regular Gasoline,PF4,Spot Price FOB,EER_EPMRR_PF4_Y05LA_DPG,Los Angeles Reformulated RBOB Regular Gasoline Spot Price (Dollars per Gallon),2.142,$/GAL
2005-08-01,RGC,NA,EPMRU,Conventional Regular Gasoline,PF4,Spot Price FOB,EER_EPMRU_PF4_RGC_DPG,U.S. Gulf Coast Conventional Gasoline Regular Spot Price FOB (Dollars per Gallon),1.935,$/GAL
2005-08-01,Y35NY,NEW YORK CITY,EPMRU,Conventional Regular Gasoline,PF4,Spot Price FOB,EER_EPMRU_PF4_Y35NY_DPG,New York Harbor Conventional Gasoline Regular Spot Price FOB (Dollars per Gallon),1.937,$/GAL
2005-08-01,ZEU,NA,EPCBRENT,UK Brent Crude Oil,PF4,Spot Price FOB,RBRTE,Europe Brent Spot Price FOB (Dollars per Barrel),63.98,$/BBL
2005-08-01,YCUOK,NA,EPCWTI,WTI Crude Oil,PF4,Spot Price FOB,RWTC,"Cushing, OK WTI Spot Price FOB (Dollars per Barrel)",64.99,$/BBL
2005-09-01,Y05LA,LOS ANGELES,EPD2DC,Carb Diesel,PF4,Spot Price FOB,EER_EPD2DC_PF4_Y05LA_DPG,"Los Angeles, CA Ultra-Low Sulfur CARB Diesel Spot Price (Dollars per Gallon)",2.235,$/GAL
2005-09-01,Y35NY,NEW YORK CITY,EPD2F,No 2 Fuel Oil / Heating Oil,PF4,Spot Price FOB,EER_EPD2F_PF4_Y35NY_DPG,New York Harbor No. 2 Heating Oil Spot Price FOB (Dollars per Gallon),1.963,$/GAL
2005-09-01,RGC,NA,EPJK,Kerosene-Type Jet Fuel,PF4,Spot Price FOB,EER_EPJK_PF4_RGC_DPG,U.S. Gulf Coast Kerosene-Type Jet Fuel Spot Price FOB (Dollars per Gallon),2.232,$/GAL
2005-09-01,Y44MB,NA,EPLLPA,Propane,PF4,Spot Price FOB,EER_EPLLPA_PF4_Y44MB_DPG,"Mont Belvieu, TX Propane Spot Price FOB (Dollars per Gallon)",1.13,$/GAL
2005-09-01,Y05LA,LOS ANGELES,EPMRR,Reformulated Regular Gasoline,PF4,Spot Price FOB,EER_EPMRR_PF4_Y05LA_DPG,Los Angeles Reformulated RBOB Regular Gasoline Spot Price (Dollars per Gallon),2.278,$/GAL
2005-09-01,RGC,NA,EPMRU,Conventional Regular Gasoline,PF4,Spot Price FOB,EER_EPMRU_PF4_RGC_DPG,U.S. Gulf Coast Conventional Gasoline Regular Spot Price FOB (Dollars per Gallon),2.305,$/GAL
2005-09-01,Y35NY,NEW YORK CITY,EPMRU,Conventional Regular Gasoline,PF4,Spot Price FOB,EER_EPMRU_PF4_Y35NY_DPG,New York Harbor Conventional Gasoline Regular Spot Price FOB (Dollars per Gallon),2.133,$/GAL
2005-09-01,ZEU,NA,EPCBRENT,UK Brent Crude Oil,PF4,Spot Price FOB,RBRTE,Europe Brent Spot Price FOB (Dollars per Barrel),62.91,$/BBL
2005-09-01,YCUOK,NA,EPCWTI,WTI Crude Oil,PF4,Spot Price FOB,RWTC,"Cushing, OK WTI Spot Price FOB (Dollars per Barrel)",65.59,$/BBL
2005-10-01,Y05LA,LOS ANGELES,EPD2DC,Carb Diesel,PF4,Spot Price FOB,EER_EPD2DC_PF4_Y05LA_DPG,"Los Angeles, CA Ultra-Low Sulfur CARB Diesel Spot Price (Dollars per Gallon)",2.179,$/GAL
2005-10-01,Y35NY,NEW YORK CITY,EPD2F,No 2 Fuel Oil / Heating Oil,PF4,Spot Price FOB,EER_EPD2F_PF4_Y35NY_DPG,New York Harbor No. 2 Heating Oil Spot Price FOB (Dollars per Gallon),1.891,$/GAL
2005-10-01,RGC,NA,EPJK,Kerosene-Type Jet Fuel,PF4,Spot Price FOB,EER_EPJK_PF4_RGC_DPG,U.S. Gulf Coast Kerosene-Type Jet Fuel Spot Price FOB (Dollars per Gallon),2.398,$/GAL
2005-10-01,Y44MB,NA,EPLLPA,Propane,PF4,Spot Price FOB,EER_EPLLPA_PF4_Y44MB_DPG,"Mont Belvieu, TX Propane Spot Price FOB (Dollars per Gallon)",1.137,$/GAL
2005-10-01,Y05LA,LOS ANGELES,EPMRR,Reformulated Regular Gasoline,PF4,Spot Price FOB,EER_EPMRR_PF4_Y05LA_DPG,Los Angeles Reformulated RBOB Regular Gasoline Spot Price (Dollars per Gallon),1.902,$/GAL
2005-10-01,RGC,NA,EPMRU,Conventional Regular Gasoline,PF4,Spot Price FOB,EER_EPMRU_PF4_RGC_DPG,U.S. Gulf Coast Conventional Gasoline Regular Spot Price FOB (Dollars per Gallon),1.801,$/GAL
2005-10-01,Y35NY,NEW YORK CITY,EPMRU,Conventional Regular Gasoline,PF4,Spot Price FOB,EER_EPMRU_PF4_Y35NY_DPG,New York Harbor Conventional Gasoline Regular Spot Price FOB (Dollars per Gallon),1.709,$/GAL
2005-10-01,ZEU,NA,EPCBRENT,UK Brent Crude Oil,PF4,Spot Price FOB,RBRTE,Europe Brent Spot Price FOB (Dollars per Barrel),58.54,$/BBL
2005-10-01,YCUOK,NA,EPCWTI,WTI Crude Oil,PF4,Spot Price FOB,RWTC,"Cushing, OK WTI Spot Price FOB (Dollars per Barrel)",62.26,$/BBL
2005-11-01,Y05LA,LOS ANGELES,EPD2DC,Carb Diesel,PF4,Spot Price FOB,EER_EPD2DC_PF4_Y05LA_DPG,"Los Angeles, CA Ultra-Low Sulfur CARB Diesel Spot Price (Dollars per Gallon)",1.749,$/GAL
2005-11-01,Y35NY,NEW YORK CITY,EPD2F,No 2 Fuel Oil / Heating Oil,PF4,Spot Price FOB,EER_EPD2F_PF4_Y35NY_DPG,New York Harbor No. 2 Heating Oil Spot Price FOB (Dollars per Gallon),1.689,$/GAL
2005-11-01,RGC,NA,EPJK,Kerosene-Type Jet Fuel,PF4,Spot Price FOB,EER_EPJK_PF4_RGC_DPG,U.S. Gulf Coast Kerosene-Type Jet Fuel Spot Price FOB (Dollars per Gallon),1.698,$/GAL
2005-11-01,Y44MB,NA,EPLLPA,Propane,PF4,Spot Price FOB,EER_EPLLPA_PF4_Y44MB_DPG,"Mont Belvieu, TX Propane Spot Price FOB (Dollars per Gallon)",0.999,$/GAL
2005-11-01,Y05LA,LOS ANGELES,EPMRR,Reformulated Regular Gasoline,PF4,Spot Price FOB,EER_EPMRR_PF4_Y05LA_DPG,Los Angeles Reformulated RBOB Regular Gasoline Spot Price (Dollars per Gallon),1.577,$/GAL
2005-11-01,RGC,NA,EPMRU,Conventional Regular Gasoline,PF4,Spot Price FOB,EER_EPMRU_PF4_RGC_DPG,U.S. Gulf Coast Conventional Gasoline Regular Spot Price FOB (Dollars per Gallon),1.444,$/GAL
2005-11-01,Y35NY,NEW YORK CITY,EPMRU,Conventional Regular Gasoline,PF4,Spot Price FOB,EER_EPMRU_PF4_Y35NY_DPG,New York Harbor Conventional Gasoline Regular Spot Price FOB (Dollars per Gallon),1.47,$/GAL
2005-11-01,ZEU,NA,EPCBRENT,UK Brent Crude Oil,PF4,Spot Price FOB,RBRTE,Europe Brent Spot Price FOB (Dollars per Barrel),55.24,$/BBL
2005-11-01,YCUOK,NA,EPCWTI,WTI Crude Oil,PF4,Spot Price FOB,RWTC,"Cushing, OK WTI Spot Price FOB (Dollars per Barrel)",58.32,$/BBL
2005-12-01,Y05LA,LOS ANGELES,EPD2DC,Carb Diesel,PF4,Spot Price FOB,EER_EPD2DC_PF4_Y05LA_DPG,"Los Angeles, CA Ultra-Low Sulfur CARB Diesel Spot Price (Dollars per Gallon)",1.751,$/GAL
2005-12-01,Y35NY,NEW YORK CITY,EPD2F,No 2 Fuel Oil / Heating Oil,PF4,Spot Price FOB,EER_EPD2F_PF4_Y35NY_DPG,New York Harbor No. 2 Heating Oil Spot Price FOB (Dollars per Gallon),1.707,$/GAL
2005-12-01,RGC,NA,EPJK,Kerosene-Type Jet Fuel,PF4,Spot Price FOB,EER_EPJK_PF4_RGC_DPG,U.S. Gulf Coast Kerosene-Type Jet Fuel Spot Price FOB (Dollars per Gallon),1.727,$/GAL
2005-12-01,Y44MB,NA,EPLLPA,Propane,PF4,Spot Price FOB,EER_EPLLPA_PF4_Y44MB_DPG,"Mont Belvieu, TX Propane Spot Price FOB (Dollars per Gallon)",1.056,$/GAL
2005-12-01,Y05LA,LOS ANGELES,EPMRR,Reformulated Regular Gasoline,PF4,Spot Price FOB,EER_EPMRR_PF4_Y05LA_DPG,Los Angeles Reformulated RBOB Regular Gasoline Spot Price (Dollars per Gallon),1.606,$/GAL
2005-12-01,RGC,NA,EPMRU,Conventional Regular Gasoline,PF4,Spot Price FOB,EER_EPMRU_PF4_RGC_DPG,U.S. Gulf Coast Conventional Gasoline Regular Spot Price FOB (Dollars per Gallon),1.565,$/GAL
2005-12-01,Y35NY,NEW YORK CITY,EPMRU,Conventional Regular Gasoline,PF4,Spot Price FOB,EER_EPMRU_PF4_Y35NY_DPG,New York Harbor Conventional Gasoline Regular Spot Price FOB (Dollars per Gallon),1.6,$/GAL
2005-12-01,ZEU,NA,EPCBRENT,UK Brent Crude Oil,PF4,Spot Price FOB,RBRTE,Europe Brent Spot Price FOB (Dollars per Barrel),56.86,$/BBL
2005-12-01,YCUOK,NA,EPCWTI,WTI Crude Oil,PF4,Spot Price FOB,RWTC,"Cushing, OK WTI Spot Price FOB (Dollars per Barrel)",59.41,$/BBL
2006-01-01,Y05LA,LOS ANGELES,EPD2DC,Carb Diesel,PF4,Spot Price FOB,EER_EPD2DC_PF4_Y05LA_DPG,"Los Angeles, CA Ultra-Low Sulfur CARB Diesel Spot Price (Dollars per Gallon)",1.948,$/GAL
2006-01-01,Y35NY,NEW YORK CITY,EPD2F,No 2 Fuel Oil / Heating Oil,PF4,Spot Price FOB,EER_EPD2F_PF4_Y35NY_DPG,New York Harbor No. 2 Heating Oil Spot Price FOB (Dollars per Gallon),1.751,$/GAL
2006-01-01,RGC,NA,EPJK,Kerosene-Type Jet Fuel,PF4,Spot Price FOB,EER_EPJK_PF4_RGC_DPG,U.S. Gulf Coast Kerosene-Type Jet Fuel Spot Price FOB (Dollars per Gallon),1.816,$/GAL
2006-01-01,Y44MB,NA,EPLLPA,Propane,PF4,Spot Price FOB,EER_EPLLPA_PF4_Y44MB_DPG,"Mont Belvieu, TX Propane Spot Price FOB (Dollars per Gallon)",0.989,$/GAL
2006-01-01,Y05LA,LOS ANGELES,EPMRR,Reformulated Regular Gasoline,PF4,Spot Price FOB,EER_EPMRR_PF4_Y05LA_DPG,Los Angeles Reformulated RBOB Regular Gasoline Spot Price (Dollars per Gallon),1.873,$/GAL
2006-01-01,RGC,NA,EPMRU,Conventional Regular Gasoline,PF4,Spot Price FOB,EER_EPMRU_PF4_RGC_DPG,U.S. Gulf Coast Conventional Gasoline Regular Spot Price FOB (Dollars per Gallon),1.693,$/GAL
2006-01-01,Y35NY,NEW YORK CITY,EPMRU,Conventional Regular Gasoline,PF4,Spot Price FOB,EER_EPMRU_PF4_Y35NY_DPG,New York Harbor Conventional Gasoline Regular Spot Price FOB (Dollars per Gallon),1.735,$/GAL
2006-01-01,ZEU,NA,EPCBRENT,UK Brent Crude Oil,PF4,Spot Price FOB,RBRTE,Europe Brent Spot Price FOB (Dollars per Barrel),62.99,$/BBL
2006-01-01,YCUOK,NA,EPCWTI,WTI Crude Oil,PF4,Spot Price FOB,RWTC,"Cushing, OK WTI Spot Price FOB (Dollars per Barrel)",65.49,$/BBL
2006-02-01,Y05LA,LOS ANGELES,EPD2DC,Carb Diesel,PF4,Spot Price FOB,EER_EPD2DC_PF4_Y05LA_DPG,"Los Angeles, CA Ultra-Low Sulfur CARB Diesel Spot Price (Dollars per Gallon)",1.901,$/GAL
2006-02-01,Y35NY,NEW YORK CITY,EPD2F,No 2 Fuel Oil / Heating Oil,PF4,Spot Price FOB,EER_EPD2F_PF4_Y35NY_DPG,New York Harbor No. 2 Heating Oil Spot Price FOB (Dollars per Gallon),1.639,$/GAL
2006-02-01,RGC,NA,EPJK,Kerosene-Type Jet Fuel,PF4,Spot Price FOB,EER_EPJK_PF4_RGC_DPG,U.S. Gulf Coast Kerosene-Type Jet Fuel Spot Price FOB (Dollars per Gallon),1.754,$/GAL
2006-02-01,Y44MB,NA,EPLLPA,Propane,PF4,Spot Price FOB,EER_EPLLPA_PF4_Y44MB_DPG,"Mont Belvieu, TX Propane Spot Price FOB (Dollars per Gallon)",0.919,$/GAL
2006-02-01,Y05LA,LOS ANGELES,EPMRR,Reformulated Regular Gasoline,PF4,Spot Price FOB,EER_EPMRR_PF4_Y05LA_DPG,Los Angeles Reformulated RBOB Regular Gasoline Spot Price (Dollars per Gallon),1.73,$/GAL
2006-02-01,RGC,NA,EPMRU,Conventional Regular Gasoline,PF4,Spot Price FOB,EER_EPMRU_PF4_RGC_DPG,U.S. Gulf Coast Conventional Gasoline Regular Spot Price FOB (Dollars per Gallon),1.537,$/GAL
2006-02-01,Y35NY,NEW YORK CITY,EPMRU,Conventional Regular Gasoline,PF4,Spot Price FOB,EER_EPMRU_PF4_Y35NY_DPG,New York Harbor Conventional Gasoline Regular Spot Price FOB (Dollars per Gallon),1.499,$/GAL
2006-02-01,ZEU,NA,EPCBRENT,UK Brent Crude Oil,PF4,Spot Price FOB,RBRTE,Europe Brent Spot Price FOB (Dollars per Barrel),60.21,$/BBL
2006-02-01,YCUOK,NA,EPCWTI,WTI Crude Oil,PF4,Spot Price FOB,RWTC,"Cushing, OK WTI Spot Price FOB (Dollars per Barrel)",61.63,$/BBL
2006-03-01,Y05LA,LOS ANGELES,EPD2DC,Carb Diesel,PF4,Spot Price FOB,EER_EPD2DC_PF4_Y05LA_DPG,"Los Angeles, CA Ultra-Low Sulfur CARB Diesel Spot Price (Dollars per Gallon)",1.991,$/GAL
2006-03-01,Y35NY,NEW YORK CITY,EPD2F,No 2 Fuel Oil / Heating Oil,PF4,Spot Price FOB,EER_EPD2F_PF4_Y35NY_DPG,New York Harbor No. 2 Heating Oil Spot Price FOB (Dollars per Gallon),1.777,$/GAL
2006-03-01,RGC,NA,EPJK,Kerosene-Type Jet Fuel,PF4,Spot Price FOB,EER_EPJK_PF4_RGC_DPG,U.S. Gulf Coast Kerosene-Type Jet Fuel Spot Price FOB (Dollars per Gallon),1.875,$/GAL
2006-03-01,Y44MB,NA,EPLLPA,Propane,PF4,Spot Price FOB,EER_EPLLPA_PF4_Y44MB_DPG,"Mont Belvieu, TX Propane Spot Price FOB (Dollars per Gallon)",0.926,$/GAL
2006-03-01,Y05LA,LOS ANGELES,EPMRR,Reformulated Regular Gasoline,PF4,Spot Price FOB,EER_EPMRR_PF4_Y05LA_DPG,Los Angeles Reformulated RBOB Regular Gasoline Spot Price (Dollars per Gallon),2.0,$/GAL
2006-03-01,RGC,NA,EPMRU,Conventional Regular Gasoline,PF4,Spot Price FOB,EER_EPMRU_PF4_RGC_DPG,U.S. Gulf Coast Conventional Gasoline Regular Spot Price FOB (Dollars per Gallon),1.832,$/GAL
2006-03-01,Y35NY,NEW YORK CITY,EPMRU,Conventional Regular Gasoline,PF4,Spot Price FOB,EER_EPMRU_PF4_Y35NY_DPG,New York Harbor Conventional Gasoline Regular Spot Price FOB (Dollars per Gallon),1.765,$/GAL
2006-03-01,ZEU,NA,EPCBRENT,UK Brent Crude Oil,PF4,Spot Price FOB,RBRTE,Europe Brent Spot Price FOB (Dollars per Barrel),62.06,$/BBL
2006-03-01,YCUOK,NA,EPCWTI,WTI Crude Oil,PF4,Spot Price FOB,RWTC,"Cushing, OK WTI Spot Price FOB (Dollars per Barrel)",62.69,$/BBL
2006-04-01,Y05LA,LOS ANGELES,EPD2DC,Carb Diesel,PF4,Spot Price FOB,EER_EPD2DC_PF4_Y05LA_DPG,"Los Angeles, CA Ultra-Low Sulfur CARB Diesel Spot Price (Dollars per Gallon)",2.278,$/GAL
2006-04-01,Y35NY,NEW YORK CITY,EPD2F,No 2 Fuel Oil / Heating Oil,PF4,Spot Price FOB,EER_EPD2F_PF4_Y35NY_DPG,New York Harbor No. 2 Heating Oil Spot Price FOB (Dollars per Gallon),1.978,$/GAL
2006-04-01,RGC,NA,EPJK,Kerosene-Type Jet Fuel,PF4,Spot Price FOB,EER_EPJK_PF4_RGC_DPG,U.S. Gulf Coast Kerosene-Type Jet Fuel Spot Price FOB (Dollars per Gallon),2.074,$/GAL
2006-04-01,Y44MB,NA,EPLLPA,Propane,PF4,Spot Price FOB,EER_EPLLPA_PF4_Y44MB_DPG,"Mont Belvieu, TX Propane Spot Price FOB (Dollars per Gallon)",1.016,$/GAL
2006-04-01,Y05LA,LOS ANGELES,EPMRR,Reformulated Regular Gasoline,PF4,Spot Price FOB,EER_EPMRR_PF4_Y05LA_DPG,Los Angeles Reformulated RBOB Regular Gasoline Spot Price (Dollars per Gallon),2.448,$/GAL
2006-04-01,RGC,NA,EPMRU,Conventional Regular Gasoline,PF4,Spot Price FOB,EER_EPMRU_PF4_RGC_DPG,U.S. Gulf Coast Conventional Gasoline Regular Spot Price FOB (Dollars per Gallon),2.16,$/GAL
2006-04-01,Y35NY,NEW YORK CITY,EPMRU,Conventional Regular Gasoline,PF4,Spot Price FOB,EER_EPMRU_PF4_Y35NY_DPG,New York Harbor Conventional Gasoline Regular Spot Price FOB (Dollars per Gallon),2.135,$/GAL
2006-04-01,ZEU,NA,EPCBRENT,UK Brent Crude Oil,PF4,Spot Price FOB,RBRTE,Europe Brent Spot Price FOB (Dollars per Barrel),70.26,$/BBL
2006-04-01,YCUOK,NA,EPCWTI,WTI Crude Oil,PF4,Spot Price FOB,RWTC,"Cushing, OK WTI Spot Price FOB (Dollars per Barrel)",69.44,$/BBL
2006-05-01,Y05LA,LOS ANGELES,EPD2DC,Carb Diesel,PF4,Spot Price FOB,EER_EPD2DC_PF4_Y05LA_DPG,"Los Angeles, CA Ultra-Low Sulfur CARB Diesel Spot Price (Dollars per Gallon)",2.389,$/GAL
2006-05-01,Y35NY,NEW YORK CITY,EPD2F,No 2 Fuel Oil / Heating Oil,PF4,Spot Price FOB,EER_EPD2F_PF4_Y35NY_DPG,New York Harbor No. 2 Heating Oil Spot Price FOB (Dollars per Gallon),1.972,$/GAL
2006-05-01,RGC,NA,EPJK,Kerosene-Type Jet Fuel,PF4,Spot Price FOB,EER_EPJK_PF4_RGC_DPG,U.S. Gulf Coast Kerosene-Type Jet Fuel Spot Price FOB (Dollars per Gallon),2.07,$/GAL
2006-05-01,Y44MB,NA,EPLLPA,Propane,PF4,Spot Price FOB,EER_EPLLPA_PF4_Y44MB_DPG,"Mont Belvieu, TX Propane Spot Price FOB (Dollars per Gallon)",1.041,$/GAL
2006-05-01,Y05LA,LOS ANGELES,EPMRR,Reformulated Regular Gasoline,PF4,Spot Price FOB,EER_EPMRR_PF4_Y05LA_DPG,Los Angeles Reformulated RBOB Regular Gasoline Spot Price (Dollars per Gallon),2.551,$/GAL
2006-05-01,RGC,NA,EPMRU,Conventional Regular Gasoline,PF4,Spot Price FOB,EER_EPMRU_PF4_RGC_DPG,U.S. Gulf Coast Conventional Gasoline Regular Spot Price FOB (Dollars per Gallon),2.042,$/GAL
2006-05-01,Y35NY,NEW YORK CITY,EPMRU,Conventional Regular Gasoline,PF4,Spot Price FOB,EER_EPMRU_PF4_Y35NY_DPG,New York Harbor Conventional Gasoline Regular Spot Price FOB (Dollars per Gallon),2.042,$/GAL
2006-05-01,ZEU,NA,EPCBRENT,UK Brent Crude Oil,PF4,Spot Price FOB,RBRTE,Europe Brent Spot Price FOB (Dollars per Barrel),69.78,$/BBL
2006-05-01,YCUOK,NA,EPCWTI,WTI Crude Oil,PF4,Spot Price FOB,RWTC,"Cushing, OK WTI Spot Price FOB (Dollars per Barrel)",70.84,$/BBL
2006-06-01,Y05LA,LOS ANGELES,EPD2DC,Carb Diesel,PF4,Spot Price FOB,EER_EPD2DC_PF4_Y05LA_DPG,"Los Angeles, CA Ultra-Low Sulfur CARB Diesel Spot Price (Dollars per Gallon)",2.269,$/GAL
2006-06-01,RGC,NA,EPD2DXL0,No 2 Diesel Low Sulfur (0-15 ppm),PF4,Spot Price FOB,EER_EPD2DXL0_PF4_RGC_DPG,U.S. Gulf Coast Ultra-Low Sulfur No 2 Diesel Spot Price (Dollars per Gallon),2.108,$/GAL
2006-06-01,Y35NY,NEW YORK CITY,EPD2DXL0,No 2 Diesel Low Sulfur (0-15 ppm),PF4,Spot Price FOB,EER_EPD2DXL0_PF4_Y35NY_DPG,New York Harbor Ultra-Low Sulfur No 2 Diesel Spot Price (Dollars per Gallon),2.091,$/GAL
2006-06-01,Y35NY,NEW YORK CITY,EPD2F,No 2 Fuel Oil / Heating Oil,PF4,Spot Price FOB,EER_EPD2F_PF4_Y35NY_DPG,New York Harbor No. 2 Heating Oil Spot Price FOB (Dollars per Gallon),1.925,$/GAL
2006-06-01,RGC,NA,EPJK,Kerosene-Type Jet Fuel,PF4,Spot Price FOB,EER_EPJK_PF4_RGC_DPG,U.S. Gulf Coast Kerosene-Type Jet Fuel Spot Price FOB (Dollars per Gallon),2.081,$/GAL
2006-06-01,Y44MB,NA,EPLLPA,Propane,PF4,Spot Price FOB,EER_EPLLPA_PF4_Y44MB_DPG,"Mont Belvieu, TX Propane Spot Price FOB (Dollars per Gallon)",1.097,$/GAL
2006-06-01,Y05LA,LOS ANGELES,EPMRR,Reformulated Regular Gasoline,PF4,Spot Price FOB,EER_EPMRR_PF4_Y05LA_DPG,Los Angeles Reformulated RBOB Regular Gasoline Spot Price (Dollars per Gallon),2.401,$/GAL
2006-06-01,RGC,NA,EPMRU,Conventional Regular Gasoline,PF4,Spot Price FOB,EER_EPMRU_PF4_RGC_DPG,U.S. Gulf Coast Conventional Gasoline Regular Spot Price FOB (Dollars per Gallon),2.123,$/GAL
2006-06-01,Y35NY,NEW YORK CITY,EPMRU,Conventional Regular Gasoline,PF4,Spot Price FOB,EER_EPMRU_PF4_Y35NY_DPG,New York Harbor Conventional Gasoline Regular Spot Price FOB (Dollars per Gallon),2.065,$/GAL
2006-06-01,ZEU,NA,EPCBRENT,UK Brent Crude Oil,PF4,Spot Price FOB,RBRTE,Europe Brent Spot Price FOB (Dollars per Barrel),68.56,$/BBL
2006-06-01,YCUOK,NA,EPCWTI,WTI Crude Oil,PF4,Spot Price FOB,RWTC,"Cushing, OK WTI Spot Price FOB (Dollars per Barrel)",70.95,$/BBL
2006-07-01,Y05LA,LOS ANGELES,EPD2DC,Carb Diesel,PF4,Spot Price FOB,EER_EPD2DC_PF4_Y05LA_DPG,"Los Angeles, CA Ultra-Low Sulfur CARB Diesel Spot Price (Dollars per Gallon)",2.209,$/GAL
2006-07-01,RGC,NA,EPD2DXL0,No 2 Diesel Low Sulfur (0-15 ppm),PF4,Spot Price FOB,EER_EPD2DXL0_PF4_RGC_DPG,U.S. Gulf Coast Ultra-Low Sulfur No 2 Diesel Spot Price (Dollars per Gallon),2.231,$/GAL
2006-07-01,Y35NY,NEW YORK CITY,EPD2DXL0,No 2 Diesel Low Sulfur (0-15 ppm),PF4,Spot Price FOB,EER_EPD2DXL0_PF4_Y35NY_DPG,New York Harbor Ultra-Low Sulfur No 2 Diesel Spot Price (Dollars per Gallon),2.217,$/GAL
2006-07-01,Y35NY,NEW YORK CITY,EPD2F,No 2 Fuel Oil / Heating Oil,PF4,Spot Price FOB,EER_EPD2F_PF4_Y35NY_DPG,New York Harbor No. 2 Heating Oil Spot Price FOB (Dollars per Gallon),1.935,$/GAL
2006-07-01,RGC,NA,EPJK,Kerosene-Type Jet Fuel,PF4,Spot Price FOB,EER_EPJK_PF4_RGC_DPG,U.S. Gulf Coast Kerosene-Type Jet Fuel Spot Price FOB (Dollars per Gallon),2.154,$/GAL
2006-07-01,Y44MB,NA,EPLLPA,Propane,PF4,Spot Price FOB,EER_EPLLPA_PF4_Y44MB_DPG,"Mont Belvieu, TX Propane Spot Price FOB (Dollars per Gallon)",1.165,$/GAL
2006-07-01,Y05LA,LOS ANGELES,EPMRR,Reformulated Regular Gasoline,PF4,Spot Price FOB,EER_EPMRR_PF4_Y05LA_DPG,Los Angeles Reformulated RBOB Regular Gasoline Spot Price (Dollars per Gallon),2.488,$/GAL
2006-07-01,RGC,NA,EPMRU,Conventional Regular Gasoline,PF4,Spot Price FOB,EER_EPMRU_PF4_RGC_DPG,U.S. Gulf Coast Conventional Gasoline Regular Spot Price FOB (Dollars per Gallon),2.27,$/GAL
2006-07-01,Y35NY,NEW YORK CITY,EPMRU,Conventional Regular Gasoline,PF4,Spot Price FOB,EER_EPMRU_PF4_Y35NY_DPG,New York Harbor Conventional Gasoline Regular Spot Price FOB (Dollars per Gallon),2.237,$/GAL
2006-07-01,ZEU,NA,EPCBRENT,UK Brent Crude Oil,PF4,Spot Price FOB,RBRTE,Europe Brent Spot Price FOB (Dollars per Barrel),73.67,$/BBL
2006-07-01,YCUOK,NA,EPCWTI,WTI Crude Oil,PF4,Spot Price FOB,RWTC,"Cushing, OK WTI Spot Price FOB (Dollars per Barrel)",74.41,$/BBL
2006-08-01,Y05LA,LOS ANGELES,EPD2DC,Carb Diesel,PF4,Spot Price FOB,EER_EPD2DC_PF4_Y05LA_DPG,"Los Angeles, CA Ultra-Low Sulfur CARB Diesel Spot Price (Dollars per Gallon)",2.3,$/GAL
2006-08-01,RGC,NA,EPD2DXL0,No 2 Diesel Low Sulfur (0-15 ppm),PF4,Spot Price FOB,EER_EPD2DXL0_PF4_RGC_DPG,U.S. Gulf Coast Ultra-Low Sulfur No 2 Diesel Spot Price (Dollars per Gallon),2.233,$/GAL
2006-08-01,Y35NY,NEW YORK CITY,EPD2DXL0,No 2 Diesel Low Sulfur (0-15 ppm),PF4,Spot Price FOB,EER_EPD2DXL0_PF4_Y35NY_DPG,New York Harbor Ultra-Low Sulfur No 2 Diesel Spot Price (Dollars per Gallon),2.247,$/GAL
2006-08-01,Y35NY,NEW YORK CITY,EPD2F,No 2 Fuel Oil / Heating Oil,PF4,Spot Price FOB,EER_EPD2F_PF4_Y35NY_DPG,New York Harbor No. 2 Heating Oil Spot Price FOB (Dollars per Gallon),1.984,$/GAL
2006-08-01,RGC,NA,EPJK,Kerosene-Type Jet Fuel,PF4,Spot Price FOB,EER_EPJK_PF4_RGC_DPG,U.S. Gulf Coast Kerosene-Type Jet Fuel Spot Price FOB (Dollars per Gallon),2.133,$/GAL
2006-08-01,Y44MB,NA,EPLLPA,Propane,PF4,Spot Price FOB,EER_EPLLPA_PF4_Y44MB_DPG,"Mont Belvieu, TX Propane Spot Price FOB (Dollars per Gallon)",1.138,$/GAL
2006-08-01,Y05LA,LOS ANGELES,EPMRR,Reformulated Regular Gasoline,PF4,Spot Price FOB,EER_EPMRR_PF4_Y05LA_DPG,Los Angeles Reformulated RBOB Regular Gasoline Spot Price (Dollars per Gallon),2.19,$/GAL
2006-08-01,RGC,NA,EPMRU,Conventional Regular Gasoline,PF4,Spot Price FOB,EER_EPMRU_PF4_RGC_DPG,U.S. Gulf Coast Conventional Gasoline Regular Spot Price FOB (Dollars per Gallon),2.001,$/GAL
2006-08-01,Y35NY,NEW YORK CITY,EPMRU,Conventional Regular Gasoline,PF4,Spot Price FOB,EER_EPMRU_PF4_Y35NY_DPG,New York Harbor Conventional Gasoline Regular Spot Price FOB (Dollars per Gallon),2.038,$/GAL
2006-08-01,ZEU,NA,EPCBRENT,UK Brent Crude Oil,PF4,Spot Price FOB,RBRTE,Europe Brent Spot Price FOB (Dollars per Barrel),73.23,$/BBL
2006-08-01,YCUOK,NA,EPCWTI,WTI Crude Oil,PF4,Spot Price FOB,RWTC,"Cushing, OK WTI Spot Price FOB (Dollars per Barrel)",73.04,$/BBL
2006-09-01,Y05LA,LOS ANGELES,EPD2DC,Carb Diesel,PF4,Spot Price FOB,EER_EPD2DC_PF4_Y05LA_DPG,"Los Angeles, CA Ultra-Low Sulfur CARB Diesel Spot Price (Dollars per Gallon)",1.984,$/GAL
2006-09-01,RGC,NA,EPD2DXL0,No 2 Diesel Low Sulfur (0-15 ppm),PF4,Spot Price FOB,EER_EPD2DXL0_PF4_RGC_DPG,U.S. Gulf Coast Ultra-Low Sulfur No 2 Diesel Spot Price (Dollars per Gallon),1.789,$/GAL
2006-09-01,Y35NY,NEW YORK CITY,EPD2DXL0,No 2 Diesel Low Sulfur (0-15 ppm),PF4,Spot Price FOB,EER_EPD2DXL0_PF4_Y35NY_DPG,New York Harbor Ultra-Low Sulfur No 2 Diesel Spot Price (Dollars per Gallon),1.81,$/GAL
2006-09-01,Y35NY,NEW YORK CITY,EPD2F,No 2 Fuel Oil / Heating Oil,PF4,Spot Price FOB,EER_EPD2F_PF4_Y35NY_DPG,New York Harbor No. 2 Heating Oil Spot Price FOB (Dollars per Gallon),1.699,$/GAL
2006-09-01,RGC,NA,EPJK,Kerosene-Type Jet Fuel,PF4,Spot Price FOB,EER_EPJK_PF4_RGC_DPG,U.S. Gulf Coast Kerosene-Type Jet Fuel Spot Price FOB (Dollars per Gallon),1.81,$/GAL
2006-09-01,Y44MB,NA,EPLLPA,Propane,PF4,Spot Price FOB,EER_EPLLPA_PF4_Y44MB_DPG,"Mont Belvieu, TX Propane Spot Price FOB (Dollars per Gallon)",1.012,$/GAL
2006-09-01,Y05LA,LOS ANGELES,EPMRR,Reformulated Regular Gasoline,PF4,Spot Price FOB,EER_EPMRR_PF4_Y05LA_DPG,Los Angeles Reformulated RBOB Regular Gasoline Spot Price (Dollars per Gallon),1.782,$/GAL
2006-09-01,RGC,NA,EPMRU,Conventional Regular Gasoline,PF4,Spot Price FOB,EER_EPMRU_PF4_RGC_DPG,U.S. Gulf Coast Conventional Gasoline Regular Spot Price FOB (Dollars per Gallon),1.56,$/GAL
2006-09-01,Y35NY,NEW YORK CITY,EPMRU,Conventional Regular Gasoline,PF4,Spot Price FOB,EER_EPMRU_PF4_Y35NY_DPG,New York Harbor Conventional Gasoline Regular Spot Price FOB (Dollars per Gallon),1.583,$/GAL
2006-09-01,ZEU,NA,EPCBRENT,UK Brent Crude Oil,PF4,Spot Price FOB,RBRTE,Europe Brent Spot Price FOB (Dollars per Barrel),61.96,$/BBL
2006-09-01,YCUOK,NA,EPCWTI,WTI Crude Oil,PF4,Spot Price FOB,RWTC,"Cushing, OK WTI Spot Price FOB (Dollars per Barrel)",63.8,$/BBL
2006-10-01,Y05LA,LOS ANGELES,EPD2DC,Carb Diesel,PF4,Spot Price FOB,EER_EPD2DC_PF4_Y05LA_DPG,"Los Angeles, CA Ultra-Low Sulfur CARB Diesel Spot Price (Dollars per Gallon)",1.809,$/GAL
2006-10-01,RGC,NA,EPD2DXL0,No 2 Diesel Low Sulfur (0-15 ppm),PF4,Spot Price FOB,EER_EPD2DXL0_PF4_RGC_DPG,U.S. Gulf Coast Ultra-Low Sulfur No 2 Diesel Spot Price (Dollars per Gallon),1.784,$/GAL
2006-10-01,Y35NY,NEW YORK CITY,EPD2DXL0,No 2 Diesel Low Sulfur (0-15 ppm),PF4,Spot Price FOB,EER_EPD2DXL0_PF4_Y35NY_DPG,New York Harbor Ultra-Low Sulfur No 2 Diesel Spot Price (Dollars per Gallon),1.794,$/GAL
2006-10-01,Y35NY,NEW YORK CITY,EPD2F,No 2 Fuel Oil / Heating Oil,PF4,Spot Price FOB,EER_EPD2F_PF4_Y35NY_DPG,New York Harbor No. 2 Heating Oil Spot Price FOB (Dollars per Gallon),1.648,$/GAL
2006-10-01,RGC,NA,EPJK,Kerosene-Type Jet Fuel,PF4,Spot Price FOB,EER_EPJK_PF4_RGC_DPG,U.S. Gulf Coast Kerosene-Type Jet Fuel Spot Price FOB (Dollars per Gallon),1.739,$/GAL
2006-10-01,Y44MB,NA,EPLLPA,Propane,PF4,Spot Price FOB,EER_EPLLPA_PF4_Y44MB_DPG,"Mont Belvieu, TX Propane Spot Price FOB (Dollars per Gallon)",0.938,$/GAL
2006-10-01,Y05LA,LOS ANGELES,EPMRR,Reformulated Regular Gasoline,PF4,Spot Price FOB,EER_EPMRR_PF4_Y05LA_DPG,Los Angeles Reformulated RBOB Regular Gasoline Spot Price (Dollars per Gallon),1.686,$/GAL
2006-10-01,RGC,NA,EPMRU,Conventional Regular Gasoline,PF4,Spot Price FOB,EER_EPMRU_PF4_RGC_DPG,U.S. Gulf Coast Conventional Gasoline Regular Spot Price FOB (Dollars per Gallon),1.51,$/GAL
2006-10-01,Y35NY,NEW YORK CITY,EPMRU,Conventional Regular Gasoline,PF4,Spot Price FOB,EER_EPMRU_PF4_Y35NY_DPG,New York Harbor Conventional Gasoline Regular Spot Price FOB (Dollars per Gallon),1.506,$/GAL
2006-10-01,ZEU,NA,EPCBRENT,UK Brent Crude Oil,PF4,Spot Price FOB,RBRTE,Europe Brent Spot Price FOB (Dollars per Barrel),57.81,$/BBL
2006-10-01,YCUOK,NA,EPCWTI,WTI Crude Oil,PF4,Spot Price FOB,RWTC,"Cushing, OK WTI Spot Price FOB (Dollars per Barrel)",58.89,$/BBL
2006-11-01,Y05LA,LOS ANGELES,EPD2DC,Carb Diesel,PF4,Spot Price FOB,EER_EPD2DC_PF4_Y05LA_DPG,"Los Angeles, CA Ultra-Low Sulfur CARB Diesel Spot Price (Dollars per Gallon)",1.89,$/GAL
2006-11-01,RGC,NA,EPD2DXL0,No 2 Diesel Low Sulfur (0-15 ppm),PF4,Spot Price FOB,EER_EPD2DXL0_PF4_RGC_DPG,U.S. Gulf Coast Ultra-Low Sulfur No 2 Diesel Spot Price (Dollars per Gallon),1.797,$/GAL
2006-11-01,Y35NY,NEW YORK CITY,EPD2DXL0,No 2 Diesel Low Sulfur (0-15 ppm),PF4,Spot Price FOB,EER_EPD2DXL0_PF4_Y35NY_DPG,New York Harbor Ultra-Low Sulfur No 2 Diesel Spot Price (Dollars per Gallon),1.811,$/GAL
2006-11-01,Y35NY,NEW YORK CITY,EPD2F,No 2 Fuel Oil / Heating Oil,PF4,Spot Price FOB,EER_EPD2F_PF4_Y35NY_DPG,New York Harbor No. 2 Heating Oil Spot Price FOB (Dollars per Gallon),1.648,$/GAL
2006-11-01,RGC,NA,EPJK,Kerosene-Type Jet Fuel,PF4,Spot Price FOB,EER_EPJK_PF4_RGC_DPG,U.S. Gulf Coast Kerosene-Type Jet Fuel Spot Price FOB (Dollars per Gallon),1.733,$/GAL
2006-11-01,Y44MB,NA,EPLLPA,Propane,PF4,Spot Price FOB,EER_EPLLPA_PF4_Y44MB_DPG,"Mont Belvieu, TX Propane Spot Price FOB (Dollars per Gallon)",0.954,$/GAL
2006-11-01,Y05LA,LOS ANGELES,EPMRR,Reformulated Regular Gasoline,PF4,Spot Price FOB,EER_EPMRR_PF4_Y05LA_DPG,Los Angeles Reformulated RBOB Regular Gasoline Spot Price (Dollars per Gallon),1.797,$/GAL
2006-11-01,RGC,NA,EPMRU,Conventional Regular Gasoline,PF4,Spot Price FOB,EER_EPMRU_PF4_RGC_DPG,U.S. Gulf Coast Conventional Gasoline Regular Spot Price FOB (Dollars per Gallon),1.563,$/GAL
2006-11-01,Y35NY,NEW YORK CITY,EPMRU,Conventional Regular Gasoline,PF4,Spot Price FOB,EER_EPMRU_PF4_Y35NY_DPG,New York Harbor Conventional Gasoline Regular Spot Price FOB (Dollars per Gallon),1.588,$/GAL
2006-11-01,ZEU,NA,EPCBRENT,UK Brent Crude Oil,PF4,Spot Price FOB,RBRTE,Europe Brent Spot Price FOB (Dollars per Barrel),58.76,$/BBL
2006-11-01,YCUOK,NA,EPCWTI,WTI Crude Oil,PF4,Spot Price FOB,RWTC,"Cushing, OK WTI Spot Price FOB (Dollars per Barrel)",59.08,$/BBL
2006-12-01,Y05LA,LOS ANGELES,EPD2DC,Carb Diesel,PF4,Spot Price FOB,EER_EPD2DC_PF4_Y05LA_DPG,"Los Angeles, CA Ultra-Low Sulfur CARB Diesel Spot Price (Dollars per Gallon)",2.023,$/GAL
2006-12-01,RGC,NA,EPD2DXL0,No 2 Diesel Low Sulfur (0-15 ppm),PF4,Spot Price FOB,EER_EPD2DXL0_PF4_RGC_DPG,U.S. Gulf Coast Ultra-Low Sulfur No 2 Diesel Spot Price (Dollars per Gallon),1.791,$/GAL
2006-12-01,Y35NY,NEW YORK CITY,EPD2DXL0,No 2 Diesel Low Sulfur (0-15 ppm),PF4,Spot Price FOB,EER_EPD2DXL0_PF4_Y35NY_DPG,New York Harbor Ultra-Low Sulfur No 2 Diesel Spot Price (Dollars per Gallon),1.833,$/GAL
2006-12-01,Y35NY,NEW YORK CITY,EPD2F,No 2 Fuel Oil / Heating Oil,PF4,Spot Price FOB,EER_EPD2F_PF4_Y35NY_DPG,New York Harbor No. 2 Heating Oil Spot Price FOB (Dollars per Gallon),1.684,$/GAL
2006-12-01,RGC,NA,EPJK,Kerosene-Type Jet Fuel,PF4,Spot Price FOB,EER_EPJK_PF4_RGC_DPG,U.S. Gulf Coast Kerosene-Type Jet Fuel Spot Price FOB (Dollars per Gallon),1.81,$/GAL
2006-12-01,Y44MB,NA,EPLLPA,Propane,PF4,Spot Price FOB,EER_EPLLPA_PF4_Y44MB_DPG,"Mont Belvieu, TX Propane Spot Price FOB (Dollars per Gallon)",0.966,$/GAL
2006-12-01,Y05LA,LOS ANGELES,EPMRR,Reformulated Regular Gasoline,PF4,Spot Price FOB,EER_EPMRR_PF4_Y05LA_DPG,Los Angeles Reformulated RBOB Regular Gasoline Spot Price (Dollars per Gallon),1.805,$/GAL
2006-12-01,RGC,NA,EPMRU,Conventional Regular Gasoline,PF4,Spot Price FOB,EER_EPMRU_PF4_RGC_DPG,U.S. Gulf Coast Conventional Gasoline Regular Spot Price FOB (Dollars per Gallon),1.597,$/GAL
2006-12-01,Y35NY,NEW YORK CITY,EPMRU,Conventional Regular Gasoline,PF4,Spot Price FOB,EER_EPMRU_PF4_Y35NY_DPG,New York Harbor Conventional Gasoline Regular Spot Price FOB (Dollars per Gallon),1.67,$/GAL
2006-12-01,ZEU,NA,EPCBRENT,UK Brent Crude Oil,PF4,Spot Price FOB,RBRTE,Europe Brent Spot Price FOB (Dollars per Barrel),62.47,$/BBL
2006-12-01,YCUOK,NA,EPCWTI,WTI Crude Oil,PF4,Spot Price FOB,RWTC,"Cushing, OK WTI Spot Price FOB (Dollars per Barrel)",61.96,$/BBL
2007-01-01,Y05LA,LOS ANGELES,EPD2DC,Carb Diesel,PF4,Spot Price FOB,EER_EPD2DC_PF4_Y05LA_DPG,"Los Angeles, CA Ultra-Low Sulfur CARB Diesel Spot Price (Dollars per Gallon)",1.834,$/GAL
2007-01-01,RGC,NA,EPD2DXL0,No 2 Diesel Low Sulfur (0-15 ppm),PF4,Spot Price FOB,EER_EPD2DXL0_PF4_RGC_DPG,U.S. Gulf Coast Ultra-Low Sulfur No 2 Diesel Spot Price (Dollars per Gallon),1.639,$/GAL
2007-01-01,Y35NY,NEW YORK CITY,EPD2DXL0,No 2 Diesel Low Sulfur (0-15 ppm),PF4,Spot Price FOB,EER_EPD2DXL0_PF4_Y35NY_DPG,New York Harbor Ultra-Low Sulfur No 2 Diesel Spot Price (Dollars per Gallon),1.63,$/GAL
2007-01-01,Y35NY,NEW YORK CITY,EPD2F,No 2 Fuel Oil / Heating Oil,PF4,Spot Price FOB,EER_EPD2F_PF4_Y35NY_DPG,New York Harbor No. 2 Heating Oil Spot Price FOB (Dollars per Gallon),1.528,$/GAL
2007-01-01,RGC,NA,EPJK,Kerosene-Type Jet Fuel,PF4,Spot Price FOB,EER_EPJK_PF4_RGC_DPG,U.S. Gulf Coast Kerosene-Type Jet Fuel Spot Price FOB (Dollars per Gallon),1.654,$/GAL
2007-01-01,Y44MB,NA,EPLLPA,Propane,PF4,Spot Price FOB,EER_EPLLPA_PF4_Y44MB_DPG,"Mont Belvieu, TX Propane Spot Price FOB (Dollars per Gallon)",0.893,$/GAL
2007-01-01,Y05LA,LOS ANGELES,EPMRR,Reformulated Regular Gasoline,PF4,Spot Price FOB,EER_EPMRR_PF4_Y05LA_DPG,Los Angeles Reformulated RBOB Regular Gasoline Spot Price (Dollars per Gallon),1.682,$/GAL
2007-01-01,RGC,NA,EPMRU,Conventional Regular Gasoline,PF4,Spot Price FOB,EER_EPMRU_PF4_RGC_DPG,U.S. Gulf Coast Conventional Gasoline Regular Spot Price FOB (Dollars per Gallon),1.41,$/GAL
2007-01-01,Y35NY,NEW YORK CITY,EPMRU,Conventional Regular Gasoline,PF4,Spot Price FOB,EER_EPMRU_PF4_Y35NY_DPG,New York Harbor Conventional Gasoline Regular Spot Price FOB (Dollars per Gallon),1.432,$/GAL
2007-01-01,ZEU,NA,EPCBRENT,UK Brent Crude Oil,PF4,Spot Price FOB,RBRTE,Europe Brent Spot Price FOB (Dollars per Barrel),53.68,$/BBL
2007-01-01,YCUOK,NA,EPCWTI,WTI Crude Oil,PF4,Spot Price FOB,RWTC,"Cushing, OK WTI Spot Price FOB (Dollars per Barrel)",54.51,$/BBL
2007-02-01,Y05LA,LOS ANGELES,EPD2DC,Carb Diesel,PF4,Spot Price FOB,EER_EPD2DC_PF4_Y05LA_DPG,"Los Angeles, CA Ultra-Low Sulfur CARB Diesel Spot Price (Dollars per Gallon)",2.006,$/GAL
2007-02-01,RGC,NA,EPD2DXL0,No 2 Diesel Low Sulfur (0-15 ppm),PF4,Spot Price FOB,EER_EPD2DXL0_PF4_RGC_DPG,U.S. Gulf Coast Ultra-Low Sulfur No 2 Diesel Spot Price (Dollars per Gallon),1.777,$/GAL
2007-02-01,Y35NY,NEW YORK CITY,EPD2DXL0,No 2 Diesel Low Sulfur (0-15 ppm),PF4,Spot Price FOB,EER_EPD2DXL0_PF4_Y35NY_DPG,New York Harbor Ultra-Low Sulfur No 2 Diesel Spot Price (Dollars per Gallon),1.759,$/GAL
2007-02-01,Y35NY,NEW YORK CITY,EPD2F,No 2 Fuel Oil / Heating Oil,PF4,Spot Price FOB,EER_EPD2F_PF4_Y35NY_DPG,New York Harbor No. 2 Heating Oil Spot Price FOB (Dollars per Gallon),1.693,$/GAL
2007-02-01,RGC,NA,EPJK,Kerosene-Type Jet Fuel,PF4,Spot Price FOB,EER_EPJK_PF4_RGC_DPG,U.S. Gulf Coast Kerosene-Type Jet Fuel Spot Price FOB (Dollars per Gallon),1.74,$/GAL
2007-02-01,Y44MB,NA,EPLLPA,Propane,PF4,Spot Price FOB,EER_EPLLPA_PF4_Y44MB_DPG,"Mont Belvieu, TX Propane Spot Price FOB (Dollars per Gallon)",0.975,$/GAL
2007-02-01,Y05LA,LOS ANGELES,EPMRR,Reformulated Regular Gasoline,PF4,Spot Price FOB,EER_EPMRR_PF4_Y05LA_DPG,Los Angeles Reformulated RBOB Regular Gasoline Spot Price (Dollars per Gallon),2.019,$/GAL
2007-02-01,RGC,NA,EPMRU,Conventional Regular Gasoline,PF4,Spot Price FOB,EER_EPMRU_PF4_RGC_DPG,U.S. Gulf Coast Conventional Gasoline Regular Spot Price FOB (Dollars per Gallon),1.612,$/GAL
2007-02-01,Y35NY,NEW YORK CITY,EPMRU,Conventional Regular Gasoline,PF4,Spot Price FOB,EER_EPMRU_PF4_Y35NY_DPG,New York Harbor Conventional Gasoline Regular Spot Price FOB (Dollars per Gallon),1.64,$/GAL
2007-02-01,ZEU,NA,EPCBRENT,UK Brent Crude Oil,PF4,Spot Price FOB,RBRTE,Europe Brent Spot Price FOB (Dollars per Barrel),57.56,$/BBL
2007-02-01,YCUOK,NA,EPCWTI,WTI Crude Oil,PF4,Spot Price FOB,RWTC,"Cushing, OK WTI Spot Price FOB (Dollars per Barrel)",59.28,$/BBL
2007-03-01,Y05LA,LOS ANGELES,EPD2DC,Carb Diesel,PF4,Spot Price FOB,EER_EPD2DC_PF4_Y05LA_DPG,"Los Angeles, CA Ultra-Low Sulfur CARB Diesel Spot Price (Dollars per Gallon)",2.038,$/GAL
2007-03-01,RGC,NA,EPD2DXL0,No 2 Diesel Low Sulfur (0-15 ppm),PF4,Spot Price FOB,EER_EPD2DXL0_PF4_RGC_DPG,U.S. Gulf Coast Ultra-Low Sulfur No 2 Diesel Spot Price (Dollars per Gallon),1.97,$/GAL
2007-03-01,Y35NY,NEW YORK CITY,EPD2DXL0,No 2 Diesel Low Sulfur (0-15 ppm),PF4,Spot Price FOB,EER_EPD2DXL0_PF4_Y35NY_DPG,New York Harbor Ultra-Low Sulfur No 2 Diesel Spot Price (Dollars per Gallon),1.891,$/GAL
2007-03-01,Y35NY,NEW YORK CITY,EPD2F,No 2 Fuel Oil / Heating Oil,PF4,Spot Price FOB,EER_EPD2F_PF4_Y35NY_DPG,New York Harbor No. 2 Heating Oil Spot Price FOB (Dollars per Gallon),1.742,$/GAL
2007-03-01,RGC,NA,EPJK,Kerosene-Type Jet Fuel,PF4,Spot Price FOB,EER_EPJK_PF4_RGC_DPG,U.S. Gulf Coast Kerosene-Type Jet Fuel Spot Price FOB (Dollars per Gallon),1.846,$/GAL
2007-03-01,Y44MB,NA,EPLLPA,Propane,PF4,Spot Price FOB,EER_EPLLPA_PF4_Y44MB_DPG,"Mont Belvieu, TX Propane Spot Price FOB (Dollars per Gallon)",1.037,$/GAL
2007-03-01,Y05LA,LOS ANGELES,EPMRR,Reformulated Regular Gasoline,PF4,Spot Price FOB,EER_EPMRR_PF4_Y05LA_DPG,Los Angeles Reformulated RBOB Regular Gasoline Spot Price (Dollars per Gallon),2.373,$/GAL
2007-03-01,RGC,NA,EPMRU,Conventional Regular Gasoline,PF4,Spot Price FOB,EER_EPMRU_PF4_RGC_DPG,U.S. Gulf Coast Conventional Gasoline Regular Spot Price FOB (Dollars per Gallon),1.85,$/GAL
2007-03-01,Y35NY,NEW YORK CITY,EPMRU,Conventional Regular Gasoline,PF4,Spot Price FOB,EER_EPMRU_PF4_Y35NY_DPG,New York Harbor Conventional Gasoline Regular Spot Price FOB (Dollars per Gallon),1.938,$/GAL
2007-03-01,ZEU,NA,EPCBRENT,UK Brent Crude Oil,PF4,Spot Price FOB,RBRTE,Europe Brent Spot Price FOB (Dollars per Barrel),62.05,$/BBL
2007-03-01,YCUOK,NA,EPCWTI,WTI Crude Oil,PF4,Spot Price FOB,RWTC,"Cushing, OK WTI Spot Price FOB (Dollars per Barrel)",60.44,$/BBL
2007-04-01,Y05LA,LOS ANGELES,EPD2DC,Carb Diesel,PF4,Spot Price FOB,EER_EPD2DC_PF4_Y05LA_DPG,"Los Angeles, CA Ultra-Low Sulfur CARB Diesel Spot Price (Dollars per Gallon)",2.177,$/GAL
2007-04-01,RGC,NA,EPD2DXL0,No 2 Diesel Low Sulfur (0-15 ppm),PF4,Spot Price FOB,EER_EPD2DXL0_PF4_RGC_DPG,U.S. Gulf Coast Ultra-Low Sulfur No 2 Diesel Spot Price (Dollars per Gallon),2.092,$/GAL
2007-04-01,Y35NY,NEW YORK CITY,EPD2DXL0,No 2 Diesel Low Sulfur (0-15 ppm),PF4,Spot Price FOB,EER_EPD2DXL0_PF4_Y35NY_DPG,New York Harbor Ultra-Low Sulfur No 2 Diesel Spot Price (Dollars per Gallon),2.053,$/GAL
2007-04-01,Y35NY,NEW YORK CITY,EPD2F,No 2 Fuel Oil / Heating Oil,PF4,Spot Price FOB,EER_EPD2F_PF4_Y35NY_DPG,New York Harbor No. 2 Heating Oil Spot Price FOB (Dollars per Gallon),1.864,$/GAL
2007-04-01,RGC,NA,EPJK,Kerosene-Type Jet Fuel,PF4,Spot Price FOB,EER_EPJK_PF4_RGC_DPG,U.S. Gulf Coast Kerosene-Type Jet Fuel Spot Price FOB (Dollars per Gallon),2.036,$/GAL
2007-04-01,Y44MB,NA,EPLLPA,Propane,PF4,Spot Price FOB,EER_EPLLPA_PF4_Y44MB_DPG,"Mont Belvieu, TX Propane Spot Price FOB (Dollars per Gallon)",1.108,$/GAL
2007-04-01,Y05LA,LOS ANGELES,EPMRR,Reformulated Regular Gasoline,PF4,Spot Price FOB,EER_EPMRR_PF4_Y05LA_DPG,Los Angeles Reformulated RBOB Regular Gasoline Spot Price (Dollars per Gallon),2.531,$/GAL
2007-04-01,RGC,NA,EPMRU,Conventional Regular Gasoline,PF4,Spot Price FOB,EER_EPMRU_PF4_RGC_DPG,U.S. Gulf Coast Conventional Gasoline Regular Spot Price FOB (Dollars per Gallon),2.162,$/GAL
2007-04-01,Y35NY,NEW YORK CITY,EPMRU,Conventional Regular Gasoline,PF4,Spot Price FOB,EER_EPMRU_PF4_Y35NY_DPG,New York Harbor Conventional Gasoline Regular Spot Price FOB (Dollars per Gallon),2.105,$/GAL
2007-04-01,ZEU,NA,EPCBRENT,UK Brent Crude Oil,PF4,Spot Price FOB,RBRTE,Europe Brent Spot Price FOB (Dollars per Barrel),67.49,$/BBL
2007-04-01,YCUOK,NA,EPCWTI,WTI Crude Oil,PF4,Spot Price FOB,RWTC,"Cushing, OK WTI Spot Price FOB (Dollars per Barrel)",63.98,$/BBL
2007-05-01,Y05LA,LOS ANGELES,EPD2DC,Carb Diesel,PF4,Spot Price FOB,EER_EPD2DC_PF4_Y05LA_DPG,"Los Angeles, CA Ultra-Low Sulfur CARB Diesel Spot Price (Dollars per Gallon)",2.133,$/GAL
2007-05-01,RGC,NA,EPD2DXL0,No 2 Diesel Low Sulfur (0-15 ppm),PF4,Spot Price FOB,EER_EPD2DXL0_PF4_RGC_DPG,U.S. Gulf Coast Ultra-Low Sulfur No 2 Diesel Spot Price (Dollars per Gallon),2.045,$/GAL
2007-05-01,Y35NY,NEW YORK CITY,EPD2DXL0,No 2 Diesel Low Sulfur (0-15 ppm),PF4,Spot Price FOB,EER_EPD2DXL0_PF4_Y35NY_DPG,New York Harbor Ultra-Low Sulfur No 2 Diesel Spot Price (Dollars per Gallon),2.044,$/GAL
2007-05-01,Y35NY,NEW YORK CITY,EPD2F,No 2 Fuel Oil / Heating Oil,PF4,Spot Price FOB,EER_EPD2F_PF4_Y35NY_DPG,New York Harbor No. 2 Heating Oil Spot Price FOB (Dollars per Gallon),1.884,$/GAL
2007-05-01,RGC,NA,EPJK,Kerosene-Type Jet Fuel,PF4,Spot Price FOB,EER_EPJK_PF4_RGC_DPG,U.S. Gulf Coast Kerosene-Type Jet Fuel Spot Price FOB (Dollars per Gallon),2.044,$/GAL
2007-05-01,Y44MB,NA,EPLLPA,Propane,PF4,Spot Price FOB,EER_EPLLPA_PF4_Y44MB_DPG,"Mont Belvieu, TX Propane Spot Price FOB (Dollars per Gallon)",1.149,$/GAL
2007-05-01,Y05LA,LOS ANGELES,EPMRR,Reformulated Regular Gasoline,PF4,Spot Price FOB,EER_EPMRR_PF4_Y05LA_DPG,Los Angeles Reformulated RBOB Regular Gasoline Spot Price (Dollars per Gallon),2.572,$/GAL
2007-05-01,RGC,NA,EPMRU,Conventional Regular Gasoline,PF4,Spot Price FOB,EER_EPMRU_PF4_RGC_DPG,U.S. Gulf Coast Conventional Gasoline Regular Spot Price FOB (Dollars per Gallon),2.305,$/GAL
2007-05-01,Y35NY,NEW YORK CITY,EPMRU,Conventional Regular Gasoline,PF4,Spot Price FOB,EER_EPMRU_PF4_Y35NY_DPG,New York Harbor Conventional Gasoline Regular Spot Price FOB (Dollars per Gallon),2.245,$/GAL
2007-05-01,ZEU,NA,EPCBRENT,UK Brent Crude Oil,PF4,Spot Price FOB,RBRTE,Europe Brent Spot Price FOB (Dollars per Barrel),67.21,$/BBL
2007-05-01,YCUOK,NA,EPCWTI,WTI Crude Oil,PF4,Spot Price FOB,RWTC,"Cushing, OK WTI Spot Price FOB (Dollars per Barrel)",63.46,$/BBL
2007-06-01,Y05LA,LOS ANGELES,EPD2DC,Carb Diesel,PF4,Spot Price FOB,EER_EPD2DC_PF4_Y05LA_DPG,"Los Angeles, CA Ultra-Low Sulfur CARB Diesel Spot Price (Dollars per Gallon)",2.251,$/GAL
2007-06-01,RGC,NA,EPD2DXL0,No 2 Diesel Low Sulfur (0-15 ppm),PF4,Spot Price FOB,EER_EPD2DXL0_PF4_RGC_DPG,U.S. Gulf Coast Ultra-Low Sulfur No 2 Diesel Spot Price (Dollars per Gallon),2.093,$/GAL
2007-06-01,Y35NY,NEW YORK CITY,EPD2DXL0,No 2 Diesel Low Sulfur (0-15 ppm),PF4,Spot Price FOB,EER_EPD2DXL0_PF4_Y35NY_DPG,New York Harbor Ultra-Low Sulfur No 2 Diesel Spot Price (Dollars per Gallon),2.12,$/GAL
2007-06-01,Y35NY,NEW YORK CITY,EPD2F,No 2 Fuel Oil / Heating Oil,PF4,Spot Price FOB,EER_EPD2F_PF4_Y35NY_DPG,New York Harbor No. 2 Heating Oil Spot Price FOB (Dollars per Gallon),1.991,$/GAL
2007-06-01,RGC,NA,EPJK,Kerosene-Type Jet Fuel,PF4,Spot Price FOB,EER_EPJK_PF4_RGC_DPG,U.S. Gulf Coast Kerosene-Type Jet Fuel Spot Price FOB (Dollars per Gallon),2.099,$/GAL
2007-06-01,Y44MB,NA,EPLLPA,Propane,PF4,Spot Price FOB,EER_EPLLPA_PF4_Y44MB_DPG,"Mont Belvieu, TX Propane Spot Price FOB (Dollars per Gallon)",1.139,$/GAL
2007-06-01,Y05LA,LOS ANGELES,EPMRR,Reformulated Regular Gasoline,PF4,Spot Price FOB,EER_EPMRR_PF4_Y05LA_DPG,Los Angeles Reformulated RBOB Regular Gasoline Spot Price (Dollars per Gallon),2.354,$/GAL
2007-06-01,RGC,NA,EPMRU,Conventional Regular Gasoline,PF4,Spot Price FOB,EER_EPMRU_PF4_RGC_DPG,U.S. Gulf Coast Conventional Gasoline Regular Spot Price FOB (Dollars per Gallon),2.155,$/GAL
2007-06-01,Y35NY,NEW YORK CITY,EPMRU,Conventional Regular Gasoline,PF4,Spot Price FOB,EER_EPMRU_PF4_Y35NY_DPG,New York Harbor Conventional Gasoline Regular Spot Price FOB (Dollars per Gallon),2.186,$/GAL
2007-06-01,ZEU,NA,EPCBRENT,UK Brent Crude Oil,PF4,Spot Price FOB,RBRTE,Europe Brent Spot Price FOB (Dollars per Barrel),71.05,$/BBL
2007-06-01,YCUOK,NA,EPCWTI,WTI Crude Oil,PF4,Spot Price FOB,RWTC,"Cushing, OK WTI Spot Price FOB (Dollars per Barrel)",67.49,$/BBL
2007-07-01,Y05LA,LOS ANGELES,EPD2DC,Carb Diesel,PF4,Spot Price FOB,EER_EPD2DC_PF4_Y05LA_DPG,"Los Angeles, CA Ultra-Low Sulfur CARB Diesel Spot Price (Dollars per Gallon)",2.321,$/GAL
2007-07-01,RGC,NA,EPD2DXL0,No 2 Diesel Low Sulfur (0-15 ppm),PF4,Spot Price FOB,EER_EPD2DXL0_PF4_RGC_DPG,U.S. Gulf Coast Ultra-Low Sulfur No 2 Diesel Spot Price (Dollars per Gallon),2.144,$/GAL
2007-07-01,Y35NY,NEW YORK CITY,EPD2DXL0,No 2 Diesel Low Sulfur (0-15 ppm),PF4,Spot Price FOB,EER_EPD2DXL0_PF4_Y35NY_DPG,New York Harbor Ultra-Low Sulfur No 2 Diesel Spot Price (Dollars per Gallon),2.146,$/GAL
2007-07-01,Y35NY,NEW YORK CITY,EPD2F,No 2 Fuel Oil / Heating Oil,PF4,Spot Price FOB,EER_EPD2F_PF4_Y35NY_DPG,New York Harbor No. 2 Heating Oil Spot Price FOB (Dollars per Gallon),2.072,$/GAL
2007-07-01,RGC,NA,EPJK,Kerosene-Type Jet Fuel,PF4,Spot Price FOB,EER_EPJK_PF4_RGC_DPG,U.S. Gulf Coast Kerosene-Type Jet Fuel Spot Price FOB (Dollars per Gallon),2.137,$/GAL
2007-07-01,Y44MB,NA,EPLLPA,Propane,PF4,Spot Price FOB,EER_EPLLPA_PF4_Y44MB_DPG,"Mont Belvieu, TX Propane Spot Price FOB (Dollars per Gallon)",1.19,$/GAL
2007-07-01,Y05LA,LOS ANGELES,EPMRR,Reformulated Regular Gasoline,PF4,Spot Price FOB,EER_EPMRR_PF4_Y05LA_DPG,Los Angeles Reformulated RBOB Regular Gasoline Spot Price (Dollars per Gallon),2.311,$/GAL
2007-07-01,RGC,NA,EPMRU,Conventional Regular Gasoline,PF4,Spot Price FOB,EER_EPMRU_PF4_RGC_DPG,U.S. Gulf Coast Conventional Gasoline Regular Spot Price FOB (Dollars per Gallon),2.128,$/GAL
2007-07-01,Y35NY,NEW YORK CITY,EPMRU,Conventional Regular Gasoline,PF4,Spot Price FOB,EER_EPMRU_PF4_Y35NY_DPG,New York Harbor Conventional Gasoline Regular Spot Price FOB (Dollars per Gallon),2.137,$/GAL
2007-07-01,ZEU,NA,EPCBRENT,UK Brent Crude Oil,PF4,Spot Price FOB,RBRTE,Europe Brent Spot Price FOB (Dollars per Barrel),76.93,$/BBL
2007-07-01,YCUOK,NA,EPCWTI,WTI Crude Oil,PF4,Spot Price FOB,RWTC,"Cushing, OK WTI Spot Price FOB (Dollars per Barrel)",74.12,$/BBL
2007-08-01,Y05LA,LOS ANGELES,EPD2DC,Carb Diesel,PF4,Spot Price FOB,EER_EPD2DC_PF4_Y05LA_DPG,"Los Angeles, CA Ultra-Low Sulfur CARB Diesel Spot Price (Dollars per Gallon)",2.165,$/GAL
2007-08-01,RGC,NA,EPD2DXL0,No 2 Diesel Low Sulfur (0-15 ppm),PF4,Spot Price FOB,EER_EPD2DXL0_PF4_RGC_DPG,U.S. Gulf Coast Ultra-Low Sulfur No 2 Diesel Spot Price (Dollars per Gallon),2.116,$/GAL
2007-08-01,Y35NY,NEW YORK CITY,EPD2DXL0,No 2 Diesel Low Sulfur (0-15 ppm),PF4,Spot Price FOB,EER_EPD2DXL0_PF4_Y35NY_DPG,New York Harbor Ultra-Low Sulfur No 2 Diesel Spot Price (Dollars per Gallon),2.106,$/GAL
2007-08-01,Y35NY,NEW YORK CITY,EPD2F,No 2 Fuel Oil / Heating Oil,PF4,Spot Price FOB,EER_EPD2F_PF4_Y35NY_DPG,New York Harbor No. 2 Heating Oil Spot Price FOB (Dollars per Gallon),1.984,$/GAL
2007-08-01,RGC,NA,EPJK,Kerosene-Type Jet Fuel,PF4,Spot Price FOB,EER_EPJK_PF4_RGC_DPG,U.S. Gulf Coast Kerosene-Type Jet Fuel Spot Price FOB (Dollars per Gallon),2.092,$/GAL
2007-08-01,Y44MB,NA,EPLLPA,Propane,PF4,Spot Price FOB,EER_EPLLPA_PF4_Y44MB_DPG,"Mont Belvieu, TX Propane Spot Price FOB (Dollars per Gallon)",1.186,$/GAL
2007-08-01,Y05LA,LOS ANGELES,EPMRR,Reformulated Regular Gasoline,PF4,Spot Price FOB,EER_EPMRR_PF4_Y05LA_DPG,Los Angeles Reformulated RBOB Regular Gasoline Spot Price (Dollars per Gallon),2.049,$/GAL
2007-08-01,RGC,NA,EPMRU,Conventional Regular Gasoline,PF4,Spot Price FOB,EER_EPMRU_PF4_RGC_DPG,U.S. Gulf Coast Conventional Gasoline Regular Spot Price FOB (Dollars per Gallon),1.966,$/GAL
2007-08-01,Y35NY,NEW YORK CITY,EPMRU,Conventional Regular Gasoline,PF4,Spot Price FOB,EER_EPMRU_PF4_Y35NY_DPG,New York Harbor Conventional Gasoline Regular Spot Price FOB (Dollars per Gallon),2.004,$/GAL
2007-08-01,ZEU,NA,EPCBRENT,UK Brent Crude Oil,PF4,Spot Price FOB,RBRTE,Europe Brent Spot Price FOB (Dollars per Barrel),70.76,$/BBL
2007-08-01,YCUOK,NA,EPCWTI,WTI Crude Oil,PF4,Spot Price FOB,RWTC,"Cushing, OK WTI Spot Price FOB (Dollars per Barrel)",72.36,$/BBL
2007-09-01,Y05LA,LOS ANGELES,EPD2DC,Carb Diesel,PF4,Spot Price FOB,EER_EPD2DC_PF4_Y05LA_DPG,"Los Angeles, CA Ultra-Low Sulfur CARB Diesel Spot Price (Dollars per Gallon)",2.269,$/GAL
2007-09-01,RGC,NA,EPD2DXL0,No 2 Diesel Low Sulfur (0-15 ppm),PF4,Spot Price FOB,EER_EPD2DXL0_PF4_RGC_DPG,U.S. Gulf Coast Ultra-Low Sulfur No 2 Diesel Spot Price (Dollars per Gallon),2.294,$/GAL
2007-09-01,Y35NY,NEW YORK CITY,EPD2DXL0,No 2 Diesel Low Sulfur (0-15 ppm),PF4,Spot Price FOB,EER_EPD2DXL0_PF4_Y35NY_DPG,New York Harbor Ultra-Low Sulfur No 2 Diesel Spot Price (Dollars per Gallon),2.32,$/GAL
2007-09-01,Y35NY,NEW YORK CITY,EPD2F,No 2 Fuel Oil / Heating Oil,PF4,Spot Price FOB,EER_EPD2F_PF4_Y35NY_DPG,New York Harbor No. 2 Heating Oil Spot Price FOB (Dollars per Gallon),2.179,$/GAL
2007-09-01,RGC,NA,EPJK,Kerosene-Type Jet Fuel,PF4,Spot Price FOB,EER_EPJK_PF4_RGC_DPG,U.S. Gulf Coast Kerosene-Type Jet Fuel Spot Price FOB (Dollars per Gallon),2.265,$/GAL
2007-09-01,Y44MB,NA,EPLLPA,Propane,PF4,Spot Price FOB,EER_EPLLPA_PF4_Y44MB_DPG,"Mont Belvieu, TX Propane Spot Price FOB (Dollars per Gallon)",1.295,$/GAL
2007-09-01,Y05LA,LOS ANGELES,EPMRR,Reformulated Regular Gasoline,PF4,Spot Price FOB,EER_EPMRR_PF4_Y05LA_DPG,Los Angeles Reformulated RBOB Regular Gasoline Spot Price (Dollars per Gallon),2.208,$/GAL
2007-09-01,RGC,NA,EPMRU,Conventional Regular Gasoline,PF4,Spot Price FOB,EER_EPMRU_PF4_RGC_DPG,U.S. Gulf Coast Conventional Gasoline Regular Spot Price FOB (Dollars per Gallon),2.111,$/GAL
2007-09-01,Y35NY,NEW YORK CITY,EPMRU,Conventional Regular Gasoline,PF4,Spot Price FOB,EER_EPMRU_PF4_Y35NY_DPG,New York Harbor Conventional Gasoline Regular Spot Price FOB (Dollars per Gallon),2.102,$/GAL
2007-09-01,ZEU,NA,EPCBRENT,UK Brent Crude Oil,PF4,Spot Price FOB,RBRTE,Europe Brent Spot Price FOB (Dollars per Barrel),77.17,$/BBL
2007-09-01,YCUOK,NA,EPCWTI,WTI Crude Oil,PF4,Spot Price FOB,RWTC,"Cushing, OK WTI Spot Price FOB (Dollars per Barrel)",79.92,$/BBL
2007-10-01,Y05LA,LOS ANGELES,EPD2DC,Carb Diesel,PF4,Spot Price FOB,EER_EPD2DC_PF4_Y05LA_DPG,"Los Angeles, CA Ultra-Low Sulfur CARB Diesel Spot Price (Dollars per Gallon)",2.499,$/GAL
2007-10-01,RGC,NA,EPD2DXL0,No 2 Diesel Low Sulfur (0-15 ppm),PF4,Spot Price FOB,EER_EPD2DXL0_PF4_RGC_DPG,U.S. Gulf Coast Ultra-Low Sulfur No 2 Diesel Spot Price (Dollars per Gallon),2.361,$/GAL
2007-10-01,Y35NY,NEW YORK CITY,EPD2DXL0,No 2 Diesel Low Sulfur (0-15 ppm),PF4,Spot Price FOB,EER_EPD2DXL0_PF4_Y35NY_DPG,New York Harbor Ultra-Low Sulfur No 2 Diesel Spot Price (Dollars per Gallon),2.417,$/GAL
2007-10-01,Y35NY,NEW YORK CITY,EPD2F,No 2 Fuel Oil / Heating Oil,PF4,Spot Price FOB,EER_EPD2F_PF4_Y35NY_DPG,New York Harbor No. 2 Heating Oil Spot Price FOB (Dollars per Gallon),2.282,$/GAL
2007-10-01,RGC,NA,EPJK,Kerosene-Type Jet Fuel,PF4,Spot Price FOB,EER_EPJK_PF4_RGC_DPG,U.S. Gulf Coast Kerosene-Type Jet Fuel Spot Price FOB (Dollars per Gallon),2.372,$/GAL
2007-10-01,Y44MB,NA,EPLLPA,Propane,PF4,Spot Price FOB,EER_EPLLPA_PF4_Y44MB_DPG,"Mont Belvieu, TX Propane Spot Price FOB (Dollars per Gallon)",1.432,$/GAL
2007-10-01,Y05LA,LOS ANGELES,EPMRR,Reformulated Regular Gasoline,PF4,Spot Price FOB,EER_EPMRR_PF4_Y05LA_DPG,Los Angeles Reformulated RBOB Regular Gasoline Spot Price (Dollars per Gallon),2.394,$/GAL
2007-10-01,RGC,NA,EPMRU,Conventional Regular Gasoline,PF4,Spot Price FOB,EER_EPMRU_PF4_RGC_DPG,U.S. Gulf Coast Conventional Gasoline Regular Spot Price FOB (Dollars per Gallon),2.121,$/GAL
2007-10-01,Y35NY,NEW YORK CITY,EPMRU,Conventional Regular Gasoline,PF4,Spot Price FOB,EER_EPMRU_PF4_Y35NY_DPG,New York Harbor Conventional Gasoline Regular Spot Price FOB (Dollars per Gallon),2.169,$/GAL
2007-10-01,ZEU,NA,EPCBRENT,UK Brent Crude Oil,PF4,Spot Price FOB,RBRTE,Europe Brent Spot Price FOB (Dollars per Barrel),82.34,$/BBL
2007-10-01,YCUOK,NA,EPCWTI,WTI Crude Oil,PF4,Spot Price FOB,RWTC,"Cushing, OK WTI Spot Price FOB (Dollars per Barrel)",85.8,$/BBL
2007-11-01,Y05LA,LOS ANGELES,EPD2DC,Carb Diesel,PF4,Spot Price FOB,EER_EPD2DC_PF4_Y05LA_DPG,"Los Angeles, CA Ultra-Low Sulfur CARB Diesel Spot Price (Dollars per Gallon)",2.717,$/GAL
2007-11-01,RGC,NA,EPD2DXL0,No 2 Diesel Low Sulfur (0-15 ppm),PF4,Spot Price FOB,EER_EPD2DXL0_PF4_RGC_DPG,U.S. Gulf Coast Ultra-Low Sulfur No 2 Diesel Spot Price (Dollars per Gallon),2.657,$/GAL
2007-11-01,Y35NY,NEW YORK CITY,EPD2DXL0,No 2 Diesel Low Sulfur (0-15 ppm),PF4,Spot Price FOB,EER_EPD2DXL0_PF4_Y35NY_DPG,New York Harbor Ultra-Low Sulfur No 2 Diesel Spot Price (Dollars per Gallon),2.7,$/GAL
2007-11-01,Y35NY,NEW YORK CITY,EPD2F,No 2 Fuel Oil / Heating Oil,PF4,Spot Price FOB,EER_EPD2F_PF4_Y35NY_DPG,New York Harbor No. 2 Heating Oil Spot Price FOB (Dollars per Gallon),2.586,$/GAL
2007-11-01,RGC,NA,EPJK,Kerosene-Type Jet Fuel,PF4,Spot Price FOB,EER_EPJK_PF4_RGC_DPG,U.S. Gulf Coast Kerosene-Type Jet Fuel Spot Price FOB (Dollars per Gallon),2.673,$/GAL
2007-11-01,Y44MB,NA,EPLLPA,Propane,PF4,Spot Price FOB,EER_EPLLPA_PF4_Y44MB_DPG,"Mont Belvieu, TX Propane Spot Price FOB (Dollars per Gallon)",1.556,$/GAL
2007-11-01,Y05LA,LOS ANGELES,EPMRR,Reformulated Regular Gasoline,PF4,Spot Price FOB,EER_EPMRR_PF4_Y05LA_DPG,Los Angeles Reformulated RBOB Regular Gasoline Spot Price (Dollars per Gallon),2.559,$/GAL
2007-11-01,RGC,NA,EPMRU,Conventional Regular Gasoline,PF4,Spot Price FOB,EER_EPMRU_PF4_RGC_DPG,U.S. Gulf Coast Conventional Gasoline Regular Spot Price FOB (Dollars per Gallon),2.359,$/GAL
2007-11-01,Y35NY,NEW YORK CITY,EPMRU,Conventional Regular Gasoline,PF4,Spot Price FOB,EER_EPMRU_PF4_Y35NY_DPG,New York Harbor Conventional Gasoline Regular Spot Price FOB (Dollars per Gallon),2.424,$/GAL
2007-11-01,ZEU,NA,EPCBRENT,UK Brent Crude Oil,PF4,Spot Price FOB,RBRTE,Europe Brent Spot Price FOB (Dollars per Barrel),92.41,$/BBL
2007-11-01,YCUOK,NA,EPCWTI,WTI Crude Oil,PF4,Spot Price FOB,RWTC,"Cushing, OK WTI Spot Price FOB (Dollars per Barrel)",94.77,$/BBL
2007-12-01,Y05LA,LOS ANGELES,EPD2DC,Carb Diesel,PF4,Spot Price FOB,EER_EPD2DC_PF4_Y05LA_DPG,"Los Angeles, CA Ultra-Low Sulfur CARB Diesel Spot Price (Dollars per Gallon)",2.568,$/GAL
2007-12-01,RGC,NA,EPD2DXL0,No 2 Diesel Low Sulfur (0-15 ppm),PF4,Spot Price FOB,EER_EPD2DXL0_PF4_RGC_DPG,U.S. Gulf Coast Ultra-Low Sulfur No 2 Diesel Spot Price (Dollars per Gallon),2.561,$/GAL
2007-12-01,Y35NY,NEW YORK CITY,EPD2DXL0,No 2 Diesel Low Sulfur (0-15 ppm),PF4,Spot Price FOB,EER_EPD2DXL0_PF4_Y35NY_DPG,New York Harbor Ultra-Low Sulfur No 2 Diesel Spot Price (Dollars per Gallon),2.631,$/GAL
2007-12-01,Y35NY,NEW YORK CITY,EPD2F,No 2 Fuel Oil / Heating Oil,PF4,Spot Price FOB,EER_EPD2F_PF4_Y35NY_DPG,New York Harbor No. 2 Heating Oil Spot Price FOB (Dollars per Gallon),2.574,$/GAL
2007-12-01,RGC,NA,EPJK,Kerosene-Type Jet Fuel,PF4,Spot Price FOB,EER_EPJK_PF4_RGC_DPG,U.S. Gulf Coast Kerosene-Type Jet Fuel Spot Price FOB (Dollars per Gallon),2.601,$/GAL
2007-12-01,Y44MB,NA,EPLLPA,Propane,PF4,Spot Price FOB,EER_EPLLPA_PF4_Y44MB_DPG,"Mont Belvieu, TX Propane Spot Price FOB (Dollars per Gallon)",1.529,$/GAL
2007-12-01,Y05LA,LOS ANGELES,EPMRR,Reformulated Regular Gasoline,PF4,Spot Price FOB,EER_EPMRR_PF4_Y05LA_DPG,Los Angeles Reformulated RBOB Regular Gasoline Spot Price (Dollars per Gallon),2.45,$/GAL
2007-12-01,RGC,NA,EPMRU,Conventional Regular Gasoline,PF4,Spot Price FOB,EER_EPMRU_PF4_RGC_DPG,U.S. Gulf Coast Conventional Gasoline Regular Spot Price FOB (Dollars per Gallon),2.275,$/GAL
2007-12-01,Y35NY,NEW YORK CITY,EPMRU,Conventional Regular Gasoline,PF4,Spot Price FOB,EER_EPMRU_PF4_Y35NY_DPG,New York Harbor Conventional Gasoline Regular Spot Price FOB (Dollars per Gallon),2.33,$/GAL
2007-12-01,ZEU,NA,EPCBRENT,UK Brent Crude Oil,PF4,Spot Price FOB,RBRTE,Europe Brent Spot Price FOB (Dollars per Barrel),90.93,$/BBL
2007-12-01,YCUOK,NA,EPCWTI,WTI Crude Oil,PF4,Spot Price FOB,RWTC,"Cushing, OK WTI Spot Price FOB (Dollars per Barrel)",91.69,$/BBL
2008-01-01,Y05LA,LOS ANGELES,EPD2DC,Carb Diesel,PF4,Spot Price FOB,EER_EPD2DC_PF4_Y05LA_DPG,"Los Angeles, CA Ultra-Low Sulfur CARB Diesel Spot Price (Dollars per Gallon)",2.544,$/GAL
2008-01-01,RGC,NA,EPD2DXL0,No 2 Diesel Low Sulfur (0-15 ppm),PF4,Spot Price FOB,EER_EPD2DXL0_PF4_RGC_DPG,U.S. Gulf Coast Ultra-Low Sulfur No 2 Diesel Spot Price (Dollars per Gallon),2.551,$/GAL
2008-01-01,Y35NY,NEW YORK CITY,EPD2DXL0,No 2 Diesel Low Sulfur (0-15 ppm),PF4,Spot Price FOB,EER_EPD2DXL0_PF4_Y35NY_DPG,New York Harbor Ultra-Low Sulfur No 2 Diesel Spot Price (Dollars per Gallon),2.59,$/GAL
2008-01-01,Y35NY,NEW YORK CITY,EPD2F,No 2 Fuel Oil / Heating Oil,PF4,Spot Price FOB,EER_EPD2F_PF4_Y35NY_DPG,New York Harbor No. 2 Heating Oil Spot Price FOB (Dollars per Gallon),2.558,$/GAL
2008-01-01,RGC,NA,EPJK,Kerosene-Type Jet Fuel,PF4,Spot Price FOB,EER_EPJK_PF4_RGC_DPG,U.S. Gulf Coast Kerosene-Type Jet Fuel Spot Price FOB (Dollars per Gallon),2.605,$/GAL
2008-01-01,Y44MB,NA,EPLLPA,Propane,PF4,Spot Price FOB,EER_EPLLPA_PF4_Y44MB_DPG,"Mont Belvieu, TX Propane Spot Price FOB (Dollars per Gallon)",1.506,$/GAL
2008-01-01,Y05LA,LOS ANGELES,EPMRR,Reformulated Regular Gasoline,PF4,Spot Price FOB,EER_EPMRR_PF4_Y05LA_DPG,Los Angeles Reformulated RBOB Regular Gasoline Spot Price (Dollars per Gallon),2.323,$/GAL
2008-01-01,RGC,NA,EPMRU,Conventional Regular Gasoline,PF4,Spot Price FOB,EER_EPMRU_PF4_RGC_DPG,U.S. Gulf Coast Conventional Gasoline Regular Spot Price FOB (Dollars per Gallon),2.315,$/GAL
2008-01-01,Y35NY,NEW YORK CITY,EPMRU,Conventional Regular Gasoline,PF4,Spot Price FOB,EER_EPMRU_PF4_Y35NY_DPG,New York Harbor Conventional Gasoline Regular Spot Price FOB (Dollars per Gallon),2.334,$/GAL
2008-01-01,ZEU,NA,EPCBRENT,UK Brent Crude Oil,PF4,Spot Price FOB,RBRTE,Europe Brent Spot Price FOB (Dollars per Barrel),92.18,$/BBL
2008-01-01,YCUOK,NA,EPCWTI,WTI Crude Oil,PF4,Spot Price FOB,RWTC,"Cushing, OK WTI Spot Price FOB (Dollars per Barrel)",92.97,$/BBL
2008-02-01,Y05LA,LOS ANGELES,EPD2DC,Carb Diesel,PF4,Spot Price FOB,EER_EPD2DC_PF4_Y05LA_DPG,"Los Angeles, CA Ultra-Low Sulfur CARB Diesel Spot Price (Dollars per Gallon)",2.747,$/GAL
2008-02-01,RGC,NA,EPD2DXL0,No 2 Diesel Low Sulfur (0-15 ppm),PF4,Spot Price FOB,EER_EPD2DXL0_PF4_RGC_DPG,U.S. Gulf Coast Ultra-Low Sulfur No 2 Diesel Spot Price (Dollars per Gallon),2.749,$/GAL
2008-02-01,Y35NY,NEW YORK CITY,EPD2DXL0,No 2 Diesel Low Sulfur (0-15 ppm),PF4,Spot Price FOB,EER_EPD2DXL0_PF4_Y35NY_DPG,New York Harbor Ultra-Low Sulfur No 2 Diesel Spot Price (Dollars per Gallon),2.774,$/GAL
2008-02-01,Y35NY,NEW YORK CITY,EPD2F,No 2 Fuel Oil / Heating Oil,PF4,Spot Price FOB,EER_EPD2F_PF4_Y35NY_DPG,New York Harbor No. 2 Heating Oil Spot Price FOB (Dollars per Gallon),2.644,$/GAL
2008-02-01,RGC,NA,EPJK,Kerosene-Type Jet Fuel,PF4,Spot Price FOB,EER_EPJK_PF4_RGC_DPG,U.S. Gulf Coast Kerosene-Type Jet Fuel Spot Price FOB (Dollars per Gallon),2.728,$/GAL
2008-02-01,Y44MB,NA,EPLLPA,Propane,PF4,Spot Price FOB,EER_EPLLPA_PF4_Y44MB_DPG,"Mont Belvieu, TX Propane Spot Price FOB (Dollars per Gallon)",1.425,$/GAL
2008-02-01,Y05LA,LOS ANGELES,EPMRR,Reformulated Regular Gasoline,PF4,Spot Price FOB,EER_EPMRR_PF4_Y05LA_DPG,Los Angeles Reformulated RBOB Regular Gasoline Spot Price (Dollars per Gallon),2.609,$/GAL
2008-02-01,RGC,NA,EPMRU,Conventional Regular Gasoline,PF4,Spot Price FOB,EER_EPMRU_PF4_RGC_DPG,U.S. Gulf Coast Conventional Gasoline Regular Spot Price FOB (Dollars per Gallon),2.408,$/GAL
2008-02-01,Y35NY,NEW YORK CITY,EPMRU,Conventional Regular Gasoline,PF4,Spot Price FOB,EER_EPMRU_PF4_Y35NY_DPG,New York Harbor Conventional Gasoline Regular Spot Price FOB (Dollars per Gallon),2.381,$/GAL
2008-02-01,ZEU,NA,EPCBRENT,UK Brent Crude Oil,PF4,Spot Price FOB,RBRTE,Europe Brent Spot Price FOB (Dollars per Barrel),94.99,$/BBL
2008-02-01,YCUOK,NA,EPCWTI,WTI Crude Oil,PF4,Spot Price FOB,RWTC,"Cushing, OK WTI Spot Price FOB (Dollars per Barrel)",95.39,$/BBL
2008-03-01,Y05LA,LOS ANGELES,EPD2DC,Carb Diesel,PF4,Spot Price FOB,EER_EPD2DC_PF4_Y05LA_DPG,"Los Angeles, CA Ultra-Low Sulfur CARB Diesel Spot Price (Dollars per Gallon)",3.141,$/GAL
2008-03-01,RGC,NA,EPD2DXL0,No 2 Diesel Low Sulfur (0-15 ppm),PF4,Spot Price FOB,EER_EPD2DXL0_PF4_RGC_DPG,U.S. Gulf Coast Ultra-Low Sulfur No 2 Diesel Spot Price (Dollars per Gallon),3.153,$/GAL
2008-03-01,Y35NY,NEW YORK CITY,EPD2DXL0,No 2 Diesel Low Sulfur (0-15 ppm),PF4,Spot Price FOB,EER_EPD2DXL0_PF4_Y35NY_DPG,New York Harbor Ultra-Low Sulfur No 2 Diesel Spot Price (Dollars per Gallon),3.253,$/GAL
2008-03-01,Y35NY,NEW YORK CITY,EPD2F,No 2 Fuel Oil / Heating Oil,PF4,Spot Price FOB,EER_EPD2F_PF4_Y35NY_DPG,New York Harbor No. 2 Heating Oil Spot Price FOB (Dollars per Gallon),3.066,$/GAL
2008-03-01,RGC,NA,EPJK,Kerosene-Type Jet Fuel,PF4,Spot Price FOB,EER_EPJK_PF4_RGC_DPG,U.S. Gulf Coast Kerosene-Type Jet Fuel Spot Price FOB (Dollars per Gallon),3.124,$/GAL
2008-03-01,Y44MB,NA,EPLLPA,Propane,PF4,Spot Price FOB,EER_EPLLPA_PF4_Y44MB_DPG,"Mont Belvieu, TX Propane Spot Price FOB (Dollars per Gallon)",1.475,$/GAL
2008-03-01,Y05LA,LOS ANGELES,EPMRR,Reformulated Regular Gasoline,PF4,Spot Price FOB,EER_EPMRR_PF4_Y05LA_DPG,Los Angeles Reformulated RBOB Regular Gasoline Spot Price (Dollars per Gallon),2.783,$/GAL
2008-03-01,RGC,NA,EPMRU,Conventional Regular Gasoline,PF4,Spot Price FOB,EER_EPMRU_PF4_RGC_DPG,U.S. Gulf Coast Conventional Gasoline Regular Spot Price FOB (Dollars per Gallon),2.562,$/GAL
2008-03-01,Y35NY,NEW YORK CITY,EPMRU,Conventional Regular Gasoline,PF4,Spot Price FOB,EER_EPMRU_PF4_Y35NY_DPG,New York Harbor Conventional Gasoline Regular Spot Price FOB (Dollars per Gallon),2.504,$/GAL
2008-03-01,ZEU,NA,EPCBRENT,UK Brent Crude Oil,PF4,Spot Price FOB,RBRTE,Europe Brent Spot Price FOB (Dollars per Barrel),103.64,$/BBL
2008-03-01,YCUOK,NA,EPCWTI,WTI Crude Oil,PF4,Spot Price FOB,RWTC,"Cushing, OK WTI Spot Price FOB (Dollars per Barrel)",105.45,$/BBL
2008-04-01,Y05LA,LOS ANGELES,EPD2DC,Carb Diesel,PF4,Spot Price FOB,EER_EPD2DC_PF4_Y05LA_DPG,"Los Angeles, CA Ultra-Low Sulfur CARB Diesel Spot Price (Dollars per Gallon)",3.378,$/GAL
2008-04-01,RGC,NA,EPD2DXL0,No 2 Diesel Low Sulfur (0-15 ppm),PF4,Spot Price FOB,EER_EPD2DXL0_PF4_RGC_DPG,U.S. Gulf Coast Ultra-Low Sulfur No 2 Diesel Spot Price (Dollars per Gallon),3.347,$/GAL
2008-04-01,Y35NY,NEW YORK CITY,EPD2DXL0,No 2 Diesel Low Sulfur (0-15 ppm),PF4,Spot Price FOB,EER_EPD2DXL0_PF4_Y35NY_DPG,New York Harbor Ultra-Low Sulfur No 2 Diesel Spot Price (Dollars per Gallon),3.443,$/GAL
2008-04-01,Y35NY,NEW YORK CITY,EPD2F,No 2 Fuel Oil / Heating Oil,PF4,Spot Price FOB,EER_EPD2F_PF4_Y35NY_DPG,New York Harbor No. 2 Heating Oil Spot Price FOB (Dollars per Gallon),3.226,$/GAL
2008-04-01,RGC,NA,EPJK,Kerosene-Type Jet Fuel,PF4,Spot Price FOB,EER_EPJK_PF4_RGC_DPG,U.S. Gulf Coast Kerosene-Type Jet Fuel Spot Price FOB (Dollars per Gallon),3.365,$/GAL
2008-04-01,Y44MB,NA,EPLLPA,Propane,PF4,Spot Price FOB,EER_EPLLPA_PF4_Y44MB_DPG,"Mont Belvieu, TX Propane Spot Price FOB (Dollars per Gallon)",1.59,$/GAL
2008-04-01,Y05LA,LOS ANGELES,EPMRR,Reformulated Regular Gasoline,PF4,Spot Price FOB,EER_EPMRR_PF4_Y05LA_DPG,Los Angeles Reformulated RBOB Regular Gasoline Spot Price (Dollars per Gallon),3.068,$/GAL
2008-04-01,RGC,NA,EPMRU,Conventional Regular Gasoline,PF4,Spot Price FOB,EER_EPMRU_PF4_RGC_DPG,U.S. Gulf Coast Conventional Gasoline Regular Spot Price FOB (Dollars per Gallon),2.796,$/GAL
2008-04-01,Y35NY,NEW YORK CITY,EPMRU,Conventional Regular Gasoline,PF4,Spot Price FOB,EER_EPMRU_PF4_Y35NY_DPG,New York Harbor Conventional Gasoline Regular Spot Price FOB (Dollars per Gallon),2.762,$/GAL
2008-04-01,ZEU,NA,EPCBRENT,UK Brent Crude Oil,PF4,Spot Price FOB,RBRTE,Europe Brent Spot Price FOB (Dollars per Barrel),109.07,$/BBL
2008-04-01,YCUOK,NA,EPCWTI,WTI Crude Oil,PF4,Spot Price FOB,RWTC,"Cushing, OK WTI Spot Price FOB (Dollars per Barrel)",112.58,$/BBL
2008-05-01,Y05LA,LOS ANGELES,EPD2DC,Carb Diesel,PF4,Spot Price FOB,EER_EPD2DC_PF4_Y05LA_DPG,"Los Angeles, CA Ultra-Low Sulfur CARB Diesel Spot Price (Dollars per Gallon)",3.803,$/GAL
2008-05-01,RGC,NA,EPD2DXL0,No 2 Diesel Low Sulfur (0-15 ppm),PF4,Spot Price FOB,EER_EPD2DXL0_PF4_RGC_DPG,U.S. Gulf Coast Ultra-Low Sulfur No 2 Diesel Spot Price (Dollars per Gallon),3.733,$/GAL
2008-05-01,Y35NY,NEW YORK CITY,EPD2DXL0,No 2 Diesel Low Sulfur (0-15 ppm),PF4,Spot Price FOB,EER_EPD2DXL0_PF4_Y35NY_DPG,New York Harbor Ultra-Low Sulfur No 2 Diesel Spot Price (Dollars per Gallon),3.821,$/GAL
2008-05-01,Y35NY,NEW YORK CITY,EPD2F,No 2 Fuel Oil / Heating Oil,PF4,Spot Price FOB,EER_EPD2F_PF4_Y35NY_DPG,New York Harbor No. 2 Heating Oil Spot Price FOB (Dollars per Gallon),3.615,$/GAL
2008-05-01,RGC,NA,EPJK,Kerosene-Type Jet Fuel,PF4,Spot Price FOB,EER_EPJK_PF4_RGC_DPG,U.S. Gulf Coast Kerosene-Type Jet Fuel Spot Price FOB (Dollars per Gallon),3.738,$/GAL
2008-05-01,Y44MB,NA,EPLLPA,Propane,PF4,Spot Price FOB,EER_EPLLPA_PF4_Y44MB_DPG,"Mont Belvieu, TX Propane Spot Price FOB (Dollars per Gallon)",1.7,$/GAL
2008-05-01,Y05LA,LOS ANGELES,EPMRR,Reformulated Regular Gasoline,PF4,Spot Price FOB,EER_EPMRR_PF4_Y05LA_DPG,Los Angeles Reformulated RBOB Regular Gasoline Spot Price (Dollars per Gallon),3.311,$/GAL
2008-05-01,RGC,NA,EPMRU,Conventional Regular Gasoline,PF4,Spot Price FOB,EER_EPMRU_PF4_RGC_DPG,U.S. Gulf Coast Conventional Gasoline Regular Spot Price FOB (Dollars per Gallon),3.107,$/GAL
2008-05-01,Y35NY,NEW YORK CITY,EPMRU,Conventional Regular Gasoline,PF4,Spot Price FOB,EER_EPMRU_PF4_Y35NY_DPG,New York Harbor Conventional Gasoline Regular Spot Price FOB (Dollars per Gallon),3.098,$/GAL
2008-05-01,ZEU,NA,EPCBRENT,UK Brent Crude Oil,PF4,Spot Price FOB,RBRTE,Europe Brent Spot Price FOB (Dollars per Barrel),122.8,$/BBL
2008-05-01,YCUOK,NA,EPCWTI,WTI Crude Oil,PF4,Spot Price FOB,RWTC,"Cushing, OK WTI Spot Price FOB (Dollars per Barrel)",125.4,$/BBL
2008-06-01,Y05LA,LOS ANGELES,EPD2DC,Carb Diesel,PF4,Spot Price FOB,EER_EPD2DC_PF4_Y05LA_DPG,"Los Angeles, CA Ultra-Low Sulfur CARB Diesel Spot Price (Dollars per Gallon)",3.894,$/GAL
2008-06-01,RGC,NA,EPD2DXL0,No 2 Diesel Low Sulfur (0-15 ppm),PF4,Spot Price FOB,EER_EPD2DXL0_PF4_RGC_DPG,U.S. Gulf Coast Ultra-Low Sulfur No 2 Diesel Spot Price (Dollars per Gallon),3.851,$/GAL
2008-06-01,Y35NY,NEW YORK CITY,EPD2DXL0,No 2 Diesel Low Sulfur (0-15 ppm),PF4,Spot Price FOB,EER_EPD2DXL0_PF4_Y35NY_DPG,New York Harbor Ultra-Low Sulfur No 2 Diesel Spot Price (Dollars per Gallon),3.887,$/GAL
2008-06-01,Y35NY,NEW YORK CITY,EPD2F,No 2 Fuel Oil / Heating Oil,PF4,Spot Price FOB,EER_EPD2F_PF4_Y35NY_DPG,New York Harbor No. 2 Heating Oil Spot Price FOB (Dollars per Gallon),3.801,$/GAL
2008-06-01,RGC,NA,EPJK,Kerosene-Type Jet Fuel,PF4,Spot Price FOB,EER_EPJK_PF4_RGC_DPG,U.S. Gulf Coast Kerosene-Type Jet Fuel Spot Price FOB (Dollars per Gallon),3.878,$/GAL
2008-06-01,Y44MB,NA,EPLLPA,Propane,PF4,Spot Price FOB,EER_EPLLPA_PF4_Y44MB_DPG,"Mont Belvieu, TX Propane Spot Price FOB (Dollars per Gallon)",1.813,$/GAL
2008-06-01,Y05LA,LOS ANGELES,EPMRR,Reformulated Regular Gasoline,PF4,Spot Price FOB,EER_EPMRR_PF4_Y05LA_DPG,Los Angeles Reformulated RBOB Regular Gasoline Spot Price (Dollars per Gallon),3.694,$/GAL
2008-06-01,RGC,NA,EPMRU,Conventional Regular Gasoline,PF4,Spot Price FOB,EER_EPMRU_PF4_RGC_DPG,U.S. Gulf Coast Conventional Gasoline Regular Spot Price FOB (Dollars per Gallon),3.284,$/GAL
2008-06-01,Y35NY,NEW YORK CITY,EPMRU,Conventional Regular Gasoline,PF4,Spot Price FOB,EER_EPMRU_PF4_Y35NY_DPG,New York Harbor Conventional Gasoline Regular Spot Price FOB (Dollars per Gallon),3.292,$/GAL
2008-06-01,ZEU,NA,EPCBRENT,UK Brent Crude Oil,PF4,Spot Price FOB,RBRTE,Europe Brent Spot Price FOB (Dollars per Barrel),132.32,$/BBL
2008-06-01,YCUOK,NA,EPCWTI,WTI Crude Oil,PF4,Spot Price FOB,RWTC,"Cushing, OK WTI Spot Price FOB (Dollars per Barrel)",133.88,$/BBL
2008-07-01,Y05LA,LOS ANGELES,EPD2DC,Carb Diesel,PF4,Spot Price FOB,EER_EPD2DC_PF4_Y05LA_DPG,"Los Angeles, CA Ultra-Low Sulfur CARB Diesel Spot Price (Dollars per Gallon)",3.857,$/GAL
2008-07-01,RGC,NA,EPD2DXL0,No 2 Diesel Low Sulfur (0-15 ppm),PF4,Spot Price FOB,EER_EPD2DXL0_PF4_RGC_DPG,U.S. Gulf Coast Ultra-Low Sulfur No 2 Diesel Spot Price (Dollars per Gallon),3.816,$/GAL
2008-07-01,Y35NY,NEW YORK CITY,EPD2DXL0,No 2 Diesel Low Sulfur (0-15 ppm),PF4,Spot Price FOB,EER_EPD2DXL0_PF4_Y35NY_DPG,New York Harbor Ultra-Low Sulfur No 2 Diesel Spot Price (Dollars per Gallon),3.845,$/GAL
2008-07-01,Y35NY,NEW YORK CITY,EPD2F,No 2 Fuel Oil / Heating Oil,PF4,Spot Price FOB,EER_EPD2F_PF4_Y35NY_DPG,New York Harbor No. 2 Heating Oil Spot Price FOB (Dollars per Gallon),3.759,$/GAL
2008-07-01,RGC,NA,EPJK,Kerosene-Type Jet Fuel,PF4,Spot Price FOB,EER_EPJK_PF4_RGC_DPG,U.S. Gulf Coast Kerosene-Type Jet Fuel Spot Price FOB (Dollars per Gallon),3.886,$/GAL
2008-07-01,Y44MB,NA,EPLLPA,Propane,PF4,Spot Price FOB,EER_EPLLPA_PF4_Y44MB_DPG,"Mont Belvieu, TX Propane Spot Price FOB (Dollars per Gallon)",1.862,$/GAL
2008-07-01,Y05LA,LOS ANGELES,EPMRR,Reformulated Regular Gasoline,PF4,Spot Price FOB,EER_EPMRR_PF4_Y05LA_DPG,Los Angeles Reformulated RBOB Regular Gasoline Spot Price (Dollars per Gallon),3.286,$/GAL
2008-07-01,RGC,NA,EPMRU,Conventional Regular Gasoline,PF4,Spot Price FOB,EER_EPMRU_PF4_RGC_DPG,U.S. Gulf Coast Conventional Gasoline Regular Spot Price FOB (Dollars per Gallon),3.158,$/GAL
2008-07-01,Y35NY,NEW YORK CITY,EPMRU,Conventional Regular Gasoline,PF4,Spot Price FOB,EER_EPMRU_PF4_Y35NY_DPG,New York Harbor Conventional Gasoline Regular Spot Price FOB (Dollars per Gallon),3.148,$/GAL
2008-07-01,ZEU,NA,EPCBRENT,UK Brent Crude Oil,PF4,Spot Price FOB,RBRTE,Europe Brent Spot Price FOB (Dollars per Barrel),132.72,$/BBL
2008-07-01,YCUOK,NA,EPCWTI,WTI Crude Oil,PF4,Spot Price FOB,RWTC,"Cushing, OK WTI Spot Price FOB (Dollars per Barrel)",133.37,$/BBL
2008-08-01,Y05LA,LOS ANGELES,EPD2DC,Carb Diesel,PF4,Spot Price FOB,EER_EPD2DC_PF4_Y05LA_DPG,"Los Angeles, CA Ultra-Low Sulfur CARB Diesel Spot Price (Dollars per Gallon)",3.226,$/GAL
2008-08-01,RGC,NA,EPD2DXL0,No 2 Diesel Low Sulfur (0-15 ppm),PF4,Spot Price FOB,EER_EPD2DXL0_PF4_RGC_DPG,U.S. Gulf Coast Ultra-Low Sulfur No 2 Diesel Spot Price (Dollars per Gallon),3.241,$/GAL
2008-08-01,Y35NY,NEW YORK CITY,EPD2DXL0,No 2 Diesel Low Sulfur (0-15 ppm),PF4,Spot Price FOB,EER_EPD2DXL0_PF4_Y35NY_DPG,New York Harbor Ultra-Low Sulfur No 2 Diesel Spot Price (Dollars per Gallon),3.273,$/GAL
2008-08-01,Y35NY,NEW YORK CITY,EPD2F,No 2 Fuel Oil / Heating Oil,PF4,Spot Price FOB,EER_EPD2F_PF4_Y35NY_DPG,New York Harbor No. 2 Heating Oil Spot Price FOB (Dollars per Gallon),3.169,$/GAL
2008-08-01,RGC,NA,EPJK,Kerosene-Type Jet Fuel,PF4,Spot Price FOB,EER_EPJK_PF4_RGC_DPG,U.S. Gulf Coast Kerosene-Type Jet Fuel Spot Price FOB (Dollars per Gallon),3.271,$/GAL
2008-08-01,Y44MB,NA,EPLLPA,Propane,PF4,Spot Price FOB,EER_EPLLPA_PF4_Y44MB_DPG,"Mont Belvieu, TX Propane Spot Price FOB (Dollars per Gallon)",1.651,$/GAL
2008-08-01,Y05LA,LOS ANGELES,EPMRR,Reformulated Regular Gasoline,PF4,Spot Price FOB,EER_EPMRR_PF4_Y05LA_DPG,Los Angeles Reformulated RBOB Regular Gasoline Spot Price (Dollars per Gallon),3.072,$/GAL
2008-08-01,RGC,NA,EPMRU,Conventional Regular Gasoline,PF4,Spot Price FOB,EER_EPMRU_PF4_RGC_DPG,U.S. Gulf Coast Conventional Gasoline Regular Spot Price FOB (Dollars per Gallon),2.937,$/GAL
2008-08-01,Y35NY,NEW YORK CITY,EPMRU,Conventional Regular Gasoline,PF4,Spot Price FOB,EER_EPMRU_PF4_Y35NY_DPG,New York Harbor Conventional Gasoline Regular Spot Price FOB (Dollars per Gallon),2.897,$/GAL
2008-08-01,ZEU,NA,EPCBRENT,UK Brent Crude Oil,PF4,Spot Price FOB,RBRTE,Europe Brent Spot Price FOB (Dollars per Barrel),113.24,$/BBL
2008-08-01,YCUOK,NA,EPCWTI,WTI Crude Oil,PF4,Spot Price FOB,RWTC,"Cushing, OK WTI Spot Price FOB (Dollars per Barrel)",116.67,$/BBL
2008-09-01,Y05LA,LOS ANGELES,EPD2DC,Carb Diesel,PF4,Spot Price FOB,EER_EPD2DC_PF4_Y05LA_DPG,"Los Angeles, CA Ultra-Low Sulfur CARB Diesel Spot Price (Dollars per Gallon)",2.978,$/GAL
2008-09-01,RGC,NA,EPD2DXL0,No 2 Diesel Low Sulfur (0-15 ppm),PF4,Spot Price FOB,EER_EPD2DXL0_PF4_RGC_DPG,U.S. Gulf Coast Ultra-Low Sulfur No 2 Diesel Spot Price (Dollars per Gallon),3.076,$/GAL
2008-09-01,Y35NY,NEW YORK CITY,EPD2DXL0,No 2 Diesel Low Sulfur (0-15 ppm),PF4,Spot Price FOB,EER_EPD2DXL0_PF4_Y35NY_DPG,New York Harbor Ultra-Low Sulfur No 2 Diesel Spot Price (Dollars per Gallon),3.041,$/GAL
2008-09-01,Y35NY,NEW YORK CITY,EPD2F,No 2 Fuel Oil / Heating Oil,PF4,Spot Price FOB,EER_EPD2F_PF4_Y35NY_DPG,New York Harbor No. 2 Heating Oil Spot Price FOB (Dollars per Gallon),2.911,$/GAL
2008-09-01,RGC,NA,EPJK,Kerosene-Type Jet Fuel,PF4,Spot Price FOB,EER_EPJK_PF4_RGC_DPG,U.S. Gulf Coast Kerosene-Type Jet Fuel Spot Price FOB (Dollars per Gallon),3.375,$/GAL
2008-09-01,Y44MB,NA,EPLLPA,Propane,PF4,Spot Price FOB,EER_EPLLPA_PF4_Y44MB_DPG,"Mont Belvieu, TX Propane Spot Price FOB (Dollars per Gallon)",1.53,$/GAL
2008-09-01,Y05LA,LOS ANGELES,EPMRR,Reformulated Regular Gasoline,PF4,Spot Price FOB,EER_EPMRR_PF4_Y05LA_DPG,Los Angeles Reformulated RBOB Regular Gasoline Spot Price (Dollars per Gallon),2.87,$/GAL
2008-09-01,RGC,NA,EPMRU,Conventional Regular Gasoline,PF4,Spot Price FOB,EER_EPMRU_PF4_RGC_DPG,U.S. Gulf Coast Conventional Gasoline Regular Spot Price FOB (Dollars per Gallon),3.138,$/GAL
2008-09-01,Y35NY,NEW YORK CITY,EPMRU,Conventional Regular Gasoline,PF4,Spot Price FOB,EER_EPMRU_PF4_Y35NY_DPG,New York Harbor Conventional Gasoline Regular Spot Price FOB (Dollars per Gallon),2.805,$/GAL
2008-09-01,ZEU,NA,EPCBRENT,UK Brent Crude Oil,PF4,Spot Price FOB,RBRTE,Europe Brent Spot Price FOB (Dollars per Barrel),97.23,$/BBL
2008-09-01,YCUOK,NA,EPCWTI,WTI Crude Oil,PF4,Spot Price FOB,RWTC,"Cushing, OK WTI Spot Price FOB (Dollars per Barrel)",104.11,$/BBL
2008-10-01,Y05LA,LOS ANGELES,EPD2DC,Carb Diesel,PF4,Spot Price FOB,EER_EPD2DC_PF4_Y05LA_DPG,"Los Angeles, CA Ultra-Low Sulfur CARB Diesel Spot Price (Dollars per Gallon)",2.233,$/GAL
2008-10-01,RGC,NA,EPD2DXL0,No 2 Diesel Low Sulfur (0-15 ppm),PF4,Spot Price FOB,EER_EPD2DXL0_PF4_RGC_DPG,U.S. Gulf Coast Ultra-Low Sulfur No 2 Diesel Spot Price (Dollars per Gallon),2.312,$/GAL
2008-10-01,Y35NY,NEW YORK CITY,EPD2DXL0,No 2 Diesel Low Sulfur (0-15 ppm),PF4,Spot Price FOB,EER_EPD2DXL0_PF4_Y35NY_DPG,New York Harbor Ultra-Low Sulfur No 2 Diesel Spot Price (Dollars per Gallon),2.397,$/GAL
2008-10-01,Y35NY,NEW YORK CITY,EPD2F,No 2 Fuel Oil / Heating Oil,PF4,Spot Price FOB,EER_EPD2F_PF4_Y35NY_DPG,New York Harbor No. 2 Heating Oil Spot Price FOB (Dollars per Gallon),2.239,$/GAL
2008-10-01,RGC,NA,EPJK,Kerosene-Type Jet Fuel,PF4,Spot Price FOB,EER_EPJK_PF4_RGC_DPG,U.S. Gulf Coast Kerosene-Type Jet Fuel Spot Price FOB (Dollars per Gallon),2.315,$/GAL
2008-10-01,Y44MB,NA,EPLLPA,Propane,PF4,Spot Price FOB,EER_EPLLPA_PF4_Y44MB_DPG,"Mont Belvieu, TX Propane Spot Price FOB (Dollars per Gallon)",1.045,$/GAL
2008-10-01,Y05LA,LOS ANGELES,EPMRR,Reformulated Regular Gasoline,PF4,Spot Price FOB,EER_EPMRR_PF4_Y05LA_DPG,Los Angeles Reformulated RBOB Regular Gasoline Spot Price (Dollars per Gallon),2.125,$/GAL
2008-10-01,RGC,NA,EPMRU,Conventional Regular Gasoline,PF4,Spot Price FOB,EER_EPMRU_PF4_RGC_DPG,U.S. Gulf Coast Conventional Gasoline Regular Spot Price FOB (Dollars per Gallon),1.786,$/GAL
2008-10-01,Y35NY,NEW YORK CITY,EPMRU,Conventional Regular Gasoline,PF4,Spot Price FOB,EER_EPMRU_PF4_Y35NY_DPG,New York Harbor Conventional Gasoline Regular Spot Price FOB (Dollars per Gallon),1.92,$/GAL
2008-10-01,ZEU,NA,EPCBRENT,UK Brent Crude Oil,PF4,Spot Price FOB,RBRTE,Europe Brent Spot Price FOB (Dollars per Barrel),71.58,$/BBL
2008-10-01,YCUOK,NA,EPCWTI,WTI Crude Oil,PF4,Spot Price FOB,RWTC,"Cushing, OK WTI Spot Price FOB (Dollars per Barrel)",76.61,$/BBL
2008-11-01,Y05LA,LOS ANGELES,EPD2DC,Carb Diesel,PF4,Spot Price FOB,EER_EPD2DC_PF4_Y05LA_DPG,"Los Angeles, CA Ultra-Low Sulfur CARB Diesel Spot Price (Dollars per Gallon)",1.764,$/GAL
2008-11-01,RGC,NA,EPD2DXL0,No 2 Diesel Low Sulfur (0-15 ppm),PF4,Spot Price FOB,EER_EPD2DXL0_PF4_RGC_DPG,U.S. Gulf Coast Ultra-Low Sulfur No 2 Diesel Spot Price (Dollars per Gallon),1.843,$/GAL
2008-11-01,Y35NY,NEW YORK CITY,EPD2DXL0,No 2 Diesel Low Sulfur (0-15 ppm),PF4,Spot Price FOB,EER_EPD2DXL0_PF4_Y35NY_DPG,New York Harbor Ultra-Low Sulfur No 2 Diesel Spot Price (Dollars per Gallon),1.923,$/GAL
2008-11-01,Y35NY,NEW YORK CITY,EPD2F,No 2 Fuel Oil / Heating Oil,PF4,Spot Price FOB,EER_EPD2F_PF4_Y35NY_DPG,New York Harbor No. 2 Heating Oil Spot Price FOB (Dollars per Gallon),1.843,$/GAL
2008-11-01,RGC,NA,EPJK,Kerosene-Type Jet Fuel,PF4,Spot Price FOB,EER_EPJK_PF4_RGC_DPG,U.S. Gulf Coast Kerosene-Type Jet Fuel Spot Price FOB (Dollars per Gallon),1.88,$/GAL
2008-11-01,Y44MB,NA,EPLLPA,Propane,PF4,Spot Price FOB,EER_EPLLPA_PF4_Y44MB_DPG,"Mont Belvieu, TX Propane Spot Price FOB (Dollars per Gallon)",0.738,$/GAL
2008-11-01,Y05LA,LOS ANGELES,EPMRR,Reformulated Regular Gasoline,PF4,Spot Price FOB,EER_EPMRR_PF4_Y05LA_DPG,Los Angeles Reformulated RBOB Regular Gasoline Spot Price (Dollars per Gallon),1.268,$/GAL
2008-11-01,RGC,NA,EPMRU,Conventional Regular Gasoline,PF4,Spot Price FOB,EER_EPMRU_PF4_RGC_DPG,U.S. Gulf Coast Conventional Gasoline Regular Spot Price FOB (Dollars per Gallon),1.204,$/GAL
2008-11-01,Y35NY,NEW YORK CITY,EPMRU,Conventional Regular Gasoline,PF4,Spot Price FOB,EER_EPMRU_PF4_Y35NY_DPG,New York Harbor Conventional Gasoline Regular Spot Price FOB (Dollars per Gallon),1.283,$/GAL
2008-11-01,ZEU,NA,EPCBRENT,UK Brent Crude Oil,PF4,Spot Price FOB,RBRTE,Europe Brent Spot Price FOB (Dollars per Barrel),52.45,$/BBL
2008-11-01,YCUOK,NA,EPCWTI,WTI Crude Oil,PF4,Spot Price FOB,RWTC,"Cushing, OK WTI Spot Price FOB (Dollars per Barrel)",57.31,$/BBL
2008-12-01,Y05LA,LOS ANGELES,EPD2DC,Carb Diesel,PF4,Spot Price FOB,EER_EPD2DC_PF4_Y05LA_DPG,"Los Angeles, CA Ultra-Low Sulfur CARB Diesel Spot Price (Dollars per Gallon)",1.336,$/GAL
2008-12-01,RGC,NA,EPD2DXL0,No 2 Diesel Low Sulfur (0-15 ppm),PF4,Spot Price FOB,EER_EPD2DXL0_PF4_RGC_DPG,U.S. Gulf Coast Ultra-Low Sulfur No 2 Diesel Spot Price (Dollars per Gallon),1.372,$/GAL
2008-12-01,Y35NY,NEW YORK CITY,EPD2DXL0,No 2 Diesel Low Sulfur (0-15 ppm),PF4,Spot Price FOB,EER_EPD2DXL0_PF4_Y35NY_DPG,New York Harbor Ultra-Low Sulfur No 2 Diesel Spot Price (Dollars per Gallon),1.436,$/GAL
2008-12-01,Y35NY,NEW YORK CITY,EPD2F,No 2 Fuel Oil / Heating Oil,PF4,Spot Price FOB,EER_EPD2F_PF4_Y35NY_DPG,New York Harbor No. 2 Heating Oil Spot Price FOB (Dollars per Gallon),1.402,$/GAL
2008-12-01,RGC,NA,EPJK,Kerosene-Type Jet Fuel,PF4,Spot Price FOB,EER_EPJK_PF4_RGC_DPG,U.S. Gulf Coast Kerosene-Type Jet Fuel Spot Price FOB (Dollars per Gallon),1.375,$/GAL
2008-12-01,Y44MB,NA,EPLLPA,Propane,PF4,Spot Price FOB,EER_EPLLPA_PF4_Y44MB_DPG,"Mont Belvieu, TX Propane Spot Price FOB (Dollars per Gallon)",0.61,$/GAL
2008-12-01,Y05LA,LOS ANGELES,EPMRR,Reformulated Regular Gasoline,PF4,Spot Price FOB,EER_EPMRR_PF4_Y05LA_DPG,Los Angeles Reformulated RBOB Regular Gasoline Spot Price (Dollars per Gallon),1.11,$/GAL
2008-12-01,RGC,NA,EPMRU,Conventional Regular Gasoline,PF4,Spot Price FOB,EER_EPMRU_PF4_RGC_DPG,U.S. Gulf Coast Conventional Gasoline Regular Spot Price FOB (Dollars per Gallon),0.93,$/GAL
2008-12-01,Y35NY,NEW YORK CITY,EPMRU,Conventional Regular Gasoline,PF4,Spot Price FOB,EER_EPMRU_PF4_Y35NY_DPG,New York Harbor Conventional Gasoline Regular Spot Price FOB (Dollars per Gallon),0.956,$/GAL
2008-12-01,ZEU,NA,EPCBRENT,UK Brent Crude Oil,PF4,Spot Price FOB,RBRTE,Europe Brent Spot Price FOB (Dollars per Barrel),39.95,$/BBL
2008-12-01,YCUOK,NA,EPCWTI,WTI Crude Oil,PF4,Spot Price FOB,RWTC,"Cushing, OK WTI Spot Price FOB (Dollars per Barrel)",41.12,$/BBL
2009-01-01,Y05LA,LOS ANGELES,EPD2DC,Carb Diesel,PF4,Spot Price FOB,EER_EPD2DC_PF4_Y05LA_DPG,"Los Angeles, CA Ultra-Low Sulfur CARB Diesel Spot Price (Dollars per Gallon)",1.455,$/GAL
2009-01-01,RGC,NA,EPD2DXL0,No 2 Diesel Low Sulfur (0-15 ppm),PF4,Spot Price FOB,EER_EPD2DXL0_PF4_RGC_DPG,U.S. Gulf Coast Ultra-Low Sulfur No 2 Diesel Spot Price (Dollars per Gallon),1.426,$/GAL
2009-01-01,Y35NY,NEW YORK CITY,EPD2DXL0,No 2 Diesel Low Sulfur (0-15 ppm),PF4,Spot Price FOB,EER_EPD2DXL0_PF4_Y35NY_DPG,New York Harbor Ultra-Low Sulfur No 2 Diesel Spot Price (Dollars per Gallon),1.496,$/GAL
2009-01-01,Y35NY,NEW YORK CITY,EPD2F,No 2 Fuel Oil / Heating Oil,PF4,Spot Price FOB,EER_EPD2F_PF4_Y35NY_DPG,New York Harbor No. 2 Heating Oil Spot Price FOB (Dollars per Gallon),1.465,$/GAL
2009-01-01,RGC,NA,EPJK,Kerosene-Type Jet Fuel,PF4,Spot Price FOB,EER_EPJK_PF4_RGC_DPG,U.S. Gulf Coast Kerosene-Type Jet Fuel Spot Price FOB (Dollars per Gallon),1.469,$/GAL
2009-01-01,Y44MB,NA,EPLLPA,Propane,PF4,Spot Price FOB,EER_EPLLPA_PF4_Y44MB_DPG,"Mont Belvieu, TX Propane Spot Price FOB (Dollars per Gallon)",0.727,$/GAL
2009-01-01,Y05LA,LOS ANGELES,EPMRR,Reformulated Regular Gasoline,PF4,Spot Price FOB,EER_EPMRR_PF4_Y05LA_DPG,Los Angeles Reformulated RBOB Regular Gasoline Spot Price (Dollars per Gallon),1.457,$/GAL
2009-01-01,RGC,NA,EPMRU,Conventional Regular Gasoline,PF4,Spot Price FOB,EER_EPMRU_PF4_RGC_DPG,U.S. Gulf Coast Conventional Gasoline Regular Spot Price FOB (Dollars per Gallon),1.148,$/GAL
2009-01-01,Y35NY,NEW YORK CITY,EPMRU,Conventional Regular Gasoline,PF4,Spot Price FOB,EER_EPMRU_PF4_Y35NY_DPG,New York Harbor Conventional Gasoline Regular Spot Price FOB (Dollars per Gallon),1.146,$/GAL
2009-01-01,ZEU,NA,EPCBRENT,UK Brent Crude Oil,PF4,Spot Price FOB,RBRTE,Europe Brent Spot Price FOB (Dollars per Barrel),43.44,$/BBL
2009-01-01,YCUOK,NA,EPCWTI,WTI Crude Oil,PF4,Spot Price FOB,RWTC,"Cushing, OK WTI Spot Price FOB (Dollars per Barrel)",41.71,$/BBL
2009-02-01,Y05LA,LOS ANGELES,EPD2DC,Carb Diesel,PF4,Spot Price FOB,EER_EPD2DC_PF4_Y05LA_DPG,"Los Angeles, CA Ultra-Low Sulfur CARB Diesel Spot Price (Dollars per Gallon)",1.29,$/GAL
2009-02-01,RGC,NA,EPD2DXL0,No 2 Diesel Low Sulfur (0-15 ppm),PF4,Spot Price FOB,EER_EPD2DXL0_PF4_RGC_DPG,U.S. Gulf Coast Ultra-Low Sulfur No 2 Diesel Spot Price (Dollars per Gallon),1.258,$/GAL
2009-02-01,Y35NY,NEW YORK CITY,EPD2DXL0,No 2 Diesel Low Sulfur (0-15 ppm),PF4,Spot Price FOB,EER_EPD2DXL0_PF4_Y35NY_DPG,New York Harbor Ultra-Low Sulfur No 2 Diesel Spot Price (Dollars per Gallon),1.306,$/GAL
2009-02-01,Y35NY,NEW YORK CITY,EPD2F,No 2 Fuel Oil / Heating Oil,PF4,Spot Price FOB,EER_EPD2F_PF4_Y35NY_DPG,New York Harbor No. 2 Heating Oil Spot Price FOB (Dollars per Gallon),1.279,$/GAL
2009-02-01,RGC,NA,EPJK,Kerosene-Type Jet Fuel,PF4,Spot Price FOB,EER_EPJK_PF4_RGC_DPG,U.S. Gulf Coast Kerosene-Type Jet Fuel Spot Price FOB (Dollars per Gallon),1.259,$/GAL
2009-02-01,Y44MB,NA,EPLLPA,Propane,PF4,Spot Price FOB,EER_EPLLPA_PF4_Y44MB_DPG,"Mont Belvieu, TX Propane Spot Price FOB (Dollars per Gallon)",0.659,$/GAL
2009-02-01,Y05LA,LOS ANGELES,EPMRR,Reformulated Regular Gasoline,PF4,Spot Price FOB,EER_EPMRR_PF4_Y05LA_DPG,Los Angeles Reformulated RBOB Regular Gasoline Spot Price (Dollars per Gallon),1.547,$/GAL
2009-02-01,RGC,NA,EPMRU,Conventional Regular Gasoline,PF4,Spot Price FOB,EER_EPMRU_PF4_RGC_DPG,U.S. Gulf Coast Conventional Gasoline Regular Spot Price FOB (Dollars per Gallon),1.195,$/GAL
2009-02-01,Y35NY,NEW YORK CITY,EPMRU,Conventional Regular Gasoline,PF4,Spot Price FOB,EER_EPMRU_PF4_Y35NY_DPG,New York Harbor Conventional Gasoline Regular Spot Price FOB (Dollars per Gallon),1.216,$/GAL
2009-02-01,ZEU,NA,EPCBRENT,UK Brent Crude Oil,PF4,Spot Price FOB,RBRTE,Europe Brent Spot Price FOB (Dollars per Barrel),43.32,$/BBL
2009-02-01,YCUOK,NA,EPCWTI,WTI Crude Oil,PF4,Spot Price FOB,RWTC,"Cushing, OK WTI Spot Price FOB (Dollars per Barrel)",39.09,$/BBL
2009-03-01,Y05LA,LOS ANGELES,EPD2DC,Carb Diesel,PF4,Spot Price FOB,EER_EPD2DC_PF4_Y05LA_DPG,"Los Angeles, CA Ultra-Low Sulfur CARB Diesel Spot Price (Dollars per Gallon)",1.288,$/GAL
2009-03-01,RGC,NA,EPD2DXL0,No 2 Diesel Low Sulfur (0-15 ppm),PF4,Spot Price FOB,EER_EPD2DXL0_PF4_RGC_DPG,U.S. Gulf Coast Ultra-Low Sulfur No 2 Diesel Spot Price (Dollars per Gallon),1.292,$/GAL
2009-03-01,Y35NY,NEW YORK CITY,EPD2DXL0,No 2 Diesel Low Sulfur (0-15 ppm),PF4,Spot Price FOB,EER_EPD2DXL0_PF4_Y35NY_DPG,New York Harbor Ultra-Low Sulfur No 2 Diesel Spot Price (Dollars per Gallon),1.338,$/GAL
2009-03-01,Y35NY,NEW YORK CITY,EPD2F,No 2 Fuel Oil / Heating Oil,PF4,Spot Price FOB,EER_EPD2F_PF4_Y35NY_DPG,New York Harbor No. 2 Heating Oil Spot Price FOB (Dollars per Gallon),1.277,$/GAL
2009-03-01,RGC,NA,EPJK,Kerosene-Type Jet Fuel,PF4,Spot Price FOB,EER_EPJK_PF4_RGC_DPG,U.S. Gulf Coast Kerosene-Type Jet Fuel Spot Price FOB (Dollars per Gallon),1.268,$/GAL
2009-03-01,Y44MB,NA,EPLLPA,Propane,PF4,Spot Price FOB,EER_EPLLPA_PF4_Y44MB_DPG,"Mont Belvieu, TX Propane Spot Price FOB (Dollars per Gallon)",0.653,$/GAL
2009-03-01,Y05LA,LOS ANGELES,EPMRR,Reformulated Regular Gasoline,PF4,Spot Price FOB,EER_EPMRR_PF4_Y05LA_DPG,Los Angeles Reformulated RBOB Regular Gasoline Spot Price (Dollars per Gallon),1.473,$/GAL
2009-03-01,RGC,NA,EPMRU,Conventional Regular Gasoline,PF4,Spot Price FOB,EER_EPMRU_PF4_RGC_DPG,U.S. Gulf Coast Conventional Gasoline Regular Spot Price FOB (Dollars per Gallon),1.288,$/GAL
2009-03-01,Y35NY,NEW YORK CITY,EPMRU,Conventional Regular Gasoline,PF4,Spot Price FOB,EER_EPMRU_PF4_Y35NY_DPG,New York Harbor Conventional Gasoline Regular Spot Price FOB (Dollars per Gallon),1.288,$/GAL
2009-03-01,ZEU,NA,EPCBRENT,UK Brent Crude Oil,PF4,Spot Price FOB,RBRTE,Europe Brent Spot Price FOB (Dollars per Barrel),46.54,$/BBL
2009-03-01,YCUOK,NA,EPCWTI,WTI Crude Oil,PF4,Spot Price FOB,RWTC,"Cushing, OK WTI Spot Price FOB (Dollars per Barrel)",47.94,$/BBL
2009-04-01,Y05LA,LOS ANGELES,EPD2DC,Carb Diesel,PF4,Spot Price FOB,EER_EPD2DC_PF4_Y05LA_DPG,"Los Angeles, CA Ultra-Low Sulfur CARB Diesel Spot Price (Dollars per Gallon)",1.423,$/GAL
2009-04-01,RGC,NA,EPD2DXL0,No 2 Diesel Low Sulfur (0-15 ppm),PF4,Spot Price FOB,EER_EPD2DXL0_PF4_RGC_DPG,U.S. Gulf Coast Ultra-Low Sulfur No 2 Diesel Spot Price (Dollars per Gallon),1.396,$/GAL
2009-04-01,Y35NY,NEW YORK CITY,EPD2DXL0,No 2 Diesel Low Sulfur (0-15 ppm),PF4,Spot Price FOB,EER_EPD2DXL0_PF4_Y35NY_DPG,New York Harbor Ultra-Low Sulfur No 2 Diesel Spot Price (Dollars per Gallon),1.449,$/GAL
2009-04-01,Y35NY,NEW YORK CITY,EPD2F,No 2 Fuel Oil / Heating Oil,PF4,Spot Price FOB,EER_EPD2F_PF4_Y35NY_DPG,New York Harbor No. 2 Heating Oil Spot Price FOB (Dollars per Gallon),1.357,$/GAL
2009-04-01,RGC,NA,EPJK,Kerosene-Type Jet Fuel,PF4,Spot Price FOB,EER_EPJK_PF4_RGC_DPG,U.S. Gulf Coast Kerosene-Type Jet Fuel Spot Price FOB (Dollars per Gallon),1.369,$/GAL
2009-04-01,Y44MB,NA,EPLLPA,Propane,PF4,Spot Price FOB,EER_EPLLPA_PF4_Y44MB_DPG,"Mont Belvieu, TX Propane Spot Price FOB (Dollars per Gallon)",0.638,$/GAL
2009-04-01,Y05LA,LOS ANGELES,EPMRR,Reformulated Regular Gasoline,PF4,Spot Price FOB,EER_EPMRR_PF4_Y05LA_DPG,Los Angeles Reformulated RBOB Regular Gasoline Spot Price (Dollars per Gallon),1.575,$/GAL
2009-04-01,RGC,NA,EPMRU,Conventional Regular Gasoline,PF4,Spot Price FOB,EER_EPMRU_PF4_RGC_DPG,U.S. Gulf Coast Conventional Gasoline Regular Spot Price FOB (Dollars per Gallon),1.349,$/GAL
2009-04-01,Y35NY,NEW YORK CITY,EPMRU,Conventional Regular Gasoline,PF4,Spot Price FOB,EER_EPMRU_PF4_Y35NY_DPG,New York Harbor Conventional Gasoline Regular Spot Price FOB (Dollars per Gallon),1.379,$/GAL
2009-04-01,ZEU,NA,EPCBRENT,UK Brent Crude Oil,PF4,Spot Price FOB,RBRTE,Europe Brent Spot Price FOB (Dollars per Barrel),50.18,$/BBL
2009-04-01,YCUOK,NA,EPCWTI,WTI Crude Oil,PF4,Spot Price FOB,RWTC,"Cushing, OK WTI Spot Price FOB (Dollars per Barrel)",49.65,$/BBL
2009-05-01,Y05LA,LOS ANGELES,EPD2DC,Carb Diesel,PF4,Spot Price FOB,EER_EPD2DC_PF4_Y05LA_DPG,"Los Angeles, CA Ultra-Low Sulfur CARB Diesel Spot Price (Dollars per Gallon)",1.529,$/GAL
2009-05-01,RGC,NA,EPD2DXL0,No 2 Diesel Low Sulfur (0-15 ppm),PF4,Spot Price FOB,EER_EPD2DXL0_PF4_RGC_DPG,U.S. Gulf Coast Ultra-Low Sulfur No 2 Diesel Spot Price (Dollars per Gallon),1.489,$/GAL
2009-05-01,Y35NY,NEW YORK CITY,EPD2DXL0,No 2 Diesel Low Sulfur (0-15 ppm),PF4,Spot Price FOB,EER_EPD2DXL0_PF4_Y35NY_DPG,New York Harbor Ultra-Low Sulfur No 2 Diesel Spot Price (Dollars per Gallon),1.52,$/GAL
2009-05-01,Y35NY,NEW YORK CITY,EPD2F,No 2 Fuel Oil / Heating Oil,PF4,Spot Price FOB,EER_EPD2F_PF4_Y35NY_DPG,New York Harbor No. 2 Heating Oil Spot Price FOB (Dollars per Gallon),1.473,$/GAL
2009-05-01,RGC,NA,EPJK,Kerosene-Type Jet Fuel,PF4,Spot Price FOB,EER_EPJK_PF4_RGC_DPG,U.S. Gulf Coast Kerosene-Type Jet Fuel Spot Price FOB (Dollars per Gallon),1.488,$/GAL
2009-05-01,Y44MB,NA,EPLLPA,Propane,PF4,Spot Price FOB,EER_EPLLPA_PF4_Y44MB_DPG,"Mont Belvieu, TX Propane Spot Price FOB (Dollars per Gallon)",0.701,$/GAL
2009-05-01,Y05LA,LOS ANGELES,EPMRR,Reformulated Regular Gasoline,PF4,Spot Price FOB,EER_EPMRR_PF4_Y05LA_DPG,Los Angeles Reformulated RBOB Regular Gasoline Spot Price (Dollars per Gallon),1.847,$/GAL
2009-05-01,RGC,NA,EPMRU,Conventional Regular Gasoline,PF4,Spot Price FOB,EER_EPMRU_PF4_RGC_DPG,U.S. Gulf Coast Conventional Gasoline Regular Spot Price FOB (Dollars per Gallon),1.657,$/GAL
2009-05-01,Y35NY,NEW YORK CITY,EPMRU,Conventional Regular Gasoline,PF4,Spot Price FOB,EER_EPMRU_PF4_Y35NY_DPG,New York Harbor Conventional Gasoline Regular Spot Price FOB (Dollars per Gallon),1.689,$/GAL
2009-05-01,ZEU,NA,EPCBRENT,UK Brent Crude Oil,PF4,Spot Price FOB,RBRTE,Europe Brent Spot Price FOB (Dollars per Barrel),57.3,$/BBL
2009-05-01,YCUOK,NA,EPCWTI,WTI Crude Oil,PF4,Spot Price FOB,RWTC,"Cushing, OK WTI Spot Price FOB (Dollars per Barrel)",59.03,$/BBL
2009-06-01,Y05LA,LOS ANGELES,EPD2DC,Carb Diesel,PF4,Spot Price FOB,EER_EPD2DC_PF4_Y05LA_DPG,"Los Angeles, CA Ultra-Low Sulfur CARB Diesel Spot Price (Dollars per Gallon)",1.843,$/GAL
2009-06-01,RGC,NA,EPD2DXL0,No 2 Diesel Low Sulfur (0-15 ppm),PF4,Spot Price FOB,EER_EPD2DXL0_PF4_RGC_DPG,U.S. Gulf Coast Ultra-Low Sulfur No 2 Diesel Spot Price (Dollars per Gallon),1.802,$/GAL
2009-06-01,Y35NY,NEW YORK CITY,EPD2DXL0,No 2 Diesel Low Sulfur (0-15 ppm),PF4,Spot Price FOB,EER_EPD2DXL0_PF4_Y35NY_DPG,New York Harbor Ultra-Low Sulfur No 2 Diesel Spot Price (Dollars per Gallon),1.82,$/GAL
2009-06-01,Y35NY,NEW YORK CITY,EPD2F,No 2 Fuel Oil / Heating Oil,PF4,Spot Price FOB,EER_EPD2F_PF4_Y35NY_DPG,New York Harbor No. 2 Heating Oil Spot Price FOB (Dollars per Gallon),1.747,$/GAL
2009-06-01,RGC,NA,EPJK,Kerosene-Type Jet Fuel,PF4,Spot Price FOB,EER_EPJK_PF4_RGC_DPG,U.S. Gulf Coast Kerosene-Type Jet Fuel Spot Price FOB (Dollars per Gallon),1.805,$/GAL
2009-06-01,Y44MB,NA,EPLLPA,Propane,PF4,Spot Price FOB,EER_EPLLPA_PF4_Y44MB_DPG,"Mont Belvieu, TX Propane Spot Price FOB (Dollars per Gallon)",0.846,$/GAL
2009-06-01,Y05LA,LOS ANGELES,EPMRR,Reformulated Regular Gasoline,PF4,Spot Price FOB,EER_EPMRR_PF4_Y05LA_DPG,Los Angeles Reformulated RBOB Regular Gasoline Spot Price (Dollars per Gallon),2.085,$/GAL
2009-06-01,RGC,NA,EPMRU,Conventional Regular Gasoline,PF4,Spot Price FOB,EER_EPMRU_PF4_RGC_DPG,U.S. Gulf Coast Conventional Gasoline Regular Spot Price FOB (Dollars per Gallon),1.889,$/GAL
2009-06-01,Y35NY,NEW YORK CITY,EPMRU,Conventional Regular Gasoline,PF4,Spot Price FOB,EER_EPMRU_PF4_Y35NY_DPG,New York Harbor Conventional Gasoline Regular Spot Price FOB (Dollars per Gallon),1.906,$/GAL
2009-06-01,ZEU,NA,EPCBRENT,UK Brent Crude Oil,PF4,Spot Price FOB,RBRTE,Europe Brent Spot Price FOB (Dollars per Barrel),68.61,$/BBL
2009-06-01,YCUOK,NA,EPCWTI,WTI Crude Oil,PF4,Spot Price FOB,RWTC,"Cushing, OK WTI Spot Price FOB (Dollars per Barrel)",69.64,$/BBL
2009-07-01,Y05LA,LOS ANGELES,EPD2DC,Carb Diesel,PF4,Spot Price FOB,EER_EPD2DC_PF4_Y05LA_DPG,"Los Angeles, CA Ultra-Low Sulfur CARB Diesel Spot Price (Dollars per Gallon)",1.747,$/GAL
2009-07-01,RGC,NA,EPD2DXL0,No 2 Diesel Low Sulfur (0-15 ppm),PF4,Spot Price FOB,EER_EPD2DXL0_PF4_RGC_DPG,U.S. Gulf Coast Ultra-Low Sulfur No 2 Diesel Spot Price (Dollars per Gallon),1.695,$/GAL
2009-07-01,Y35NY,NEW YORK CITY,EPD2DXL0,No 2 Diesel Low Sulfur (0-15 ppm),PF4,Spot Price FOB,EER_EPD2DXL0_PF4_Y35NY_DPG,New York Harbor Ultra-Low Sulfur No 2 Diesel Spot Price (Dollars per Gallon),1.722,$/GAL
2009-07-01,Y35NY,NEW YORK CITY,EPD2F,No 2 Fuel Oil / Heating Oil,PF4,Spot Price FOB,EER_EPD2F_PF4_Y35NY_DPG,New York Harbor No. 2 Heating Oil Spot Price FOB (Dollars per Gallon),1.628,$/GAL
2009-07-01,RGC,NA,EPJK,Kerosene-Type Jet Fuel,PF4,Spot Price FOB,EER_EPJK_PF4_RGC_DPG,U.S. Gulf Coast Kerosene-Type Jet Fuel Spot Price FOB (Dollars per Gallon),1.712,$/GAL
2009-07-01,Y44MB,NA,EPLLPA,Propane,PF4,Spot Price FOB,EER_EPLLPA_PF4_Y44MB_DPG,"Mont Belvieu, TX Propane Spot Price FOB (Dollars per Gallon)",0.752,$/GAL
2009-07-01,Y05LA,LOS ANGELES,EPMRR,Reformulated Regular Gasoline,PF4,Spot Price FOB,EER_EPMRR_PF4_Y05LA_DPG,Los Angeles Reformulated RBOB Regular Gasoline Spot Price (Dollars per Gallon),1.913,$/GAL
2009-07-01,RGC,NA,EPMRU,Conventional Regular Gasoline,PF4,Spot Price FOB,EER_EPMRU_PF4_RGC_DPG,U.S. Gulf Coast Conventional Gasoline Regular Spot Price FOB (Dollars per Gallon),1.705,$/GAL
2009-07-01,Y35NY,NEW YORK CITY,EPMRU,Conventional Regular Gasoline,PF4,Spot Price FOB,EER_EPMRU_PF4_Y35NY_DPG,New York Harbor Conventional Gasoline Regular Spot Price FOB (Dollars per Gallon),1.75,$/GAL
2009-07-01,ZEU,NA,EPCBRENT,UK Brent Crude Oil,PF4,Spot Price FOB,RBRTE,Europe Brent Spot Price FOB (Dollars per Barrel),64.44,$/BBL
2009-07-01,YCUOK,NA,EPCWTI,WTI Crude Oil,PF4,Spot Price FOB,RWTC,"Cushing, OK WTI Spot Price FOB (Dollars per Barrel)",64.15,$/BBL
2009-08-01,Y05LA,LOS ANGELES,EPD2DC,Carb Diesel,PF4,Spot Price FOB,EER_EPD2DC_PF4_Y05LA_DPG,"Los Angeles, CA Ultra-Low Sulfur CARB Diesel Spot Price (Dollars per Gallon)",1.94,$/GAL
2009-08-01,RGC,NA,EPD2DXL0,No 2 Diesel Low Sulfur (0-15 ppm),PF4,Spot Price FOB,EER_EPD2DXL0_PF4_RGC_DPG,U.S. Gulf Coast Ultra-Low Sulfur No 2 Diesel Spot Price (Dollars per Gallon),1.9,$/GAL
2009-08-01,Y35NY,NEW YORK CITY,EPD2DXL0,No 2 Diesel Low Sulfur (0-15 ppm),PF4,Spot Price FOB,EER_EPD2DXL0_PF4_Y35NY_DPG,New York Harbor Ultra-Low Sulfur No 2 Diesel Spot Price (Dollars per Gallon),1.927,$/GAL
2009-08-01,Y35NY,NEW YORK CITY,EPD2F,No 2 Fuel Oil / Heating Oil,PF4,Spot Price FOB,EER_EPD2F_PF4_Y35NY_DPG,New York Harbor No. 2 Heating Oil Spot Price FOB (Dollars per Gallon),1.865,$/GAL
2009-08-01,RGC,NA,EPJK,Kerosene-Type Jet Fuel,PF4,Spot Price FOB,EER_EPJK_PF4_RGC_DPG,U.S. Gulf Coast Kerosene-Type Jet Fuel Spot Price FOB (Dollars per Gallon),1.885,$/GAL
2009-08-01,Y44MB,NA,EPLLPA,Propane,PF4,Spot Price FOB,EER_EPLLPA_PF4_Y44MB_DPG,"Mont Belvieu, TX Propane Spot Price FOB (Dollars per Gallon)",0.906,$/GAL
2009-08-01,Y05LA,LOS ANGELES,EPMRR,Reformulated Regular Gasoline,PF4,Spot Price FOB,EER_EPMRR_PF4_Y05LA_DPG,Los Angeles Reformulated RBOB Regular Gasoline Spot Price (Dollars per Gallon),2.113,$/GAL
2009-08-01,RGC,NA,EPMRU,Conventional Regular Gasoline,PF4,Spot Price FOB,EER_EPMRU_PF4_RGC_DPG,U.S. Gulf Coast Conventional Gasoline Regular Spot Price FOB (Dollars per Gallon),1.888,$/GAL
2009-08-01,Y35NY,NEW YORK CITY,EPMRU,Conventional Regular Gasoline,PF4,Spot Price FOB,EER_EPMRU_PF4_Y35NY_DPG,New York Harbor Conventional Gasoline Regular Spot Price FOB (Dollars per Gallon),1.93,$/GAL
2009-08-01,ZEU,NA,EPCBRENT,UK Brent Crude Oil,PF4,Spot Price FOB,RBRTE,Europe Brent Spot Price FOB (Dollars per Barrel),72.51,$/BBL
2009-08-01,YCUOK,NA,EPCWTI,WTI Crude Oil,PF4,Spot Price FOB,RWTC,"Cushing, OK WTI Spot Price FOB (Dollars per Barrel)",71.05,$/BBL
2009-09-01,Y05LA,LOS ANGELES,EPD2DC,Carb Diesel,PF4,Spot Price FOB,EER_EPD2DC_PF4_Y05LA_DPG,"Los Angeles, CA Ultra-Low Sulfur CARB Diesel Spot Price (Dollars per Gallon)",1.822,$/GAL
2009-09-01,RGC,NA,EPD2DXL0,No 2 Diesel Low Sulfur (0-15 ppm),PF4,Spot Price FOB,EER_EPD2DXL0_PF4_RGC_DPG,U.S. Gulf Coast Ultra-Low Sulfur No 2 Diesel Spot Price (Dollars per Gallon),1.773,$/GAL
2009-09-01,Y35NY,NEW YORK CITY,EPD2DXL0,No 2 Diesel Low Sulfur (0-15 ppm),PF4,Spot Price FOB,EER_EPD2DXL0_PF4_Y35NY_DPG,New York Harbor Ultra-Low Sulfur No 2 Diesel Spot Price (Dollars per Gallon),1.795,$/GAL
2009-09-01,Y35NY,NEW YORK CITY,EPD2F,No 2 Fuel Oil / Heating Oil,PF4,Spot Price FOB,EER_EPD2F_PF4_Y35NY_DPG,New York Harbor No. 2 Heating Oil Spot Price FOB (Dollars per Gallon),1.728,$/GAL
2009-09-01,RGC,NA,EPJK,Kerosene-Type Jet Fuel,PF4,Spot Price FOB,EER_EPJK_PF4_RGC_DPG,U.S. Gulf Coast Kerosene-Type Jet Fuel Spot Price FOB (Dollars per Gallon),1.749,$/GAL
2009-09-01,Y44MB,NA,EPLLPA,Propane,PF4,Spot Price FOB,EER_EPLLPA_PF4_Y44MB_DPG,"Mont Belvieu, TX Propane Spot Price FOB (Dollars per Gallon)",0.946,$/GAL
2009-09-01,Y05LA,LOS ANGELES,EPMRR,Reformulated Regular Gasoline,PF4,Spot Price FOB,EER_EPMRR_PF4_Y05LA_DPG,Los Angeles Reformulated RBOB Regular Gasoline Spot Price (Dollars per Gallon),2.056,$/GAL
2009-09-01,RGC,NA,EPMRU,Conventional Regular Gasoline,PF4,Spot Price FOB,EER_EPMRU_PF4_RGC_DPG,U.S. Gulf Coast Conventional Gasoline Regular Spot Price FOB (Dollars per Gallon),1.735,$/GAL
2009-09-01,Y35NY,NEW YORK CITY,EPMRU,Conventional Regular Gasoline,PF4,Spot Price FOB,EER_EPMRU_PF4_Y35NY_DPG,New York Harbor Conventional Gasoline Regular Spot Price FOB (Dollars per Gallon),1.779,$/GAL
2009-09-01,ZEU,NA,EPCBRENT,UK Brent Crude Oil,PF4,Spot Price FOB,RBRTE,Europe Brent Spot Price FOB (Dollars per Barrel),67.65,$/BBL
2009-09-01,YCUOK,NA,EPCWTI,WTI Crude Oil,PF4,Spot Price FOB,RWTC,"Cushing, OK WTI Spot Price FOB (Dollars per Barrel)",69.41,$/BBL
2009-10-01,Y05LA,LOS ANGELES,EPD2DC,Carb Diesel,PF4,Spot Price FOB,EER_EPD2DC_PF4_Y05LA_DPG,"Los Angeles, CA Ultra-Low Sulfur CARB Diesel Spot Price (Dollars per Gallon)",1.987,$/GAL
2009-10-01,RGC,NA,EPD2DXL0,No 2 Diesel Low Sulfur (0-15 ppm),PF4,Spot Price FOB,EER_EPD2DXL0_PF4_RGC_DPG,U.S. Gulf Coast Ultra-Low Sulfur No 2 Diesel Spot Price (Dollars per Gallon),1.941,$/GAL
2009-10-01,Y35NY,NEW YORK CITY,EPD2DXL0,No 2 Diesel Low Sulfur (0-15 ppm),PF4,Spot Price FOB,EER_EPD2DXL0_PF4_Y35NY_DPG,New York Harbor Ultra-Low Sulfur No 2 Diesel Spot Price (Dollars per Gallon),1.982,$/GAL
2009-10-01,Y35NY,NEW YORK CITY,EPD2F,No 2 Fuel Oil / Heating Oil,PF4,Spot Price FOB,EER_EPD2F_PF4_Y35NY_DPG,New York Harbor No. 2 Heating Oil Spot Price FOB (Dollars per Gallon),1.929,$/GAL
2009-10-01,RGC,NA,EPJK,Kerosene-Type Jet Fuel,PF4,Spot Price FOB,EER_EPJK_PF4_RGC_DPG,U.S. Gulf Coast Kerosene-Type Jet Fuel Spot Price FOB (Dollars per Gallon),1.942,$/GAL
2009-10-01,Y44MB,NA,EPLLPA,Propane,PF4,Spot Price FOB,EER_EPLLPA_PF4_Y44MB_DPG,"Mont Belvieu, TX Propane Spot Price FOB (Dollars per Gallon)",1.008,$/GAL
2009-10-01,Y05LA,LOS ANGELES,EPMRR,Reformulated Regular Gasoline,PF4,Spot Price FOB,EER_EPMRR_PF4_Y05LA_DPG,Los Angeles Reformulated RBOB Regular Gasoline Spot Price (Dollars per Gallon),2.032,$/GAL
2009-10-01,RGC,NA,EPMRU,Conventional Regular Gasoline,PF4,Spot Price FOB,EER_EPMRU_PF4_RGC_DPG,U.S. Gulf Coast Conventional Gasoline Regular Spot Price FOB (Dollars per Gallon),1.885,$/GAL
2009-10-01,Y35NY,NEW YORK CITY,EPMRU,Conventional Regular Gasoline,PF4,Spot Price FOB,EER_EPMRU_PF4_Y35NY_DPG,New York Harbor Conventional Gasoline Regular Spot Price FOB (Dollars per Gallon),1.924,$/GAL
2009-10-01,ZEU,NA,EPCBRENT,UK Brent Crude Oil,PF4,Spot Price FOB,RBRTE,Europe Brent Spot Price FOB (Dollars per Barrel),72.77,$/BBL
2009-10-01,YCUOK,NA,EPCWTI,WTI Crude Oil,PF4,Spot Price FOB,RWTC,"Cushing, OK WTI Spot Price FOB (Dollars per Barrel)",75.72,$/BBL
2009-11-01,Y05LA,LOS ANGELES,EPD2DC,Carb Diesel,PF4,Spot Price FOB,EER_EPD2DC_PF4_Y05LA_DPG,"Los Angeles, CA Ultra-Low Sulfur CARB Diesel Spot Price (Dollars per Gallon)",2.034,$/GAL
2009-11-01,RGC,NA,EPD2DXL0,No 2 Diesel Low Sulfur (0-15 ppm),PF4,Spot Price FOB,EER_EPD2DXL0_PF4_RGC_DPG,U.S. Gulf Coast Ultra-Low Sulfur No 2 Diesel Spot Price (Dollars per Gallon),1.98,$/GAL
2009-11-01,Y35NY,NEW YORK CITY,EPD2DXL0,No 2 Diesel Low Sulfur (0-15 ppm),PF4,Spot Price FOB,EER_EPD2DXL0_PF4_Y35NY_DPG,New York Harbor Ultra-Low Sulfur No 2 Diesel Spot Price (Dollars per Gallon),1.998,$/GAL
2009-11-01,Y35NY,NEW YORK CITY,EPD2F,No 2 Fuel Oil / Heating Oil,PF4,Spot Price FOB,EER_EPD2F_PF4_Y35NY_DPG,New York Harbor No. 2 Heating Oil Spot Price FOB (Dollars per Gallon),1.981,$/GAL
2009-11-01,RGC,NA,EPJK,Kerosene-Type Jet Fuel,PF4,Spot Price FOB,EER_EPJK_PF4_RGC_DPG,U.S. Gulf Coast Kerosene-Type Jet Fuel Spot Price FOB (Dollars per Gallon),1.986,$/GAL
2009-11-01,Y44MB,NA,EPLLPA,Propane,PF4,Spot Price FOB,EER_EPLLPA_PF4_Y44MB_DPG,"Mont Belvieu, TX Propane Spot Price FOB (Dollars per Gallon)",1.076,$/GAL
2009-11-01,Y05LA,LOS ANGELES,EPMRR,Reformulated Regular Gasoline,PF4,Spot Price FOB,EER_EPMRR_PF4_Y05LA_DPG,Los Angeles Reformulated RBOB Regular Gasoline Spot Price (Dollars per Gallon),1.979,$/GAL
2009-11-01,RGC,NA,EPMRU,Conventional Regular Gasoline,PF4,Spot Price FOB,EER_EPMRU_PF4_RGC_DPG,U.S. Gulf Coast Conventional Gasoline Regular Spot Price FOB (Dollars per Gallon),1.926,$/GAL
2009-11-01,Y35NY,NEW YORK CITY,EPMRU,Conventional Regular Gasoline,PF4,Spot Price FOB,EER_EPMRU_PF4_Y35NY_DPG,New York Harbor Conventional Gasoline Regular Spot Price FOB (Dollars per Gallon),1.983,$/GAL
2009-11-01,ZEU,NA,EPCBRENT,UK Brent Crude Oil,PF4,Spot Price FOB,RBRTE,Europe Brent Spot Price FOB (Dollars per Barrel),76.66,$/BBL
2009-11-01,YCUOK,NA,EPCWTI,WTI Crude Oil,PF4,Spot Price FOB,RWTC,"Cushing, OK WTI Spot Price FOB (Dollars per Barrel)",77.99,$/BBL
2009-12-01,Y05LA,LOS ANGELES,EPD2DC,Carb Diesel,PF4,Spot Price FOB,EER_EPD2DC_PF4_Y05LA_DPG,"Los Angeles, CA Ultra-Low Sulfur CARB Diesel Spot Price (Dollars per Gallon)",1.999,$/GAL
2009-12-01,RGC,NA,EPD2DXL0,No 2 Diesel Low Sulfur (0-15 ppm),PF4,Spot Price FOB,EER_EPD2DXL0_PF4_RGC_DPG,U.S. Gulf Coast Ultra-Low Sulfur No 2 Diesel Spot Price (Dollars per Gallon),1.959,$/GAL
2009-12-01,Y35NY,NEW YORK CITY,EPD2DXL0,No 2 Diesel Low Sulfur (0-15 ppm),PF4,Spot Price FOB,EER_EPD2DXL0_PF4_Y35NY_DPG,New York Harbor Ultra-Low Sulfur No 2 Diesel Spot Price (Dollars per Gallon),1.98,$/GAL
2009-12-01,Y35NY,NEW YORK CITY,EPD2F,No 2 Fuel Oil / Heating Oil,PF4,Spot Price FOB,EER_EPD2F_PF4_Y35NY_DPG,New York Harbor No. 2 Heating Oil Spot Price FOB (Dollars per Gallon),1.968,$/GAL
2009-12-01,RGC,NA,EPJK,Kerosene-Type Jet Fuel,PF4,Spot Price FOB,EER_EPJK_PF4_RGC_DPG,U.S. Gulf Coast Kerosene-Type Jet Fuel Spot Price FOB (Dollars per Gallon),1.979,$/GAL
2009-12-01,Y44MB,NA,EPLLPA,Propane,PF4,Spot Price FOB,EER_EPLLPA_PF4_Y44MB_DPG,"Mont Belvieu, TX Propane Spot Price FOB (Dollars per Gallon)",1.19,$/GAL
2009-12-01,Y05LA,LOS ANGELES,EPMRR,Reformulated Regular Gasoline,PF4,Spot Price FOB,EER_EPMRR_PF4_Y05LA_DPG,Los Angeles Reformulated RBOB Regular Gasoline Spot Price (Dollars per Gallon),2.014,$/GAL
2009-12-01,RGC,NA,EPMRU,Conventional Regular Gasoline,PF4,Spot Price FOB,EER_EPMRU_PF4_RGC_DPG,U.S. Gulf Coast Conventional Gasoline Regular Spot Price FOB (Dollars per Gallon),1.887,$/GAL
2009-12-01,Y35NY,NEW YORK CITY,EPMRU,Conventional Regular Gasoline,PF4,Spot Price FOB,EER_EPMRU_PF4_Y35NY_DPG,New York Harbor Conventional Gasoline Regular Spot Price FOB (Dollars per Gallon),1.919,$/GAL
2009-12-01,ZEU,NA,EPCBRENT,UK Brent Crude Oil,PF4,Spot Price FOB,RBRTE,Europe Brent Spot Price FOB (Dollars per Barrel),74.46,$/BBL
2009-12-01,YCUOK,NA,EPCWTI,WTI Crude Oil,PF4,Spot Price FOB,RWTC,"Cushing, OK WTI Spot Price FOB (Dollars per Barrel)",74.47,$/BBL
2010-01-01,Y05LA,LOS ANGELES,EPD2DC,Carb Diesel,PF4,Spot Price FOB,EER_EPD2DC_PF4_Y05LA_DPG,"Los Angeles, CA Ultra-Low Sulfur CARB Diesel Spot Price (Dollars per Gallon)",2.041,$/GAL
2010-01-01,RGC,NA,EPD2DXL0,No 2 Diesel Low Sulfur (0-15 ppm),PF4,Spot Price FOB,EER_EPD2DXL0_PF4_RGC_DPG,U.S. Gulf Coast Ultra-Low Sulfur No 2 Diesel Spot Price (Dollars per Gallon),2.035,$/GAL
2010-01-01,Y35NY,NEW YORK CITY,EPD2DXL0,No 2 Diesel Low Sulfur (0-15 ppm),PF4,Spot Price FOB,EER_EPD2DXL0_PF4_Y35NY_DPG,New York Harbor Ultra-Low Sulfur No 2 Diesel Spot Price (Dollars per Gallon),2.066,$/GAL
2010-01-01,Y35NY,NEW YORK CITY,EPD2F,No 2 Fuel Oil / Heating Oil,PF4,Spot Price FOB,EER_EPD2F_PF4_Y35NY_DPG,New York Harbor No. 2 Heating Oil Spot Price FOB (Dollars per Gallon),2.046,$/GAL
2010-01-01,RGC,NA,EPJK,Kerosene-Type Jet Fuel,PF4,Spot Price FOB,EER_EPJK_PF4_RGC_DPG,U.S. Gulf Coast Kerosene-Type Jet Fuel Spot Price FOB (Dollars per Gallon),2.052,$/GAL
2010-01-01,Y44MB,NA,EPLLPA,Propane,PF4,Spot Price FOB,EER_EPLLPA_PF4_Y44MB_DPG,"Mont Belvieu, TX Propane Spot Price FOB (Dollars per Gallon)",1.312,$/GAL
2010-01-01,Y05LA,LOS ANGELES,EPMRR,Reformulated Regular Gasoline,PF4,Spot Price FOB,EER_EPMRR_PF4_Y05LA_DPG,Los Angeles Reformulated RBOB Regular Gasoline Spot Price (Dollars per Gallon),2.057,$/GAL
2010-01-01,RGC,NA,EPMRU,Conventional Regular Gasoline,PF4,Spot Price FOB,EER_EPMRU_PF4_RGC_DPG,U.S. Gulf Coast Conventional Gasoline Regular Spot Price FOB (Dollars per Gallon),2.014,$/GAL
2010-01-01,Y35NY,NEW YORK CITY,EPMRU,Conventional Regular Gasoline,PF4,Spot Price FOB,EER_EPMRU_PF4_Y35NY_DPG,New York Harbor Conventional Gasoline Regular Spot Price FOB (Dollars per Gallon),2.04,$/GAL
2010-01-01,ZEU,NA,EPCBRENT,UK Brent Crude Oil,PF4,Spot Price FOB,RBRTE,Europe Brent Spot Price FOB (Dollars per Barrel),76.17,$/BBL
2010-01-01,YCUOK,NA,EPCWTI,WTI Crude Oil,PF4,Spot Price FOB,RWTC,"Cushing, OK WTI Spot Price FOB (Dollars per Barrel)",78.33,$/BBL
2010-02-01,Y05LA,LOS ANGELES,EPD2DC,Carb Diesel,PF4,Spot Price FOB,EER_EPD2DC_PF4_Y05LA_DPG,"Los Angeles, CA Ultra-Low Sulfur CARB Diesel Spot Price (Dollars per Gallon)",2.019,$/GAL
2010-02-01,RGC,NA,EPD2DXL0,No 2 Diesel Low Sulfur (0-15 ppm),PF4,Spot Price FOB,EER_EPD2DXL0_PF4_RGC_DPG,U.S. Gulf Coast Ultra-Low Sulfur No 2 Diesel Spot Price (Dollars per Gallon),1.998,$/GAL
2010-02-01,Y35NY,NEW YORK CITY,EPD2DXL0,No 2 Diesel Low Sulfur (0-15 ppm),PF4,Spot Price FOB,EER_EPD2DXL0_PF4_Y35NY_DPG,New York Harbor Ultra-Low Sulfur No 2 Diesel Spot Price (Dollars per Gallon),2.035,$/GAL
2010-02-01,Y35NY,NEW YORK CITY,EPD2F,No 2 Fuel Oil / Heating Oil,PF4,Spot Price FOB,EER_EPD2F_PF4_Y35NY_DPG,New York Harbor No. 2 Heating Oil Spot Price FOB (Dollars per Gallon),1.978,$/GAL
2010-02-01,RGC,NA,EPJK,Kerosene-Type Jet Fuel,PF4,Spot Price FOB,EER_EPJK_PF4_RGC_DPG,U.S. Gulf Coast Kerosene-Type Jet Fuel Spot Price FOB (Dollars per Gallon),1.989,$/GAL
2010-02-01,Y44MB,NA,EPLLPA,Propane,PF4,Spot Price FOB,EER_EPLLPA_PF4_Y44MB_DPG,"Mont Belvieu, TX Propane Spot Price FOB (Dollars per Gallon)",1.284,$/GAL
2010-02-01,Y05LA,LOS ANGELES,EPMRR,Reformulated Regular Gasoline,PF4,Spot Price FOB,EER_EPMRR_PF4_Y05LA_DPG,Los Angeles Reformulated RBOB Regular Gasoline Spot Price (Dollars per Gallon),2.073,$/GAL
2010-02-01,RGC,NA,EPMRU,Conventional Regular Gasoline,PF4,Spot Price FOB,EER_EPMRU_PF4_RGC_DPG,U.S. Gulf Coast Conventional Gasoline Regular Spot Price FOB (Dollars per Gallon),1.966,$/GAL
2010-02-01,Y35NY,NEW YORK CITY,EPMRU,Conventional Regular Gasoline,PF4,Spot Price FOB,EER_EPMRU_PF4_Y35NY_DPG,New York Harbor Conventional Gasoline Regular Spot Price FOB (Dollars per Gallon),1.963,$/GAL
2010-02-01,ZEU,NA,EPCBRENT,UK Brent Crude Oil,PF4,Spot Price FOB,RBRTE,Europe Brent Spot Price FOB (Dollars per Barrel),73.75,$/BBL
2010-02-01,YCUOK,NA,EPCWTI,WTI Crude Oil,PF4,Spot Price FOB,RWTC,"Cushing, OK WTI Spot Price FOB (Dollars per Barrel)",76.39,$/BBL
2010-03-01,Y05LA,LOS ANGELES,EPD2DC,Carb Diesel,PF4,Spot Price FOB,EER_EPD2DC_PF4_Y05LA_DPG,"Los Angeles, CA Ultra-Low Sulfur CARB Diesel Spot Price (Dollars per Gallon)",2.142,$/GAL
2010-03-01,RGC,NA,EPD2DXL0,No 2 Diesel Low Sulfur (0-15 ppm),PF4,Spot Price FOB,EER_EPD2DXL0_PF4_RGC_DPG,U.S. Gulf Coast Ultra-Low Sulfur No 2 Diesel Spot Price (Dollars per Gallon),2.125,$/GAL
2010-03-01,Y35NY,NEW YORK CITY,EPD2DXL0,No 2 Diesel Low Sulfur (0-15 ppm),PF4,Spot Price FOB,EER_EPD2DXL0_PF4_Y35NY_DPG,New York Harbor Ultra-Low Sulfur No 2 Diesel Spot Price (Dollars per Gallon),2.159,$/GAL
2010-03-01,Y35NY,NEW YORK CITY,EPD2F,No 2 Fuel Oil / Heating Oil,PF4,Spot Price FOB,EER_EPD2F_PF4_Y35NY_DPG,New York Harbor No. 2 Heating Oil Spot Price FOB (Dollars per Gallon),2.083,$/GAL
2010-03-01,RGC,NA,EPJK,Kerosene-Type Jet Fuel,PF4,Spot Price FOB,EER_EPJK_PF4_RGC_DPG,U.S. Gulf Coast Kerosene-Type Jet Fuel Spot Price FOB (Dollars per Gallon),2.108,$/GAL
2010-03-01,Y44MB,NA,EPLLPA,Propane,PF4,Spot Price FOB,EER_EPLLPA_PF4_Y44MB_DPG,"Mont Belvieu, TX Propane Spot Price FOB (Dollars per Gallon)",1.136,$/GAL
2010-03-01,Y05LA,LOS ANGELES,EPMRR,Reformulated Regular Gasoline,PF4,Spot Price FOB,EER_EPMRR_PF4_Y05LA_DPG,Los Angeles Reformulated RBOB Regular Gasoline Spot Price (Dollars per Gallon),2.257,$/GAL
2010-03-01,RGC,NA,EPMRU,Conventional Regular Gasoline,PF4,Spot Price FOB,EER_EPMRU_PF4_RGC_DPG,U.S. Gulf Coast Conventional Gasoline Regular Spot Price FOB (Dollars per Gallon),2.137,$/GAL
2010-03-01,Y35NY,NEW YORK CITY,EPMRU,Conventional Regular Gasoline,PF4,Spot Price FOB,EER_EPMRU_PF4_Y35NY_DPG,New York Harbor Conventional Gasoline Regular Spot Price FOB (Dollars per Gallon),2.14,$/GAL
2010-03-01,ZEU,NA,EPCBRENT,UK Brent Crude Oil,PF4,Spot Price FOB,RBRTE,Europe Brent Spot Price FOB (Dollars per Barrel),78.83,$/BBL
2010-03-01,YCUOK,NA,EPCWTI,WTI Crude Oil,PF4,Spot Price FOB,RWTC,"Cushing, OK WTI Spot Price FOB (Dollars per Barrel)",81.2,$/BBL
2010-04-01,Y05LA,LOS ANGELES,EPD2DC,Carb Diesel,PF4,Spot Price FOB,EER_EPD2DC_PF4_Y05LA_DPG,"Los Angeles, CA Ultra-Low Sulfur CARB Diesel Spot Price (Dollars per Gallon)",2.305,$/GAL
2010-04-01,RGC,NA,EPD2DXL0,No 2 Diesel Low Sulfur (0-15 ppm),PF4,Spot Price FOB,EER_EPD2DXL0_PF4_RGC_DPG,U.S. Gulf Coast Ultra-Low Sulfur No 2 Diesel Spot Price (Dollars per Gallon),2.267,$/GAL
2010-04-01,Y35NY,NEW YORK CITY,EPD2DXL0,No 2 Diesel Low Sulfur (0-15 ppm),PF4,Spot Price FOB,EER_EPD2DXL0_PF4_Y35NY_DPG,New York Harbor Ultra-Low Sulfur No 2 Diesel Spot Price (Dollars per Gallon),2.284,$/GAL
2010-04-01,Y35NY,NEW YORK CITY,EPD2F,No 2 Fuel Oil / Heating Oil,PF4,Spot Price FOB,EER_EPD2F_PF4_Y35NY_DPG,New York Harbor No. 2 Heating Oil Spot Price FOB (Dollars per Gallon),2.204,$/GAL
2010-04-01,RGC,NA,EPJK,Kerosene-Type Jet Fuel,PF4,Spot Price FOB,EER_EPJK_PF4_RGC_DPG,U.S. Gulf Coast Kerosene-Type Jet Fuel Spot Price FOB (Dollars per Gallon),2.243,$/GAL
2010-04-01,Y44MB,NA,EPLLPA,Propane,PF4,Spot Price FOB,EER_EPLLPA_PF4_Y44MB_DPG,"Mont Belvieu, TX Propane Spot Price FOB (Dollars per Gallon)",1.137,$/GAL
2010-04-01,Y05LA,LOS ANGELES,EPMRR,Reformulated Regular Gasoline,PF4,Spot Price FOB,EER_EPMRR_PF4_Y05LA_DPG,Los Angeles Reformulated RBOB Regular Gasoline Spot Price (Dollars per Gallon),2.307,$/GAL
2010-04-01,RGC,NA,EPMRU,Conventional Regular Gasoline,PF4,Spot Price FOB,EER_EPMRU_PF4_RGC_DPG,U.S. Gulf Coast Conventional Gasoline Regular Spot Price FOB (Dollars per Gallon),2.191,$/GAL
2010-04-01,Y35NY,NEW YORK CITY,EPMRU,Conventional Regular Gasoline,PF4,Spot Price FOB,EER_EPMRU_PF4_Y35NY_DPG,New York Harbor Conventional Gasoline Regular Spot Price FOB (Dollars per Gallon),2.227,$/GAL
2010-04-01,ZEU,NA,EPCBRENT,UK Brent Crude Oil,PF4,Spot Price FOB,RBRTE,Europe Brent Spot Price FOB (Dollars per Barrel),84.82,$/BBL
2010-04-01,YCUOK,NA,EPCWTI,WTI Crude Oil,PF4,Spot Price FOB,RWTC,"Cushing, OK WTI Spot Price FOB (Dollars per Barrel)",84.29,$/BBL
2010-05-01,Y05LA,LOS ANGELES,EPD2DC,Carb Diesel,PF4,Spot Price FOB,EER_EPD2DC_PF4_Y05LA_DPG,"Los Angeles, CA Ultra-Low Sulfur CARB Diesel Spot Price (Dollars per Gallon)",2.125,$/GAL
2010-05-01,RGC,NA,EPD2DXL0,No 2 Diesel Low Sulfur (0-15 ppm),PF4,Spot Price FOB,EER_EPD2DXL0_PF4_RGC_DPG,U.S. Gulf Coast Ultra-Low Sulfur No 2 Diesel Spot Price (Dollars per Gallon),2.093,$/GAL
2010-05-01,Y35NY,NEW YORK CITY,EPD2DXL0,No 2 Diesel Low Sulfur (0-15 ppm),PF4,Spot Price FOB,EER_EPD2DXL0_PF4_Y35NY_DPG,New York Harbor Ultra-Low Sulfur No 2 Diesel Spot Price (Dollars per Gallon),2.136,$/GAL
2010-05-01,Y35NY,NEW YORK CITY,EPD2F,No 2 Fuel Oil / Heating Oil,PF4,Spot Price FOB,EER_EPD2F_PF4_Y35NY_DPG,New York Harbor No. 2 Heating Oil Spot Price FOB (Dollars per Gallon),2.04,$/GAL
2010-05-01,RGC,NA,EPJK,Kerosene-Type Jet Fuel,PF4,Spot Price FOB,EER_EPJK_PF4_RGC_DPG,U.S. Gulf Coast Kerosene-Type Jet Fuel Spot Price FOB (Dollars per Gallon),2.063,$/GAL
2010-05-01,Y44MB,NA,EPLLPA,Propane,PF4,Spot Price FOB,EER_EPLLPA_PF4_Y44MB_DPG,"Mont Belvieu, TX Propane Spot Price FOB (Dollars per Gallon)",1.082,$/GAL
2010-05-01,Y05LA,LOS ANGELES,EPMRR,Reformulated Regular Gasoline,PF4,Spot Price FOB,EER_EPMRR_PF4_Y05LA_DPG,Los Angeles Reformulated RBOB Regular Gasoline Spot Price (Dollars per Gallon),2.115,$/GAL
2010-05-01,RGC,NA,EPMRU,Conventional Regular Gasoline,PF4,Spot Price FOB,EER_EPMRU_PF4_RGC_DPG,U.S. Gulf Coast Conventional Gasoline Regular Spot Price FOB (Dollars per Gallon),1.989,$/GAL
2010-05-01,Y35NY,NEW YORK CITY,EPMRU,Conventional Regular Gasoline,PF4,Spot Price FOB,EER_EPMRU_PF4_Y35NY_DPG,New York Harbor Conventional Gasoline Regular Spot Price FOB (Dollars per Gallon),2.019,$/GAL
2010-05-01,ZEU,NA,EPCBRENT,UK Brent Crude Oil,PF4,Spot Price FOB,RBRTE,Europe Brent Spot Price FOB (Dollars per Barrel),75.95,$/BBL
2010-05-01,YCUOK,NA,EPCWTI,WTI Crude Oil,PF4,Spot Price FOB,RWTC,"Cushing, OK WTI Spot Price FOB (Dollars per Barrel)",73.74,$/BBL
2010-06-01,Y05LA,LOS ANGELES,EPD2DC,Carb Diesel,PF4,Spot Price FOB,EER_EPD2DC_PF4_Y05LA_DPG,"Los Angeles, CA Ultra-Low Sulfur CARB Diesel Spot Price (Dollars per Gallon)",2.139,$/GAL
2010-06-01,RGC,NA,EPD2DXL0,No 2 Diesel Low Sulfur (0-15 ppm),PF4,Spot Price FOB,EER_EPD2DXL0_PF4_RGC_DPG,U.S. Gulf Coast Ultra-Low Sulfur No 2 Diesel Spot Price (Dollars per Gallon),2.066,$/GAL
2010-06-01,Y35NY,NEW YORK CITY,EPD2DXL0,No 2 Diesel Low Sulfur (0-15 ppm),PF4,Spot Price FOB,EER_EPD2DXL0_PF4_Y35NY_DPG,New York Harbor Ultra-Low Sulfur No 2 Diesel Spot Price (Dollars per Gallon),2.108,$/GAL
2010-06-01,Y35NY,NEW YORK CITY,EPD2F,No 2 Fuel Oil / Heating Oil,PF4,Spot Price FOB,EER_EPD2F_PF4_Y35NY_DPG,New York Harbor No. 2 Heating Oil Spot Price FOB (Dollars per Gallon),2.032,$/GAL
2010-06-01,RGC,NA,EPJK,Kerosene-Type Jet Fuel,PF4,Spot Price FOB,EER_EPJK_PF4_RGC_DPG,U.S. Gulf Coast Kerosene-Type Jet Fuel Spot Price FOB (Dollars per Gallon),2.058,$/GAL
2010-06-01,Y44MB,NA,EPLLPA,Propane,PF4,Spot Price FOB,EER_EPLLPA_PF4_Y44MB_DPG,"Mont Belvieu, TX Propane Spot Price FOB (Dollars per Gallon)",1.037,$/GAL
2010-06-01,Y05LA,LOS ANGELES,EPMRR,Reformulated Regular Gasoline,PF4,Spot Price FOB,EER_EPMRR_PF4_Y05LA_DPG,Los Angeles Reformulated RBOB Regular Gasoline Spot Price (Dollars per Gallon),2.255,$/GAL
2010-06-01,RGC,NA,EPMRU,Conventional Regular Gasoline,PF4,Spot Price FOB,EER_EPMRU_PF4_RGC_DPG,U.S. Gulf Coast Conventional Gasoline Regular Spot Price FOB (Dollars per Gallon),1.969,$/GAL
2010-06-01,Y35NY,NEW YORK CITY,EPMRU,Conventional Regular Gasoline,PF4,Spot Price FOB,EER_EPMRU_PF4_Y35NY_DPG,New York Harbor Conventional Gasoline Regular Spot Price FOB (Dollars per Gallon),2.014,$/GAL
2010-06-01,ZEU,NA,EPCBRENT,UK Brent Crude Oil,PF4,Spot Price FOB,RBRTE,Europe Brent Spot Price FOB (Dollars per Barrel),74.76,$/BBL
2010-06-01,YCUOK,NA,EPCWTI,WTI Crude Oil,PF4,Spot Price FOB,RWTC,"Cushing, OK WTI Spot Price FOB (Dollars per Barrel)",75.34,$/BBL
2010-07-01,Y05LA,LOS ANGELES,EPD2DC,Carb Diesel,PF4,Spot Price FOB,EER_EPD2DC_PF4_Y05LA_DPG,"Los Angeles, CA Ultra-Low Sulfur CARB Diesel Spot Price (Dollars per Gallon)",2.104,$/GAL
2010-07-01,RGC,NA,EPD2DXL0,No 2 Diesel Low Sulfur (0-15 ppm),PF4,Spot Price FOB,EER_EPD2DXL0_PF4_RGC_DPG,U.S. Gulf Coast Ultra-Low Sulfur No 2 Diesel Spot Price (Dollars per Gallon),2.042,$/GAL
2010-07-01,Y35NY,NEW YORK CITY,EPD2DXL0,No 2 Diesel Low Sulfur (0-15 ppm),PF4,Spot Price FOB,EER_EPD2DXL0_PF4_Y35NY_DPG,New York Harbor Ultra-Low Sulfur No 2 Diesel Spot Price (Dollars per Gallon),2.066,$/GAL
2010-07-01,Y35NY,NEW YORK CITY,EPD2F,No 2 Fuel Oil / Heating Oil,PF4,Spot Price FOB,EER_EPD2F_PF4_Y35NY_DPG,New York Harbor No. 2 Heating Oil Spot Price FOB (Dollars per Gallon),1.979,$/GAL
2010-07-01,RGC,NA,EPJK,Kerosene-Type Jet Fuel,PF4,Spot Price FOB,EER_EPJK_PF4_RGC_DPG,U.S. Gulf Coast Kerosene-Type Jet Fuel Spot Price FOB (Dollars per Gallon),2.019,$/GAL
2010-07-01,Y44MB,NA,EPLLPA,Propane,PF4,Spot Price FOB,EER_EPLLPA_PF4_Y44MB_DPG,"Mont Belvieu, TX Propane Spot Price FOB (Dollars per Gallon)",1.01,$/GAL
2010-07-01,Y05LA,LOS ANGELES,EPMRR,Reformulated Regular Gasoline,PF4,Spot Price FOB,EER_EPMRR_PF4_Y05LA_DPG,Los Angeles Reformulated RBOB Regular Gasoline Spot Price (Dollars per Gallon),2.281,$/GAL
2010-07-01,RGC,NA,EPMRU,Conventional Regular Gasoline,PF4,Spot Price FOB,EER_EPMRU_PF4_RGC_DPG,U.S. Gulf Coast Conventional Gasoline Regular Spot Price FOB (Dollars per Gallon),1.973,$/GAL
2010-07-01,Y35NY,NEW YORK CITY,EPMRU,Conventional Regular Gasoline,PF4,Spot Price FOB,EER_EPMRU_PF4_Y35NY_DPG,New York Harbor Conventional Gasoline Regular Spot Price FOB (Dollars per Gallon),1.995,$/GAL
2010-07-01,ZEU,NA,EPCBRENT,UK Brent Crude Oil,PF4,Spot Price FOB,RBRTE,Europe Brent Spot Price FOB (Dollars per Barrel),75.58,$/BBL
2010-07-01,YCUOK,NA,EPCWTI,WTI Crude Oil,PF4,Spot Price FOB,RWTC,"Cushing, OK WTI Spot Price FOB (Dollars per Barrel)",76.32,$/BBL
2010-08-01,Y05LA,LOS ANGELES,EPD2DC,Carb Diesel,PF4,Spot Price FOB,EER_EPD2DC_PF4_Y05LA_DPG,"Los Angeles, CA Ultra-Low Sulfur CARB Diesel Spot Price (Dollars per Gallon)",2.161,$/GAL
2010-08-01,RGC,NA,EPD2DXL0,No 2 Diesel Low Sulfur (0-15 ppm),PF4,Spot Price FOB,EER_EPD2DXL0_PF4_RGC_DPG,U.S. Gulf Coast Ultra-Low Sulfur No 2 Diesel Spot Price (Dollars per Gallon),2.093,$/GAL
2010-08-01,Y35NY,NEW YORK CITY,EPD2DXL0,No 2 Diesel Low Sulfur (0-15 ppm),PF4,Spot Price FOB,EER_EPD2DXL0_PF4_Y35NY_DPG,New York Harbor Ultra-Low Sulfur No 2 Diesel Spot Price (Dollars per Gallon),2.122,$/GAL
2010-08-01,Y35NY,NEW YORK CITY,EPD2F,No 2 Fuel Oil / Heating Oil,PF4,Spot Price FOB,EER_EPD2F_PF4_Y35NY_DPG,New York Harbor No. 2 Heating Oil Spot Price FOB (Dollars per Gallon),2.016,$/GAL
2010-08-01,RGC,NA,EPJK,Kerosene-Type Jet Fuel,PF4,Spot Price FOB,EER_EPJK_PF4_RGC_DPG,U.S. Gulf Coast Kerosene-Type Jet Fuel Spot Price FOB (Dollars per Gallon),2.083,$/GAL
2010-08-01,Y44MB,NA,EPLLPA,Propane,PF4,Spot Price FOB,EER_EPLLPA_PF4_Y44MB_DPG,"Mont Belvieu, TX Propane Spot Price FOB (Dollars per Gallon)",1.072,$/GAL
2010-08-01,Y05LA,LOS ANGELES,EPMRR,Reformulated Regular Gasoline,PF4,Spot Price FOB,EER_EPMRR_PF4_Y05LA_DPG,Los Angeles Reformulated RBOB Regular Gasoline Spot Price (Dollars per Gallon),2.178,$/GAL
2010-08-01,RGC,NA,EPMRU,Conventional Regular Gasoline,PF4,Spot Price FOB,EER_EPMRU_PF4_RGC_DPG,U.S. Gulf Coast Conventional Gasoline Regular Spot Price FOB (Dollars per Gallon),1.928,$/GAL
2010-08-01,Y35NY,NEW YORK CITY,EPMRU,Conventional Regular Gasoline,PF4,Spot Price FOB,EER_EPMRU_PF4_Y35NY_DPG,New York Harbor Conventional Gasoline Regular Spot Price FOB (Dollars per Gallon),1.943,$/GAL
2010-08-01,ZEU,NA,EPCBRENT,UK Brent Crude Oil,PF4,Spot Price FOB,RBRTE,Europe Brent Spot Price FOB (Dollars per Barrel),77.04,$/BBL
2010-08-01,YCUOK,NA,EPCWTI,WTI Crude Oil,PF4,Spot Price FOB,RWTC,"Cushing, OK WTI Spot Price FOB (Dollars per Barrel)",76.6,$/BBL
2010-09-01,Y05LA,LOS ANGELES,EPD2DC,Carb Diesel,PF4,Spot Price FOB,EER_EPD2DC_PF4_Y05LA_DPG,"Los Angeles, CA Ultra-Low Sulfur CARB Diesel Spot Price (Dollars per Gallon)",2.187,$/GAL
2010-09-01,RGC,NA,EPD2DXL0,No 2 Diesel Low Sulfur (0-15 ppm),PF4,Spot Price FOB,EER_EPD2DXL0_PF4_RGC_DPG,U.S. Gulf Coast Ultra-Low Sulfur No 2 Diesel Spot Price (Dollars per Gallon),2.13,$/GAL
2010-09-01,Y35NY,NEW YORK CITY,EPD2DXL0,No 2 Diesel Low Sulfur (0-15 ppm),PF4,Spot Price FOB,EER_EPD2DXL0_PF4_Y35NY_DPG,New York Harbor Ultra-Low Sulfur No 2 Diesel Spot Price (Dollars per Gallon),2.175,$/GAL
2010-09-01,Y35NY,NEW YORK CITY,EPD2F,No 2 Fuel Oil / Heating Oil,PF4,Spot Price FOB,EER_EPD2F_PF4_Y35NY_DPG,New York Harbor No. 2 Heating Oil Spot Price FOB (Dollars per Gallon),2.09,$/GAL
2010-09-01,RGC,NA,EPJK,Kerosene-Type Jet Fuel,PF4,Spot Price FOB,EER_EPJK_PF4_RGC_DPG,U.S. Gulf Coast Kerosene-Type Jet Fuel Spot Price FOB (Dollars per Gallon),2.114,$/GAL
2010-09-01,Y44MB,NA,EPLLPA,Propane,PF4,Spot Price FOB,EER_EPLLPA_PF4_Y44MB_DPG,"Mont Belvieu, TX Propane Spot Price FOB (Dollars per Gallon)",1.132,$/GAL
2010-09-01,Y05LA,LOS ANGELES,EPMRR,Reformulated Regular Gasoline,PF4,Spot Price FOB,EER_EPMRR_PF4_Y05LA_DPG,Los Angeles Reformulated RBOB Regular Gasoline Spot Price (Dollars per Gallon),2.069,$/GAL
2010-09-01,RGC,NA,EPMRU,Conventional Regular Gasoline,PF4,Spot Price FOB,EER_EPMRU_PF4_RGC_DPG,U.S. Gulf Coast Conventional Gasoline Regular Spot Price FOB (Dollars per Gallon),1.95,$/GAL
2010-09-01,Y35NY,NEW YORK CITY,EPMRU,Conventional Regular Gasoline,PF4,Spot Price FOB,EER_EPMRU_PF4_Y35NY_DPG,New York Harbor Conventional Gasoline Regular Spot Price FOB (Dollars per Gallon),1.969,$/GAL
2010-09-01,ZEU,NA,EPCBRENT,UK Brent Crude Oil,PF4,Spot Price FOB,RBRTE,Europe Brent Spot Price FOB (Dollars per Barrel),77.84,$/BBL
2010-09-01,YCUOK,NA,EPCWTI,WTI Crude Oil,PF4,Spot Price FOB,RWTC,"Cushing, OK WTI Spot Price FOB (Dollars per Barrel)",75.24,$/BBL
2010-10-01,Y05LA,LOS ANGELES,EPD2DC,Carb Diesel,PF4,Spot Price FOB,EER_EPD2DC_PF4_Y05LA_DPG,"Los Angeles, CA Ultra-Low Sulfur CARB Diesel Spot Price (Dollars per Gallon)",2.338,$/GAL
2010-10-01,RGC,NA,EPD2DXL0,No 2 Diesel Low Sulfur (0-15 ppm),PF4,Spot Price FOB,EER_EPD2DXL0_PF4_RGC_DPG,U.S. Gulf Coast Ultra-Low Sulfur No 2 Diesel Spot Price (Dollars per Gallon),2.252,$/GAL
2010-10-01,Y35NY,NEW YORK CITY,EPD2DXL0,No 2 Diesel Low Sulfur (0-15 ppm),PF4,Spot Price FOB,EER_EPD2DXL0_PF4_Y35NY_DPG,New York Harbor Ultra-Low Sulfur No 2 Diesel Spot Price (Dollars per Gallon),2.301,$/GAL
2010-10-01,Y35NY,NEW YORK CITY,EPD2F,No 2 Fuel Oil / Heating Oil,PF4,Spot Price FOB,EER_EPD2F_PF4_Y35NY_DPG,New York Harbor No. 2 Heating Oil Spot Price FOB (Dollars per Gallon),2.242,$/GAL
2010-10-01,RGC,NA,EPJK,Kerosene-Type Jet Fuel,PF4,Spot Price FOB,EER_EPJK_PF4_RGC_DPG,U.S. Gulf Coast Kerosene-Type Jet Fuel Spot Price FOB (Dollars per Gallon),2.248,$/GAL
2010-10-01,Y44MB,NA,EPLLPA,Propane,PF4,Spot Price FOB,EER_EPLLPA_PF4_Y44MB_DPG,"Mont Belvieu, TX Propane Spot Price FOB (Dollars per Gallon)",1.234,$/GAL
2010-10-01,Y05LA,LOS ANGELES,EPMRR,Reformulated Regular Gasoline,PF4,Spot Price FOB,EER_EPMRR_PF4_Y05LA_DPG,Los Angeles Reformulated RBOB Regular Gasoline Spot Price (Dollars per Gallon),2.259,$/GAL
2010-10-01,RGC,NA,EPMRU,Conventional Regular Gasoline,PF4,Spot Price FOB,EER_EPMRU_PF4_RGC_DPG,U.S. Gulf Coast Conventional Gasoline Regular Spot Price FOB (Dollars per Gallon),2.071,$/GAL
2010-10-01,Y35NY,NEW YORK CITY,EPMRU,Conventional Regular Gasoline,PF4,Spot Price FOB,EER_EPMRU_PF4_Y35NY_DPG,New York Harbor Conventional Gasoline Regular Spot Price FOB (Dollars per Gallon),2.164,$/GAL
2010-10-01,ZEU,NA,EPCBRENT,UK Brent Crude Oil,PF4,Spot Price FOB,RBRTE,Europe Brent Spot Price FOB (Dollars per Barrel),82.67,$/BBL
2010-10-01,YCUOK,NA,EPCWTI,WTI Crude Oil,PF4,Spot Price FOB,RWTC,"Cushing, OK WTI Spot Price FOB (Dollars per Barrel)",81.89,$/BBL
2010-11-01,Y05LA,LOS ANGELES,EPD2DC,Carb Diesel,PF4,Spot Price FOB,EER_EPD2DC_PF4_Y05LA_DPG,"Los Angeles, CA Ultra-Low Sulfur CARB Diesel Spot Price (Dollars per Gallon)",2.385,$/GAL
2010-11-01,RGC,NA,EPD2DXL0,No 2 Diesel Low Sulfur (0-15 ppm),PF4,Spot Price FOB,EER_EPD2DXL0_PF4_RGC_DPG,U.S. Gulf Coast Ultra-Low Sulfur No 2 Diesel Spot Price (Dollars per Gallon),2.324,$/GAL
2010-11-01,Y35NY,NEW YORK CITY,EPD2DXL0,No 2 Diesel Low Sulfur (0-15 ppm),PF4,Spot Price FOB,EER_EPD2DXL0_PF4_Y35NY_DPG,New York Harbor Ultra-Low Sulfur No 2 Diesel Spot Price (Dollars per Gallon),2.377,$/GAL
2010-11-01,Y35NY,NEW YORK CITY,EPD2F,No 2 Fuel Oil / Heating Oil,PF4,Spot Price FOB,EER_EPD2F_PF4_Y35NY_DPG,New York Harbor No. 2 Heating Oil Spot Price FOB (Dollars per Gallon),2.32,$/GAL
2010-11-01,RGC,NA,EPJK,Kerosene-Type Jet Fuel,PF4,Spot Price FOB,EER_EPJK_PF4_RGC_DPG,U.S. Gulf Coast Kerosene-Type Jet Fuel Spot Price FOB (Dollars per Gallon),2.323,$/GAL
2010-11-01,Y44MB,NA,EPLLPA,Propane,PF4,Spot Price FOB,EER_EPLLPA_PF4_Y44MB_DPG,"Mont Belvieu, TX Propane Spot Price FOB (Dollars per Gallon)",1.254,$/GAL
2010-11-01,Y05LA,LOS ANGELES,EPMRR,Reformulated Regular Gasoline,PF4,Spot Price FOB,EER_EPMRR_PF4_Y05LA_DPG,Los Angeles Reformulated RBOB Regular Gasoline Spot Price (Dollars per Gallon),2.245,$/GAL
2010-11-01,RGC,NA,EPMRU,Conventional Regular Gasoline,PF4,Spot Price FOB,EER_EPMRU_PF4_RGC_DPG,U.S. Gulf Coast Conventional Gasoline Regular Spot Price FOB (Dollars per Gallon),2.115,$/GAL
2010-11-01,Y35NY,NEW YORK CITY,EPMRU,Conventional Regular Gasoline,PF4,Spot Price FOB,EER_EPMRU_PF4_Y35NY_DPG,New York Harbor Conventional Gasoline Regular Spot Price FOB (Dollars per Gallon),2.244,$/GAL
2010-11-01,ZEU,NA,EPCBRENT,UK Brent Crude Oil,PF4,Spot Price FOB,RBRTE,Europe Brent Spot Price FOB (Dollars per Barrel),85.28,$/BBL
2010-11-01,YCUOK,NA,EPCWTI,WTI Crude Oil,PF4,Spot Price FOB,RWTC,"Cushing, OK WTI Spot Price FOB (Dollars per Barrel)",84.25,$/BBL
2010-12-01,Y05LA,LOS ANGELES,EPD2DC,Carb Diesel,PF4,Spot Price FOB,EER_EPD2DC_PF4_Y05LA_DPG,"Los Angeles, CA Ultra-Low Sulfur CARB Diesel Spot Price (Dollars per Gallon)",2.503,$/GAL
2010-12-01,RGC,NA,EPD2DXL0,No 2 Diesel Low Sulfur (0-15 ppm),PF4,Spot Price FOB,EER_EPD2DXL0_PF4_RGC_DPG,U.S. Gulf Coast Ultra-Low Sulfur No 2 Diesel Spot Price (Dollars per Gallon),2.446,$/GAL
2010-12-01,Y35NY,NEW YORK CITY,EPD2DXL0,No 2 Diesel Low Sulfur (0-15 ppm),PF4,Spot Price FOB,EER_EPD2DXL0_PF4_Y35NY_DPG,New York Harbor Ultra-Low Sulfur No 2 Diesel Spot Price (Dollars per Gallon),2.5,$/GAL
2010-12-01,Y35NY,NEW YORK CITY,EPD2F,No 2 Fuel Oil / Heating Oil,PF4,Spot Price FOB,EER_EPD2F_PF4_Y35NY_DPG,New York Harbor No. 2 Heating Oil Spot Price FOB (Dollars per Gallon),2.468,$/GAL
2010-12-01,RGC,NA,EPJK,Kerosene-Type Jet Fuel,PF4,Spot Price FOB,EER_EPJK_PF4_RGC_DPG,U.S. Gulf Coast Kerosene-Type Jet Fuel Spot Price FOB (Dollars per Gallon),2.453,$/GAL
2010-12-01,Y44MB,NA,EPLLPA,Propane,PF4,Spot Price FOB,EER_EPLLPA_PF4_Y44MB_DPG,"Mont Belvieu, TX Propane Spot Price FOB (Dollars per Gallon)",1.296,$/GAL
2010-12-01,Y05LA,LOS ANGELES,EPMRR,Reformulated Regular Gasoline,PF4,Spot Price FOB,EER_EPMRR_PF4_Y05LA_DPG,Los Angeles Reformulated RBOB Regular Gasoline Spot Price (Dollars per Gallon),2.42,$/GAL
2010-12-01,RGC,NA,EPMRU,Conventional Regular Gasoline,PF4,Spot Price FOB,EER_EPMRU_PF4_RGC_DPG,U.S. Gulf Coast Conventional Gasoline Regular Spot Price FOB (Dollars per Gallon),2.31,$/GAL
2010-12-01,Y35NY,NEW YORK CITY,EPMRU,Conventional Regular Gasoline,PF4,Spot Price FOB,EER_EPMRU_PF4_Y35NY_DPG,New York Harbor Conventional Gasoline Regular Spot Price FOB (Dollars per Gallon),2.389,$/GAL
2010-12-01,ZEU,NA,EPCBRENT,UK Brent Crude Oil,PF4,Spot Price FOB,RBRTE,Europe Brent Spot Price FOB (Dollars per Barrel),91.45,$/BBL
2010-12-01,YCUOK,NA,EPCWTI,WTI Crude Oil,PF4,Spot Price FOB,RWTC,"Cushing, OK WTI Spot Price FOB (Dollars per Barrel)",89.15,$/BBL
2011-01-01,Y05LA,LOS ANGELES,EPD2DC,Carb Diesel,PF4,Spot Price FOB,EER_EPD2DC_PF4_Y05LA_DPG,"Los Angeles, CA Ultra-Low Sulfur CARB Diesel Spot Price (Dollars per Gallon)",2.615,$/GAL
2011-01-01,RGC,NA,EPD2DXL0,No 2 Diesel Low Sulfur (0-15 ppm),PF4,Spot Price FOB,EER_EPD2DXL0_PF4_RGC_DPG,U.S. Gulf Coast Ultra-Low Sulfur No 2 Diesel Spot Price (Dollars per Gallon),2.601,$/GAL
2011-01-01,Y35NY,NEW YORK CITY,EPD2DXL0,No 2 Diesel Low Sulfur (0-15 ppm),PF4,Spot Price FOB,EER_EPD2DXL0_PF4_Y35NY_DPG,New York Harbor Ultra-Low Sulfur No 2 Diesel Spot Price (Dollars per Gallon),2.642,$/GAL
2011-01-01,Y35NY,NEW YORK CITY,EPD2F,No 2 Fuel Oil / Heating Oil,PF4,Spot Price FOB,EER_EPD2F_PF4_Y35NY_DPG,New York Harbor No. 2 Heating Oil Spot Price FOB (Dollars per Gallon),2.604,$/GAL
2011-01-01,RGC,NA,EPJK,Kerosene-Type Jet Fuel,PF4,Spot Price FOB,EER_EPJK_PF4_RGC_DPG,U.S. Gulf Coast Kerosene-Type Jet Fuel Spot Price FOB (Dollars per Gallon),2.619,$/GAL
2011-01-01,Y44MB,NA,EPLLPA,Propane,PF4,Spot Price FOB,EER_EPLLPA_PF4_Y44MB_DPG,"Mont Belvieu, TX Propane Spot Price FOB (Dollars per Gallon)",1.348,$/GAL
2011-01-01,Y05LA,LOS ANGELES,EPMRR,Reformulated Regular Gasoline,PF4,Spot Price FOB,EER_EPMRR_PF4_Y05LA_DPG,Los Angeles Reformulated RBOB Regular Gasoline Spot Price (Dollars per Gallon),2.447,$/GAL
2011-01-01,RGC,NA,EPMRU,Conventional Regular Gasoline,PF4,Spot Price FOB,EER_EPMRU_PF4_RGC_DPG,U.S. Gulf Coast Conventional Gasoline Regular Spot Price FOB (Dollars per Gallon),2.39,$/GAL
2011-01-01,Y35NY,NEW YORK CITY,EPMRU,Conventional Regular Gasoline,PF4,Spot Price FOB,EER_EPMRU_PF4_Y35NY_DPG,New York Harbor Conventional Gasoline Regular Spot Price FOB (Dollars per Gallon),2.448,$/GAL
2011-01-01,ZEU,NA,EPCBRENT,UK Brent Crude Oil,PF4,Spot Price FOB,RBRTE,Europe Brent Spot Price FOB (Dollars per Barrel),96.52,$/BBL
2011-01-01,YCUOK,NA,EPCWTI,WTI Crude Oil,PF4,Spot Price FOB,RWTC,"Cushing, OK WTI Spot Price FOB (Dollars per Barrel)",89.17,$/BBL
2011-02-01,Y05LA,LOS ANGELES,EPD2DC,Carb Diesel,PF4,Spot Price FOB,EER_EPD2DC_PF4_Y05LA_DPG,"Los Angeles, CA Ultra-Low Sulfur CARB Diesel Spot Price (Dollars per Gallon)",2.853,$/GAL
2011-02-01,RGC,NA,EPD2DXL0,No 2 Diesel Low Sulfur (0-15 ppm),PF4,Spot Price FOB,EER_EPD2DXL0_PF4_RGC_DPG,U.S. Gulf Coast Ultra-Low Sulfur No 2 Diesel Spot Price (Dollars per Gallon),2.793,$/GAL
2011-02-01,Y35NY,NEW YORK CITY,EPD2DXL0,No 2 Diesel Low Sulfur (0-15 ppm),PF4,Spot Price FOB,EER_EPD2DXL0_PF4_Y35NY_DPG,New York Harbor Ultra-Low Sulfur No 2 Diesel Spot Price (Dollars per Gallon),2.84,$/GAL
2011-02-01,Y35NY,NEW YORK CITY,EPD2F,No 2 Fuel Oil / Heating Oil,PF4,Spot Price FOB,EER_EPD2F_PF4_Y35NY_DPG,New York Harbor No. 2 Heating Oil Spot Price FOB (Dollars per Gallon),2.77,$/GAL
2011-02-01,RGC,NA,EPJK,Kerosene-Type Jet Fuel,PF4,Spot Price FOB,EER_EPJK_PF4_RGC_DPG,U.S. Gulf Coast Kerosene-Type Jet Fuel Spot Price FOB (Dollars per Gallon),2.839,$/GAL
2011-02-01,Y44MB,NA,EPLLPA,Propane,PF4,Spot Price FOB,EER_EPLLPA_PF4_Y44MB_DPG,"Mont Belvieu, TX Propane Spot Price FOB (Dollars per Gallon)",1.379,$/GAL
2011-02-01,Y05LA,LOS ANGELES,EPMRR,Reformulated Regular Gasoline,PF4,Spot Price FOB,EER_EPMRR_PF4_Y05LA_DPG,Los Angeles Reformulated RBOB Regular Gasoline Spot Price (Dollars per Gallon),2.758,$/GAL
2011-02-01,RGC,NA,EPMRU,Conventional Regular Gasoline,PF4,Spot Price FOB,EER_EPMRU_PF4_RGC_DPG,U.S. Gulf Coast Conventional Gasoline Regular Spot Price FOB (Dollars per Gallon),2.511,$/GAL
2011-02-01,Y35NY,NEW YORK CITY,EPMRU,Conventional Regular Gasoline,PF4,Spot Price FOB,EER_EPMRU_PF4_Y35NY_DPG,New York Harbor Conventional Gasoline Regular Spot Price FOB (Dollars per Gallon),2.558,$/GAL
2011-02-01,ZEU,NA,EPCBRENT,UK Brent Crude Oil,PF4,Spot Price FOB,RBRTE,Europe Brent Spot Price FOB (Dollars per Barrel),103.72,$/BBL
2011-02-01,YCUOK,NA,EPCWTI,WTI Crude Oil,PF4,Spot Price FOB,RWTC,"Cushing, OK WTI Spot Price FOB (Dollars per Barrel)",88.58,$/BBL
2011-03-01,Y05LA,LOS ANGELES,EPD2DC,Carb Diesel,PF4,Spot Price FOB,EER_EPD2DC_PF4_Y05LA_DPG,"Los Angeles, CA Ultra-Low Sulfur CARB Diesel Spot Price (Dollars per Gallon)",3.233,$/GAL
2011-03-01,RGC,NA,EPD2DXL0,No 2 Diesel Low Sulfur (0-15 ppm),PF4,Spot Price FOB,EER_EPD2DXL0_PF4_RGC_DPG,U.S. Gulf Coast Ultra-Low Sulfur No 2 Diesel Spot Price (Dollars per Gallon),3.081,$/GAL
2011-03-01,Y35NY,NEW YORK CITY,EPD2DXL0,No 2 Diesel Low Sulfur (0-15 ppm),PF4,Spot Price FOB,EER_EPD2DXL0_PF4_Y35NY_DPG,New York Harbor Ultra-Low Sulfur No 2 Diesel Spot Price (Dollars per Gallon),3.131,$/GAL
2011-03-01,Y35NY,NEW YORK CITY,EPD2F,No 2 Fuel Oil / Heating Oil,PF4,Spot Price FOB,EER_EPD2F_PF4_Y35NY_DPG,New York Harbor No. 2 Heating Oil Spot Price FOB (Dollars per Gallon),3.034,$/GAL
2011-03-01,RGC,NA,EPJK,Kerosene-Type Jet Fuel,PF4,Spot Price FOB,EER_EPJK_PF4_RGC_DPG,U.S. Gulf Coast Kerosene-Type Jet Fuel Spot Price FOB (Dollars per Gallon),3.125,$/GAL
2011-03-01,Y44MB,NA,EPLLPA,Propane,PF4,Spot Price FOB,EER_EPLLPA_PF4_Y44MB_DPG,"Mont Belvieu, TX Propane Spot Price FOB (Dollars per Gallon)",1.397,$/GAL
2011-03-01,Y05LA,LOS ANGELES,EPMRR,Reformulated Regular Gasoline,PF4,Spot Price FOB,EER_EPMRR_PF4_Y05LA_DPG,Los Angeles Reformulated RBOB Regular Gasoline Spot Price (Dollars per Gallon),3.153,$/GAL
2011-03-01,RGC,NA,EPMRU,Conventional Regular Gasoline,PF4,Spot Price FOB,EER_EPMRU_PF4_RGC_DPG,U.S. Gulf Coast Conventional Gasoline Regular Spot Price FOB (Dollars per Gallon),2.859,$/GAL
2011-03-01,Y35NY,NEW YORK CITY,EPMRU,Conventional Regular Gasoline,PF4,Spot Price FOB,EER_EPMRU_PF4_Y35NY_DPG,New York Harbor Conventional Gasoline Regular Spot Price FOB (Dollars per Gallon),2.838,$/GAL
2011-03-01,ZEU,NA,EPCBRENT,UK Brent Crude Oil,PF4,Spot Price FOB,RBRTE,Europe Brent Spot Price FOB (Dollars per Barrel),114.64,$/BBL
2011-03-01,YCUOK,NA,EPCWTI,WTI Crude Oil,PF4,Spot Price FOB,RWTC,"Cushing, OK WTI Spot Price FOB (Dollars per Barrel)",102.86,$/BBL
2011-04-01,Y05LA,LOS ANGELES,EPD2DC,Carb Diesel,PF4,Spot Price FOB,EER_EPD2DC_PF4_Y05LA_DPG,"Los Angeles, CA Ultra-Low Sulfur CARB Diesel Spot Price (Dollars per Gallon)",3.387,$/GAL
2011-04-01,RGC,NA,EPD2DXL0,No 2 Diesel Low Sulfur (0-15 ppm),PF4,Spot Price FOB,EER_EPD2DXL0_PF4_RGC_DPG,U.S. Gulf Coast Ultra-Low Sulfur No 2 Diesel Spot Price (Dollars per Gallon),3.231,$/GAL
2011-04-01,Y35NY,NEW YORK CITY,EPD2DXL0,No 2 Diesel Low Sulfur (0-15 ppm),PF4,Spot Price FOB,EER_EPD2DXL0_PF4_Y35NY_DPG,New York Harbor Ultra-Low Sulfur No 2 Diesel Spot Price (Dollars per Gallon),3.271,$/GAL
2011-04-01,Y35NY,NEW YORK CITY,EPD2F,No 2 Fuel Oil / Heating Oil,PF4,Spot Price FOB,EER_EPD2F_PF4_Y35NY_DPG,New York Harbor No. 2 Heating Oil Spot Price FOB (Dollars per Gallon),3.196,$/GAL
2011-04-01,RGC,NA,EPJK,Kerosene-Type Jet Fuel,PF4,Spot Price FOB,EER_EPJK_PF4_RGC_DPG,U.S. Gulf Coast Kerosene-Type Jet Fuel Spot Price FOB (Dollars per Gallon),3.267,$/GAL
2011-04-01,Y44MB,NA,EPLLPA,Propane,PF4,Spot Price FOB,EER_EPLLPA_PF4_Y44MB_DPG,"Mont Belvieu, TX Propane Spot Price FOB (Dollars per Gallon)",1.454,$/GAL
2011-04-01,Y05LA,LOS ANGELES,EPMRR,Reformulated Regular Gasoline,PF4,Spot Price FOB,EER_EPMRR_PF4_Y05LA_DPG,Los Angeles Reformulated RBOB Regular Gasoline Spot Price (Dollars per Gallon),3.373,$/GAL
2011-04-01,RGC,NA,EPMRU,Conventional Regular Gasoline,PF4,Spot Price FOB,EER_EPMRU_PF4_RGC_DPG,U.S. Gulf Coast Conventional Gasoline Regular Spot Price FOB (Dollars per Gallon),3.136,$/GAL
2011-04-01,Y35NY,NEW YORK CITY,EPMRU,Conventional Regular Gasoline,PF4,Spot Price FOB,EER_EPMRU_PF4_Y35NY_DPG,New York Harbor Conventional Gasoline Regular Spot Price FOB (Dollars per Gallon),3.178,$/GAL
2011-04-01,ZEU,NA,EPCBRENT,UK Brent Crude Oil,PF4,Spot Price FOB,RBRTE,Europe Brent Spot Price FOB (Dollars per Barrel),123.26,$/BBL
2011-04-01,YCUOK,NA,EPCWTI,WTI Crude Oil,PF4,Spot Price FOB,RWTC,"Cushing, OK WTI Spot Price FOB (Dollars per Barrel)",109.53,$/BBL
2011-05-01,Y05LA,LOS ANGELES,EPD2DC,Carb Diesel,PF4,Spot Price FOB,EER_EPD2DC_PF4_Y05LA_DPG,"Los Angeles, CA Ultra-Low Sulfur CARB Diesel Spot Price (Dollars per Gallon)",3.134,$/GAL
2011-05-01,RGC,NA,EPD2DXL0,No 2 Diesel Low Sulfur (0-15 ppm),PF4,Spot Price FOB,EER_EPD2DXL0_PF4_RGC_DPG,U.S. Gulf Coast Ultra-Low Sulfur No 2 Diesel Spot Price (Dollars per Gallon),3.001,$/GAL
2011-05-01,Y35NY,NEW YORK CITY,EPD2DXL0,No 2 Diesel Low Sulfur (0-15 ppm),PF4,Spot Price FOB,EER_EPD2DXL0_PF4_Y35NY_DPG,New York Harbor Ultra-Low Sulfur No 2 Diesel Spot Price (Dollars per Gallon),3.035,$/GAL
2011-05-01,Y35NY,NEW YORK CITY,EPD2F,No 2 Fuel Oil / Heating Oil,PF4,Spot Price FOB,EER_EPD2F_PF4_Y35NY_DPG,New York Harbor No. 2 Heating Oil Spot Price FOB (Dollars per Gallon),2.952,$/GAL
2011-05-01,RGC,NA,EPJK,Kerosene-Type Jet Fuel,PF4,Spot Price FOB,EER_EPJK_PF4_RGC_DPG,U.S. Gulf Coast Kerosene-Type Jet Fuel Spot Price FOB (Dollars per Gallon),3.085,$/GAL
2011-05-01,Y44MB,NA,EPLLPA,Propane,PF4,Spot Price FOB,EER_EPLLPA_PF4_Y44MB_DPG,"Mont Belvieu, TX Propane Spot Price FOB (Dollars per Gallon)",1.521,$/GAL
2011-05-01,Y05LA,LOS ANGELES,EPMRR,Reformulated Regular Gasoline,PF4,Spot Price FOB,EER_EPMRR_PF4_Y05LA_DPG,Los Angeles Reformulated RBOB Regular Gasoline Spot Price (Dollars per Gallon),3.055,$/GAL
2011-05-01,RGC,NA,EPMRU,Conventional Regular Gasoline,PF4,Spot Price FOB,EER_EPMRU_PF4_RGC_DPG,U.S. Gulf Coast Conventional Gasoline Regular Spot Price FOB (Dollars per Gallon),3.024,$/GAL
2011-05-01,Y35NY,NEW YORK CITY,EPMRU,Conventional Regular Gasoline,PF4,Spot Price FOB,EER_EPMRU_PF4_Y35NY_DPG,New York Harbor Conventional Gasoline Regular Spot Price FOB (Dollars per Gallon),3.024,$/GAL
2011-05-01,ZEU,NA,EPCBRENT,UK Brent Crude Oil,PF4,Spot Price FOB,RBRTE,Europe Brent Spot Price FOB (Dollars per Barrel),114.99,$/BBL
2011-05-01,YCUOK,NA,EPCWTI,WTI Crude Oil,PF4,Spot Price FOB,RWTC,"Cushing, OK WTI Spot Price FOB (Dollars per Barrel)",100.9,$/BBL
2011-06-01,Y05LA,LOS ANGELES,EPD2DC,Carb Diesel,PF4,Spot Price FOB,EER_EPD2DC_PF4_Y05LA_DPG,"Los Angeles, CA Ultra-Low Sulfur CARB Diesel Spot Price (Dollars per Gallon)",3.074,$/GAL
2011-06-01,RGC,NA,EPD2DXL0,No 2 Diesel Low Sulfur (0-15 ppm),PF4,Spot Price FOB,EER_EPD2DXL0_PF4_RGC_DPG,U.S. Gulf Coast Ultra-Low Sulfur No 2 Diesel Spot Price (Dollars per Gallon),3.015,$/GAL
2011-06-01,Y35NY,NEW YORK CITY,EPD2DXL0,No 2 Diesel Low Sulfur (0-15 ppm),PF4,Spot Price FOB,EER_EPD2DXL0_PF4_Y35NY_DPG,New York Harbor Ultra-Low Sulfur No 2 Diesel Spot Price (Dollars per Gallon),3.054,$/GAL
2011-06-01,Y35NY,NEW YORK CITY,EPD2F,No 2 Fuel Oil / Heating Oil,PF4,Spot Price FOB,EER_EPD2F_PF4_Y35NY_DPG,New York Harbor No. 2 Heating Oil Spot Price FOB (Dollars per Gallon),2.967,$/GAL
2011-06-01,RGC,NA,EPJK,Kerosene-Type Jet Fuel,PF4,Spot Price FOB,EER_EPJK_PF4_RGC_DPG,U.S. Gulf Coast Kerosene-Type Jet Fuel Spot Price FOB (Dollars per Gallon),3.046,$/GAL
2011-06-01,Y44MB,NA,EPLLPA,Propane,PF4,Spot Price FOB,EER_EPLLPA_PF4_Y44MB_DPG,"Mont Belvieu, TX Propane Spot Price FOB (Dollars per Gallon)",1.52,$/GAL
2011-06-01,Y05LA,LOS ANGELES,EPMRR,Reformulated Regular Gasoline,PF4,Spot Price FOB,EER_EPMRR_PF4_Y05LA_DPG,Los Angeles Reformulated RBOB Regular Gasoline Spot Price (Dollars per Gallon),2.861,$/GAL
2011-06-01,RGC,NA,EPMRU,Conventional Regular Gasoline,PF4,Spot Price FOB,EER_EPMRU_PF4_RGC_DPG,U.S. Gulf Coast Conventional Gasoline Regular Spot Price FOB (Dollars per Gallon),2.789,$/GAL
2011-06-01,Y35NY,NEW YORK CITY,EPMRU,Conventional Regular Gasoline,PF4,Spot Price FOB,EER_EPMRU_PF4_Y35NY_DPG,New York Harbor Conventional Gasoline Regular Spot Price FOB (Dollars per Gallon),2.835,$/GAL
2011-06-01,ZEU,NA,EPCBRENT,UK Brent Crude Oil,PF4,Spot Price FOB,RBRTE,Europe Brent Spot Price FOB (Dollars per Barrel),113.83,$/BBL
2011-06-01,YCUOK,NA,EPCWTI,WTI Crude Oil,PF4,Spot Price FOB,RWTC,"Cushing, OK WTI Spot Price FOB (Dollars per Barrel)",96.26,$/BBL
2011-07-01,Y05LA,LOS ANGELES,EPD2DC,Carb Diesel,PF4,Spot Price FOB,EER_EPD2DC_PF4_Y05LA_DPG,"Los Angeles, CA Ultra-Low Sulfur CARB Diesel Spot Price (Dollars per Gallon)",3.116,$/GAL
2011-07-01,RGC,NA,EPD2DXL0,No 2 Diesel Low Sulfur (0-15 ppm),PF4,Spot Price FOB,EER_EPD2DXL0_PF4_RGC_DPG,U.S. Gulf Coast Ultra-Low Sulfur No 2 Diesel Spot Price (Dollars per Gallon),3.117,$/GAL
2011-07-01,Y35NY,NEW YORK CITY,EPD2DXL0,No 2 Diesel Low Sulfur (0-15 ppm),PF4,Spot Price FOB,EER_EPD2DXL0_PF4_Y35NY_DPG,New York Harbor Ultra-Low Sulfur No 2 Diesel Spot Price (Dollars per Gallon),3.17,$/GAL
2011-07-01,Y35NY,NEW YORK CITY,EPD2F,No 2 Fuel Oil / Heating Oil,PF4,Spot Price FOB,EER_EPD2F_PF4_Y35NY_DPG,New York Harbor No. 2 Heating Oil Spot Price FOB (Dollars per Gallon),3.068,$/GAL
2011-07-01,RGC,NA,EPJK,Kerosene-Type Jet Fuel,PF4,Spot Price FOB,EER_EPJK_PF4_RGC_DPG,U.S. Gulf Coast Kerosene-Type Jet Fuel Spot Price FOB (Dollars per Gallon),3.131,$/GAL
2011-07-01,Y44MB,NA,EPLLPA,Propane,PF4,Spot Price FOB,EER_EPLLPA_PF4_Y44MB_DPG,"Mont Belvieu, TX Propane Spot Price FOB (Dollars per Gallon)",1.528,$/GAL
2011-07-01,Y05LA,LOS ANGELES,EPMRR,Reformulated Regular Gasoline,PF4,Spot Price FOB,EER_EPMRR_PF4_Y05LA_DPG,Los Angeles Reformulated RBOB Regular Gasoline Spot Price (Dollars per Gallon),2.948,$/GAL
2011-07-01,RGC,NA,EPMRU,Conventional Regular Gasoline,PF4,Spot Price FOB,EER_EPMRU_PF4_RGC_DPG,U.S. Gulf Coast Conventional Gasoline Regular Spot Price FOB (Dollars per Gallon),2.975,$/GAL
2011-07-01,Y35NY,NEW YORK CITY,EPMRU,Conventional Regular Gasoline,PF4,Spot Price FOB,EER_EPMRU_PF4_Y35NY_DPG,New York Harbor Conventional Gasoline Regular Spot Price FOB (Dollars per Gallon),3.021,$/GAL
2011-07-01,ZEU,NA,EPCBRENT,UK Brent Crude Oil,PF4,Spot Price FOB,RBRTE,Europe Brent Spot Price FOB (Dollars per Barrel),116.97,$/BBL
2011-07-01,YCUOK,NA,EPCWTI,WTI Crude Oil,PF4,Spot Price FOB,RWTC,"Cushing, OK WTI Spot Price FOB (Dollars per Barrel)",97.3,$/BBL
2011-08-01,Y05LA,LOS ANGELES,EPD2DC,Carb Diesel,PF4,Spot Price FOB,EER_EPD2DC_PF4_Y05LA_DPG,"Los Angeles, CA Ultra-Low Sulfur CARB Diesel Spot Price (Dollars per Gallon)",2.971,$/GAL
2011-08-01,RGC,NA,EPD2DXL0,No 2 Diesel Low Sulfur (0-15 ppm),PF4,Spot Price FOB,EER_EPD2DXL0_PF4_RGC_DPG,U.S. Gulf Coast Ultra-Low Sulfur No 2 Diesel Spot Price (Dollars per Gallon),2.974,$/GAL
2011-08-01,Y35NY,NEW YORK CITY,EPD2DXL0,No 2 Diesel Low Sulfur (0-15 ppm),PF4,Spot Price FOB,EER_EPD2DXL0_PF4_Y35NY_DPG,New York Harbor Ultra-Low Sulfur No 2 Diesel Spot Price (Dollars per Gallon),3.01,$/GAL
2011-08-01,Y35NY,NEW YORK CITY,EPD2F,No 2 Fuel Oil / Heating Oil,PF4,Spot Price FOB,EER_EPD2F_PF4_Y35NY_DPG,New York Harbor No. 2 Heating Oil Spot Price FOB (Dollars per Gallon),2.946,$/GAL
2011-08-01,RGC,NA,EPJK,Kerosene-Type Jet Fuel,PF4,Spot Price FOB,EER_EPJK_PF4_RGC_DPG,U.S. Gulf Coast Kerosene-Type Jet Fuel Spot Price FOB (Dollars per Gallon),3.008,$/GAL
2011-08-01,Y44MB,NA,EPLLPA,Propane,PF4,Spot Price FOB,EER_EPLLPA_PF4_Y44MB_DPG,"Mont Belvieu, TX Propane Spot Price FOB (Dollars per Gallon)",1.528,$/GAL
2011-08-01,Y05LA,LOS ANGELES,EPMRR,Reformulated Regular Gasoline,PF4,Spot Price FOB,EER_EPMRR_PF4_Y05LA_DPG,Los Angeles Reformulated RBOB Regular Gasoline Spot Price (Dollars per Gallon),2.839,$/GAL
2011-08-01,RGC,NA,EPMRU,Conventional Regular Gasoline,PF4,Spot Price FOB,EER_EPMRU_PF4_RGC_DPG,U.S. Gulf Coast Conventional Gasoline Regular Spot Price FOB (Dollars per Gallon),2.801,$/GAL
2011-08-01,Y35NY,NEW YORK CITY,EPMRU,Conventional Regular Gasoline,PF4,Spot Price FOB,EER_EPMRU_PF4_Y35NY_DPG,New York Harbor Conventional Gasoline Regular Spot Price FOB (Dollars per Gallon),2.835,$/GAL
2011-08-01,ZEU,NA,EPCBRENT,UK Brent Crude Oil,PF4,Spot Price FOB,RBRTE,Europe Brent Spot Price FOB (Dollars per Barrel),110.22,$/BBL
2011-08-01,YCUOK,NA,EPCWTI,WTI Crude Oil,PF4,Spot Price FOB,RWTC,"Cushing, OK WTI Spot Price FOB (Dollars per Barrel)",86.33,$/BBL
2011-09-01,Y05LA,LOS ANGELES,EPD2DC,Carb Diesel,PF4,Spot Price FOB,EER_EPD2DC_PF4_Y05LA_DPG,"Los Angeles, CA Ultra-Low Sulfur CARB Diesel Spot Price (Dollars per Gallon)",3.011,$/GAL
2011-09-01,RGC,NA,EPD2DXL0,No 2 Diesel Low Sulfur (0-15 ppm),PF4,Spot Price FOB,EER_EPD2DXL0_PF4_RGC_DPG,U.S. Gulf Coast Ultra-Low Sulfur No 2 Diesel Spot Price (Dollars per Gallon),2.937,$/GAL
2011-09-01,Y35NY,NEW YORK CITY,EPD2DXL0,No 2 Diesel Low Sulfur (0-15 ppm),PF4,Spot Price FOB,EER_EPD2DXL0_PF4_Y35NY_DPG,New York Harbor Ultra-Low Sulfur No 2 Diesel Spot Price (Dollars per Gallon),2.98,$/GAL
2011-09-01,Y35NY,NEW YORK CITY,EPD2F,No 2 Fuel Oil / Heating Oil,PF4,Spot Price FOB,EER_EPD2F_PF4_Y35NY_DPG,New York Harbor No. 2 Heating Oil Spot Price FOB (Dollars per Gallon),2.921,$/GAL
2011-09-01,RGC,NA,EPJK,Kerosene-Type Jet Fuel,PF4,Spot Price FOB,EER_EPJK_PF4_RGC_DPG,U.S. Gulf Coast Kerosene-Type Jet Fuel Spot Price FOB (Dollars per Gallon),2.948,$/GAL
2011-09-01,Y44MB,NA,EPLLPA,Propane,PF4,Spot Price FOB,EER_EPLLPA_PF4_Y44MB_DPG,"Mont Belvieu, TX Propane Spot Price FOB (Dollars per Gallon)",1.56,$/GAL
2011-09-01,Y05LA,LOS ANGELES,EPMRR,Reformulated Regular Gasoline,PF4,Spot Price FOB,EER_EPMRR_PF4_Y05LA_DPG,Los Angeles Reformulated RBOB Regular Gasoline Spot Price (Dollars per Gallon),2.917,$/GAL
2011-09-01,RGC,NA,EPMRU,Conventional Regular Gasoline,PF4,Spot Price FOB,EER_EPMRU_PF4_RGC_DPG,U.S. Gulf Coast Conventional Gasoline Regular Spot Price FOB (Dollars per Gallon),2.692,$/GAL
2011-09-01,Y35NY,NEW YORK CITY,EPMRU,Conventional Regular Gasoline,PF4,Spot Price FOB,EER_EPMRU_PF4_Y35NY_DPG,New York Harbor Conventional Gasoline Regular Spot Price FOB (Dollars per Gallon),2.768,$/GAL
2011-09-01,ZEU,NA,EPCBRENT,UK Brent Crude Oil,PF4,Spot Price FOB,RBRTE,Europe Brent Spot Price FOB (Dollars per Barrel),112.83,$/BBL
2011-09-01,YCUOK,NA,EPCWTI,WTI Crude Oil,PF4,Spot Price FOB,RWTC,"Cushing, OK WTI Spot Price FOB (Dollars per Barrel)",85.52,$/BBL
2011-10-01,Y05LA,LOS ANGELES,EPD2DC,Carb Diesel,PF4,Spot Price FOB,EER_EPD2DC_PF4_Y05LA_DPG,"Los Angeles, CA Ultra-Low Sulfur CARB Diesel Spot Price (Dollars per Gallon)",3.089,$/GAL
2011-10-01,RGC,NA,EPD2DXL0,No 2 Diesel Low Sulfur (0-15 ppm),PF4,Spot Price FOB,EER_EPD2DXL0_PF4_RGC_DPG,U.S. Gulf Coast Ultra-Low Sulfur No 2 Diesel Spot Price (Dollars per Gallon),2.96,$/GAL
2011-10-01,Y35NY,NEW YORK CITY,EPD2DXL0,No 2 Diesel Low Sulfur (0-15 ppm),PF4,Spot Price FOB,EER_EPD2DXL0_PF4_Y35NY_DPG,New York Harbor Ultra-Low Sulfur No 2 Diesel Spot Price (Dollars per Gallon),3.008,$/GAL
2011-10-01,Y35NY,NEW YORK CITY,EPD2F,No 2 Fuel Oil / Heating Oil,PF4,Spot Price FOB,EER_EPD2F_PF4_Y35NY_DPG,New York Harbor No. 2 Heating Oil Spot Price FOB (Dollars per Gallon),2.953,$/GAL
2011-10-01,RGC,NA,EPJK,Kerosene-Type Jet Fuel,PF4,Spot Price FOB,EER_EPJK_PF4_RGC_DPG,U.S. Gulf Coast Kerosene-Type Jet Fuel Spot Price FOB (Dollars per Gallon),2.966,$/GAL
2011-10-01,Y44MB,NA,EPLLPA,Propane,PF4,Spot Price FOB,EER_EPLLPA_PF4_Y44MB_DPG,"Mont Belvieu, TX Propane Spot Price FOB (Dollars per Gallon)",1.472,$/GAL
2011-10-01,Y05LA,LOS ANGELES,EPMRR,Reformulated Regular Gasoline,PF4,Spot Price FOB,EER_EPMRR_PF4_Y05LA_DPG,Los Angeles Reformulated RBOB Regular Gasoline Spot Price (Dollars per Gallon),2.949,$/GAL
2011-10-01,RGC,NA,EPMRU,Conventional Regular Gasoline,PF4,Spot Price FOB,EER_EPMRU_PF4_RGC_DPG,U.S. Gulf Coast Conventional Gasoline Regular Spot Price FOB (Dollars per Gallon),2.689,$/GAL
2011-10-01,Y35NY,NEW YORK CITY,EPMRU,Conventional Regular Gasoline,PF4,Spot Price FOB,EER_EPMRU_PF4_Y35NY_DPG,New York Harbor Conventional Gasoline Regular Spot Price FOB (Dollars per Gallon),2.772,$/GAL
2011-10-01,ZEU,NA,EPCBRENT,UK Brent Crude Oil,PF4,Spot Price FOB,RBRTE,Europe Brent Spot Price FOB (Dollars per Barrel),109.55,$/BBL
2011-10-01,YCUOK,NA,EPCWTI,WTI Crude Oil,PF4,Spot Price FOB,RWTC,"Cushing, OK WTI Spot Price FOB (Dollars per Barrel)",86.32,$/BBL
2011-11-01,Y05LA,LOS ANGELES,EPD2DC,Carb Diesel,PF4,Spot Price FOB,EER_EPD2DC_PF4_Y05LA_DPG,"Los Angeles, CA Ultra-Low Sulfur CARB Diesel Spot Price (Dollars per Gallon)",3.192,$/GAL
2011-11-01,RGC,NA,EPD2DXL0,No 2 Diesel Low Sulfur (0-15 ppm),PF4,Spot Price FOB,EER_EPD2DXL0_PF4_RGC_DPG,U.S. Gulf Coast Ultra-Low Sulfur No 2 Diesel Spot Price (Dollars per Gallon),3.046,$/GAL
2011-11-01,Y35NY,NEW YORK CITY,EPD2DXL0,No 2 Diesel Low Sulfur (0-15 ppm),PF4,Spot Price FOB,EER_EPD2DXL0_PF4_Y35NY_DPG,New York Harbor Ultra-Low Sulfur No 2 Diesel Spot Price (Dollars per Gallon),3.095,$/GAL
2011-11-01,Y35NY,NEW YORK CITY,EPD2F,No 2 Fuel Oil / Heating Oil,PF4,Spot Price FOB,EER_EPD2F_PF4_Y35NY_DPG,New York Harbor No. 2 Heating Oil Spot Price FOB (Dollars per Gallon),3.054,$/GAL
2011-11-01,RGC,NA,EPJK,Kerosene-Type Jet Fuel,PF4,Spot Price FOB,EER_EPJK_PF4_RGC_DPG,U.S. Gulf Coast Kerosene-Type Jet Fuel Spot Price FOB (Dollars per Gallon),3.046,$/GAL
2011-11-01,Y44MB,NA,EPLLPA,Propane,PF4,Spot Price FOB,EER_EPLLPA_PF4_Y44MB_DPG,"Mont Belvieu, TX Propane Spot Price FOB (Dollars per Gallon)",1.458,$/GAL
2011-11-01,Y05LA,LOS ANGELES,EPMRR,Reformulated Regular Gasoline,PF4,Spot Price FOB,EER_EPMRR_PF4_Y05LA_DPG,Los Angeles Reformulated RBOB Regular Gasoline Spot Price (Dollars per Gallon),2.737,$/GAL
2011-11-01,RGC,NA,EPMRU,Conventional Regular Gasoline,PF4,Spot Price FOB,EER_EPMRU_PF4_RGC_DPG,U.S. Gulf Coast Conventional Gasoline Regular Spot Price FOB (Dollars per Gallon),2.539,$/GAL
2011-11-01,Y35NY,NEW YORK CITY,EPMRU,Conventional Regular Gasoline,PF4,Spot Price FOB,EER_EPMRU_PF4_Y35NY_DPG,New York Harbor Conventional Gasoline Regular Spot Price FOB (Dollars per Gallon),2.629,$/GAL
2011-11-01,ZEU,NA,EPCBRENT,UK Brent Crude Oil,PF4,Spot Price FOB,RBRTE,Europe Brent Spot Price FOB (Dollars per Barrel),110.77,$/BBL
2011-11-01,YCUOK,NA,EPCWTI,WTI Crude Oil,PF4,Spot Price FOB,RWTC,"Cushing, OK WTI Spot Price FOB (Dollars per Barrel)",97.16,$/BBL
2011-12-01,Y05LA,LOS ANGELES,EPD2DC,Carb Diesel,PF4,Spot Price FOB,EER_EPD2DC_PF4_Y05LA_DPG,"Los Angeles, CA Ultra-Low Sulfur CARB Diesel Spot Price (Dollars per Gallon)",2.91,$/GAL
2011-12-01,RGC,NA,EPD2DXL0,No 2 Diesel Low Sulfur (0-15 ppm),PF4,Spot Price FOB,EER_EPD2DXL0_PF4_RGC_DPG,U.S. Gulf Coast Ultra-Low Sulfur No 2 Diesel Spot Price (Dollars per Gallon),2.878,$/GAL
2011-12-01,Y35NY,NEW YORK CITY,EPD2DXL0,No 2 Diesel Low Sulfur (0-15 ppm),PF4,Spot Price FOB,EER_EPD2DXL0_PF4_Y35NY_DPG,New York Harbor Ultra-Low Sulfur No 2 Diesel Spot Price (Dollars per Gallon),2.937,$/GAL
2011-12-01,Y35NY,NEW YORK CITY,EPD2F,No 2 Fuel Oil / Heating Oil,PF4,Spot Price FOB,EER_EPD2F_PF4_Y35NY_DPG,New York Harbor No. 2 Heating Oil Spot Price FOB (Dollars per Gallon),2.891,$/GAL
2011-12-01,RGC,NA,EPJK,Kerosene-Type Jet Fuel,PF4,Spot Price FOB,EER_EPJK_PF4_RGC_DPG,U.S. Gulf Coast Kerosene-Type Jet Fuel Spot Price FOB (Dollars per Gallon),2.873,$/GAL
2011-12-01,Y44MB,NA,EPLLPA,Propane,PF4,Spot Price FOB,EER_EPLLPA_PF4_Y44MB_DPG,"Mont Belvieu, TX Propane Spot Price FOB (Dollars per Gallon)",1.395,$/GAL
2011-12-01,Y05LA,LOS ANGELES,EPMRR,Reformulated Regular Gasoline,PF4,Spot Price FOB,EER_EPMRR_PF4_Y05LA_DPG,Los Angeles Reformulated RBOB Regular Gasoline Spot Price (Dollars per Gallon),2.702,$/GAL
2011-12-01,RGC,NA,EPMRU,Conventional Regular Gasoline,PF4,Spot Price FOB,EER_EPMRU_PF4_RGC_DPG,U.S. Gulf Coast Conventional Gasoline Regular Spot Price FOB (Dollars per Gallon),2.544,$/GAL
2011-12-01,Y35NY,NEW YORK CITY,EPMRU,Conventional Regular Gasoline,PF4,Spot Price FOB,EER_EPMRU_PF4_Y35NY_DPG,New York Harbor Conventional Gasoline Regular Spot Price FOB (Dollars per Gallon),2.634,$/GAL
2011-12-01,ZEU,NA,EPCBRENT,UK Brent Crude Oil,PF4,Spot Price FOB,RBRTE,Europe Brent Spot Price FOB (Dollars per Barrel),107.87,$/BBL
2011-12-01,YCUOK,NA,EPCWTI,WTI Crude Oil,PF4,Spot Price FOB,RWTC,"Cushing, OK WTI Spot Price FOB (Dollars per Barrel)",98.56,$/BBL
2012-01-01,Y05LA,LOS ANGELES,EPD2DC,Carb Diesel,PF4,Spot Price FOB,EER_EPD2DC_PF4_Y05LA_DPG,"Los Angeles, CA Ultra-Low Sulfur CARB Diesel Spot Price (Dollars per Gallon)",3.088,$/GAL
2012-01-01,RGC,NA,EPD2DXL0,No 2 Diesel Low Sulfur (0-15 ppm),PF4,Spot Price FOB,EER_EPD2DXL0_PF4_RGC_DPG,U.S. Gulf Coast Ultra-Low Sulfur No 2 Diesel Spot Price (Dollars per Gallon),3.034,$/GAL
2012-01-01,Y35NY,NEW YORK CITY,EPD2DXL0,No 2 Diesel Low Sulfur (0-15 ppm),PF4,Spot Price FOB,EER_EPD2DXL0_PF4_Y35NY_DPG,New York Harbor Ultra-Low Sulfur No 2 Diesel Spot Price (Dollars per Gallon),3.08,$/GAL
2012-01-01,Y35NY,NEW YORK CITY,EPD2F,No 2 Fuel Oil / Heating Oil,PF4,Spot Price FOB,EER_EPD2F_PF4_Y35NY_DPG,New York Harbor No. 2 Heating Oil Spot Price FOB (Dollars per Gallon),3.054,$/GAL
2012-01-01,RGC,NA,EPJK,Kerosene-Type Jet Fuel,PF4,Spot Price FOB,EER_EPJK_PF4_RGC_DPG,U.S. Gulf Coast Kerosene-Type Jet Fuel Spot Price FOB (Dollars per Gallon),3.087,$/GAL
2012-01-01,Y44MB,NA,EPLLPA,Propane,PF4,Spot Price FOB,EER_EPLLPA_PF4_Y44MB_DPG,"Mont Belvieu, TX Propane Spot Price FOB (Dollars per Gallon)",1.294,$/GAL
2012-01-01,Y05LA,LOS ANGELES,EPMRR,Reformulated Regular Gasoline,PF4,Spot Price FOB,EER_EPMRR_PF4_Y05LA_DPG,Los Angeles Reformulated RBOB Regular Gasoline Spot Price (Dollars per Gallon),2.92,$/GAL
2012-01-01,RGC,NA,EPMRU,Conventional Regular Gasoline,PF4,Spot Price FOB,EER_EPMRU_PF4_RGC_DPG,U.S. Gulf Coast Conventional Gasoline Regular Spot Price FOB (Dollars per Gallon),2.777,$/GAL
2012-01-01,Y35NY,NEW YORK CITY,EPMRU,Conventional Regular Gasoline,PF4,Spot Price FOB,EER_EPMRU_PF4_Y35NY_DPG,New York Harbor Conventional Gasoline Regular Spot Price FOB (Dollars per Gallon),2.822,$/GAL
2012-01-01,ZEU,NA,EPCBRENT,UK Brent Crude Oil,PF4,Spot Price FOB,RBRTE,Europe Brent Spot Price FOB (Dollars per Barrel),110.69,$/BBL
2012-01-01,YCUOK,NA,EPCWTI,WTI Crude Oil,PF4,Spot Price FOB,RWTC,"Cushing, OK WTI Spot Price FOB (Dollars per Barrel)",100.27,$/BBL
2012-02-01,Y05LA,LOS ANGELES,EPD2DC,Carb Diesel,PF4,Spot Price FOB,EER_EPD2DC_PF4_Y05LA_DPG,"Los Angeles, CA Ultra-Low Sulfur CARB Diesel Spot Price (Dollars per Gallon)",3.242,$/GAL
2012-02-01,RGC,NA,EPD2DXL0,No 2 Diesel Low Sulfur (0-15 ppm),PF4,Spot Price FOB,EER_EPD2DXL0_PF4_RGC_DPG,U.S. Gulf Coast Ultra-Low Sulfur No 2 Diesel Spot Price (Dollars per Gallon),3.178,$/GAL
2012-02-01,Y35NY,NEW YORK CITY,EPD2DXL0,No 2 Diesel Low Sulfur (0-15 ppm),PF4,Spot Price FOB,EER_EPD2DXL0_PF4_Y35NY_DPG,New York Harbor Ultra-Low Sulfur No 2 Diesel Spot Price (Dollars per Gallon),3.223,$/GAL
2012-02-01,Y35NY,NEW YORK CITY,EPD2F,No 2 Fuel Oil / Heating Oil,PF4,Spot Price FOB,EER_EPD2F_PF4_Y35NY_DPG,New York Harbor No. 2 Heating Oil Spot Price FOB (Dollars per Gallon),3.196,$/GAL
2012-02-01,RGC,NA,EPJK,Kerosene-Type Jet Fuel,PF4,Spot Price FOB,EER_EPJK_PF4_RGC_DPG,U.S. Gulf Coast Kerosene-Type Jet Fuel Spot Price FOB (Dollars per Gallon),3.207,$/GAL
2012-02-01,Y44MB,NA,EPLLPA,Propane,PF4,Spot Price FOB,EER_EPLLPA_PF4_Y44MB_DPG,"Mont Belvieu, TX Propane Spot Price FOB (Dollars per Gallon)",1.22,$/GAL
2012-02-01,Y05LA,LOS ANGELES,EPMRR,Reformulated Regular Gasoline,PF4,Spot Price FOB,EER_EPMRR_PF4_Y05LA_DPG,Los Angeles Reformulated RBOB Regular Gasoline Spot Price (Dollars per Gallon),3.302,$/GAL
2012-02-01,RGC,NA,EPMRU,Conventional Regular Gasoline,PF4,Spot Price FOB,EER_EPMRU_PF4_RGC_DPG,U.S. Gulf Coast Conventional Gasoline Regular Spot Price FOB (Dollars per Gallon),2.999,$/GAL
2012-02-01,Y35NY,NEW YORK CITY,EPMRU,Conventional Regular Gasoline,PF4,Spot Price FOB,EER_EPMRU_PF4_Y35NY_DPG,New York Harbor Conventional Gasoline Regular Spot Price FOB (Dollars per Gallon),3.044,$/GAL
2012-02-01,ZEU,NA,EPCBRENT,UK Brent Crude Oil,PF4,Spot Price FOB,RBRTE,Europe Brent Spot Price FOB (Dollars per Barrel),119.33,$/BBL
2012-02-01,YCUOK,NA,EPCWTI,WTI Crude Oil,PF4,Spot Price FOB,RWTC,"Cushing, OK WTI Spot Price FOB (Dollars per Barrel)",102.2,$/BBL
2012-03-01,Y05LA,LOS ANGELES,EPD2DC,Carb Diesel,PF4,Spot Price FOB,EER_EPD2DC_PF4_Y05LA_DPG,"Los Angeles, CA Ultra-Low Sulfur CARB Diesel Spot Price (Dollars per Gallon)",3.384,$/GAL
2012-03-01,RGC,NA,EPD2DXL0,No 2 Diesel Low Sulfur (0-15 ppm),PF4,Spot Price FOB,EER_EPD2DXL0_PF4_RGC_DPG,U.S. Gulf Coast Ultra-Low Sulfur No 2 Diesel Spot Price (Dollars per Gallon),3.27,$/GAL
2012-03-01,Y35NY,NEW YORK CITY,EPD2DXL0,No 2 Diesel Low Sulfur (0-15 ppm),PF4,Spot Price FOB,EER_EPD2DXL0_PF4_Y35NY_DPG,New York Harbor Ultra-Low Sulfur No 2 Diesel Spot Price (Dollars per Gallon),3.302,$/GAL
2012-03-01,Y35NY,NEW YORK CITY,EPD2F,No 2 Fuel Oil / Heating Oil,PF4,Spot Price FOB,EER_EPD2F_PF4_Y35NY_DPG,New York Harbor No. 2 Heating Oil Spot Price FOB (Dollars per Gallon),3.217,$/GAL
2012-03-01,RGC,NA,EPJK,Kerosene-Type Jet Fuel,PF4,Spot Price FOB,EER_EPJK_PF4_RGC_DPG,U.S. Gulf Coast Kerosene-Type Jet Fuel Spot Price FOB (Dollars per Gallon),3.256,$/GAL
2012-03-01,Y44MB,NA,EPLLPA,Propane,PF4,Spot Price FOB,EER_EPLLPA_PF4_Y44MB_DPG,"Mont Belvieu, TX Propane Spot Price FOB (Dollars per Gallon)",1.261,$/GAL
2012-03-01,Y05LA,LOS ANGELES,EPMRR,Reformulated Regular Gasoline,PF4,Spot Price FOB,EER_EPMRR_PF4_Y05LA_DPG,Los Angeles Reformulated RBOB Regular Gasoline Spot Price (Dollars per Gallon),3.383,$/GAL
2012-03-01,RGC,NA,EPMRU,Conventional Regular Gasoline,PF4,Spot Price FOB,EER_EPMRU_PF4_RGC_DPG,U.S. Gulf Coast Conventional Gasoline Regular Spot Price FOB (Dollars per Gallon),3.169,$/GAL
2012-03-01,Y35NY,NEW YORK CITY,EPMRU,Conventional Regular Gasoline,PF4,Spot Price FOB,EER_EPMRU_PF4_Y35NY_DPG,New York Harbor Conventional Gasoline Regular Spot Price FOB (Dollars per Gallon),3.167,$/GAL
2012-03-01,ZEU,NA,EPCBRENT,UK Brent Crude Oil,PF4,Spot Price FOB,RBRTE,Europe Brent Spot Price FOB (Dollars per Barrel),125.45,$/BBL
2012-03-01,YCUOK,NA,EPCWTI,WTI Crude Oil,PF4,Spot Price FOB,RWTC,"Cushing, OK WTI Spot Price FOB (Dollars per Barrel)",106.16,$/BBL
2012-04-01,Y05LA,LOS ANGELES,EPD2DC,Carb Diesel,PF4,Spot Price FOB,EER_EPD2DC_PF4_Y05LA_DPG,"Los Angeles, CA Ultra-Low Sulfur CARB Diesel Spot Price (Dollars per Gallon)",3.252,$/GAL
2012-04-01,RGC,NA,EPD2DXL0,No 2 Diesel Low Sulfur (0-15 ppm),PF4,Spot Price FOB,EER_EPD2DXL0_PF4_RGC_DPG,U.S. Gulf Coast Ultra-Low Sulfur No 2 Diesel Spot Price (Dollars per Gallon),3.217,$/GAL
2012-04-01,Y35NY,NEW YORK CITY,EPD2DXL0,No 2 Diesel Low Sulfur (0-15 ppm),PF4,Spot Price FOB,EER_EPD2DXL0_PF4_Y35NY_DPG,New York Harbor Ultra-Low Sulfur No 2 Diesel Spot Price (Dollars per Gallon),3.242,$/GAL
2012-04-01,Y35NY,NEW YORK CITY,EPD2F,No 2 Fuel Oil / Heating Oil,PF4,Spot Price FOB,EER_EPD2F_PF4_Y35NY_DPG,New York Harbor No. 2 Heating Oil Spot Price FOB (Dollars per Gallon),3.15,$/GAL
2012-04-01,RGC,NA,EPJK,Kerosene-Type Jet Fuel,PF4,Spot Price FOB,EER_EPJK_PF4_RGC_DPG,U.S. Gulf Coast Kerosene-Type Jet Fuel Spot Price FOB (Dollars per Gallon),3.226,$/GAL
2012-04-01,Y44MB,NA,EPLLPA,Propane,PF4,Spot Price FOB,EER_EPLLPA_PF4_Y44MB_DPG,"Mont Belvieu, TX Propane Spot Price FOB (Dollars per Gallon)",1.196,$/GAL
2012-04-01,Y05LA,LOS ANGELES,EPMRR,Reformulated Regular Gasoline,PF4,Spot Price FOB,EER_EPMRR_PF4_Y05LA_DPG,Los Angeles Reformulated RBOB Regular Gasoline Spot Price (Dollars per Gallon),3.25,$/GAL
2012-04-01,RGC,NA,EPMRU,Conventional Regular Gasoline,PF4,Spot Price FOB,EER_EPMRU_PF4_RGC_DPG,U.S. Gulf Coast Conventional Gasoline Regular Spot Price FOB (Dollars per Gallon),3.101,$/GAL
2012-04-01,Y35NY,NEW YORK CITY,EPMRU,Conventional Regular Gasoline,PF4,Spot Price FOB,EER_EPMRU_PF4_Y35NY_DPG,New York Harbor Conventional Gasoline Regular Spot Price FOB (Dollars per Gallon),3.206,$/GAL
2012-04-01,ZEU,NA,EPCBRENT,UK Brent Crude Oil,PF4,Spot Price FOB,RBRTE,Europe Brent Spot Price FOB (Dollars per Barrel),119.75,$/BBL
2012-04-01,YCUOK,NA,EPCWTI,WTI Crude Oil,PF4,Spot Price FOB,RWTC,"Cushing, OK WTI Spot Price FOB (Dollars per Barrel)",103.32,$/BBL
2012-05-01,Y05LA,LOS ANGELES,EPD2DC,Carb Diesel,PF4,Spot Price FOB,EER_EPD2DC_PF4_Y05LA_DPG,"Los Angeles, CA Ultra-Low Sulfur CARB Diesel Spot Price (Dollars per Gallon)",3.007,$/GAL
2012-05-01,RGC,NA,EPD2DXL0,No 2 Diesel Low Sulfur (0-15 ppm),PF4,Spot Price FOB,EER_EPD2DXL0_PF4_RGC_DPG,U.S. Gulf Coast Ultra-Low Sulfur No 2 Diesel Spot Price (Dollars per Gallon),2.947,$/GAL
2012-05-01,Y35NY,NEW YORK CITY,EPD2DXL0,No 2 Diesel Low Sulfur (0-15 ppm),PF4,Spot Price FOB,EER_EPD2DXL0_PF4_Y35NY_DPG,New York Harbor Ultra-Low Sulfur No 2 Diesel Spot Price (Dollars per Gallon),2.987,$/GAL
2012-05-01,Y35NY,NEW YORK CITY,EPD2F,No 2 Fuel Oil / Heating Oil,PF4,Spot Price FOB,EER_EPD2F_PF4_Y35NY_DPG,New York Harbor No. 2 Heating Oil Spot Price FOB (Dollars per Gallon),2.913,$/GAL
2012-05-01,RGC,NA,EPJK,Kerosene-Type Jet Fuel,PF4,Spot Price FOB,EER_EPJK_PF4_RGC_DPG,U.S. Gulf Coast Kerosene-Type Jet Fuel Spot Price FOB (Dollars per Gallon),2.974,$/GAL
2012-05-01,Y44MB,NA,EPLLPA,Propane,PF4,Spot Price FOB,EER_EPLLPA_PF4_Y44MB_DPG,"Mont Belvieu, TX Propane Spot Price FOB (Dollars per Gallon)",0.954,$/GAL
2012-05-01,Y05LA,LOS ANGELES,EPMRR,Reformulated Regular Gasoline,PF4,Spot Price FOB,EER_EPMRR_PF4_Y05LA_DPG,Los Angeles Reformulated RBOB Regular Gasoline Spot Price (Dollars per Gallon),3.234,$/GAL
2012-05-01,RGC,NA,EPMRU,Conventional Regular Gasoline,PF4,Spot Price FOB,EER_EPMRU_PF4_RGC_DPG,U.S. Gulf Coast Conventional Gasoline Regular Spot Price FOB (Dollars per Gallon),2.78,$/GAL
2012-05-01,Y35NY,NEW YORK CITY,EPMRU,Conventional Regular Gasoline,PF4,Spot Price FOB,EER_EPMRU_PF4_Y35NY_DPG,New York Harbor Conventional Gasoline Regular Spot Price FOB (Dollars per Gallon),2.877,$/GAL
2012-05-01,ZEU,NA,EPCBRENT,UK Brent Crude Oil,PF4,Spot Price FOB,RBRTE,Europe Brent Spot Price FOB (Dollars per Barrel),110.34,$/BBL
2012-05-01,YCUOK,NA,EPCWTI,WTI Crude Oil,PF4,Spot Price FOB,RWTC,"Cushing, OK WTI Spot Price FOB (Dollars per Barrel)",94.66,$/BBL
2012-06-01,Y05LA,LOS ANGELES,EPD2DC,Carb Diesel,PF4,Spot Price FOB,EER_EPD2DC_PF4_Y05LA_DPG,"Los Angeles, CA Ultra-Low Sulfur CARB Diesel Spot Price (Dollars per Gallon)",2.654,$/GAL
2012-06-01,RGC,NA,EPD2DXL0,No 2 Diesel Low Sulfur (0-15 ppm),PF4,Spot Price FOB,EER_EPD2DXL0_PF4_RGC_DPG,U.S. Gulf Coast Ultra-Low Sulfur No 2 Diesel Spot Price (Dollars per Gallon),2.667,$/GAL
2012-06-01,Y35NY,NEW YORK CITY,EPD2DXL0,No 2 Diesel Low Sulfur (0-15 ppm),PF4,Spot Price FOB,EER_EPD2DXL0_PF4_Y35NY_DPG,New York Harbor Ultra-Low Sulfur No 2 Diesel Spot Price (Dollars per Gallon),2.71,$/GAL
2012-06-01,Y35NY,NEW YORK CITY,EPD2F,No 2 Fuel Oil / Heating Oil,PF4,Spot Price FOB,EER_EPD2F_PF4_Y35NY_DPG,New York Harbor No. 2 Heating Oil Spot Price FOB (Dollars per Gallon),2.619,$/GAL
2012-06-01,RGC,NA,EPJK,Kerosene-Type Jet Fuel,PF4,Spot Price FOB,EER_EPJK_PF4_RGC_DPG,U.S. Gulf Coast Kerosene-Type Jet Fuel Spot Price FOB (Dollars per Gallon),2.678,$/GAL
2012-06-01,Y44MB,NA,EPLLPA,Propane,PF4,Spot Price FOB,EER_EPLLPA_PF4_Y44MB_DPG,"Mont Belvieu, TX Propane Spot Price FOB (Dollars per Gallon)",0.788,$/GAL
2012-06-01,Y05LA,LOS ANGELES,EPMRR,Reformulated Regular Gasoline,PF4,Spot Price FOB,EER_EPMRR_PF4_Y05LA_DPG,Los Angeles Reformulated RBOB Regular Gasoline Spot Price (Dollars per Gallon),2.626,$/GAL
2012-06-01,RGC,NA,EPMRU,Conventional Regular Gasoline,PF4,Spot Price FOB,EER_EPMRU_PF4_RGC_DPG,U.S. Gulf Coast Conventional Gasoline Regular Spot Price FOB (Dollars per Gallon),2.516,$/GAL
2012-06-01,Y35NY,NEW YORK CITY,EPMRU,Conventional Regular Gasoline,PF4,Spot Price FOB,EER_EPMRU_PF4_Y35NY_DPG,New York Harbor Conventional Gasoline Regular Spot Price FOB (Dollars per Gallon),2.602,$/GAL
2012-06-01,ZEU,NA,EPCBRENT,UK Brent Crude Oil,PF4,Spot Price FOB,RBRTE,Europe Brent Spot Price FOB (Dollars per Barrel),95.16,$/BBL
2012-06-01,YCUOK,NA,EPCWTI,WTI Crude Oil,PF4,Spot Price FOB,RWTC,"Cushing, OK WTI Spot Price FOB (Dollars per Barrel)",82.3,$/BBL
2012-07-01,Y05LA,LOS ANGELES,EPD2DC,Carb Diesel,PF4,Spot Price FOB,EER_EPD2DC_PF4_Y05LA_DPG,"Los Angeles, CA Ultra-Low Sulfur CARB Diesel Spot Price (Dollars per Gallon)",2.854,$/GAL
2012-07-01,RGC,NA,EPD2DXL0,No 2 Diesel Low Sulfur (0-15 ppm),PF4,Spot Price FOB,EER_EPD2DXL0_PF4_RGC_DPG,U.S. Gulf Coast Ultra-Low Sulfur No 2 Diesel Spot Price (Dollars per Gallon),2.879,$/GAL
2012-07-01,Y35NY,NEW YORK CITY,EPD2DXL0,No 2 Diesel Low Sulfur (0-15 ppm),PF4,Spot Price FOB,EER_EPD2DXL0_PF4_Y35NY_DPG,New York Harbor Ultra-Low Sulfur No 2 Diesel Spot Price (Dollars per Gallon),2.921,$/GAL
2012-07-01,Y35NY,NEW YORK CITY,EPD2F,No 2 Fuel Oil / Heating Oil,PF4,Spot Price FOB,EER_EPD2F_PF4_Y35NY_DPG,New York Harbor No. 2 Heating Oil Spot Price FOB (Dollars per Gallon),2.813,$/GAL
2012-07-01,RGC,NA,EPJK,Kerosene-Type Jet Fuel,PF4,Spot Price FOB,EER_EPJK_PF4_RGC_DPG,U.S. Gulf Coast Kerosene-Type Jet Fuel Spot Price FOB (Dollars per Gallon),2.892,$/GAL
2012-07-01,Y44MB,NA,EPLLPA,Propane,PF4,Spot Price FOB,EER_EPLLPA_PF4_Y44MB_DPG,"Mont Belvieu, TX Propane Spot Price FOB (Dollars per Gallon)",0.874,$/GAL
2012-07-01,Y05LA,LOS ANGELES,EPMRR,Reformulated Regular Gasoline,PF4,Spot Price FOB,EER_EPMRR_PF4_Y05LA_DPG,Los Angeles Reformulated RBOB Regular Gasoline Spot Price (Dollars per Gallon),2.819,$/GAL
2012-07-01,RGC,NA,EPMRU,Conventional Regular Gasoline,PF4,Spot Price FOB,EER_EPMRU_PF4_RGC_DPG,U.S. Gulf Coast Conventional Gasoline Regular Spot Price FOB (Dollars per Gallon),2.645,$/GAL
2012-07-01,Y35NY,NEW YORK CITY,EPMRU,Conventional Regular Gasoline,PF4,Spot Price FOB,EER_EPMRU_PF4_Y35NY_DPG,New York Harbor Conventional Gasoline Regular Spot Price FOB (Dollars per Gallon),2.747,$/GAL
2012-07-01,ZEU,NA,EPCBRENT,UK Brent Crude Oil,PF4,Spot Price FOB,RBRTE,Europe Brent Spot Price FOB (Dollars per Barrel),102.62,$/BBL
2012-07-01,YCUOK,NA,EPCWTI,WTI Crude Oil,PF4,Spot Price FOB,RWTC,"Cushing, OK WTI Spot Price FOB (Dollars per Barrel)",87.9,$/BBL
2012-08-01,Y05LA,LOS ANGELES,EPD2DC,Carb Diesel,PF4,Spot Price FOB,EER_EPD2DC_PF4_Y05LA_DPG,"Los Angeles, CA Ultra-Low Sulfur CARB Diesel Spot Price (Dollars per Gallon)",3.225,$/GAL
2012-08-01,RGC,NA,EPD2DXL0,No 2 Diesel Low Sulfur (0-15 ppm),PF4,Spot Price FOB,EER_EPD2DXL0_PF4_RGC_DPG,U.S. Gulf Coast Ultra-Low Sulfur No 2 Diesel Spot Price (Dollars per Gallon),3.143,$/GAL
2012-08-01,Y35NY,NEW YORK CITY,EPD2DXL0,No 2 Diesel Low Sulfur (0-15 ppm),PF4,Spot Price FOB,EER_EPD2DXL0_PF4_Y35NY_DPG,New York Harbor Ultra-Low Sulfur No 2 Diesel Spot Price (Dollars per Gallon),3.179,$/GAL
2012-08-01,Y35NY,NEW YORK CITY,EPD2F,No 2 Fuel Oil / Heating Oil,PF4,Spot Price FOB,EER_EPD2F_PF4_Y35NY_DPG,New York Harbor No. 2 Heating Oil Spot Price FOB (Dollars per Gallon),3.045,$/GAL
2012-08-01,RGC,NA,EPJK,Kerosene-Type Jet Fuel,PF4,Spot Price FOB,EER_EPJK_PF4_RGC_DPG,U.S. Gulf Coast Kerosene-Type Jet Fuel Spot Price FOB (Dollars per Gallon),3.156,$/GAL
2012-08-01,Y44MB,NA,EPLLPA,Propane,PF4,Spot Price FOB,EER_EPLLPA_PF4_Y44MB_DPG,"Mont Belvieu, TX Propane Spot Price FOB (Dollars per Gallon)",0.901,$/GAL
2012-08-01,Y05LA,LOS ANGELES,EPMRR,Reformulated Regular Gasoline,PF4,Spot Price FOB,EER_EPMRR_PF4_Y05LA_DPG,Los Angeles Reformulated RBOB Regular Gasoline Spot Price (Dollars per Gallon),3.129,$/GAL
2012-08-01,RGC,NA,EPMRU,Conventional Regular Gasoline,PF4,Spot Price FOB,EER_EPMRU_PF4_RGC_DPG,U.S. Gulf Coast Conventional Gasoline Regular Spot Price FOB (Dollars per Gallon),2.968,$/GAL
2012-08-01,Y35NY,NEW YORK CITY,EPMRU,Conventional Regular Gasoline,PF4,Spot Price FOB,EER_EPMRU_PF4_Y35NY_DPG,New York Harbor Conventional Gasoline Regular Spot Price FOB (Dollars per Gallon),3.022,$/GAL
2012-08-01,ZEU,NA,EPCBRENT,UK Brent Crude Oil,PF4,Spot Price FOB,RBRTE,Europe Brent Spot Price FOB (Dollars per Barrel),113.36,$/BBL
2012-08-01,YCUOK,NA,EPCWTI,WTI Crude Oil,PF4,Spot Price FOB,RWTC,"Cushing, OK WTI Spot Price FOB (Dollars per Barrel)",94.13,$/BBL
2012-09-01,Y05LA,LOS ANGELES,EPD2DC,Carb Diesel,PF4,Spot Price FOB,EER_EPD2DC_PF4_Y05LA_DPG,"Los Angeles, CA Ultra-Low Sulfur CARB Diesel Spot Price (Dollars per Gallon)",3.299,$/GAL
2012-09-01,RGC,NA,EPD2DXL0,No 2 Diesel Low Sulfur (0-15 ppm),PF4,Spot Price FOB,EER_EPD2DXL0_PF4_RGC_DPG,U.S. Gulf Coast Ultra-Low Sulfur No 2 Diesel Spot Price (Dollars per Gallon),3.186,$/GAL
2012-09-01,Y35NY,NEW YORK CITY,EPD2DXL0,No 2 Diesel Low Sulfur (0-15 ppm),PF4,Spot Price FOB,EER_EPD2DXL0_PF4_Y35NY_DPG,New York Harbor Ultra-Low Sulfur No 2 Diesel Spot Price (Dollars per Gallon),3.229,$/GAL
2012-09-01,Y35NY,NEW YORK CITY,EPD2F,No 2 Fuel Oil / Heating Oil,PF4,Spot Price FOB,EER_EPD2F_PF4_Y35NY_DPG,New York Harbor No. 2 Heating Oil Spot Price FOB (Dollars per Gallon),3.134,$/GAL
2012-09-01,RGC,NA,EPJK,Kerosene-Type Jet Fuel,PF4,Spot Price FOB,EER_EPJK_PF4_RGC_DPG,U.S. Gulf Coast Kerosene-Type Jet Fuel Spot Price FOB (Dollars per Gallon),3.191,$/GAL
2012-09-01,Y44MB,NA,EPLLPA,Propane,PF4,Spot Price FOB,EER_EPLLPA_PF4_Y44MB_DPG,"Mont Belvieu, TX Propane Spot Price FOB (Dollars per Gallon)",0.91,$/GAL
2012-09-01,Y05LA,LOS ANGELES,EPMRR,Reformulated Regular Gasoline,PF4,Spot Price FOB,EER_EPMRR_PF4_Y05LA_DPG,Los Angeles Reformulated RBOB Regular Gasoline Spot Price (Dollars per Gallon),3.162,$/GAL
2012-09-01,RGC,NA,EPMRU,Conventional Regular Gasoline,PF4,Spot Price FOB,EER_EPMRU_PF4_RGC_DPG,U.S. Gulf Coast Conventional Gasoline Regular Spot Price FOB (Dollars per Gallon),3.034,$/GAL
2012-09-01,Y35NY,NEW YORK CITY,EPMRU,Conventional Regular Gasoline,PF4,Spot Price FOB,EER_EPMRU_PF4_Y35NY_DPG,New York Harbor Conventional Gasoline Regular Spot Price FOB (Dollars per Gallon),3.27,$/GAL
2012-09-01,ZEU,NA,EPCBRENT,UK Brent Crude Oil,PF4,Spot Price FOB,RBRTE,Europe Brent Spot Price FOB (Dollars per Barrel),112.86,$/BBL
2012-09-01,YCUOK,NA,EPCWTI,WTI Crude Oil,PF4,Spot Price FOB,RWTC,"Cushing, OK WTI Spot Price FOB (Dollars per Barrel)",94.51,$/BBL
2012-10-01,Y05LA,LOS ANGELES,EPD2DC,Carb Diesel,PF4,Spot Price FOB,EER_EPD2DC_PF4_Y05LA_DPG,"Los Angeles, CA Ultra-Low Sulfur CARB Diesel Spot Price (Dollars per Gallon)",3.226,$/GAL
2012-10-01,RGC,NA,EPD2DXL0,No 2 Diesel Low Sulfur (0-15 ppm),PF4,Spot Price FOB,EER_EPD2DXL0_PF4_RGC_DPG,U.S. Gulf Coast Ultra-Low Sulfur No 2 Diesel Spot Price (Dollars per Gallon),3.157,$/GAL
2012-10-01,Y35NY,NEW YORK CITY,EPD2DXL0,No 2 Diesel Low Sulfur (0-15 ppm),PF4,Spot Price FOB,EER_EPD2DXL0_PF4_Y35NY_DPG,New York Harbor Ultra-Low Sulfur No 2 Diesel Spot Price (Dollars per Gallon),3.236,$/GAL
2012-10-01,Y35NY,NEW YORK CITY,EPD2F,No 2 Fuel Oil / Heating Oil,PF4,Spot Price FOB,EER_EPD2F_PF4_Y35NY_DPG,New York Harbor No. 2 Heating Oil Spot Price FOB (Dollars per Gallon),3.14,$/GAL
2012-10-01,RGC,NA,EPJK,Kerosene-Type Jet Fuel,PF4,Spot Price FOB,EER_EPJK_PF4_RGC_DPG,U.S. Gulf Coast Kerosene-Type Jet Fuel Spot Price FOB (Dollars per Gallon),3.111,$/GAL
2012-10-01,Y44MB,NA,EPLLPA,Propane,PF4,Spot Price FOB,EER_EPLLPA_PF4_Y44MB_DPG,"Mont Belvieu, TX Propane Spot Price FOB (Dollars per Gallon)",0.962,$/GAL
2012-10-01,Y05LA,LOS ANGELES,EPMRR,Reformulated Regular Gasoline,PF4,Spot Price FOB,EER_EPMRR_PF4_Y05LA_DPG,Los Angeles Reformulated RBOB Regular Gasoline Spot Price (Dollars per Gallon),3.135,$/GAL
2012-10-01,RGC,NA,EPMRU,Conventional Regular Gasoline,PF4,Spot Price FOB,EER_EPMRU_PF4_RGC_DPG,U.S. Gulf Coast Conventional Gasoline Regular Spot Price FOB (Dollars per Gallon),2.778,$/GAL
2012-10-01,Y35NY,NEW YORK CITY,EPMRU,Conventional Regular Gasoline,PF4,Spot Price FOB,EER_EPMRU_PF4_Y35NY_DPG,New York Harbor Conventional Gasoline Regular Spot Price FOB (Dollars per Gallon),2.975,$/GAL
2012-10-01,ZEU,NA,EPCBRENT,UK Brent Crude Oil,PF4,Spot Price FOB,RBRTE,Europe Brent Spot Price FOB (Dollars per Barrel),111.71,$/BBL
2012-10-01,YCUOK,NA,EPCWTI,WTI Crude Oil,PF4,Spot Price FOB,RWTC,"Cushing, OK WTI Spot Price FOB (Dollars per Barrel)",89.49,$/BBL
2012-11-01,Y05LA,LOS ANGELES,EPD2DC,Carb Diesel,PF4,Spot Price FOB,EER_EPD2DC_PF4_Y05LA_DPG,"Los Angeles, CA Ultra-Low Sulfur CARB Diesel Spot Price (Dollars per Gallon)",3.071,$/GAL
2012-11-01,RGC,NA,EPD2DXL0,No 2 Diesel Low Sulfur (0-15 ppm),PF4,Spot Price FOB,EER_EPD2DXL0_PF4_RGC_DPG,U.S. Gulf Coast Ultra-Low Sulfur No 2 Diesel Spot Price (Dollars per Gallon),2.997,$/GAL
2012-11-01,Y35NY,NEW YORK CITY,EPD2DXL0,No 2 Diesel Low Sulfur (0-15 ppm),PF4,Spot Price FOB,EER_EPD2DXL0_PF4_Y35NY_DPG,New York Harbor Ultra-Low Sulfur No 2 Diesel Spot Price (Dollars per Gallon),3.18,$/GAL
2012-11-01,Y35NY,NEW YORK CITY,EPD2F,No 2 Fuel Oil / Heating Oil,PF4,Spot Price FOB,EER_EPD2F_PF4_Y35NY_DPG,New York Harbor No. 2 Heating Oil Spot Price FOB (Dollars per Gallon),3.009,$/GAL
2012-11-01,RGC,NA,EPJK,Kerosene-Type Jet Fuel,PF4,Spot Price FOB,EER_EPJK_PF4_RGC_DPG,U.S. Gulf Coast Kerosene-Type Jet Fuel Spot Price FOB (Dollars per Gallon),2.96,$/GAL
2012-11-01,Y44MB,NA,EPLLPA,Propane,PF4,Spot Price FOB,EER_EPLLPA_PF4_Y44MB_DPG,"Mont Belvieu, TX Propane Spot Price FOB (Dollars per Gallon)",0.89,$/GAL
2012-11-01,Y05LA,LOS ANGELES,EPMRR,Reformulated Regular Gasoline,PF4,Spot Price FOB,EER_EPMRR_PF4_Y05LA_DPG,Los Angeles Reformulated RBOB Regular Gasoline Spot Price (Dollars per Gallon),2.792,$/GAL
2012-11-01,RGC,NA,EPMRU,Conventional Regular Gasoline,PF4,Spot Price FOB,EER_EPMRU_PF4_RGC_DPG,U.S. Gulf Coast Conventional Gasoline Regular Spot Price FOB (Dollars per Gallon),2.522,$/GAL
2012-11-01,Y35NY,NEW YORK CITY,EPMRU,Conventional Regular Gasoline,PF4,Spot Price FOB,EER_EPMRU_PF4_Y35NY_DPG,New York Harbor Conventional Gasoline Regular Spot Price FOB (Dollars per Gallon),2.817,$/GAL
2012-11-01,ZEU,NA,EPCBRENT,UK Brent Crude Oil,PF4,Spot Price FOB,RBRTE,Europe Brent Spot Price FOB (Dollars per Barrel),109.06,$/BBL
2012-11-01,YCUOK,NA,EPCWTI,WTI Crude Oil,PF4,Spot Price FOB,RWTC,"Cushing, OK WTI Spot Price FOB (Dollars per Barrel)",86.53,$/BBL
2012-12-01,Y05LA,LOS ANGELES,EPD2DC,Carb Diesel,PF4,Spot Price FOB,EER_EPD2DC_PF4_Y05LA_DPG,"Los Angeles, CA Ultra-Low Sulfur CARB Diesel Spot Price (Dollars per Gallon)",2.971,$/GAL
2012-12-01,RGC,NA,EPD2DXL0,No 2 Diesel Low Sulfur (0-15 ppm),PF4,Spot Price FOB,EER_EPD2DXL0_PF4_RGC_DPG,U.S. Gulf Coast Ultra-Low Sulfur No 2 Diesel Spot Price (Dollars per Gallon),2.96,$/GAL
2012-12-01,Y35NY,NEW YORK CITY,EPD2DXL0,No 2 Diesel Low Sulfur (0-15 ppm),PF4,Spot Price FOB,EER_EPD2DXL0_PF4_Y35NY_DPG,New York Harbor Ultra-Low Sulfur No 2 Diesel Spot Price (Dollars per Gallon),3.07,$/GAL
2012-12-01,Y35NY,NEW YORK CITY,EPD2F,No 2 Fuel Oil / Heating Oil,PF4,Spot Price FOB,EER_EPD2F_PF4_Y35NY_DPG,New York Harbor No. 2 Heating Oil Spot Price FOB (Dollars per Gallon),2.995,$/GAL
2012-12-01,RGC,NA,EPJK,Kerosene-Type Jet Fuel,PF4,Spot Price FOB,EER_EPJK_PF4_RGC_DPG,U.S. Gulf Coast Kerosene-Type Jet Fuel Spot Price FOB (Dollars per Gallon),2.94,$/GAL
2012-12-01,Y44MB,NA,EPLLPA,Propane,PF4,Spot Price FOB,EER_EPLLPA_PF4_Y44MB_DPG,"Mont Belvieu, TX Propane Spot Price FOB (Dollars per Gallon)",0.797,$/GAL
2012-12-01,Y05LA,LOS ANGELES,EPMRR,Reformulated Regular Gasoline,PF4,Spot Price FOB,EER_EPMRR_PF4_Y05LA_DPG,Los Angeles Reformulated RBOB Regular Gasoline Spot Price (Dollars per Gallon),2.615,$/GAL
2012-12-01,RGC,NA,EPMRU,Conventional Regular Gasoline,PF4,Spot Price FOB,EER_EPMRU_PF4_RGC_DPG,U.S. Gulf Coast Conventional Gasoline Regular Spot Price FOB (Dollars per Gallon),2.475,$/GAL
2012-12-01,Y35NY,NEW YORK CITY,EPMRU,Conventional Regular Gasoline,PF4,Spot Price FOB,EER_EPMRU_PF4_Y35NY_DPG,New York Harbor Conventional Gasoline Regular Spot Price FOB (Dollars per Gallon),2.727,$/GAL
2012-12-01,ZEU,NA,EPCBRENT,UK Brent Crude Oil,PF4,Spot Price FOB,RBRTE,Europe Brent Spot Price FOB (Dollars per Barrel),109.49,$/BBL
2012-12-01,YCUOK,NA,EPCWTI,WTI Crude Oil,PF4,Spot Price FOB,RWTC,"Cushing, OK WTI Spot Price FOB (Dollars per Barrel)",87.86,$/BBL
2013-01-01,Y05LA,LOS ANGELES,EPD2DC,Carb Diesel,PF4,Spot Price FOB,EER_EPD2DC_PF4_Y05LA_DPG,"Los Angeles, CA Ultra-Low Sulfur CARB Diesel Spot Price (Dollars per Gallon)",3.114,$/GAL
2013-01-01,RGC,NA,EPD2DXL0,No 2 Diesel Low Sulfur (0-15 ppm),PF4,Spot Price FOB,EER_EPD2DXL0_PF4_RGC_DPG,U.S. Gulf Coast Ultra-Low Sulfur No 2 Diesel Spot Price (Dollars per Gallon),3.044,$/GAL
2013-01-01,Y35NY,NEW YORK CITY,EPD2DXL0,No 2 Diesel Low Sulfur (0-15 ppm),PF4,Spot Price FOB,EER_EPD2DXL0_PF4_Y35NY_DPG,New York Harbor Ultra-Low Sulfur No 2 Diesel Spot Price (Dollars per Gallon),3.103,$/GAL
2013-01-01,Y35NY,NEW YORK CITY,EPD2F,No 2 Fuel Oil / Heating Oil,PF4,Spot Price FOB,EER_EPD2F_PF4_Y35NY_DPG,New York Harbor No. 2 Heating Oil Spot Price FOB (Dollars per Gallon),3.068,$/GAL
2013-01-01,RGC,NA,EPJK,Kerosene-Type Jet Fuel,PF4,Spot Price FOB,EER_EPJK_PF4_RGC_DPG,U.S. Gulf Coast Kerosene-Type Jet Fuel Spot Price FOB (Dollars per Gallon),3.091,$/GAL
2013-01-01,Y44MB,NA,EPLLPA,Propane,PF4,Spot Price FOB,EER_EPLLPA_PF4_Y44MB_DPG,"Mont Belvieu, TX Propane Spot Price FOB (Dollars per Gallon)",0.838,$/GAL
2013-01-01,Y05LA,LOS ANGELES,EPMRR,Reformulated Regular Gasoline,PF4,Spot Price FOB,EER_EPMRR_PF4_Y05LA_DPG,Los Angeles Reformulated RBOB Regular Gasoline Spot Price (Dollars per Gallon),2.9,$/GAL
2013-01-01,RGC,NA,EPMRU,Conventional Regular Gasoline,PF4,Spot Price FOB,EER_EPMRU_PF4_RGC_DPG,U.S. Gulf Coast Conventional Gasoline Regular Spot Price FOB (Dollars per Gallon),2.669,$/GAL
2013-01-01,Y35NY,NEW YORK CITY,EPMRU,Conventional Regular Gasoline,PF4,Spot Price FOB,EER_EPMRU_PF4_Y35NY_DPG,New York Harbor Conventional Gasoline Regular Spot Price FOB (Dollars per Gallon),2.852,$/GAL
2013-01-01,ZEU,NA,EPCBRENT,UK Brent Crude Oil,PF4,Spot Price FOB,RBRTE,Europe Brent Spot Price FOB (Dollars per Barrel),112.96,$/BBL
2013-01-01,YCUOK,NA,EPCWTI,WTI Crude Oil,PF4,Spot Price FOB,RWTC,"Cushing, OK WTI Spot Price FOB (Dollars per Barrel)",94.76,$/BBL
2013-02-01,Y05LA,LOS ANGELES,EPD2DC,Carb Diesel,PF4,Spot Price FOB,EER_EPD2DC_PF4_Y05LA_DPG,"Los Angeles, CA Ultra-Low Sulfur CARB Diesel Spot Price (Dollars per Gallon)",3.259,$/GAL
2013-02-01,RGC,NA,EPD2DXL0,No 2 Diesel Low Sulfur (0-15 ppm),PF4,Spot Price FOB,EER_EPD2DXL0_PF4_RGC_DPG,U.S. Gulf Coast Ultra-Low Sulfur No 2 Diesel Spot Price (Dollars per Gallon),3.2,$/GAL
2013-02-01,Y35NY,NEW YORK CITY,EPD2DXL0,No 2 Diesel Low Sulfur (0-15 ppm),PF4,Spot Price FOB,EER_EPD2DXL0_PF4_Y35NY_DPG,New York Harbor Ultra-Low Sulfur No 2 Diesel Spot Price (Dollars per Gallon),3.237,$/GAL
2013-02-01,Y35NY,NEW YORK CITY,EPD2F,No 2 Fuel Oil / Heating Oil,PF4,Spot Price FOB,EER_EPD2F_PF4_Y35NY_DPG,New York Harbor No. 2 Heating Oil Spot Price FOB (Dollars per Gallon),3.168,$/GAL
2013-02-01,RGC,NA,EPJK,Kerosene-Type Jet Fuel,PF4,Spot Price FOB,EER_EPJK_PF4_RGC_DPG,U.S. Gulf Coast Kerosene-Type Jet Fuel Spot Price FOB (Dollars per Gallon),3.218,$/GAL
2013-02-01,Y44MB,NA,EPLLPA,Propane,PF4,Spot Price FOB,EER_EPLLPA_PF4_Y44MB_DPG,"Mont Belvieu, TX Propane Spot Price FOB (Dollars per Gallon)",0.862,$/GAL
2013-02-01,Y05LA,LOS ANGELES,EPMRR,Reformulated Regular Gasoline,PF4,Spot Price FOB,EER_EPMRR_PF4_Y05LA_DPG,Los Angeles Reformulated RBOB Regular Gasoline Spot Price (Dollars per Gallon),3.332,$/GAL
2013-02-01,RGC,NA,EPMRU,Conventional Regular Gasoline,PF4,Spot Price FOB,EER_EPMRU_PF4_RGC_DPG,U.S. Gulf Coast Conventional Gasoline Regular Spot Price FOB (Dollars per Gallon),2.922,$/GAL
2013-02-01,Y35NY,NEW YORK CITY,EPMRU,Conventional Regular Gasoline,PF4,Spot Price FOB,EER_EPMRU_PF4_Y35NY_DPG,New York Harbor Conventional Gasoline Regular Spot Price FOB (Dollars per Gallon),3.053,$/GAL
2013-02-01,ZEU,NA,EPCBRENT,UK Brent Crude Oil,PF4,Spot Price FOB,RBRTE,Europe Brent Spot Price FOB (Dollars per Barrel),116.05,$/BBL
2013-02-01,YCUOK,NA,EPCWTI,WTI Crude Oil,PF4,Spot Price FOB,RWTC,"Cushing, OK WTI Spot Price FOB (Dollars per Barrel)",95.31,$/BBL
2013-03-01,Y05LA,LOS ANGELES,EPD2DC,Carb Diesel,PF4,Spot Price FOB,EER_EPD2DC_PF4_Y05LA_DPG,"Los Angeles, CA Ultra-Low Sulfur CARB Diesel Spot Price (Dollars per Gallon)",3.02,$/GAL
2013-03-01,RGC,NA,EPD2DXL0,No 2 Diesel Low Sulfur (0-15 ppm),PF4,Spot Price FOB,EER_EPD2DXL0_PF4_RGC_DPG,U.S. Gulf Coast Ultra-Low Sulfur No 2 Diesel Spot Price (Dollars per Gallon),3.007,$/GAL
2013-03-01,Y35NY,NEW YORK CITY,EPD2DXL0,No 2 Diesel Low Sulfur (0-15 ppm),PF4,Spot Price FOB,EER_EPD2DXL0_PF4_Y35NY_DPG,New York Harbor Ultra-Low Sulfur No 2 Diesel Spot Price (Dollars per Gallon),3.037,$/GAL
2013-03-01,Y35NY,NEW YORK CITY,EPD2F,No 2 Fuel Oil / Heating Oil,PF4,Spot Price FOB,EER_EPD2F_PF4_Y35NY_DPG,New York Harbor No. 2 Heating Oil Spot Price FOB (Dollars per Gallon),2.943,$/GAL
2013-03-01,RGC,NA,EPJK,Kerosene-Type Jet Fuel,PF4,Spot Price FOB,EER_EPJK_PF4_RGC_DPG,U.S. Gulf Coast Kerosene-Type Jet Fuel Spot Price FOB (Dollars per Gallon),2.969,$/GAL
2013-03-01,Y44MB,NA,EPLLPA,Propane,PF4,Spot Price FOB,EER_EPLLPA_PF4_Y44MB_DPG,"Mont Belvieu, TX Propane Spot Price FOB (Dollars per Gallon)",0.895,$/GAL
2013-03-01,Y05LA,LOS ANGELES,EPMRR,Reformulated Regular Gasoline,PF4,Spot Price FOB,EER_EPMRR_PF4_Y05LA_DPG,Los Angeles Reformulated RBOB Regular Gasoline Spot Price (Dollars per Gallon),3.029,$/GAL
2013-03-01,RGC,NA,EPMRU,Conventional Regular Gasoline,PF4,Spot Price FOB,EER_EPMRU_PF4_RGC_DPG,U.S. Gulf Coast Conventional Gasoline Regular Spot Price FOB (Dollars per Gallon),2.901,$/GAL
2013-03-01,Y35NY,NEW YORK CITY,EPMRU,Conventional Regular Gasoline,PF4,Spot Price FOB,EER_EPMRU_PF4_Y35NY_DPG,New York Harbor Conventional Gasoline Regular Spot Price FOB (Dollars per Gallon),2.914,$/GAL
2013-03-01,ZEU,NA,EPCBRENT,UK Brent Crude Oil,PF4,Spot Price FOB,RBRTE,Europe Brent Spot Price FOB (Dollars per Barrel),108.47,$/BBL
2013-03-01,YCUOK,NA,EPCWTI,WTI Crude Oil,PF4,Spot Price FOB,RWTC,"Cushing, OK WTI Spot Price FOB (Dollars per Barrel)",92.94,$/BBL
2013-04-01,Y05LA,LOS ANGELES,EPD2DC,Carb Diesel,PF4,Spot Price FOB,EER_EPD2DC_PF4_Y05LA_DPG,"Los Angeles, CA Ultra-Low Sulfur CARB Diesel Spot Price (Dollars per Gallon)",2.908,$/GAL
2013-04-01,RGC,NA,EPD2DXL0,No 2 Diesel Low Sulfur (0-15 ppm),PF4,Spot Price FOB,EER_EPD2DXL0_PF4_RGC_DPG,U.S. Gulf Coast Ultra-Low Sulfur No 2 Diesel Spot Price (Dollars per Gallon),2.879,$/GAL
2013-04-01,Y35NY,NEW YORK CITY,EPD2DXL0,No 2 Diesel Low Sulfur (0-15 ppm),PF4,Spot Price FOB,EER_EPD2DXL0_PF4_Y35NY_DPG,New York Harbor Ultra-Low Sulfur No 2 Diesel Spot Price (Dollars per Gallon),2.9,$/GAL
2013-04-01,Y35NY,NEW YORK CITY,EPD2F,No 2 Fuel Oil / Heating Oil,PF4,Spot Price FOB,EER_EPD2F_PF4_Y35NY_DPG,New York Harbor No. 2 Heating Oil Spot Price FOB (Dollars per Gallon),2.742,$/GAL
2013-04-01,RGC,NA,EPJK,Kerosene-Type Jet Fuel,PF4,Spot Price FOB,EER_EPJK_PF4_RGC_DPG,U.S. Gulf Coast Kerosene-Type Jet Fuel Spot Price FOB (Dollars per Gallon),2.808,$/GAL
2013-04-01,Y44MB,NA,EPLLPA,Propane,PF4,Spot Price FOB,EER_EPLLPA_PF4_Y44MB_DPG,"Mont Belvieu, TX Propane Spot Price FOB (Dollars per Gallon)",0.939,$/GAL
2013-04-01,Y05LA,LOS ANGELES,EPMRR,Reformulated Regular Gasoline,PF4,Spot Price FOB,EER_EPMRR_PF4_Y05LA_DPG,Los Angeles Reformulated RBOB Regular Gasoline Spot Price (Dollars per Gallon),2.906,$/GAL
2013-04-01,RGC,NA,EPMRU,Conventional Regular Gasoline,PF4,Spot Price FOB,EER_EPMRU_PF4_RGC_DPG,U.S. Gulf Coast Conventional Gasoline Regular Spot Price FOB (Dollars per Gallon),2.685,$/GAL
2013-04-01,Y35NY,NEW YORK CITY,EPMRU,Conventional Regular Gasoline,PF4,Spot Price FOB,EER_EPMRU_PF4_Y35NY_DPG,New York Harbor Conventional Gasoline Regular Spot Price FOB (Dollars per Gallon),2.706,$/GAL
2013-04-01,ZEU,NA,EPCBRENT,UK Brent Crude Oil,PF4,Spot Price FOB,RBRTE,Europe Brent Spot Price FOB (Dollars per Barrel),102.25,$/BBL
2013-04-01,YCUOK,NA,EPCWTI,WTI Crude Oil,PF4,Spot Price FOB,RWTC,"Cushing, OK WTI Spot Price FOB (Dollars per Barrel)",92.02,$/BBL
2013-05-01,Y05LA,LOS ANGELES,EPD2DC,Carb Diesel,PF4,Spot Price FOB,EER_EPD2DC_PF4_Y05LA_DPG,"Los Angeles, CA Ultra-Low Sulfur CARB Diesel Spot Price (Dollars per Gallon)",2.846,$/GAL
2013-05-01,RGC,NA,EPD2DXL0,No 2 Diesel Low Sulfur (0-15 ppm),PF4,Spot Price FOB,EER_EPD2DXL0_PF4_RGC_DPG,U.S. Gulf Coast Ultra-Low Sulfur No 2 Diesel Spot Price (Dollars per Gallon),2.843,$/GAL
2013-05-01,Y35NY,NEW YORK CITY,EPD2DXL0,No 2 Diesel Low Sulfur (0-15 ppm),PF4,Spot Price FOB,EER_EPD2DXL0_PF4_Y35NY_DPG,New York Harbor Ultra-Low Sulfur No 2 Diesel Spot Price (Dollars per Gallon),2.888,$/GAL
2013-05-01,Y35NY,NEW YORK CITY,EPD2F,No 2 Fuel Oil / Heating Oil,PF4,Spot Price FOB,EER_EPD2F_PF4_Y35NY_DPG,New York Harbor No. 2 Heating Oil Spot Price FOB (Dollars per Gallon),2.739,$/GAL
2013-05-01,RGC,NA,EPJK,Kerosene-Type Jet Fuel,PF4,Spot Price FOB,EER_EPJK_PF4_RGC_DPG,U.S. Gulf Coast Kerosene-Type Jet Fuel Spot Price FOB (Dollars per Gallon),2.725,$/GAL
2013-05-01,Y44MB,NA,EPLLPA,Propane,PF4,Spot Price FOB,EER_EPLLPA_PF4_Y44MB_DPG,"Mont Belvieu, TX Propane Spot Price FOB (Dollars per Gallon)",0.932,$/GAL
2013-05-01,Y05LA,LOS ANGELES,EPMRR,Reformulated Regular Gasoline,PF4,Spot Price FOB,EER_EPMRR_PF4_Y05LA_DPG,Los Angeles Reformulated RBOB Regular Gasoline Spot Price (Dollars per Gallon),2.999,$/GAL
2013-05-01,RGC,NA,EPMRU,Conventional Regular Gasoline,PF4,Spot Price FOB,EER_EPMRU_PF4_RGC_DPG,U.S. Gulf Coast Conventional Gasoline Regular Spot Price FOB (Dollars per Gallon),2.708,$/GAL
2013-05-01,Y35NY,NEW YORK CITY,EPMRU,Conventional Regular Gasoline,PF4,Spot Price FOB,EER_EPMRU_PF4_Y35NY_DPG,New York Harbor Conventional Gasoline Regular Spot Price FOB (Dollars per Gallon),2.742,$/GAL
2013-05-01,ZEU,NA,EPCBRENT,UK Brent Crude Oil,PF4,Spot Price FOB,RBRTE,Europe Brent Spot Price FOB (Dollars per Barrel),102.56,$/BBL
2013-05-01,YCUOK,NA,EPCWTI,WTI Crude Oil,PF4,Spot Price FOB,RWTC,"Cushing, OK WTI Spot Price FOB (Dollars per Barrel)",94.51,$/BBL
2013-06-01,Y05LA,LOS ANGELES,EPD2DC,Carb Diesel,PF4,Spot Price FOB,EER_EPD2DC_PF4_Y05LA_DPG,"Los Angeles, CA Ultra-Low Sulfur CARB Diesel Spot Price (Dollars per Gallon)",2.914,$/GAL
2013-06-01,RGC,NA,EPD2DXL0,No 2 Diesel Low Sulfur (0-15 ppm),PF4,Spot Price FOB,EER_EPD2DXL0_PF4_RGC_DPG,U.S. Gulf Coast Ultra-Low Sulfur No 2 Diesel Spot Price (Dollars per Gallon),2.861,$/GAL
2013-06-01,Y35NY,NEW YORK CITY,EPD2DXL0,No 2 Diesel Low Sulfur (0-15 ppm),PF4,Spot Price FOB,EER_EPD2DXL0_PF4_Y35NY_DPG,New York Harbor Ultra-Low Sulfur No 2 Diesel Spot Price (Dollars per Gallon),2.891,$/GAL
2013-06-01,Y35NY,NEW YORK CITY,EPD2F,No 2 Fuel Oil / Heating Oil,PF4,Spot Price FOB,EER_EPD2F_PF4_Y35NY_DPG,New York Harbor No. 2 Heating Oil Spot Price FOB (Dollars per Gallon),2.752,$/GAL
2013-06-01,RGC,NA,EPJK,Kerosene-Type Jet Fuel,PF4,Spot Price FOB,EER_EPJK_PF4_RGC_DPG,U.S. Gulf Coast Kerosene-Type Jet Fuel Spot Price FOB (Dollars per Gallon),2.769,$/GAL
2013-06-01,Y44MB,NA,EPLLPA,Propane,PF4,Spot Price FOB,EER_EPLLPA_PF4_Y44MB_DPG,"Mont Belvieu, TX Propane Spot Price FOB (Dollars per Gallon)",0.863,$/GAL
2013-06-01,Y05LA,LOS ANGELES,EPMRR,Reformulated Regular Gasoline,PF4,Spot Price FOB,EER_EPMRR_PF4_Y05LA_DPG,Los Angeles Reformulated RBOB Regular Gasoline Spot Price (Dollars per Gallon),3.021,$/GAL
2013-06-01,RGC,NA,EPMRU,Conventional Regular Gasoline,PF4,Spot Price FOB,EER_EPMRU_PF4_RGC_DPG,U.S. Gulf Coast Conventional Gasoline Regular Spot Price FOB (Dollars per Gallon),2.688,$/GAL
2013-06-01,Y35NY,NEW YORK CITY,EPMRU,Conventional Regular Gasoline,PF4,Spot Price FOB,EER_EPMRU_PF4_Y35NY_DPG,New York Harbor Conventional Gasoline Regular Spot Price FOB (Dollars per Gallon),2.74,$/GAL
2013-06-01,ZEU,NA,EPCBRENT,UK Brent Crude Oil,PF4,Spot Price FOB,RBRTE,Europe Brent Spot Price FOB (Dollars per Barrel),102.92,$/BBL
2013-06-01,YCUOK,NA,EPCWTI,WTI Crude Oil,PF4,Spot Price FOB,RWTC,"Cushing, OK WTI Spot Price FOB (Dollars per Barrel)",95.77,$/BBL
2013-07-01,Y05LA,LOS ANGELES,EPD2DC,Carb Diesel,PF4,Spot Price FOB,EER_EPD2DC_PF4_Y05LA_DPG,"Los Angeles, CA Ultra-Low Sulfur CARB Diesel Spot Price (Dollars per Gallon)",3.043,$/GAL
2013-07-01,RGC,NA,EPD2DXL0,No 2 Diesel Low Sulfur (0-15 ppm),PF4,Spot Price FOB,EER_EPD2DXL0_PF4_RGC_DPG,U.S. Gulf Coast Ultra-Low Sulfur No 2 Diesel Spot Price (Dollars per Gallon),2.981,$/GAL
2013-07-01,Y35NY,NEW YORK CITY,EPD2DXL0,No 2 Diesel Low Sulfur (0-15 ppm),PF4,Spot Price FOB,EER_EPD2DXL0_PF4_Y35NY_DPG,New York Harbor Ultra-Low Sulfur No 2 Diesel Spot Price (Dollars per Gallon),3.018,$/GAL
2013-07-01,Y35NY,NEW YORK CITY,EPD2F,No 2 Fuel Oil / Heating Oil,PF4,Spot Price FOB,EER_EPD2F_PF4_Y35NY_DPG,New York Harbor No. 2 Heating Oil Spot Price FOB (Dollars per Gallon),2.885,$/GAL
2013-07-01,RGC,NA,EPJK,Kerosene-Type Jet Fuel,PF4,Spot Price FOB,EER_EPJK_PF4_RGC_DPG,U.S. Gulf Coast Kerosene-Type Jet Fuel Spot Price FOB (Dollars per Gallon),2.894,$/GAL
2013-07-01,Y44MB,NA,EPLLPA,Propane,PF4,Spot Price FOB,EER_EPLLPA_PF4_Y44MB_DPG,"Mont Belvieu, TX Propane Spot Price FOB (Dollars per Gallon)",0.92,$/GAL
2013-07-01,Y05LA,LOS ANGELES,EPMRR,Reformulated Regular Gasoline,PF4,Spot Price FOB,EER_EPMRR_PF4_Y05LA_DPG,Los Angeles Reformulated RBOB Regular Gasoline Spot Price (Dollars per Gallon),3.047,$/GAL
2013-07-01,RGC,NA,EPMRU,Conventional Regular Gasoline,PF4,Spot Price FOB,EER_EPMRU_PF4_RGC_DPG,U.S. Gulf Coast Conventional Gasoline Regular Spot Price FOB (Dollars per Gallon),2.853,$/GAL
2013-07-01,Y35NY,NEW YORK CITY,EPMRU,Conventional Regular Gasoline,PF4,Spot Price FOB,EER_EPMRU_PF4_Y35NY_DPG,New York Harbor Conventional Gasoline Regular Spot Price FOB (Dollars per Gallon),2.924,$/GAL
2013-07-01,ZEU,NA,EPCBRENT,UK Brent Crude Oil,PF4,Spot Price FOB,RBRTE,Europe Brent Spot Price FOB (Dollars per Barrel),107.93,$/BBL
2013-07-01,YCUOK,NA,EPCWTI,WTI Crude Oil,PF4,Spot Price FOB,RWTC,"Cushing, OK WTI Spot Price FOB (Dollars per Barrel)",104.67,$/BBL
2013-08-01,Y05LA,LOS ANGELES,EPD2DC,Carb Diesel,PF4,Spot Price FOB,EER_EPD2DC_PF4_Y05LA_DPG,"Los Angeles, CA Ultra-Low Sulfur CARB Diesel Spot Price (Dollars per Gallon)",3.103,$/GAL
2013-08-01,RGC,NA,EPD2DXL0,No 2 Diesel Low Sulfur (0-15 ppm),PF4,Spot Price FOB,EER_EPD2DXL0_PF4_RGC_DPG,U.S. Gulf Coast Ultra-Low Sulfur No 2 Diesel Spot Price (Dollars per Gallon),3.04,$/GAL
2013-08-01,Y35NY,NEW YORK CITY,EPD2DXL0,No 2 Diesel Low Sulfur (0-15 ppm),PF4,Spot Price FOB,EER_EPD2DXL0_PF4_Y35NY_DPG,New York Harbor Ultra-Low Sulfur No 2 Diesel Spot Price (Dollars per Gallon),3.068,$/GAL
2013-08-01,Y35NY,NEW YORK CITY,EPD2F,No 2 Fuel Oil / Heating Oil,PF4,Spot Price FOB,EER_EPD2F_PF4_Y35NY_DPG,New York Harbor No. 2 Heating Oil Spot Price FOB (Dollars per Gallon),2.958,$/GAL
2013-08-01,RGC,NA,EPJK,Kerosene-Type Jet Fuel,PF4,Spot Price FOB,EER_EPJK_PF4_RGC_DPG,U.S. Gulf Coast Kerosene-Type Jet Fuel Spot Price FOB (Dollars per Gallon),3.003,$/GAL
2013-08-01,Y44MB,NA,EPLLPA,Propane,PF4,Spot Price FOB,EER_EPLLPA_PF4_Y44MB_DPG,"Mont Belvieu, TX Propane Spot Price FOB (Dollars per Gallon)",1.061,$/GAL
2013-08-01,Y05LA,LOS ANGELES,EPMRR,Reformulated Regular Gasoline,PF4,Spot Price FOB,EER_EPMRR_PF4_Y05LA_DPG,Los Angeles Reformulated RBOB Regular Gasoline Spot Price (Dollars per Gallon),2.825,$/GAL
2013-08-01,RGC,NA,EPMRU,Conventional Regular Gasoline,PF4,Spot Price FOB,EER_EPMRU_PF4_RGC_DPG,U.S. Gulf Coast Conventional Gasoline Regular Spot Price FOB (Dollars per Gallon),2.861,$/GAL
2013-08-01,Y35NY,NEW YORK CITY,EPMRU,Conventional Regular Gasoline,PF4,Spot Price FOB,EER_EPMRU_PF4_Y35NY_DPG,New York Harbor Conventional Gasoline Regular Spot Price FOB (Dollars per Gallon),2.933,$/GAL
2013-08-01,ZEU,NA,EPCBRENT,UK Brent Crude Oil,PF4,Spot Price FOB,RBRTE,Europe Brent Spot Price FOB (Dollars per Barrel),111.28,$/BBL
2013-08-01,YCUOK,NA,EPCWTI,WTI Crude Oil,PF4,Spot Price FOB,RWTC,"Cushing, OK WTI Spot Price FOB (Dollars per Barrel)",106.57,$/BBL
2013-09-01,Y05LA,LOS ANGELES,EPD2DC,Carb Diesel,PF4,Spot Price FOB,EER_EPD2DC_PF4_Y05LA_DPG,"Los Angeles, CA Ultra-Low Sulfur CARB Diesel Spot Price (Dollars per Gallon)",3.062,$/GAL
2013-09-01,RGC,NA,EPD2DXL0,No 2 Diesel Low Sulfur (0-15 ppm),PF4,Spot Price FOB,EER_EPD2DXL0_PF4_RGC_DPG,U.S. Gulf Coast Ultra-Low Sulfur No 2 Diesel Spot Price (Dollars per Gallon),3.014,$/GAL
2013-09-01,Y35NY,NEW YORK CITY,EPD2DXL0,No 2 Diesel Low Sulfur (0-15 ppm),PF4,Spot Price FOB,EER_EPD2DXL0_PF4_Y35NY_DPG,New York Harbor Ultra-Low Sulfur No 2 Diesel Spot Price (Dollars per Gallon),3.048,$/GAL
2013-09-01,Y35NY,NEW YORK CITY,EPD2F,No 2 Fuel Oil / Heating Oil,PF4,Spot Price FOB,EER_EPD2F_PF4_Y35NY_DPG,New York Harbor No. 2 Heating Oil Spot Price FOB (Dollars per Gallon),2.961,$/GAL
2013-09-01,RGC,NA,EPJK,Kerosene-Type Jet Fuel,PF4,Spot Price FOB,EER_EPJK_PF4_RGC_DPG,U.S. Gulf Coast Kerosene-Type Jet Fuel Spot Price FOB (Dollars per Gallon),2.934,$/GAL
2013-09-01,Y44MB,NA,EPLLPA,Propane,PF4,Spot Price FOB,EER_EPLLPA_PF4_Y44MB_DPG,"Mont Belvieu, TX Propane Spot Price FOB (Dollars per Gallon)",1.107,$/GAL
2013-09-01,Y05LA,LOS ANGELES,EPMRR,Reformulated Regular Gasoline,PF4,Spot Price FOB,EER_EPMRR_PF4_Y05LA_DPG,Los Angeles Reformulated RBOB Regular Gasoline Spot Price (Dollars per Gallon),2.907,$/GAL
2013-09-01,RGC,NA,EPMRU,Conventional Regular Gasoline,PF4,Spot Price FOB,EER_EPMRU_PF4_RGC_DPG,U.S. Gulf Coast Conventional Gasoline Regular Spot Price FOB (Dollars per Gallon),2.604,$/GAL
2013-09-01,Y35NY,NEW YORK CITY,EPMRU,Conventional Regular Gasoline,PF4,Spot Price FOB,EER_EPMRU_PF4_Y35NY_DPG,New York Harbor Conventional Gasoline Regular Spot Price FOB (Dollars per Gallon),2.797,$/GAL
2013-09-01,ZEU,NA,EPCBRENT,UK Brent Crude Oil,PF4,Spot Price FOB,RBRTE,Europe Brent Spot Price FOB (Dollars per Barrel),111.6,$/BBL
2013-09-01,YCUOK,NA,EPCWTI,WTI Crude Oil,PF4,Spot Price FOB,RWTC,"Cushing, OK WTI Spot Price FOB (Dollars per Barrel)",106.29,$/BBL
2013-10-01,Y05LA,LOS ANGELES,EPD2DC,Carb Diesel,PF4,Spot Price FOB,EER_EPD2DC_PF4_Y05LA_DPG,"Los Angeles, CA Ultra-Low Sulfur CARB Diesel Spot Price (Dollars per Gallon)",2.972,$/GAL
2013-10-01,RGC,NA,EPD2DXL0,No 2 Diesel Low Sulfur (0-15 ppm),PF4,Spot Price FOB,EER_EPD2DXL0_PF4_RGC_DPG,U.S. Gulf Coast Ultra-Low Sulfur No 2 Diesel Spot Price (Dollars per Gallon),2.935,$/GAL
2013-10-01,Y35NY,NEW YORK CITY,EPD2DXL0,No 2 Diesel Low Sulfur (0-15 ppm),PF4,Spot Price FOB,EER_EPD2DXL0_PF4_Y35NY_DPG,New York Harbor Ultra-Low Sulfur No 2 Diesel Spot Price (Dollars per Gallon),2.995,$/GAL
2013-10-01,Y35NY,NEW YORK CITY,EPD2F,No 2 Fuel Oil / Heating Oil,PF4,Spot Price FOB,EER_EPD2F_PF4_Y35NY_DPG,New York Harbor No. 2 Heating Oil Spot Price FOB (Dollars per Gallon),2.94,$/GAL
2013-10-01,RGC,NA,EPJK,Kerosene-Type Jet Fuel,PF4,Spot Price FOB,EER_EPJK_PF4_RGC_DPG,U.S. Gulf Coast Kerosene-Type Jet Fuel Spot Price FOB (Dollars per Gallon),2.885,$/GAL
2013-10-01,Y44MB,NA,EPLLPA,Propane,PF4,Spot Price FOB,EER_EPLLPA_PF4_Y44MB_DPG,"Mont Belvieu, TX Propane Spot Price FOB (Dollars per Gallon)",1.136,$/GAL
2013-10-01,Y05LA,LOS ANGELES,EPMRR,Reformulated Regular Gasoline,PF4,Spot Price FOB,EER_EPMRR_PF4_Y05LA_DPG,Los Angeles Reformulated RBOB Regular Gasoline Spot Price (Dollars per Gallon),2.761,$/GAL
2013-10-01,RGC,NA,EPMRU,Conventional Regular Gasoline,PF4,Spot Price FOB,EER_EPMRU_PF4_RGC_DPG,U.S. Gulf Coast Conventional Gasoline Regular Spot Price FOB (Dollars per Gallon),2.49,$/GAL
2013-10-01,Y35NY,NEW YORK CITY,EPMRU,Conventional Regular Gasoline,PF4,Spot Price FOB,EER_EPMRU_PF4_Y35NY_DPG,New York Harbor Conventional Gasoline Regular Spot Price FOB (Dollars per Gallon),2.685,$/GAL
2013-10-01,ZEU,NA,EPCBRENT,UK Brent Crude Oil,PF4,Spot Price FOB,RBRTE,Europe Brent Spot Price FOB (Dollars per Barrel),109.08,$/BBL
2013-10-01,YCUOK,NA,EPCWTI,WTI Crude Oil,PF4,Spot Price FOB,RWTC,"Cushing, OK WTI Spot Price FOB (Dollars per Barrel)",100.54,$/BBL
2013-11-01,Y05LA,LOS ANGELES,EPD2DC,Carb Diesel,PF4,Spot Price FOB,EER_EPD2DC_PF4_Y05LA_DPG,"Los Angeles, CA Ultra-Low Sulfur CARB Diesel Spot Price (Dollars per Gallon)",2.91,$/GAL
2013-11-01,RGC,NA,EPD2DXL0,No 2 Diesel Low Sulfur (0-15 ppm),PF4,Spot Price FOB,EER_EPD2DXL0_PF4_RGC_DPG,U.S. Gulf Coast Ultra-Low Sulfur No 2 Diesel Spot Price (Dollars per Gallon),2.857,$/GAL
2013-11-01,Y35NY,NEW YORK CITY,EPD2DXL0,No 2 Diesel Low Sulfur (0-15 ppm),PF4,Spot Price FOB,EER_EPD2DXL0_PF4_Y35NY_DPG,New York Harbor Ultra-Low Sulfur No 2 Diesel Spot Price (Dollars per Gallon),2.938,$/GAL
2013-11-01,Y35NY,NEW YORK CITY,EPD2F,No 2 Fuel Oil / Heating Oil,PF4,Spot Price FOB,EER_EPD2F_PF4_Y35NY_DPG,New York Harbor No. 2 Heating Oil Spot Price FOB (Dollars per Gallon),2.923,$/GAL
2013-11-01,RGC,NA,EPJK,Kerosene-Type Jet Fuel,PF4,Spot Price FOB,EER_EPJK_PF4_RGC_DPG,U.S. Gulf Coast Kerosene-Type Jet Fuel Spot Price FOB (Dollars per Gallon),2.83,$/GAL
2013-11-01,Y44MB,NA,EPLLPA,Propane,PF4,Spot Price FOB,EER_EPLLPA_PF4_Y44MB_DPG,"Mont Belvieu, TX Propane Spot Price FOB (Dollars per Gallon)",1.181,$/GAL
2013-11-01,Y05LA,LOS ANGELES,EPMRR,Reformulated Regular Gasoline,PF4,Spot Price FOB,EER_EPMRR_PF4_Y05LA_DPG,Los Angeles Reformulated RBOB Regular Gasoline Spot Price (Dollars per Gallon),2.651,$/GAL
2013-11-01,RGC,NA,EPMRU,Conventional Regular Gasoline,PF4,Spot Price FOB,EER_EPMRU_PF4_RGC_DPG,U.S. Gulf Coast Conventional Gasoline Regular Spot Price FOB (Dollars per Gallon),2.451,$/GAL
2013-11-01,Y35NY,NEW YORK CITY,EPMRU,Conventional Regular Gasoline,PF4,Spot Price FOB,EER_EPMRU_PF4_Y35NY_DPG,New York Harbor Conventional Gasoline Regular Spot Price FOB (Dollars per Gallon),2.673,$/GAL
2013-11-01,ZEU,NA,EPCBRENT,UK Brent Crude Oil,PF4,Spot Price FOB,RBRTE,Europe Brent Spot Price FOB (Dollars per Barrel),107.79,$/BBL
2013-11-01,YCUOK,NA,EPCWTI,WTI Crude Oil,PF4,Spot Price FOB,RWTC,"Cushing, OK WTI Spot Price FOB (Dollars per Barrel)",93.86,$/BBL
2013-12-01,Y05LA,LOS ANGELES,EPD2DC,Carb Diesel,PF4,Spot Price FOB,EER_EPD2DC_PF4_Y05LA_DPG,"Los Angeles, CA Ultra-Low Sulfur CARB Diesel Spot Price (Dollars per Gallon)",3.002,$/GAL
2013-12-01,RGC,NA,EPD2DXL0,No 2 Diesel Low Sulfur (0-15 ppm),PF4,Spot Price FOB,EER_EPD2DXL0_PF4_RGC_DPG,U.S. Gulf Coast Ultra-Low Sulfur No 2 Diesel Spot Price (Dollars per Gallon),2.953,$/GAL
2013-12-01,Y35NY,NEW YORK CITY,EPD2DXL0,No 2 Diesel Low Sulfur (0-15 ppm),PF4,Spot Price FOB,EER_EPD2DXL0_PF4_Y35NY_DPG,New York Harbor Ultra-Low Sulfur No 2 Diesel Spot Price (Dollars per Gallon),3.045,$/GAL
2013-12-01,Y35NY,NEW YORK CITY,EPD2F,No 2 Fuel Oil / Heating Oil,PF4,Spot Price FOB,EER_EPD2F_PF4_Y35NY_DPG,New York Harbor No. 2 Heating Oil Spot Price FOB (Dollars per Gallon),3.032,$/GAL
2013-12-01,RGC,NA,EPJK,Kerosene-Type Jet Fuel,PF4,Spot Price FOB,EER_EPJK_PF4_RGC_DPG,U.S. Gulf Coast Kerosene-Type Jet Fuel Spot Price FOB (Dollars per Gallon),2.955,$/GAL
2013-12-01,Y44MB,NA,EPLLPA,Propane,PF4,Spot Price FOB,EER_EPLLPA_PF4_Y44MB_DPG,"Mont Belvieu, TX Propane Spot Price FOB (Dollars per Gallon)",1.275,$/GAL
2013-12-01,Y05LA,LOS ANGELES,EPMRR,Reformulated Regular Gasoline,PF4,Spot Price FOB,EER_EPMRR_PF4_Y05LA_DPG,Los Angeles Reformulated RBOB Regular Gasoline Spot Price (Dollars per Gallon),2.685,$/GAL
2013-12-01,RGC,NA,EPMRU,Conventional Regular Gasoline,PF4,Spot Price FOB,EER_EPMRU_PF4_RGC_DPG,U.S. Gulf Coast Conventional Gasoline Regular Spot Price FOB (Dollars per Gallon),2.52,$/GAL
2013-12-01,Y35NY,NEW YORK CITY,EPMRU,Conventional Regular Gasoline,PF4,Spot Price FOB,EER_EPMRU_PF4_Y35NY_DPG,New York Harbor Conventional Gasoline Regular Spot Price FOB (Dollars per Gallon),2.736,$/GAL
2013-12-01,ZEU,NA,EPCBRENT,UK Brent Crude Oil,PF4,Spot Price FOB,RBRTE,Europe Brent Spot Price FOB (Dollars per Barrel),110.76,$/BBL
2013-12-01,YCUOK,NA,EPCWTI,WTI Crude Oil,PF4,Spot Price FOB,RWTC,"Cushing, OK WTI Spot Price FOB (Dollars per Barrel)",97.63,$/BBL
2014-01-01,Y05LA,LOS ANGELES,EPD2DC,Carb Diesel,PF4,Spot Price FOB,EER_EPD2DC_PF4_Y05LA_DPG,"Los Angeles, CA Ultra-Low Sulfur CARB Diesel Spot Price (Dollars per Gallon)",2.927,$/GAL
2014-01-01,RGC,NA,EPD2DXL0,No 2 Diesel Low Sulfur (0-15 ppm),PF4,Spot Price FOB,EER_EPD2DXL0_PF4_RGC_DPG,U.S. Gulf Coast Ultra-Low Sulfur No 2 Diesel Spot Price (Dollars per Gallon),2.913,$/GAL
2014-01-01,Y35NY,NEW YORK CITY,EPD2DXL0,No 2 Diesel Low Sulfur (0-15 ppm),PF4,Spot Price FOB,EER_EPD2DXL0_PF4_Y35NY_DPG,New York Harbor Ultra-Low Sulfur No 2 Diesel Spot Price (Dollars per Gallon),3.117,$/GAL
2014-01-01,Y35NY,NEW YORK CITY,EPD2F,No 2 Fuel Oil / Heating Oil,PF4,Spot Price FOB,EER_EPD2F_PF4_Y35NY_DPG,New York Harbor No. 2 Heating Oil Spot Price FOB (Dollars per Gallon),3.063,$/GAL
2014-01-01,RGC,NA,EPJK,Kerosene-Type Jet Fuel,PF4,Spot Price FOB,EER_EPJK_PF4_RGC_DPG,U.S. Gulf Coast Kerosene-Type Jet Fuel Spot Price FOB (Dollars per Gallon),2.921,$/GAL
2014-01-01,Y44MB,NA,EPLLPA,Propane,PF4,Spot Price FOB,EER_EPLLPA_PF4_Y44MB_DPG,"Mont Belvieu, TX Propane Spot Price FOB (Dollars per Gallon)",1.395,$/GAL
2014-01-01,Y05LA,LOS ANGELES,EPMRR,Reformulated Regular Gasoline,PF4,Spot Price FOB,EER_EPMRR_PF4_Y05LA_DPG,Los Angeles Reformulated RBOB Regular Gasoline Spot Price (Dollars per Gallon),2.628,$/GAL
2014-01-01,RGC,NA,EPMRU,Conventional Regular Gasoline,PF4,Spot Price FOB,EER_EPMRU_PF4_RGC_DPG,U.S. Gulf Coast Conventional Gasoline Regular Spot Price FOB (Dollars per Gallon),2.548,$/GAL
2014-01-01,Y35NY,NEW YORK CITY,EPMRU,Conventional Regular Gasoline,PF4,Spot Price FOB,EER_EPMRU_PF4_Y35NY_DPG,New York Harbor Conventional Gasoline Regular Spot Price FOB (Dollars per Gallon),2.672,$/GAL
2014-01-01,ZEU,NA,EPCBRENT,UK Brent Crude Oil,PF4,Spot Price FOB,RBRTE,Europe Brent Spot Price FOB (Dollars per Barrel),108.12,$/BBL
2014-01-01,YCUOK,NA,EPCWTI,WTI Crude Oil,PF4,Spot Price FOB,RWTC,"Cushing, OK WTI Spot Price FOB (Dollars per Barrel)",94.62,$/BBL
2014-02-01,Y05LA,LOS ANGELES,EPD2DC,Carb Diesel,PF4,Spot Price FOB,EER_EPD2DC_PF4_Y05LA_DPG,"Los Angeles, CA Ultra-Low Sulfur CARB Diesel Spot Price (Dollars per Gallon)",3.022,$/GAL
2014-02-01,RGC,NA,EPD2DXL0,No 2 Diesel Low Sulfur (0-15 ppm),PF4,Spot Price FOB,EER_EPD2DXL0_PF4_RGC_DPG,U.S. Gulf Coast Ultra-Low Sulfur No 2 Diesel Spot Price (Dollars per Gallon),2.973,$/GAL
2014-02-01,Y35NY,NEW YORK CITY,EPD2DXL0,No 2 Diesel Low Sulfur (0-15 ppm),PF4,Spot Price FOB,EER_EPD2DXL0_PF4_Y35NY_DPG,New York Harbor Ultra-Low Sulfur No 2 Diesel Spot Price (Dollars per Gallon),3.227,$/GAL
2014-02-01,Y35NY,NEW YORK CITY,EPD2F,No 2 Fuel Oil / Heating Oil,PF4,Spot Price FOB,EER_EPD2F_PF4_Y35NY_DPG,New York Harbor No. 2 Heating Oil Spot Price FOB (Dollars per Gallon),3.061,$/GAL
2014-02-01,RGC,NA,EPJK,Kerosene-Type Jet Fuel,PF4,Spot Price FOB,EER_EPJK_PF4_RGC_DPG,U.S. Gulf Coast Kerosene-Type Jet Fuel Spot Price FOB (Dollars per Gallon),2.965,$/GAL
2014-02-01,Y44MB,NA,EPLLPA,Propane,PF4,Spot Price FOB,EER_EPLLPA_PF4_Y44MB_DPG,"Mont Belvieu, TX Propane Spot Price FOB (Dollars per Gallon)",1.443,$/GAL
2014-02-01,Y05LA,LOS ANGELES,EPMRR,Reformulated Regular Gasoline,PF4,Spot Price FOB,EER_EPMRR_PF4_Y05LA_DPG,Los Angeles Reformulated RBOB Regular Gasoline Spot Price (Dollars per Gallon),2.869,$/GAL
2014-02-01,RGC,NA,EPMRU,Conventional Regular Gasoline,PF4,Spot Price FOB,EER_EPMRU_PF4_RGC_DPG,U.S. Gulf Coast Conventional Gasoline Regular Spot Price FOB (Dollars per Gallon),2.695,$/GAL
2014-02-01,Y35NY,NEW YORK CITY,EPMRU,Conventional Regular Gasoline,PF4,Spot Price FOB,EER_EPMRU_PF4_Y35NY_DPG,New York Harbor Conventional Gasoline Regular Spot Price FOB (Dollars per Gallon),2.795,$/GAL
2014-02-01,ZEU,NA,EPCBRENT,UK Brent Crude Oil,PF4,Spot Price FOB,RBRTE,Europe Brent Spot Price FOB (Dollars per Barrel),108.9,$/BBL
2014-02-01,YCUOK,NA,EPCWTI,WTI Crude Oil,PF4,Spot Price FOB,RWTC,"Cushing, OK WTI Spot Price FOB (Dollars per Barrel)",100.82,$/BBL
2014-03-01,Y05LA,LOS ANGELES,EPD2DC,Carb Diesel,PF4,Spot Price FOB,EER_EPD2DC_PF4_Y05LA_DPG,"Los Angeles, CA Ultra-Low Sulfur CARB Diesel Spot Price (Dollars per Gallon)",2.899,$/GAL
2014-03-01,RGC,NA,EPD2DXL0,No 2 Diesel Low Sulfur (0-15 ppm),PF4,Spot Price FOB,EER_EPD2DXL0_PF4_RGC_DPG,U.S. Gulf Coast Ultra-Low Sulfur No 2 Diesel Spot Price (Dollars per Gallon),2.917,$/GAL
2014-03-01,Y35NY,NEW YORK CITY,EPD2DXL0,No 2 Diesel Low Sulfur (0-15 ppm),PF4,Spot Price FOB,EER_EPD2DXL0_PF4_Y35NY_DPG,New York Harbor Ultra-Low Sulfur No 2 Diesel Spot Price (Dollars per Gallon),2.993,$/GAL
2014-03-01,Y35NY,NEW YORK CITY,EPD2F,No 2 Fuel Oil / Heating Oil,PF4,Spot Price FOB,EER_EPD2F_PF4_Y35NY_DPG,New York Harbor No. 2 Heating Oil Spot Price FOB (Dollars per Gallon),2.912,$/GAL
2014-03-01,RGC,NA,EPJK,Kerosene-Type Jet Fuel,PF4,Spot Price FOB,EER_EPJK_PF4_RGC_DPG,U.S. Gulf Coast Kerosene-Type Jet Fuel Spot Price FOB (Dollars per Gallon),2.89,$/GAL
2014-03-01,Y44MB,NA,EPLLPA,Propane,PF4,Spot Price FOB,EER_EPLLPA_PF4_Y44MB_DPG,"Mont Belvieu, TX Propane Spot Price FOB (Dollars per Gallon)",1.064,$/GAL
2014-03-01,Y05LA,LOS ANGELES,EPMRR,Reformulated Regular Gasoline,PF4,Spot Price FOB,EER_EPMRR_PF4_Y05LA_DPG,Los Angeles Reformulated RBOB Regular Gasoline Spot Price (Dollars per Gallon),2.894,$/GAL
2014-03-01,RGC,NA,EPMRU,Conventional Regular Gasoline,PF4,Spot Price FOB,EER_EPMRU_PF4_RGC_DPG,U.S. Gulf Coast Conventional Gasoline Regular Spot Price FOB (Dollars per Gallon),2.714,$/GAL
2014-03-01,Y35NY,NEW YORK CITY,EPMRU,Conventional Regular Gasoline,PF4,Spot Price FOB,EER_EPMRU_PF4_Y35NY_DPG,New York Harbor Conventional Gasoline Regular Spot Price FOB (Dollars per Gallon),2.753,$/GAL
2014-03-01,ZEU,NA,EPCBRENT,UK Brent Crude Oil,PF4,Spot Price FOB,RBRTE,Europe Brent Spot Price FOB (Dollars per Barrel),107.48,$/BBL
2014-03-01,YCUOK,NA,EPCWTI,WTI Crude Oil,PF4,Spot Price FOB,RWTC,"Cushing, OK WTI Spot Price FOB (Dollars per Barrel)",100.8,$/BBL
2014-04-01,Y05LA,LOS ANGELES,EPD2DC,Carb Diesel,PF4,Spot Price FOB,EER_EPD2DC_PF4_Y05LA_DPG,"Los Angeles, CA Ultra-Low Sulfur CARB Diesel Spot Price (Dollars per Gallon)",2.998,$/GAL
2014-04-01,RGC,NA,EPD2DXL0,No 2 Diesel Low Sulfur (0-15 ppm),PF4,Spot Price FOB,EER_EPD2DXL0_PF4_RGC_DPG,U.S. Gulf Coast Ultra-Low Sulfur No 2 Diesel Spot Price (Dollars per Gallon),2.932,$/GAL
2014-04-01,Y35NY,NEW YORK CITY,EPD2DXL0,No 2 Diesel Low Sulfur (0-15 ppm),PF4,Spot Price FOB,EER_EPD2DXL0_PF4_Y35NY_DPG,New York Harbor Ultra-Low Sulfur No 2 Diesel Spot Price (Dollars per Gallon),2.958,$/GAL
2014-04-01,Y35NY,NEW YORK CITY,EPD2F,No 2 Fuel Oil / Heating Oil,PF4,Spot Price FOB,EER_EPD2F_PF4_Y35NY_DPG,New York Harbor No. 2 Heating Oil Spot Price FOB (Dollars per Gallon),2.888,$/GAL
2014-04-01,RGC,NA,EPJK,Kerosene-Type Jet Fuel,PF4,Spot Price FOB,EER_EPJK_PF4_RGC_DPG,U.S. Gulf Coast Kerosene-Type Jet Fuel Spot Price FOB (Dollars per Gallon),2.888,$/GAL
2014-04-01,Y44MB,NA,EPLLPA,Propane,PF4,Spot Price FOB,EER_EPLLPA_PF4_Y44MB_DPG,"Mont Belvieu, TX Propane Spot Price FOB (Dollars per Gallon)",1.101,$/GAL
2014-04-01,Y05LA,LOS ANGELES,EPMRR,Reformulated Regular Gasoline,PF4,Spot Price FOB,EER_EPMRR_PF4_Y05LA_DPG,Los Angeles Reformulated RBOB Regular Gasoline Spot Price (Dollars per Gallon),3.169,$/GAL
2014-04-01,RGC,NA,EPMRU,Conventional Regular Gasoline,PF4,Spot Price FOB,EER_EPMRU_PF4_RGC_DPG,U.S. Gulf Coast Conventional Gasoline Regular Spot Price FOB (Dollars per Gallon),2.801,$/GAL
2014-04-01,Y35NY,NEW YORK CITY,EPMRU,Conventional Regular Gasoline,PF4,Spot Price FOB,EER_EPMRU_PF4_Y35NY_DPG,New York Harbor Conventional Gasoline Regular Spot Price FOB (Dollars per Gallon),2.896,$/GAL
2014-04-01,ZEU,NA,EPCBRENT,UK Brent Crude Oil,PF4,Spot Price FOB,RBRTE,Europe Brent Spot Price FOB (Dollars per Barrel),107.76,$/BBL
2014-04-01,YCUOK,NA,EPCWTI,WTI Crude Oil,PF4,Spot Price FOB,RWTC,"Cushing, OK WTI Spot Price FOB (Dollars per Barrel)",102.07,$/BBL
2014-05-01,Y05LA,LOS ANGELES,EPD2DC,Carb Diesel,PF4,Spot Price FOB,EER_EPD2DC_PF4_Y05LA_DPG,"Los Angeles, CA Ultra-Low Sulfur CARB Diesel Spot Price (Dollars per Gallon)",3.016,$/GAL
2014-05-01,RGC,NA,EPD2DXL0,No 2 Diesel Low Sulfur (0-15 ppm),PF4,Spot Price FOB,EER_EPD2DXL0_PF4_RGC_DPG,U.S. Gulf Coast Ultra-Low Sulfur No 2 Diesel Spot Price (Dollars per Gallon),2.904,$/GAL
2014-05-01,Y35NY,NEW YORK CITY,EPD2DXL0,No 2 Diesel Low Sulfur (0-15 ppm),PF4,Spot Price FOB,EER_EPD2DXL0_PF4_Y35NY_DPG,New York Harbor Ultra-Low Sulfur No 2 Diesel Spot Price (Dollars per Gallon),2.936,$/GAL
2014-05-01,Y35NY,NEW YORK CITY,EPD2F,No 2 Fuel Oil / Heating Oil,PF4,Spot Price FOB,EER_EPD2F_PF4_Y35NY_DPG,New York Harbor No. 2 Heating Oil Spot Price FOB (Dollars per Gallon),2.86,$/GAL
2014-05-01,RGC,NA,EPJK,Kerosene-Type Jet Fuel,PF4,Spot Price FOB,EER_EPJK_PF4_RGC_DPG,U.S. Gulf Coast Kerosene-Type Jet Fuel Spot Price FOB (Dollars per Gallon),2.868,$/GAL
2014-05-01,Y44MB,NA,EPLLPA,Propane,PF4,Spot Price FOB,EER_EPLLPA_PF4_Y44MB_DPG,"Mont Belvieu, TX Propane Spot Price FOB (Dollars per Gallon)",1.043,$/GAL
2014-05-01,Y05LA,LOS ANGELES,EPMRR,Reformulated Regular Gasoline,PF4,Spot Price FOB,EER_EPMRR_PF4_Y05LA_DPG,Los Angeles Reformulated RBOB Regular Gasoline Spot Price (Dollars per Gallon),3.036,$/GAL
2014-05-01,RGC,NA,EPMRU,Conventional Regular Gasoline,PF4,Spot Price FOB,EER_EPMRU_PF4_RGC_DPG,U.S. Gulf Coast Conventional Gasoline Regular Spot Price FOB (Dollars per Gallon),2.762,$/GAL
2014-05-01,Y35NY,NEW YORK CITY,EPMRU,Conventional Regular Gasoline,PF4,Spot Price FOB,EER_EPMRU_PF4_Y35NY_DPG,New York Harbor Conventional Gasoline Regular Spot Price FOB (Dollars per Gallon),2.862,$/GAL
2014-05-01,ZEU,NA,EPCBRENT,UK Brent Crude Oil,PF4,Spot Price FOB,RBRTE,Europe Brent Spot Price FOB (Dollars per Barrel),109.54,$/BBL
2014-05-01,YCUOK,NA,EPCWTI,WTI Crude Oil,PF4,Spot Price FOB,RWTC,"Cushing, OK WTI Spot Price FOB (Dollars per Barrel)",102.18,$/BBL
2014-06-01,Y05LA,LOS ANGELES,EPD2DC,Carb Diesel,PF4,Spot Price FOB,EER_EPD2DC_PF4_Y05LA_DPG,"Los Angeles, CA Ultra-Low Sulfur CARB Diesel Spot Price (Dollars per Gallon)",3.006,$/GAL
2014-06-01,RGC,NA,EPD2DXL0,No 2 Diesel Low Sulfur (0-15 ppm),PF4,Spot Price FOB,EER_EPD2DXL0_PF4_RGC_DPG,U.S. Gulf Coast Ultra-Low Sulfur No 2 Diesel Spot Price (Dollars per Gallon),2.921,$/GAL
2014-06-01,Y35NY,NEW YORK CITY,EPD2DXL0,No 2 Diesel Low Sulfur (0-15 ppm),PF4,Spot Price FOB,EER_EPD2DXL0_PF4_Y35NY_DPG,New York Harbor Ultra-Low Sulfur No 2 Diesel Spot Price (Dollars per Gallon),2.962,$/GAL
2014-06-01,Y35NY,NEW YORK CITY,EPD2F,No 2 Fuel Oil / Heating Oil,PF4,Spot Price FOB,EER_EPD2F_PF4_Y35NY_DPG,New York Harbor No. 2 Heating Oil Spot Price FOB (Dollars per Gallon),2.882,$/GAL
2014-06-01,RGC,NA,EPJK,Kerosene-Type Jet Fuel,PF4,Spot Price FOB,EER_EPJK_PF4_RGC_DPG,U.S. Gulf Coast Kerosene-Type Jet Fuel Spot Price FOB (Dollars per Gallon),2.883,$/GAL
2014-06-01,Y44MB,NA,EPLLPA,Propane,PF4,Spot Price FOB,EER_EPLLPA_PF4_Y44MB_DPG,"Mont Belvieu, TX Propane Spot Price FOB (Dollars per Gallon)",1.046,$/GAL
2014-06-01,Y05LA,LOS ANGELES,EPMRR,Reformulated Regular Gasoline,PF4,Spot Price FOB,EER_EPMRR_PF4_Y05LA_DPG,Los Angeles Reformulated RBOB Regular Gasoline Spot Price (Dollars per Gallon),3.116,$/GAL
2014-06-01,RGC,NA,EPMRU,Conventional Regular Gasoline,PF4,Spot Price FOB,EER_EPMRU_PF4_RGC_DPG,U.S. Gulf Coast Conventional Gasoline Regular Spot Price FOB (Dollars per Gallon),2.849,$/GAL
2014-06-01,Y35NY,NEW YORK CITY,EPMRU,Conventional Regular Gasoline,PF4,Spot Price FOB,EER_EPMRU_PF4_Y35NY_DPG,New York Harbor Conventional Gasoline Regular Spot Price FOB (Dollars per Gallon),2.896,$/GAL
2014-06-01,ZEU,NA,EPCBRENT,UK Brent Crude Oil,PF4,Spot Price FOB,RBRTE,Europe Brent Spot Price FOB (Dollars per Barrel),111.8,$/BBL
2014-06-01,YCUOK,NA,EPCWTI,WTI Crude Oil,PF4,Spot Price FOB,RWTC,"Cushing, OK WTI Spot Price FOB (Dollars per Barrel)",105.79,$/BBL
2014-07-01,Y05LA,LOS ANGELES,EPD2DC,Carb Diesel,PF4,Spot Price FOB,EER_EPD2DC_PF4_Y05LA_DPG,"Los Angeles, CA Ultra-Low Sulfur CARB Diesel Spot Price (Dollars per Gallon)",2.935,$/GAL
2014-07-01,RGC,NA,EPD2DXL0,No 2 Diesel Low Sulfur (0-15 ppm),PF4,Spot Price FOB,EER_EPD2DXL0_PF4_RGC_DPG,U.S. Gulf Coast Ultra-Low Sulfur No 2 Diesel Spot Price (Dollars per Gallon),2.842,$/GAL
2014-07-01,Y35NY,NEW YORK CITY,EPD2DXL0,No 2 Diesel Low Sulfur (0-15 ppm),PF4,Spot Price FOB,EER_EPD2DXL0_PF4_Y35NY_DPG,New York Harbor Ultra-Low Sulfur No 2 Diesel Spot Price (Dollars per Gallon),2.879,$/GAL
2014-07-01,Y35NY,NEW YORK CITY,EPD2F,No 2 Fuel Oil / Heating Oil,PF4,Spot Price FOB,EER_EPD2F_PF4_Y35NY_DPG,New York Harbor No. 2 Heating Oil Spot Price FOB (Dollars per Gallon),2.776,$/GAL
2014-07-01,RGC,NA,EPJK,Kerosene-Type Jet Fuel,PF4,Spot Price FOB,EER_EPJK_PF4_RGC_DPG,U.S. Gulf Coast Kerosene-Type Jet Fuel Spot Price FOB (Dollars per Gallon),2.817,$/GAL
2014-07-01,Y44MB,NA,EPLLPA,Propane,PF4,Spot Price FOB,EER_EPLLPA_PF4_Y44MB_DPG,"Mont Belvieu, TX Propane Spot Price FOB (Dollars per Gallon)",1.036,$/GAL
2014-07-01,Y05LA,LOS ANGELES,EPMRR,Reformulated Regular Gasoline,PF4,Spot Price FOB,EER_EPMRR_PF4_Y05LA_DPG,Los Angeles Reformulated RBOB Regular Gasoline Spot Price (Dollars per Gallon),2.908,$/GAL
2014-07-01,RGC,NA,EPMRU,Conventional Regular Gasoline,PF4,Spot Price FOB,EER_EPMRU_PF4_RGC_DPG,U.S. Gulf Coast Conventional Gasoline Regular Spot Price FOB (Dollars per Gallon),2.713,$/GAL
2014-07-01,Y35NY,NEW YORK CITY,EPMRU,Conventional Regular Gasoline,PF4,Spot Price FOB,EER_EPMRU_PF4_Y35NY_DPG,New York Harbor Conventional Gasoline Regular Spot Price FOB (Dollars per Gallon),2.802,$/GAL
2014-07-01,ZEU,NA,EPCBRENT,UK Brent Crude Oil,PF4,Spot Price FOB,RBRTE,Europe Brent Spot Price FOB (Dollars per Barrel),106.77,$/BBL
2014-07-01,YCUOK,NA,EPCWTI,WTI Crude Oil,PF4,Spot Price FOB,RWTC,"Cushing, OK WTI Spot Price FOB (Dollars per Barrel)",103.59,$/BBL
2014-08-01,Y05LA,LOS ANGELES,EPD2DC,Carb Diesel,PF4,Spot Price FOB,EER_EPD2DC_PF4_Y05LA_DPG,"Los Angeles, CA Ultra-Low Sulfur CARB Diesel Spot Price (Dollars per Gallon)",2.949,$/GAL
2014-08-01,RGC,NA,EPD2DXL0,No 2 Diesel Low Sulfur (0-15 ppm),PF4,Spot Price FOB,EER_EPD2DXL0_PF4_RGC_DPG,U.S. Gulf Coast Ultra-Low Sulfur No 2 Diesel Spot Price (Dollars per Gallon),2.821,$/GAL
2014-08-01,Y35NY,NEW YORK CITY,EPD2DXL0,No 2 Diesel Low Sulfur (0-15 ppm),PF4,Spot Price FOB,EER_EPD2DXL0_PF4_Y35NY_DPG,New York Harbor Ultra-Low Sulfur No 2 Diesel Spot Price (Dollars per Gallon),2.85,$/GAL
2014-08-01,Y35NY,NEW YORK CITY,EPD2F,No 2 Fuel Oil / Heating Oil,PF4,Spot Price FOB,EER_EPD2F_PF4_Y35NY_DPG,New York Harbor No. 2 Heating Oil Spot Price FOB (Dollars per Gallon),2.753,$/GAL
2014-08-01,RGC,NA,EPJK,Kerosene-Type Jet Fuel,PF4,Spot Price FOB,EER_EPJK_PF4_RGC_DPG,U.S. Gulf Coast Kerosene-Type Jet Fuel Spot Price FOB (Dollars per Gallon),2.839,$/GAL
2014-08-01,Y44MB,NA,EPLLPA,Propane,PF4,Spot Price FOB,EER_EPLLPA_PF4_Y44MB_DPG,"Mont Belvieu, TX Propane Spot Price FOB (Dollars per Gallon)",1.018,$/GAL
2014-08-01,Y05LA,LOS ANGELES,EPMRR,Reformulated Regular Gasoline,PF4,Spot Price FOB,EER_EPMRR_PF4_Y05LA_DPG,Los Angeles Reformulated RBOB Regular Gasoline Spot Price (Dollars per Gallon),2.808,$/GAL
2014-08-01,RGC,NA,EPMRU,Conventional Regular Gasoline,PF4,Spot Price FOB,EER_EPMRU_PF4_RGC_DPG,U.S. Gulf Coast Conventional Gasoline Regular Spot Price FOB (Dollars per Gallon),2.631,$/GAL
2014-08-01,Y35NY,NEW YORK CITY,EPMRU,Conventional Regular Gasoline,PF4,Spot Price FOB,EER_EPMRU_PF4_Y35NY_DPG,New York Harbor Conventional Gasoline Regular Spot Price FOB (Dollars per Gallon),2.705,$/GAL
2014-08-01,ZEU,NA,EPCBRENT,UK Brent Crude Oil,PF4,Spot Price FOB,RBRTE,Europe Brent Spot Price FOB (Dollars per Barrel),101.61,$/BBL
2014-08-01,YCUOK,NA,EPCWTI,WTI Crude Oil,PF4,Spot Price FOB,RWTC,"Cushing, OK WTI Spot Price FOB (Dollars per Barrel)",96.54,$/BBL
2014-09-01,Y05LA,LOS ANGELES,EPD2DC,Carb Diesel,PF4,Spot Price FOB,EER_EPD2DC_PF4_Y05LA_DPG,"Los Angeles, CA Ultra-Low Sulfur CARB Diesel Spot Price (Dollars per Gallon)",2.796,$/GAL
2014-09-01,RGC,NA,EPD2DXL0,No 2 Diesel Low Sulfur (0-15 ppm),PF4,Spot Price FOB,EER_EPD2DXL0_PF4_RGC_DPG,U.S. Gulf Coast Ultra-Low Sulfur No 2 Diesel Spot Price (Dollars per Gallon),2.709,$/GAL
2014-09-01,Y35NY,NEW YORK CITY,EPD2DXL0,No 2 Diesel Low Sulfur (0-15 ppm),PF4,Spot Price FOB,EER_EPD2DXL0_PF4_Y35NY_DPG,New York Harbor Ultra-Low Sulfur No 2 Diesel Spot Price (Dollars per Gallon),2.74,$/GAL
2014-09-01,Y35NY,NEW YORK CITY,EPD2F,No 2 Fuel Oil / Heating Oil,PF4,Spot Price FOB,EER_EPD2F_PF4_Y35NY_DPG,New York Harbor No. 2 Heating Oil Spot Price FOB (Dollars per Gallon),2.633,$/GAL
2014-09-01,RGC,NA,EPJK,Kerosene-Type Jet Fuel,PF4,Spot Price FOB,EER_EPJK_PF4_RGC_DPG,U.S. Gulf Coast Kerosene-Type Jet Fuel Spot Price FOB (Dollars per Gallon),2.729,$/GAL
2014-09-01,Y44MB,NA,EPLLPA,Propane,PF4,Spot Price FOB,EER_EPLLPA_PF4_Y44MB_DPG,"Mont Belvieu, TX Propane Spot Price FOB (Dollars per Gallon)",1.062,$/GAL
2014-09-01,Y05LA,LOS ANGELES,EPMRR,Reformulated Regular Gasoline,PF4,Spot Price FOB,EER_EPMRR_PF4_Y05LA_DPG,Los Angeles Reformulated RBOB Regular Gasoline Spot Price (Dollars per Gallon),2.719,$/GAL
2014-09-01,RGC,NA,EPMRU,Conventional Regular Gasoline,PF4,Spot Price FOB,EER_EPMRU_PF4_RGC_DPG,U.S. Gulf Coast Conventional Gasoline Regular Spot Price FOB (Dollars per Gallon),2.605,$/GAL
2014-09-01,Y35NY,NEW YORK CITY,EPMRU,Conventional Regular Gasoline,PF4,Spot Price FOB,EER_EPMRU_PF4_Y35NY_DPG,New York Harbor Conventional Gasoline Regular Spot Price FOB (Dollars per Gallon),2.721,$/GAL
2014-09-01,ZEU,NA,EPCBRENT,UK Brent Crude Oil,PF4,Spot Price FOB,RBRTE,Europe Brent Spot Price FOB (Dollars per Barrel),97.09,$/BBL
2014-09-01,YCUOK,NA,EPCWTI,WTI Crude Oil,PF4,Spot Price FOB,RWTC,"Cushing, OK WTI Spot Price FOB (Dollars per Barrel)",93.21,$/BBL
2014-10-01,Y05LA,LOS ANGELES,EPD2DC,Carb Diesel,PF4,Spot Price FOB,EER_EPD2DC_PF4_Y05LA_DPG,"Los Angeles, CA Ultra-Low Sulfur CARB Diesel Spot Price (Dollars per Gallon)",2.577,$/GAL
2014-10-01,RGC,NA,EPD2DXL0,No 2 Diesel Low Sulfur (0-15 ppm),PF4,Spot Price FOB,EER_EPD2DXL0_PF4_RGC_DPG,U.S. Gulf Coast Ultra-Low Sulfur No 2 Diesel Spot Price (Dollars per Gallon),2.5,$/GAL
2014-10-01,Y35NY,NEW YORK CITY,EPD2DXL0,No 2 Diesel Low Sulfur (0-15 ppm),PF4,Spot Price FOB,EER_EPD2DXL0_PF4_Y35NY_DPG,New York Harbor Ultra-Low Sulfur No 2 Diesel Spot Price (Dollars per Gallon),2.532,$/GAL
2014-10-01,Y35NY,NEW YORK CITY,EPD2F,No 2 Fuel Oil / Heating Oil,PF4,Spot Price FOB,EER_EPD2F_PF4_Y35NY_DPG,New York Harbor No. 2 Heating Oil Spot Price FOB (Dollars per Gallon),2.424,$/GAL
2014-10-01,RGC,NA,EPJK,Kerosene-Type Jet Fuel,PF4,Spot Price FOB,EER_EPJK_PF4_RGC_DPG,U.S. Gulf Coast Kerosene-Type Jet Fuel Spot Price FOB (Dollars per Gallon),2.46,$/GAL
2014-10-01,Y44MB,NA,EPLLPA,Propane,PF4,Spot Price FOB,EER_EPLLPA_PF4_Y44MB_DPG,"Mont Belvieu, TX Propane Spot Price FOB (Dollars per Gallon)",0.936,$/GAL
2014-10-01,Y05LA,LOS ANGELES,EPMRR,Reformulated Regular Gasoline,PF4,Spot Price FOB,EER_EPMRR_PF4_Y05LA_DPG,Los Angeles Reformulated RBOB Regular Gasoline Spot Price (Dollars per Gallon),2.338,$/GAL
2014-10-01,RGC,NA,EPMRU,Conventional Regular Gasoline,PF4,Spot Price FOB,EER_EPMRU_PF4_RGC_DPG,U.S. Gulf Coast Conventional Gasoline Regular Spot Price FOB (Dollars per Gallon),2.179,$/GAL
2014-10-01,Y35NY,NEW YORK CITY,EPMRU,Conventional Regular Gasoline,PF4,Spot Price FOB,EER_EPMRU_PF4_Y35NY_DPG,New York Harbor Conventional Gasoline Regular Spot Price FOB (Dollars per Gallon),2.398,$/GAL
2014-10-01,ZEU,NA,EPCBRENT,UK Brent Crude Oil,PF4,Spot Price FOB,RBRTE,Europe Brent Spot Price FOB (Dollars per Barrel),87.43,$/BBL
2014-10-01,YCUOK,NA,EPCWTI,WTI Crude Oil,PF4,Spot Price FOB,RWTC,"Cushing, OK WTI Spot Price FOB (Dollars per Barrel)",84.4,$/BBL
2014-11-01,Y05LA,LOS ANGELES,EPD2DC,Carb Diesel,PF4,Spot Price FOB,EER_EPD2DC_PF4_Y05LA_DPG,"Los Angeles, CA Ultra-Low Sulfur CARB Diesel Spot Price (Dollars per Gallon)",2.408,$/GAL
2014-11-01,RGC,NA,EPD2DXL0,No 2 Diesel Low Sulfur (0-15 ppm),PF4,Spot Price FOB,EER_EPD2DXL0_PF4_RGC_DPG,U.S. Gulf Coast Ultra-Low Sulfur No 2 Diesel Spot Price (Dollars per Gallon),2.314,$/GAL
2014-11-01,Y35NY,NEW YORK CITY,EPD2DXL0,No 2 Diesel Low Sulfur (0-15 ppm),PF4,Spot Price FOB,EER_EPD2DXL0_PF4_Y35NY_DPG,New York Harbor Ultra-Low Sulfur No 2 Diesel Spot Price (Dollars per Gallon),2.43,$/GAL
2014-11-01,Y35NY,NEW YORK CITY,EPD2F,No 2 Fuel Oil / Heating Oil,PF4,Spot Price FOB,EER_EPD2F_PF4_Y35NY_DPG,New York Harbor No. 2 Heating Oil Spot Price FOB (Dollars per Gallon),2.249,$/GAL
2014-11-01,RGC,NA,EPJK,Kerosene-Type Jet Fuel,PF4,Spot Price FOB,EER_EPJK_PF4_RGC_DPG,U.S. Gulf Coast Kerosene-Type Jet Fuel Spot Price FOB (Dollars per Gallon),2.297,$/GAL
2014-11-01,Y44MB,NA,EPLLPA,Propane,PF4,Spot Price FOB,EER_EPLLPA_PF4_Y44MB_DPG,"Mont Belvieu, TX Propane Spot Price FOB (Dollars per Gallon)",0.802,$/GAL
2014-11-01,Y05LA,LOS ANGELES,EPMRR,Reformulated Regular Gasoline,PF4,Spot Price FOB,EER_EPMRR_PF4_Y05LA_DPG,Los Angeles Reformulated RBOB Regular Gasoline Spot Price (Dollars per Gallon),2.024,$/GAL
2014-11-01,RGC,NA,EPMRU,Conventional Regular Gasoline,PF4,Spot Price FOB,EER_EPMRU_PF4_RGC_DPG,U.S. Gulf Coast Conventional Gasoline Regular Spot Price FOB (Dollars per Gallon),1.937,$/GAL
2014-11-01,Y35NY,NEW YORK CITY,EPMRU,Conventional Regular Gasoline,PF4,Spot Price FOB,EER_EPMRU_PF4_Y35NY_DPG,New York Harbor Conventional Gasoline Regular Spot Price FOB (Dollars per Gallon),2.165,$/GAL
2014-11-01,ZEU,NA,EPCBRENT,UK Brent Crude Oil,PF4,Spot Price FOB,RBRTE,Europe Brent Spot Price FOB (Dollars per Barrel),79.44,$/BBL
2014-11-01,YCUOK,NA,EPCWTI,WTI Crude Oil,PF4,Spot Price FOB,RWTC,"Cushing, OK WTI Spot Price FOB (Dollars per Barrel)",75.79,$/BBL
2014-12-01,Y05LA,LOS ANGELES,EPD2DC,Carb Diesel,PF4,Spot Price FOB,EER_EPD2DC_PF4_Y05LA_DPG,"Los Angeles, CA Ultra-Low Sulfur CARB Diesel Spot Price (Dollars per Gallon)",1.896,$/GAL
2014-12-01,RGC,NA,EPD2DXL0,No 2 Diesel Low Sulfur (0-15 ppm),PF4,Spot Price FOB,EER_EPD2DXL0_PF4_RGC_DPG,U.S. Gulf Coast Ultra-Low Sulfur No 2 Diesel Spot Price (Dollars per Gallon),1.784,$/GAL
2014-12-01,Y35NY,NEW YORK CITY,EPD2DXL0,No 2 Diesel Low Sulfur (0-15 ppm),PF4,Spot Price FOB,EER_EPD2DXL0_PF4_Y35NY_DPG,New York Harbor Ultra-Low Sulfur No 2 Diesel Spot Price (Dollars per Gallon),2.034,$/GAL
2014-12-01,Y35NY,NEW YORK CITY,EPD2F,No 2 Fuel Oil / Heating Oil,PF4,Spot Price FOB,EER_EPD2F_PF4_Y35NY_DPG,New York Harbor No. 2 Heating Oil Spot Price FOB (Dollars per Gallon),1.856,$/GAL
2014-12-01,RGC,NA,EPJK,Kerosene-Type Jet Fuel,PF4,Spot Price FOB,EER_EPJK_PF4_RGC_DPG,U.S. Gulf Coast Kerosene-Type Jet Fuel Spot Price FOB (Dollars per Gallon),1.801,$/GAL
2014-12-01,Y44MB,NA,EPLLPA,Propane,PF4,Spot Price FOB,EER_EPLLPA_PF4_Y44MB_DPG,"Mont Belvieu, TX Propane Spot Price FOB (Dollars per Gallon)",0.558,$/GAL
2014-12-01,Y05LA,LOS ANGELES,EPMRR,Reformulated Regular Gasoline,PF4,Spot Price FOB,EER_EPMRR_PF4_Y05LA_DPG,Los Angeles Reformulated RBOB Regular Gasoline Spot Price (Dollars per Gallon),1.508,$/GAL
2014-12-01,RGC,NA,EPMRU,Conventional Regular Gasoline,PF4,Spot Price FOB,EER_EPMRU_PF4_RGC_DPG,U.S. Gulf Coast Conventional Gasoline Regular Spot Price FOB (Dollars per Gallon),1.423,$/GAL
2014-12-01,Y35NY,NEW YORK CITY,EPMRU,Conventional Regular Gasoline,PF4,Spot Price FOB,EER_EPMRU_PF4_Y35NY_DPG,New York Harbor Conventional Gasoline Regular Spot Price FOB (Dollars per Gallon),1.683,$/GAL
2014-12-01,ZEU,NA,EPCBRENT,UK Brent Crude Oil,PF4,Spot Price FOB,RBRTE,Europe Brent Spot Price FOB (Dollars per Barrel),62.34,$/BBL
2014-12-01,YCUOK,NA,EPCWTI,WTI Crude Oil,PF4,Spot Price FOB,RWTC,"Cushing, OK WTI Spot Price FOB (Dollars per Barrel)",59.29,$/BBL
2015-01-01,Y05LA,LOS ANGELES,EPD2DC,Carb Diesel,PF4,Spot Price FOB,EER_EPD2DC_PF4_Y05LA_DPG,"Los Angeles, CA Ultra-Low Sulfur CARB Diesel Spot Price (Dollars per Gallon)",1.559,$/GAL
2015-01-01,RGC,NA,EPD2DXL0,No 2 Diesel Low Sulfur (0-15 ppm),PF4,Spot Price FOB,EER_EPD2DXL0_PF4_RGC_DPG,U.S. Gulf Coast Ultra-Low Sulfur No 2 Diesel Spot Price (Dollars per Gallon),1.531,$/GAL
2015-01-01,Y35NY,NEW YORK CITY,EPD2DXL0,No 2 Diesel Low Sulfur (0-15 ppm),PF4,Spot Price FOB,EER_EPD2DXL0_PF4_Y35NY_DPG,New York Harbor Ultra-Low Sulfur No 2 Diesel Spot Price (Dollars per Gallon),1.678,$/GAL
2015-01-01,Y35NY,NEW YORK CITY,EPD2F,No 2 Fuel Oil / Heating Oil,PF4,Spot Price FOB,EER_EPD2F_PF4_Y35NY_DPG,New York Harbor No. 2 Heating Oil Spot Price FOB (Dollars per Gallon),1.616,$/GAL
2015-01-01,RGC,NA,EPJK,Kerosene-Type Jet Fuel,PF4,Spot Price FOB,EER_EPJK_PF4_RGC_DPG,U.S. Gulf Coast Kerosene-Type Jet Fuel Spot Price FOB (Dollars per Gallon),1.496,$/GAL
2015-01-01,Y44MB,NA,EPLLPA,Propane,PF4,Spot Price FOB,EER_EPLLPA_PF4_Y44MB_DPG,"Mont Belvieu, TX Propane Spot Price FOB (Dollars per Gallon)",0.478,$/GAL
2015-01-01,Y05LA,LOS ANGELES,EPMRR,Reformulated Regular Gasoline,PF4,Spot Price FOB,EER_EPMRR_PF4_Y05LA_DPG,Los Angeles Reformulated RBOB Regular Gasoline Spot Price (Dollars per Gallon),1.301,$/GAL
2015-01-01,RGC,NA,EPMRU,Conventional Regular Gasoline,PF4,Spot Price FOB,EER_EPMRU_PF4_RGC_DPG,U.S. Gulf Coast Conventional Gasoline Regular Spot Price FOB (Dollars per Gallon),1.271,$/GAL
2015-01-01,Y35NY,NEW YORK CITY,EPMRU,Conventional Regular Gasoline,PF4,Spot Price FOB,EER_EPMRU_PF4_Y35NY_DPG,New York Harbor Conventional Gasoline Regular Spot Price FOB (Dollars per Gallon),1.364,$/GAL
2015-01-01,ZEU,NA,EPCBRENT,UK Brent Crude Oil,PF4,Spot Price FOB,RBRTE,Europe Brent Spot Price FOB (Dollars per Barrel),47.76,$/BBL
2015-01-01,YCUOK,NA,EPCWTI,WTI Crude Oil,PF4,Spot Price FOB,RWTC,"Cushing, OK WTI Spot Price FOB (Dollars per Barrel)",47.22,$/BBL
2015-02-01,Y05LA,LOS ANGELES,EPD2DC,Carb Diesel,PF4,Spot Price FOB,EER_EPD2DC_PF4_Y05LA_DPG,"Los Angeles, CA Ultra-Low Sulfur CARB Diesel Spot Price (Dollars per Gallon)",1.951,$/GAL
2015-02-01,RGC,NA,EPD2DXL0,No 2 Diesel Low Sulfur (0-15 ppm),PF4,Spot Price FOB,EER_EPD2DXL0_PF4_RGC_DPG,U.S. Gulf Coast Ultra-Low Sulfur No 2 Diesel Spot Price (Dollars per Gallon),1.824,$/GAL
2015-02-01,Y35NY,NEW YORK CITY,EPD2DXL0,No 2 Diesel Low Sulfur (0-15 ppm),PF4,Spot Price FOB,EER_EPD2DXL0_PF4_Y35NY_DPG,New York Harbor Ultra-Low Sulfur No 2 Diesel Spot Price (Dollars per Gallon),1.991,$/GAL
2015-02-01,Y35NY,NEW YORK CITY,EPD2F,No 2 Fuel Oil / Heating Oil,PF4,Spot Price FOB,EER_EPD2F_PF4_Y35NY_DPG,New York Harbor No. 2 Heating Oil Spot Price FOB (Dollars per Gallon),1.873,$/GAL
2015-02-01,RGC,NA,EPJK,Kerosene-Type Jet Fuel,PF4,Spot Price FOB,EER_EPJK_PF4_RGC_DPG,U.S. Gulf Coast Kerosene-Type Jet Fuel Spot Price FOB (Dollars per Gallon),1.766,$/GAL
2015-02-01,Y44MB,NA,EPLLPA,Propane,PF4,Spot Price FOB,EER_EPLLPA_PF4_Y44MB_DPG,"Mont Belvieu, TX Propane Spot Price FOB (Dollars per Gallon)",0.573,$/GAL
2015-02-01,Y05LA,LOS ANGELES,EPMRR,Reformulated Regular Gasoline,PF4,Spot Price FOB,EER_EPMRR_PF4_Y05LA_DPG,Los Angeles Reformulated RBOB Regular Gasoline Spot Price (Dollars per Gallon),1.942,$/GAL
2015-02-01,RGC,NA,EPMRU,Conventional Regular Gasoline,PF4,Spot Price FOB,EER_EPMRU_PF4_RGC_DPG,U.S. Gulf Coast Conventional Gasoline Regular Spot Price FOB (Dollars per Gallon),1.603,$/GAL
2015-02-01,Y35NY,NEW YORK CITY,EPMRU,Conventional Regular Gasoline,PF4,Spot Price FOB,EER_EPMRU_PF4_Y35NY_DPG,New York Harbor Conventional Gasoline Regular Spot Price FOB (Dollars per Gallon),1.607,$/GAL
2015-02-01,ZEU,NA,EPCBRENT,UK Brent Crude Oil,PF4,Spot Price FOB,RBRTE,Europe Brent Spot Price FOB (Dollars per Barrel),58.1,$/BBL
2015-02-01,YCUOK,NA,EPCWTI,WTI Crude Oil,PF4,Spot Price FOB,RWTC,"Cushing, OK WTI Spot Price FOB (Dollars per Barrel)",50.58,$/BBL
2015-03-01,Y05LA,LOS ANGELES,EPD2DC,Carb Diesel,PF4,Spot Price FOB,EER_EPD2DC_PF4_Y05LA_DPG,"Los Angeles, CA Ultra-Low Sulfur CARB Diesel Spot Price (Dollars per Gallon)",1.725,$/GAL
2015-03-01,RGC,NA,EPD2DXL0,No 2 Diesel Low Sulfur (0-15 ppm),PF4,Spot Price FOB,EER_EPD2DXL0_PF4_RGC_DPG,U.S. Gulf Coast Ultra-Low Sulfur No 2 Diesel Spot Price (Dollars per Gallon),1.711,$/GAL
2015-03-01,Y35NY,NEW YORK CITY,EPD2DXL0,No 2 Diesel Low Sulfur (0-15 ppm),PF4,Spot Price FOB,EER_EPD2DXL0_PF4_Y35NY_DPG,New York Harbor Ultra-Low Sulfur No 2 Diesel Spot Price (Dollars per Gallon),1.856,$/GAL
2015-03-01,Y35NY,NEW YORK CITY,EPD2F,No 2 Fuel Oil / Heating Oil,PF4,Spot Price FOB,EER_EPD2F_PF4_Y35NY_DPG,New York Harbor No. 2 Heating Oil Spot Price FOB (Dollars per Gallon),1.632,$/GAL
2015-03-01,RGC,NA,EPJK,Kerosene-Type Jet Fuel,PF4,Spot Price FOB,EER_EPJK_PF4_RGC_DPG,U.S. Gulf Coast Kerosene-Type Jet Fuel Spot Price FOB (Dollars per Gallon),1.629,$/GAL
2015-03-01,Y44MB,NA,EPLLPA,Propane,PF4,Spot Price FOB,EER_EPLLPA_PF4_Y44MB_DPG,"Mont Belvieu, TX Propane Spot Price FOB (Dollars per Gallon)",0.542,$/GAL
2015-03-01,Y05LA,LOS ANGELES,EPMRR,Reformulated Regular Gasoline,PF4,Spot Price FOB,EER_EPMRR_PF4_Y05LA_DPG,Los Angeles Reformulated RBOB Regular Gasoline Spot Price (Dollars per Gallon),2.017,$/GAL
2015-03-01,RGC,NA,EPMRU,Conventional Regular Gasoline,PF4,Spot Price FOB,EER_EPMRU_PF4_RGC_DPG,U.S. Gulf Coast Conventional Gasoline Regular Spot Price FOB (Dollars per Gallon),1.678,$/GAL
2015-03-01,Y35NY,NEW YORK CITY,EPMRU,Conventional Regular Gasoline,PF4,Spot Price FOB,EER_EPMRU_PF4_Y35NY_DPG,New York Harbor Conventional Gasoline Regular Spot Price FOB (Dollars per Gallon),1.644,$/GAL
2015-03-01,ZEU,NA,EPCBRENT,UK Brent Crude Oil,PF4,Spot Price FOB,RBRTE,Europe Brent Spot Price FOB (Dollars per Barrel),55.89,$/BBL
2015-03-01,YCUOK,NA,EPCWTI,WTI Crude Oil,PF4,Spot Price FOB,RWTC,"Cushing, OK WTI Spot Price FOB (Dollars per Barrel)",47.82,$/BBL
2015-04-01,Y05LA,LOS ANGELES,EPD2DC,Carb Diesel,PF4,Spot Price FOB,EER_EPD2DC_PF4_Y05LA_DPG,"Los Angeles, CA Ultra-Low Sulfur CARB Diesel Spot Price (Dollars per Gallon)",1.812,$/GAL
2015-04-01,RGC,NA,EPD2DXL0,No 2 Diesel Low Sulfur (0-15 ppm),PF4,Spot Price FOB,EER_EPD2DXL0_PF4_RGC_DPG,U.S. Gulf Coast Ultra-Low Sulfur No 2 Diesel Spot Price (Dollars per Gallon),1.776,$/GAL
2015-04-01,Y35NY,NEW YORK CITY,EPD2DXL0,No 2 Diesel Low Sulfur (0-15 ppm),PF4,Spot Price FOB,EER_EPD2DXL0_PF4_Y35NY_DPG,New York Harbor Ultra-Low Sulfur No 2 Diesel Spot Price (Dollars per Gallon),1.843,$/GAL
2015-04-01,Y35NY,NEW YORK CITY,EPD2F,No 2 Fuel Oil / Heating Oil,PF4,Spot Price FOB,EER_EPD2F_PF4_Y35NY_DPG,New York Harbor No. 2 Heating Oil Spot Price FOB (Dollars per Gallon),1.722,$/GAL
2015-04-01,RGC,NA,EPJK,Kerosene-Type Jet Fuel,PF4,Spot Price FOB,EER_EPJK_PF4_RGC_DPG,U.S. Gulf Coast Kerosene-Type Jet Fuel Spot Price FOB (Dollars per Gallon),1.702,$/GAL
2015-04-01,Y44MB,NA,EPLLPA,Propane,PF4,Spot Price FOB,EER_EPLLPA_PF4_Y44MB_DPG,"Mont Belvieu, TX Propane Spot Price FOB (Dollars per Gallon)",0.548,$/GAL
2015-04-01,Y05LA,LOS ANGELES,EPMRR,Reformulated Regular Gasoline,PF4,Spot Price FOB,EER_EPMRR_PF4_Y05LA_DPG,Los Angeles Reformulated RBOB Regular Gasoline Spot Price (Dollars per Gallon),2.154,$/GAL
2015-04-01,RGC,NA,EPMRU,Conventional Regular Gasoline,PF4,Spot Price FOB,EER_EPMRU_PF4_RGC_DPG,U.S. Gulf Coast Conventional Gasoline Regular Spot Price FOB (Dollars per Gallon),1.734,$/GAL
2015-04-01,Y35NY,NEW YORK CITY,EPMRU,Conventional Regular Gasoline,PF4,Spot Price FOB,EER_EPMRU_PF4_Y35NY_DPG,New York Harbor Conventional Gasoline Regular Spot Price FOB (Dollars per Gallon),1.793,$/GAL
2015-04-01,ZEU,NA,EPCBRENT,UK Brent Crude Oil,PF4,Spot Price FOB,RBRTE,Europe Brent Spot Price FOB (Dollars per Barrel),59.52,$/BBL
2015-04-01,YCUOK,NA,EPCWTI,WTI Crude Oil,PF4,Spot Price FOB,RWTC,"Cushing, OK WTI Spot Price FOB (Dollars per Barrel)",54.45,$/BBL
2015-05-01,Y05LA,LOS ANGELES,EPD2DC,Carb Diesel,PF4,Spot Price FOB,EER_EPD2DC_PF4_Y05LA_DPG,"Los Angeles, CA Ultra-Low Sulfur CARB Diesel Spot Price (Dollars per Gallon)",2.04,$/GAL
2015-05-01,RGC,NA,EPD2DXL0,No 2 Diesel Low Sulfur (0-15 ppm),PF4,Spot Price FOB,EER_EPD2DXL0_PF4_RGC_DPG,U.S. Gulf Coast Ultra-Low Sulfur No 2 Diesel Spot Price (Dollars per Gallon),1.917,$/GAL
2015-05-01,Y35NY,NEW YORK CITY,EPD2DXL0,No 2 Diesel Low Sulfur (0-15 ppm),PF4,Spot Price FOB,EER_EPD2DXL0_PF4_Y35NY_DPG,New York Harbor Ultra-Low Sulfur No 2 Diesel Spot Price (Dollars per Gallon),1.965,$/GAL
2015-05-01,Y35NY,NEW YORK CITY,EPD2F,No 2 Fuel Oil / Heating Oil,PF4,Spot Price FOB,EER_EPD2F_PF4_Y35NY_DPG,New York Harbor No. 2 Heating Oil Spot Price FOB (Dollars per Gallon),1.832,$/GAL
2015-05-01,RGC,NA,EPJK,Kerosene-Type Jet Fuel,PF4,Spot Price FOB,EER_EPJK_PF4_RGC_DPG,U.S. Gulf Coast Kerosene-Type Jet Fuel Spot Price FOB (Dollars per Gallon),1.849,$/GAL
2015-05-01,Y44MB,NA,EPLLPA,Propane,PF4,Spot Price FOB,EER_EPLLPA_PF4_Y44MB_DPG,"Mont Belvieu, TX Propane Spot Price FOB (Dollars per Gallon)",0.47,$/GAL
2015-05-01,Y05LA,LOS ANGELES,EPMRR,Reformulated Regular Gasoline,PF4,Spot Price FOB,EER_EPMRR_PF4_Y05LA_DPG,Los Angeles Reformulated RBOB Regular Gasoline Spot Price (Dollars per Gallon),2.472,$/GAL
2015-05-01,RGC,NA,EPMRU,Conventional Regular Gasoline,PF4,Spot Price FOB,EER_EPMRU_PF4_RGC_DPG,U.S. Gulf Coast Conventional Gasoline Regular Spot Price FOB (Dollars per Gallon),1.884,$/GAL
2015-05-01,Y35NY,NEW YORK CITY,EPMRU,Conventional Regular Gasoline,PF4,Spot Price FOB,EER_EPMRU_PF4_Y35NY_DPG,New York Harbor Conventional Gasoline Regular Spot Price FOB (Dollars per Gallon),1.938,$/GAL
2015-05-01,ZEU,NA,EPCBRENT,UK Brent Crude Oil,PF4,Spot Price FOB,RBRTE,Europe Brent Spot Price FOB (Dollars per Barrel),64.08,$/BBL
2015-05-01,YCUOK,NA,EPCWTI,WTI Crude Oil,PF4,Spot Price FOB,RWTC,"Cushing, OK WTI Spot Price FOB (Dollars per Barrel)",59.27,$/BBL
2015-06-01,Y05LA,LOS ANGELES,EPD2DC,Carb Diesel,PF4,Spot Price FOB,EER_EPD2DC_PF4_Y05LA_DPG,"Los Angeles, CA Ultra-Low Sulfur CARB Diesel Spot Price (Dollars per Gallon)",1.896,$/GAL
2015-06-01,RGC,NA,EPD2DXL0,No 2 Diesel Low Sulfur (0-15 ppm),PF4,Spot Price FOB,EER_EPD2DXL0_PF4_RGC_DPG,U.S. Gulf Coast Ultra-Low Sulfur No 2 Diesel Spot Price (Dollars per Gallon),1.802,$/GAL
2015-06-01,Y35NY,NEW YORK CITY,EPD2DXL0,No 2 Diesel Low Sulfur (0-15 ppm),PF4,Spot Price FOB,EER_EPD2DXL0_PF4_Y35NY_DPG,New York Harbor Ultra-Low Sulfur No 2 Diesel Spot Price (Dollars per Gallon),1.888,$/GAL
2015-06-01,Y35NY,NEW YORK CITY,EPD2F,No 2 Fuel Oil / Heating Oil,PF4,Spot Price FOB,EER_EPD2F_PF4_Y35NY_DPG,New York Harbor No. 2 Heating Oil Spot Price FOB (Dollars per Gallon),1.762,$/GAL
2015-06-01,RGC,NA,EPJK,Kerosene-Type Jet Fuel,PF4,Spot Price FOB,EER_EPJK_PF4_RGC_DPG,U.S. Gulf Coast Kerosene-Type Jet Fuel Spot Price FOB (Dollars per Gallon),1.732,$/GAL
2015-06-01,Y44MB,NA,EPLLPA,Propane,PF4,Spot Price FOB,EER_EPLLPA_PF4_Y44MB_DPG,"Mont Belvieu, TX Propane Spot Price FOB (Dollars per Gallon)",0.369,$/GAL
2015-06-01,Y05LA,LOS ANGELES,EPMRR,Reformulated Regular Gasoline,PF4,Spot Price FOB,EER_EPMRR_PF4_Y05LA_DPG,Los Angeles Reformulated RBOB Regular Gasoline Spot Price (Dollars per Gallon),2.187,$/GAL
2015-06-01,RGC,NA,EPMRU,Conventional Regular Gasoline,PF4,Spot Price FOB,EER_EPMRU_PF4_RGC_DPG,U.S. Gulf Coast Conventional Gasoline Regular Spot Price FOB (Dollars per Gallon),1.945,$/GAL
2015-06-01,Y35NY,NEW YORK CITY,EPMRU,Conventional Regular Gasoline,PF4,Spot Price FOB,EER_EPMRU_PF4_Y35NY_DPG,New York Harbor Conventional Gasoline Regular Spot Price FOB (Dollars per Gallon),2.005,$/GAL
2015-06-01,ZEU,NA,EPCBRENT,UK Brent Crude Oil,PF4,Spot Price FOB,RBRTE,Europe Brent Spot Price FOB (Dollars per Barrel),61.48,$/BBL
2015-06-01,YCUOK,NA,EPCWTI,WTI Crude Oil,PF4,Spot Price FOB,RWTC,"Cushing, OK WTI Spot Price FOB (Dollars per Barrel)",59.82,$/BBL
2015-07-01,Y05LA,LOS ANGELES,EPD2DC,Carb Diesel,PF4,Spot Price FOB,EER_EPD2DC_PF4_Y05LA_DPG,"Los Angeles, CA Ultra-Low Sulfur CARB Diesel Spot Price (Dollars per Gallon)",1.716,$/GAL
2015-07-01,RGC,NA,EPD2DXL0,No 2 Diesel Low Sulfur (0-15 ppm),PF4,Spot Price FOB,EER_EPD2DXL0_PF4_RGC_DPG,U.S. Gulf Coast Ultra-Low Sulfur No 2 Diesel Spot Price (Dollars per Gallon),1.624,$/GAL
2015-07-01,Y35NY,NEW YORK CITY,EPD2DXL0,No 2 Diesel Low Sulfur (0-15 ppm),PF4,Spot Price FOB,EER_EPD2DXL0_PF4_Y35NY_DPG,New York Harbor Ultra-Low Sulfur No 2 Diesel Spot Price (Dollars per Gallon),1.684,$/GAL
2015-07-01,Y35NY,NEW YORK CITY,EPD2F,No 2 Fuel Oil / Heating Oil,PF4,Spot Price FOB,EER_EPD2F_PF4_Y35NY_DPG,New York Harbor No. 2 Heating Oil Spot Price FOB (Dollars per Gallon),1.557,$/GAL
2015-07-01,RGC,NA,EPJK,Kerosene-Type Jet Fuel,PF4,Spot Price FOB,EER_EPJK_PF4_RGC_DPG,U.S. Gulf Coast Kerosene-Type Jet Fuel Spot Price FOB (Dollars per Gallon),1.549,$/GAL
2015-07-01,Y44MB,NA,EPLLPA,Propane,PF4,Spot Price FOB,EER_EPLLPA_PF4_Y44MB_DPG,"Mont Belvieu, TX Propane Spot Price FOB (Dollars per Gallon)",0.409,$/GAL
2015-07-01,Y05LA,LOS ANGELES,EPMRR,Reformulated Regular Gasoline,PF4,Spot Price FOB,EER_EPMRR_PF4_Y05LA_DPG,Los Angeles Reformulated RBOB Regular Gasoline Spot Price (Dollars per Gallon),2.663,$/GAL
2015-07-01,RGC,NA,EPMRU,Conventional Regular Gasoline,PF4,Spot Price FOB,EER_EPMRU_PF4_RGC_DPG,U.S. Gulf Coast Conventional Gasoline Regular Spot Price FOB (Dollars per Gallon),1.86,$/GAL
2015-07-01,Y35NY,NEW YORK CITY,EPMRU,Conventional Regular Gasoline,PF4,Spot Price FOB,EER_EPMRU_PF4_Y35NY_DPG,New York Harbor Conventional Gasoline Regular Spot Price FOB (Dollars per Gallon),1.86,$/GAL
2015-07-01,ZEU,NA,EPCBRENT,UK Brent Crude Oil,PF4,Spot Price FOB,RBRTE,Europe Brent Spot Price FOB (Dollars per Barrel),56.56,$/BBL
2015-07-01,YCUOK,NA,EPCWTI,WTI Crude Oil,PF4,Spot Price FOB,RWTC,"Cushing, OK WTI Spot Price FOB (Dollars per Barrel)",50.9,$/BBL
2015-08-01,Y05LA,LOS ANGELES,EPD2DC,Carb Diesel,PF4,Spot Price FOB,EER_EPD2DC_PF4_Y05LA_DPG,"Los Angeles, CA Ultra-Low Sulfur CARB Diesel Spot Price (Dollars per Gallon)",1.519,$/GAL
2015-08-01,RGC,NA,EPD2DXL0,No 2 Diesel Low Sulfur (0-15 ppm),PF4,Spot Price FOB,EER_EPD2DXL0_PF4_RGC_DPG,U.S. Gulf Coast Ultra-Low Sulfur No 2 Diesel Spot Price (Dollars per Gallon),1.463,$/GAL
2015-08-01,Y35NY,NEW YORK CITY,EPD2DXL0,No 2 Diesel Low Sulfur (0-15 ppm),PF4,Spot Price FOB,EER_EPD2DXL0_PF4_Y35NY_DPG,New York Harbor Ultra-Low Sulfur No 2 Diesel Spot Price (Dollars per Gallon),1.516,$/GAL
2015-08-01,Y35NY,NEW YORK CITY,EPD2F,No 2 Fuel Oil / Heating Oil,PF4,Spot Price FOB,EER_EPD2F_PF4_Y35NY_DPG,New York Harbor No. 2 Heating Oil Spot Price FOB (Dollars per Gallon),1.387,$/GAL
2015-08-01,RGC,NA,EPJK,Kerosene-Type Jet Fuel,PF4,Spot Price FOB,EER_EPJK_PF4_RGC_DPG,U.S. Gulf Coast Kerosene-Type Jet Fuel Spot Price FOB (Dollars per Gallon),1.389,$/GAL
2015-08-01,Y44MB,NA,EPLLPA,Propane,PF4,Spot Price FOB,EER_EPLLPA_PF4_Y44MB_DPG,"Mont Belvieu, TX Propane Spot Price FOB (Dollars per Gallon)",0.374,$/GAL
2015-08-01,Y05LA,LOS ANGELES,EPMRR,Reformulated Regular Gasoline,PF4,Spot Price FOB,EER_EPMRR_PF4_Y05LA_DPG,Los Angeles Reformulated RBOB Regular Gasoline Spot Price (Dollars per Gallon),2.075,$/GAL
2015-08-01,RGC,NA,EPMRU,Conventional Regular Gasoline,PF4,Spot Price FOB,EER_EPMRU_PF4_RGC_DPG,U.S. Gulf Coast Conventional Gasoline Regular Spot Price FOB (Dollars per Gallon),1.574,$/GAL
2015-08-01,Y35NY,NEW YORK CITY,EPMRU,Conventional Regular Gasoline,PF4,Spot Price FOB,EER_EPMRU_PF4_Y35NY_DPG,New York Harbor Conventional Gasoline Regular Spot Price FOB (Dollars per Gallon),1.62,$/GAL
2015-08-01,ZEU,NA,EPCBRENT,UK Brent Crude Oil,PF4,Spot Price FOB,RBRTE,Europe Brent Spot Price FOB (Dollars per Barrel),46.52,$/BBL
2015-08-01,YCUOK,NA,EPCWTI,WTI Crude Oil,PF4,Spot Price FOB,RWTC,"Cushing, OK WTI Spot Price FOB (Dollars per Barrel)",42.87,$/BBL
2015-09-01,Y05LA,LOS ANGELES,EPD2DC,Carb Diesel,PF4,Spot Price FOB,EER_EPD2DC_PF4_Y05LA_DPG,"Los Angeles, CA Ultra-Low Sulfur CARB Diesel Spot Price (Dollars per Gallon)",1.502,$/GAL
2015-09-01,RGC,NA,EPD2DXL0,No 2 Diesel Low Sulfur (0-15 ppm),PF4,Spot Price FOB,EER_EPD2DXL0_PF4_RGC_DPG,U.S. Gulf Coast Ultra-Low Sulfur No 2 Diesel Spot Price (Dollars per Gallon),1.444,$/GAL
2015-09-01,Y35NY,NEW YORK CITY,EPD2DXL0,No 2 Diesel Low Sulfur (0-15 ppm),PF4,Spot Price FOB,EER_EPD2DXL0_PF4_Y35NY_DPG,New York Harbor Ultra-Low Sulfur No 2 Diesel Spot Price (Dollars per Gallon),1.516,$/GAL
2015-09-01,Y35NY,NEW YORK CITY,EPD2F,No 2 Fuel Oil / Heating Oil,PF4,Spot Price FOB,EER_EPD2F_PF4_Y35NY_DPG,New York Harbor No. 2 Heating Oil Spot Price FOB (Dollars per Gallon),1.423,$/GAL
2015-09-01,RGC,NA,EPJK,Kerosene-Type Jet Fuel,PF4,Spot Price FOB,EER_EPJK_PF4_RGC_DPG,U.S. Gulf Coast Kerosene-Type Jet Fuel Spot Price FOB (Dollars per Gallon),1.395,$/GAL
2015-09-01,Y44MB,NA,EPLLPA,Propane,PF4,Spot Price FOB,EER_EPLLPA_PF4_Y44MB_DPG,"Mont Belvieu, TX Propane Spot Price FOB (Dollars per Gallon)",0.453,$/GAL
2015-09-01,Y05LA,LOS ANGELES,EPMRR,Reformulated Regular Gasoline,PF4,Spot Price FOB,EER_EPMRR_PF4_Y05LA_DPG,Los Angeles Reformulated RBOB Regular Gasoline Spot Price (Dollars per Gallon),1.715,$/GAL
2015-09-01,RGC,NA,EPMRU,Conventional Regular Gasoline,PF4,Spot Price FOB,EER_EPMRU_PF4_RGC_DPG,U.S. Gulf Coast Conventional Gasoline Regular Spot Price FOB (Dollars per Gallon),1.353,$/GAL
2015-09-01,Y35NY,NEW YORK CITY,EPMRU,Conventional Regular Gasoline,PF4,Spot Price FOB,EER_EPMRU_PF4_Y35NY_DPG,New York Harbor Conventional Gasoline Regular Spot Price FOB (Dollars per Gallon),1.46,$/GAL
2015-09-01,ZEU,NA,EPCBRENT,UK Brent Crude Oil,PF4,Spot Price FOB,RBRTE,Europe Brent Spot Price FOB (Dollars per Barrel),47.62,$/BBL
2015-09-01,YCUOK,NA,EPCWTI,WTI Crude Oil,PF4,Spot Price FOB,RWTC,"Cushing, OK WTI Spot Price FOB (Dollars per Barrel)",45.48,$/BBL
2015-10-01,Y05LA,LOS ANGELES,EPD2DC,Carb Diesel,PF4,Spot Price FOB,EER_EPD2DC_PF4_Y05LA_DPG,"Los Angeles, CA Ultra-Low Sulfur CARB Diesel Spot Price (Dollars per Gallon)",1.553,$/GAL
2015-10-01,RGC,NA,EPD2DXL0,No 2 Diesel Low Sulfur (0-15 ppm),PF4,Spot Price FOB,EER_EPD2DXL0_PF4_RGC_DPG,U.S. Gulf Coast Ultra-Low Sulfur No 2 Diesel Spot Price (Dollars per Gallon),1.418,$/GAL
2015-10-01,Y35NY,NEW YORK CITY,EPD2DXL0,No 2 Diesel Low Sulfur (0-15 ppm),PF4,Spot Price FOB,EER_EPD2DXL0_PF4_Y35NY_DPG,New York Harbor Ultra-Low Sulfur No 2 Diesel Spot Price (Dollars per Gallon),1.472,$/GAL
2015-10-01,Y35NY,NEW YORK CITY,EPD2F,No 2 Fuel Oil / Heating Oil,PF4,Spot Price FOB,EER_EPD2F_PF4_Y35NY_DPG,New York Harbor No. 2 Heating Oil Spot Price FOB (Dollars per Gallon),1.404,$/GAL
2015-10-01,RGC,NA,EPJK,Kerosene-Type Jet Fuel,PF4,Spot Price FOB,EER_EPJK_PF4_RGC_DPG,U.S. Gulf Coast Kerosene-Type Jet Fuel Spot Price FOB (Dollars per Gallon),1.391,$/GAL
2015-10-01,Y44MB,NA,EPLLPA,Propane,PF4,Spot Price FOB,EER_EPLLPA_PF4_Y44MB_DPG,"Mont Belvieu, TX Propane Spot Price FOB (Dollars per Gallon)",0.451,$/GAL
2015-10-01,Y05LA,LOS ANGELES,EPMRR,Reformulated Regular Gasoline,PF4,Spot Price FOB,EER_EPMRR_PF4_Y05LA_DPG,Los Angeles Reformulated RBOB Regular Gasoline Spot Price (Dollars per Gallon),1.669,$/GAL
2015-10-01,RGC,NA,EPMRU,Conventional Regular Gasoline,PF4,Spot Price FOB,EER_EPMRU_PF4_RGC_DPG,U.S. Gulf Coast Conventional Gasoline Regular Spot Price FOB (Dollars per Gallon),1.307,$/GAL
2015-10-01,Y35NY,NEW YORK CITY,EPMRU,Conventional Regular Gasoline,PF4,Spot Price FOB,EER_EPMRU_PF4_Y35NY_DPG,New York Harbor Conventional Gasoline Regular Spot Price FOB (Dollars per Gallon),1.397,$/GAL
2015-10-01,ZEU,NA,EPCBRENT,UK Brent Crude Oil,PF4,Spot Price FOB,RBRTE,Europe Brent Spot Price FOB (Dollars per Barrel),48.43,$/BBL
2015-10-01,YCUOK,NA,EPCWTI,WTI Crude Oil,PF4,Spot Price FOB,RWTC,"Cushing, OK WTI Spot Price FOB (Dollars per Barrel)",46.22,$/BBL
2015-11-01,Y05LA,LOS ANGELES,EPD2DC,Carb Diesel,PF4,Spot Price FOB,EER_EPD2DC_PF4_Y05LA_DPG,"Los Angeles, CA Ultra-Low Sulfur CARB Diesel Spot Price (Dollars per Gallon)",1.438,$/GAL
2015-11-01,RGC,NA,EPD2DXL0,No 2 Diesel Low Sulfur (0-15 ppm),PF4,Spot Price FOB,EER_EPD2DXL0_PF4_RGC_DPG,U.S. Gulf Coast Ultra-Low Sulfur No 2 Diesel Spot Price (Dollars per Gallon),1.351,$/GAL
2015-11-01,Y35NY,NEW YORK CITY,EPD2DXL0,No 2 Diesel Low Sulfur (0-15 ppm),PF4,Spot Price FOB,EER_EPD2DXL0_PF4_Y35NY_DPG,New York Harbor Ultra-Low Sulfur No 2 Diesel Spot Price (Dollars per Gallon),1.413,$/GAL
2015-11-01,Y35NY,NEW YORK CITY,EPD2F,No 2 Fuel Oil / Heating Oil,PF4,Spot Price FOB,EER_EPD2F_PF4_Y35NY_DPG,New York Harbor No. 2 Heating Oil Spot Price FOB (Dollars per Gallon),1.316,$/GAL
2015-11-01,RGC,NA,EPJK,Kerosene-Type Jet Fuel,PF4,Spot Price FOB,EER_EPJK_PF4_RGC_DPG,U.S. Gulf Coast Kerosene-Type Jet Fuel Spot Price FOB (Dollars per Gallon),1.326,$/GAL
2015-11-01,Y44MB,NA,EPLLPA,Propane,PF4,Spot Price FOB,EER_EPLLPA_PF4_Y44MB_DPG,"Mont Belvieu, TX Propane Spot Price FOB (Dollars per Gallon)",0.43,$/GAL
2015-11-01,Y05LA,LOS ANGELES,EPMRR,Reformulated Regular Gasoline,PF4,Spot Price FOB,EER_EPMRR_PF4_Y05LA_DPG,Los Angeles Reformulated RBOB Regular Gasoline Spot Price (Dollars per Gallon),1.507,$/GAL
2015-11-01,RGC,NA,EPMRU,Conventional Regular Gasoline,PF4,Spot Price FOB,EER_EPMRU_PF4_RGC_DPG,U.S. Gulf Coast Conventional Gasoline Regular Spot Price FOB (Dollars per Gallon),1.246,$/GAL
2015-11-01,Y35NY,NEW YORK CITY,EPMRU,Conventional Regular Gasoline,PF4,Spot Price FOB,EER_EPMRU_PF4_Y35NY_DPG,New York Harbor Conventional Gasoline Regular Spot Price FOB (Dollars per Gallon),1.377,$/GAL
2015-11-01,ZEU,NA,EPCBRENT,UK Brent Crude Oil,PF4,Spot Price FOB,RBRTE,Europe Brent Spot Price FOB (Dollars per Barrel),44.27,$/BBL
2015-11-01,YCUOK,NA,EPCWTI,WTI Crude Oil,PF4,Spot Price FOB,RWTC,"Cushing, OK WTI Spot Price FOB (Dollars per Barrel)",42.44,$/BBL
2015-12-01,Y05LA,LOS ANGELES,EPD2DC,Carb Diesel,PF4,Spot Price FOB,EER_EPD2DC_PF4_Y05LA_DPG,"Los Angeles, CA Ultra-Low Sulfur CARB Diesel Spot Price (Dollars per Gallon)",1.213,$/GAL
2015-12-01,RGC,NA,EPD2DXL0,No 2 Diesel Low Sulfur (0-15 ppm),PF4,Spot Price FOB,EER_EPD2DXL0_PF4_RGC_DPG,U.S. Gulf Coast Ultra-Low Sulfur No 2 Diesel Spot Price (Dollars per Gallon),1.089,$/GAL
2015-12-01,Y35NY,NEW YORK CITY,EPD2DXL0,No 2 Diesel Low Sulfur (0-15 ppm),PF4,Spot Price FOB,EER_EPD2DXL0_PF4_Y35NY_DPG,New York Harbor Ultra-Low Sulfur No 2 Diesel Spot Price (Dollars per Gallon),1.138,$/GAL
2015-12-01,Y35NY,NEW YORK CITY,EPD2F,No 2 Fuel Oil / Heating Oil,PF4,Spot Price FOB,EER_EPD2F_PF4_Y35NY_DPG,New York Harbor No. 2 Heating Oil Spot Price FOB (Dollars per Gallon),1.037,$/GAL
2015-12-01,RGC,NA,EPJK,Kerosene-Type Jet Fuel,PF4,Spot Price FOB,EER_EPJK_PF4_RGC_DPG,U.S. Gulf Coast Kerosene-Type Jet Fuel Spot Price FOB (Dollars per Gallon),1.082,$/GAL
2015-12-01,Y44MB,NA,EPLLPA,Propane,PF4,Spot Price FOB,EER_EPLLPA_PF4_Y44MB_DPG,"Mont Belvieu, TX Propane Spot Price FOB (Dollars per Gallon)",0.387,$/GAL
2015-12-01,Y05LA,LOS ANGELES,EPMRR,Reformulated Regular Gasoline,PF4,Spot Price FOB,EER_EPMRR_PF4_Y05LA_DPG,Los Angeles Reformulated RBOB Regular Gasoline Spot Price (Dollars per Gallon),1.647,$/GAL
2015-12-01,RGC,NA,EPMRU,Conventional Regular Gasoline,PF4,Spot Price FOB,EER_EPMRU_PF4_RGC_DPG,U.S. Gulf Coast Conventional Gasoline Regular Spot Price FOB (Dollars per Gallon),1.181,$/GAL
2015-12-01,Y35NY,NEW YORK CITY,EPMRU,Conventional Regular Gasoline,PF4,Spot Price FOB,EER_EPMRU_PF4_Y35NY_DPG,New York Harbor Conventional Gasoline Regular Spot Price FOB (Dollars per Gallon),1.276,$/GAL
2015-12-01,ZEU,NA,EPCBRENT,UK Brent Crude Oil,PF4,Spot Price FOB,RBRTE,Europe Brent Spot Price FOB (Dollars per Barrel),38.01,$/BBL
2015-12-01,YCUOK,NA,EPCWTI,WTI Crude Oil,PF4,Spot Price FOB,RWTC,"Cushing, OK WTI Spot Price FOB (Dollars per Barrel)",37.19,$/BBL
2016-01-01,Y05LA,LOS ANGELES,EPD2DC,Carb Diesel,PF4,Spot Price FOB,EER_EPD2DC_PF4_Y05LA_DPG,"Los Angeles, CA Ultra-Low Sulfur CARB Diesel Spot Price (Dollars per Gallon)",1.036,$/GAL
2016-01-01,RGC,NA,EPD2DXL0,No 2 Diesel Low Sulfur (0-15 ppm),PF4,Spot Price FOB,EER_EPD2DXL0_PF4_RGC_DPG,U.S. Gulf Coast Ultra-Low Sulfur No 2 Diesel Spot Price (Dollars per Gallon),0.958,$/GAL
2016-01-01,Y35NY,NEW YORK CITY,EPD2DXL0,No 2 Diesel Low Sulfur (0-15 ppm),PF4,Spot Price FOB,EER_EPD2DXL0_PF4_Y35NY_DPG,New York Harbor Ultra-Low Sulfur No 2 Diesel Spot Price (Dollars per Gallon),0.979,$/GAL
2016-01-01,Y35NY,NEW YORK CITY,EPD2F,No 2 Fuel Oil / Heating Oil,PF4,Spot Price FOB,EER_EPD2F_PF4_Y35NY_DPG,New York Harbor No. 2 Heating Oil Spot Price FOB (Dollars per Gallon),0.939,$/GAL
2016-01-01,RGC,NA,EPJK,Kerosene-Type Jet Fuel,PF4,Spot Price FOB,EER_EPJK_PF4_RGC_DPG,U.S. Gulf Coast Kerosene-Type Jet Fuel Spot Price FOB (Dollars per Gallon),0.93,$/GAL
2016-01-01,Y44MB,NA,EPLLPA,Propane,PF4,Spot Price FOB,EER_EPLLPA_PF4_Y44MB_DPG,"Mont Belvieu, TX Propane Spot Price FOB (Dollars per Gallon)",0.336,$/GAL
2016-01-01,Y05LA,LOS ANGELES,EPMRR,Reformulated Regular Gasoline,PF4,Spot Price FOB,EER_EPMRR_PF4_Y05LA_DPG,Los Angeles Reformulated RBOB Regular Gasoline Spot Price (Dollars per Gallon),1.32,$/GAL
2016-01-01,RGC,NA,EPMRU,Conventional Regular Gasoline,PF4,Spot Price FOB,EER_EPMRU_PF4_RGC_DPG,U.S. Gulf Coast Conventional Gasoline Regular Spot Price FOB (Dollars per Gallon),1.021,$/GAL
2016-01-01,Y35NY,NEW YORK CITY,EPMRU,Conventional Regular Gasoline,PF4,Spot Price FOB,EER_EPMRU_PF4_Y35NY_DPG,New York Harbor Conventional Gasoline Regular Spot Price FOB (Dollars per Gallon),1.121,$/GAL
2016-01-01,ZEU,NA,EPCBRENT,UK Brent Crude Oil,PF4,Spot Price FOB,RBRTE,Europe Brent Spot Price FOB (Dollars per Barrel),30.7,$/BBL
2016-01-01,YCUOK,NA,EPCWTI,WTI Crude Oil,PF4,Spot Price FOB,RWTC,"Cushing, OK WTI Spot Price FOB (Dollars per Barrel)",31.68,$/BBL
2016-02-01,Y05LA,LOS ANGELES,EPD2DC,Carb Diesel,PF4,Spot Price FOB,EER_EPD2DC_PF4_Y05LA_DPG,"Los Angeles, CA Ultra-Low Sulfur CARB Diesel Spot Price (Dollars per Gallon)",1.033,$/GAL
2016-02-01,RGC,NA,EPD2DXL0,No 2 Diesel Low Sulfur (0-15 ppm),PF4,Spot Price FOB,EER_EPD2DXL0_PF4_RGC_DPG,U.S. Gulf Coast Ultra-Low Sulfur No 2 Diesel Spot Price (Dollars per Gallon),0.999,$/GAL
2016-02-01,Y35NY,NEW YORK CITY,EPD2DXL0,No 2 Diesel Low Sulfur (0-15 ppm),PF4,Spot Price FOB,EER_EPD2DXL0_PF4_Y35NY_DPG,New York Harbor Ultra-Low Sulfur No 2 Diesel Spot Price (Dollars per Gallon),1.036,$/GAL
2016-02-01,Y35NY,NEW YORK CITY,EPD2F,No 2 Fuel Oil / Heating Oil,PF4,Spot Price FOB,EER_EPD2F_PF4_Y35NY_DPG,New York Harbor No. 2 Heating Oil Spot Price FOB (Dollars per Gallon),0.972,$/GAL
2016-02-01,RGC,NA,EPJK,Kerosene-Type Jet Fuel,PF4,Spot Price FOB,EER_EPJK_PF4_RGC_DPG,U.S. Gulf Coast Kerosene-Type Jet Fuel Spot Price FOB (Dollars per Gallon),0.973,$/GAL
2016-02-01,Y44MB,NA,EPLLPA,Propane,PF4,Spot Price FOB,EER_EPLLPA_PF4_Y44MB_DPG,"Mont Belvieu, TX Propane Spot Price FOB (Dollars per Gallon)",0.375,$/GAL
2016-02-01,Y05LA,LOS ANGELES,EPMRR,Reformulated Regular Gasoline,PF4,Spot Price FOB,EER_EPMRR_PF4_Y05LA_DPG,Los Angeles Reformulated RBOB Regular Gasoline Spot Price (Dollars per Gallon),0.97,$/GAL
2016-02-01,RGC,NA,EPMRU,Conventional Regular Gasoline,PF4,Spot Price FOB,EER_EPMRU_PF4_RGC_DPG,U.S. Gulf Coast Conventional Gasoline Regular Spot Price FOB (Dollars per Gallon),0.936,$/GAL
2016-02-01,Y35NY,NEW YORK CITY,EPMRU,Conventional Regular Gasoline,PF4,Spot Price FOB,EER_EPMRU_PF4_Y35NY_DPG,New York Harbor Conventional Gasoline Regular Spot Price FOB (Dollars per Gallon),1.058,$/GAL
2016-02-01,ZEU,NA,EPCBRENT,UK Brent Crude Oil,PF4,Spot Price FOB,RBRTE,Europe Brent Spot Price FOB (Dollars per Barrel),32.18,$/BBL
2016-02-01,YCUOK,NA,EPCWTI,WTI Crude Oil,PF4,Spot Price FOB,RWTC,"Cushing, OK WTI Spot Price FOB (Dollars per Barrel)",30.32,$/BBL
2016-03-01,Y05LA,LOS ANGELES,EPD2DC,Carb Diesel,PF4,Spot Price FOB,EER_EPD2DC_PF4_Y05LA_DPG,"Los Angeles, CA Ultra-Low Sulfur CARB Diesel Spot Price (Dollars per Gallon)",1.19,$/GAL
2016-03-01,RGC,NA,EPD2DXL0,No 2 Diesel Low Sulfur (0-15 ppm),PF4,Spot Price FOB,EER_EPD2DXL0_PF4_RGC_DPG,U.S. Gulf Coast Ultra-Low Sulfur No 2 Diesel Spot Price (Dollars per Gallon),1.127,$/GAL
2016-03-01,Y35NY,NEW YORK CITY,EPD2DXL0,No 2 Diesel Low Sulfur (0-15 ppm),PF4,Spot Price FOB,EER_EPD2DXL0_PF4_Y35NY_DPG,New York Harbor Ultra-Low Sulfur No 2 Diesel Spot Price (Dollars per Gallon),1.19,$/GAL
2016-03-01,Y35NY,NEW YORK CITY,EPD2F,No 2 Fuel Oil / Heating Oil,PF4,Spot Price FOB,EER_EPD2F_PF4_Y35NY_DPG,New York Harbor No. 2 Heating Oil Spot Price FOB (Dollars per Gallon),1.132,$/GAL
2016-03-01,RGC,NA,EPJK,Kerosene-Type Jet Fuel,PF4,Spot Price FOB,EER_EPJK_PF4_RGC_DPG,U.S. Gulf Coast Kerosene-Type Jet Fuel Spot Price FOB (Dollars per Gallon),1.069,$/GAL
2016-03-01,Y44MB,NA,EPLLPA,Propane,PF4,Spot Price FOB,EER_EPLLPA_PF4_Y44MB_DPG,"Mont Belvieu, TX Propane Spot Price FOB (Dollars per Gallon)",0.452,$/GAL
2016-03-01,Y05LA,LOS ANGELES,EPMRR,Reformulated Regular Gasoline,PF4,Spot Price FOB,EER_EPMRR_PF4_Y05LA_DPG,Los Angeles Reformulated RBOB Regular Gasoline Spot Price (Dollars per Gallon),1.528,$/GAL
2016-03-01,RGC,NA,EPMRU,Conventional Regular Gasoline,PF4,Spot Price FOB,EER_EPMRU_PF4_RGC_DPG,U.S. Gulf Coast Conventional Gasoline Regular Spot Price FOB (Dollars per Gallon),1.214,$/GAL
2016-03-01,Y35NY,NEW YORK CITY,EPMRU,Conventional Regular Gasoline,PF4,Spot Price FOB,EER_EPMRU_PF4_Y35NY_DPG,New York Harbor Conventional Gasoline Regular Spot Price FOB (Dollars per Gallon),1.201,$/GAL
2016-03-01,ZEU,NA,EPCBRENT,UK Brent Crude Oil,PF4,Spot Price FOB,RBRTE,Europe Brent Spot Price FOB (Dollars per Barrel),38.21,$/BBL
2016-03-01,YCUOK,NA,EPCWTI,WTI Crude Oil,PF4,Spot Price FOB,RWTC,"Cushing, OK WTI Spot Price FOB (Dollars per Barrel)",37.55,$/BBL
2016-04-01,Y05LA,LOS ANGELES,EPD2DC,Carb Diesel,PF4,Spot Price FOB,EER_EPD2DC_PF4_Y05LA_DPG,"Los Angeles, CA Ultra-Low Sulfur CARB Diesel Spot Price (Dollars per Gallon)",1.296,$/GAL
2016-04-01,RGC,NA,EPD2DXL0,No 2 Diesel Low Sulfur (0-15 ppm),PF4,Spot Price FOB,EER_EPD2DXL0_PF4_RGC_DPG,U.S. Gulf Coast Ultra-Low Sulfur No 2 Diesel Spot Price (Dollars per Gallon),1.199,$/GAL
2016-04-01,Y35NY,NEW YORK CITY,EPD2DXL0,No 2 Diesel Low Sulfur (0-15 ppm),PF4,Spot Price FOB,EER_EPD2DXL0_PF4_Y35NY_DPG,New York Harbor Ultra-Low Sulfur No 2 Diesel Spot Price (Dollars per Gallon),1.247,$/GAL
2016-04-01,Y35NY,NEW YORK CITY,EPD2F,No 2 Fuel Oil / Heating Oil,PF4,Spot Price FOB,EER_EPD2F_PF4_Y35NY_DPG,New York Harbor No. 2 Heating Oil Spot Price FOB (Dollars per Gallon),1.188,$/GAL
2016-04-01,RGC,NA,EPJK,Kerosene-Type Jet Fuel,PF4,Spot Price FOB,EER_EPJK_PF4_RGC_DPG,U.S. Gulf Coast Kerosene-Type Jet Fuel Spot Price FOB (Dollars per Gallon),1.147,$/GAL
2016-04-01,Y44MB,NA,EPLLPA,Propane,PF4,Spot Price FOB,EER_EPLLPA_PF4_Y44MB_DPG,"Mont Belvieu, TX Propane Spot Price FOB (Dollars per Gallon)",0.457,$/GAL
2016-04-01,Y05LA,LOS ANGELES,EPMRR,Reformulated Regular Gasoline,PF4,Spot Price FOB,EER_EPMRR_PF4_Y05LA_DPG,Los Angeles Reformulated RBOB Regular Gasoline Spot Price (Dollars per Gallon),1.551,$/GAL
2016-04-01,RGC,NA,EPMRU,Conventional Regular Gasoline,PF4,Spot Price FOB,EER_EPMRU_PF4_RGC_DPG,U.S. Gulf Coast Conventional Gasoline Regular Spot Price FOB (Dollars per Gallon),1.337,$/GAL
2016-04-01,Y35NY,NEW YORK CITY,EPMRU,Conventional Regular Gasoline,PF4,Spot Price FOB,EER_EPMRU_PF4_Y35NY_DPG,New York Harbor Conventional Gasoline Regular Spot Price FOB (Dollars per Gallon),1.448,$/GAL
2016-04-01,ZEU,NA,EPCBRENT,UK Brent Crude Oil,PF4,Spot Price FOB,RBRTE,Europe Brent Spot Price FOB (Dollars per Barrel),41.58,$/BBL
2016-04-01,YCUOK,NA,EPCWTI,WTI Crude Oil,PF4,Spot Price FOB,RWTC,"Cushing, OK WTI Spot Price FOB (Dollars per Barrel)",40.75,$/BBL
2016-05-01,Y05LA,LOS ANGELES,EPD2DC,Carb Diesel,PF4,Spot Price FOB,EER_EPD2DC_PF4_Y05LA_DPG,"Los Angeles, CA Ultra-Low Sulfur CARB Diesel Spot Price (Dollars per Gallon)",1.458,$/GAL
2016-05-01,RGC,NA,EPD2DXL0,No 2 Diesel Low Sulfur (0-15 ppm),PF4,Spot Price FOB,EER_EPD2DXL0_PF4_RGC_DPG,U.S. Gulf Coast Ultra-Low Sulfur No 2 Diesel Spot Price (Dollars per Gallon),1.378,$/GAL
2016-05-01,Y35NY,NEW YORK CITY,EPD2DXL0,No 2 Diesel Low Sulfur (0-15 ppm),PF4,Spot Price FOB,EER_EPD2DXL0_PF4_Y35NY_DPG,New York Harbor Ultra-Low Sulfur No 2 Diesel Spot Price (Dollars per Gallon),1.423,$/GAL
2016-05-01,Y35NY,NEW YORK CITY,EPD2F,No 2 Fuel Oil / Heating Oil,PF4,Spot Price FOB,EER_EPD2F_PF4_Y35NY_DPG,New York Harbor No. 2 Heating Oil Spot Price FOB (Dollars per Gallon),1.356,$/GAL
2016-05-01,RGC,NA,EPJK,Kerosene-Type Jet Fuel,PF4,Spot Price FOB,EER_EPJK_PF4_RGC_DPG,U.S. Gulf Coast Kerosene-Type Jet Fuel Spot Price FOB (Dollars per Gallon),1.299,$/GAL
2016-05-01,Y44MB,NA,EPLLPA,Propane,PF4,Spot Price FOB,EER_EPLLPA_PF4_Y44MB_DPG,"Mont Belvieu, TX Propane Spot Price FOB (Dollars per Gallon)",0.516,$/GAL
2016-05-01,Y05LA,LOS ANGELES,EPMRR,Reformulated Regular Gasoline,PF4,Spot Price FOB,EER_EPMRR_PF4_Y05LA_DPG,Los Angeles Reformulated RBOB Regular Gasoline Spot Price (Dollars per Gallon),1.53,$/GAL
2016-05-01,RGC,NA,EPMRU,Conventional Regular Gasoline,PF4,Spot Price FOB,EER_EPMRU_PF4_RGC_DPG,U.S. Gulf Coast Conventional Gasoline Regular Spot Price FOB (Dollars per Gallon),1.434,$/GAL
2016-05-01,Y35NY,NEW YORK CITY,EPMRU,Conventional Regular Gasoline,PF4,Spot Price FOB,EER_EPMRU_PF4_Y35NY_DPG,New York Harbor Conventional Gasoline Regular Spot Price FOB (Dollars per Gallon),1.566,$/GAL
2016-05-01,ZEU,NA,EPCBRENT,UK Brent Crude Oil,PF4,Spot Price FOB,RBRTE,Europe Brent Spot Price FOB (Dollars per Barrel),46.74,$/BBL
2016-05-01,YCUOK,NA,EPCWTI,WTI Crude Oil,PF4,Spot Price FOB,RWTC,"Cushing, OK WTI Spot Price FOB (Dollars per Barrel)",46.71,$/BBL
2016-06-01,Y05LA,LOS ANGELES,EPD2DC,Carb Diesel,PF4,Spot Price FOB,EER_EPD2DC_PF4_Y05LA_DPG,"Los Angeles, CA Ultra-Low Sulfur CARB Diesel Spot Price (Dollars per Gallon)",1.547,$/GAL
2016-06-01,RGC,NA,EPD2DXL0,No 2 Diesel Low Sulfur (0-15 ppm),PF4,Spot Price FOB,EER_EPD2DXL0_PF4_RGC_DPG,U.S. Gulf Coast Ultra-Low Sulfur No 2 Diesel Spot Price (Dollars per Gallon),1.46,$/GAL
2016-06-01,Y35NY,NEW YORK CITY,EPD2DXL0,No 2 Diesel Low Sulfur (0-15 ppm),PF4,Spot Price FOB,EER_EPD2DXL0_PF4_Y35NY_DPG,New York Harbor Ultra-Low Sulfur No 2 Diesel Spot Price (Dollars per Gallon),1.491,$/GAL
2016-06-01,Y35NY,NEW YORK CITY,EPD2F,No 2 Fuel Oil / Heating Oil,PF4,Spot Price FOB,EER_EPD2F_PF4_Y35NY_DPG,New York Harbor No. 2 Heating Oil Spot Price FOB (Dollars per Gallon),1.416,$/GAL
2016-06-01,RGC,NA,EPJK,Kerosene-Type Jet Fuel,PF4,Spot Price FOB,EER_EPJK_PF4_RGC_DPG,U.S. Gulf Coast Kerosene-Type Jet Fuel Spot Price FOB (Dollars per Gallon),1.382,$/GAL
2016-06-01,Y44MB,NA,EPLLPA,Propane,PF4,Spot Price FOB,EER_EPLLPA_PF4_Y44MB_DPG,"Mont Belvieu, TX Propane Spot Price FOB (Dollars per Gallon)",0.507,$/GAL
2016-06-01,Y05LA,LOS ANGELES,EPMRR,Reformulated Regular Gasoline,PF4,Spot Price FOB,EER_EPMRR_PF4_Y05LA_DPG,Los Angeles Reformulated RBOB Regular Gasoline Spot Price (Dollars per Gallon),1.642,$/GAL
2016-06-01,RGC,NA,EPMRU,Conventional Regular Gasoline,PF4,Spot Price FOB,EER_EPMRU_PF4_RGC_DPG,U.S. Gulf Coast Conventional Gasoline Regular Spot Price FOB (Dollars per Gallon),1.487,$/GAL
2016-06-01,Y35NY,NEW YORK CITY,EPMRU,Conventional Regular Gasoline,PF4,Spot Price FOB,EER_EPMRU_PF4_Y35NY_DPG,New York Harbor Conventional Gasoline Regular Spot Price FOB (Dollars per Gallon),1.506,$/GAL
2016-06-01,ZEU,NA,EPCBRENT,UK Brent Crude Oil,PF4,Spot Price FOB,RBRTE,Europe Brent Spot Price FOB (Dollars per Barrel),48.25,$/BBL
2016-06-01,YCUOK,NA,EPCWTI,WTI Crude Oil,PF4,Spot Price FOB,RWTC,"Cushing, OK WTI Spot Price FOB (Dollars per Barrel)",48.76,$/BBL
2016-07-01,Y05LA,LOS ANGELES,EPD2DC,Carb Diesel,PF4,Spot Price FOB,EER_EPD2DC_PF4_Y05LA_DPG,"Los Angeles, CA Ultra-Low Sulfur CARB Diesel Spot Price (Dollars per Gallon)",1.4,$/GAL
2016-07-01,RGC,NA,EPD2DXL0,No 2 Diesel Low Sulfur (0-15 ppm),PF4,Spot Price FOB,EER_EPD2DXL0_PF4_RGC_DPG,U.S. Gulf Coast Ultra-Low Sulfur No 2 Diesel Spot Price (Dollars per Gallon),1.343,$/GAL
2016-07-01,Y35NY,NEW YORK CITY,EPD2DXL0,No 2 Diesel Low Sulfur (0-15 ppm),PF4,Spot Price FOB,EER_EPD2DXL0_PF4_Y35NY_DPG,New York Harbor Ultra-Low Sulfur No 2 Diesel Spot Price (Dollars per Gallon),1.37,$/GAL
2016-07-01,Y35NY,NEW YORK CITY,EPD2F,No 2 Fuel Oil / Heating Oil,PF4,Spot Price FOB,EER_EPD2F_PF4_Y35NY_DPG,New York Harbor No. 2 Heating Oil Spot Price FOB (Dollars per Gallon),1.292,$/GAL
2016-07-01,RGC,NA,EPJK,Kerosene-Type Jet Fuel,PF4,Spot Price FOB,EER_EPJK_PF4_RGC_DPG,U.S. Gulf Coast Kerosene-Type Jet Fuel Spot Price FOB (Dollars per Gallon),1.272,$/GAL
2016-07-01,Y44MB,NA,EPLLPA,Propane,PF4,Spot Price FOB,EER_EPLLPA_PF4_Y44MB_DPG,"Mont Belvieu, TX Propane Spot Price FOB (Dollars per Gallon)",0.478,$/GAL
2016-07-01,Y05LA,LOS ANGELES,EPMRR,Reformulated Regular Gasoline,PF4,Spot Price FOB,EER_EPMRR_PF4_Y05LA_DPG,Los Angeles Reformulated RBOB Regular Gasoline Spot Price (Dollars per Gallon),1.412,$/GAL
2016-07-01,RGC,NA,EPMRU,Conventional Regular Gasoline,PF4,Spot Price FOB,EER_EPMRU_PF4_RGC_DPG,U.S. Gulf Coast Conventional Gasoline Regular Spot Price FOB (Dollars per Gallon),1.358,$/GAL
2016-07-01,Y35NY,NEW YORK CITY,EPMRU,Conventional Regular Gasoline,PF4,Spot Price FOB,EER_EPMRU_PF4_Y35NY_DPG,New York Harbor Conventional Gasoline Regular Spot Price FOB (Dollars per Gallon),1.354,$/GAL
2016-07-01,ZEU,NA,EPCBRENT,UK Brent Crude Oil,PF4,Spot Price FOB,RBRTE,Europe Brent Spot Price FOB (Dollars per Barrel),44.95,$/BBL
2016-07-01,YCUOK,NA,EPCWTI,WTI Crude Oil,PF4,Spot Price FOB,RWTC,"Cushing, OK WTI Spot Price FOB (Dollars per Barrel)",44.65,$/BBL
2016-08-01,Y05LA,LOS ANGELES,EPD2DC,Carb Diesel,PF4,Spot Price FOB,EER_EPD2DC_PF4_Y05LA_DPG,"Los Angeles, CA Ultra-Low Sulfur CARB Diesel Spot Price (Dollars per Gallon)",1.4,$/GAL
2016-08-01,RGC,NA,EPD2DXL0,No 2 Diesel Low Sulfur (0-15 ppm),PF4,Spot Price FOB,EER_EPD2DXL0_PF4_RGC_DPG,U.S. Gulf Coast Ultra-Low Sulfur No 2 Diesel Spot Price (Dollars per Gallon),1.379,$/GAL
2016-08-01,Y35NY,NEW YORK CITY,EPD2DXL0,No 2 Diesel Low Sulfur (0-15 ppm),PF4,Spot Price FOB,EER_EPD2DXL0_PF4_Y35NY_DPG,New York Harbor Ultra-Low Sulfur No 2 Diesel Spot Price (Dollars per Gallon),1.399,$/GAL
2016-08-01,Y35NY,NEW YORK CITY,EPD2F,No 2 Fuel Oil / Heating Oil,PF4,Spot Price FOB,EER_EPD2F_PF4_Y35NY_DPG,New York Harbor No. 2 Heating Oil Spot Price FOB (Dollars per Gallon),1.325,$/GAL
2016-08-01,RGC,NA,EPJK,Kerosene-Type Jet Fuel,PF4,Spot Price FOB,EER_EPJK_PF4_RGC_DPG,U.S. Gulf Coast Kerosene-Type Jet Fuel Spot Price FOB (Dollars per Gallon),1.295,$/GAL
2016-08-01,Y44MB,NA,EPLLPA,Propane,PF4,Spot Price FOB,EER_EPLLPA_PF4_Y44MB_DPG,"Mont Belvieu, TX Propane Spot Price FOB (Dollars per Gallon)",0.449,$/GAL
2016-08-01,Y05LA,LOS ANGELES,EPMRR,Reformulated Regular Gasoline,PF4,Spot Price FOB,EER_EPMRR_PF4_Y05LA_DPG,Los Angeles Reformulated RBOB Regular Gasoline Spot Price (Dollars per Gallon),1.388,$/GAL
2016-08-01,RGC,NA,EPMRU,Conventional Regular Gasoline,PF4,Spot Price FOB,EER_EPMRU_PF4_RGC_DPG,U.S. Gulf Coast Conventional Gasoline Regular Spot Price FOB (Dollars per Gallon),1.429,$/GAL
2016-08-01,Y35NY,NEW YORK CITY,EPMRU,Conventional Regular Gasoline,PF4,Spot Price FOB,EER_EPMRU_PF4_Y35NY_DPG,New York Harbor Conventional Gasoline Regular Spot Price FOB (Dollars per Gallon),1.379,$/GAL
2016-08-01,ZEU,NA,EPCBRENT,UK Brent Crude Oil,PF4,Spot Price FOB,RBRTE,Europe Brent Spot Price FOB (Dollars per Barrel),45.84,$/BBL
2016-08-01,YCUOK,NA,EPCWTI,WTI Crude Oil,PF4,Spot Price FOB,RWTC,"Cushing, OK WTI Spot Price FOB (Dollars per Barrel)",44.72,$/BBL
2016-09-01,Y05LA,LOS ANGELES,EPD2DC,Carb Diesel,PF4,Spot Price FOB,EER_EPD2DC_PF4_Y05LA_DPG,"Los Angeles, CA Ultra-Low Sulfur CARB Diesel Spot Price (Dollars per Gallon)",1.455,$/GAL
2016-09-01,RGC,NA,EPD2DXL0,No 2 Diesel Low Sulfur (0-15 ppm),PF4,Spot Price FOB,EER_EPD2DXL0_PF4_RGC_DPG,U.S. Gulf Coast Ultra-Low Sulfur No 2 Diesel Spot Price (Dollars per Gallon),1.4,$/GAL
2016-09-01,Y35NY,NEW YORK CITY,EPD2DXL0,No 2 Diesel Low Sulfur (0-15 ppm),PF4,Spot Price FOB,EER_EPD2DXL0_PF4_Y35NY_DPG,New York Harbor Ultra-Low Sulfur No 2 Diesel Spot Price (Dollars per Gallon),1.418,$/GAL
2016-09-01,Y35NY,NEW YORK CITY,EPD2F,No 2 Fuel Oil / Heating Oil,PF4,Spot Price FOB,EER_EPD2F_PF4_Y35NY_DPG,New York Harbor No. 2 Heating Oil Spot Price FOB (Dollars per Gallon),1.351,$/GAL
2016-09-01,RGC,NA,EPJK,Kerosene-Type Jet Fuel,PF4,Spot Price FOB,EER_EPJK_PF4_RGC_DPG,U.S. Gulf Coast Kerosene-Type Jet Fuel Spot Price FOB (Dollars per Gallon),1.319,$/GAL
2016-09-01,Y44MB,NA,EPLLPA,Propane,PF4,Spot Price FOB,EER_EPLLPA_PF4_Y44MB_DPG,"Mont Belvieu, TX Propane Spot Price FOB (Dollars per Gallon)",0.495,$/GAL
2016-09-01,Y05LA,LOS ANGELES,EPMRR,Reformulated Regular Gasoline,PF4,Spot Price FOB,EER_EPMRR_PF4_Y05LA_DPG,Los Angeles Reformulated RBOB Regular Gasoline Spot Price (Dollars per Gallon),1.552,$/GAL
2016-09-01,RGC,NA,EPMRU,Conventional Regular Gasoline,PF4,Spot Price FOB,EER_EPMRU_PF4_RGC_DPG,U.S. Gulf Coast Conventional Gasoline Regular Spot Price FOB (Dollars per Gallon),1.393,$/GAL
2016-09-01,Y35NY,NEW YORK CITY,EPMRU,Conventional Regular Gasoline,PF4,Spot Price FOB,EER_EPMRU_PF4_Y35NY_DPG,New York Harbor Conventional Gasoline Regular Spot Price FOB (Dollars per Gallon),1.438,$/GAL
2016-09-01,ZEU,NA,EPCBRENT,UK Brent Crude Oil,PF4,Spot Price FOB,RBRTE,Europe Brent Spot Price FOB (Dollars per Barrel),46.57,$/BBL
2016-09-01,YCUOK,NA,EPCWTI,WTI Crude Oil,PF4,Spot Price FOB,RWTC,"Cushing, OK WTI Spot Price FOB (Dollars per Barrel)",45.18,$/BBL
2016-10-01,Y05LA,LOS ANGELES,EPD2DC,Carb Diesel,PF4,Spot Price FOB,EER_EPD2DC_PF4_Y05LA_DPG,"Los Angeles, CA Ultra-Low Sulfur CARB Diesel Spot Price (Dollars per Gallon)",1.63,$/GAL
2016-10-01,RGC,NA,EPD2DXL0,No 2 Diesel Low Sulfur (0-15 ppm),PF4,Spot Price FOB,EER_EPD2DXL0_PF4_RGC_DPG,U.S. Gulf Coast Ultra-Low Sulfur No 2 Diesel Spot Price (Dollars per Gallon),1.544,$/GAL
2016-10-01,Y35NY,NEW YORK CITY,EPD2DXL0,No 2 Diesel Low Sulfur (0-15 ppm),PF4,Spot Price FOB,EER_EPD2DXL0_PF4_Y35NY_DPG,New York Harbor Ultra-Low Sulfur No 2 Diesel Spot Price (Dollars per Gallon),1.559,$/GAL
2016-10-01,Y35NY,NEW YORK CITY,EPD2F,No 2 Fuel Oil / Heating Oil,PF4,Spot Price FOB,EER_EPD2F_PF4_Y35NY_DPG,New York Harbor No. 2 Heating Oil Spot Price FOB (Dollars per Gallon),1.488,$/GAL
2016-10-01,RGC,NA,EPJK,Kerosene-Type Jet Fuel,PF4,Spot Price FOB,EER_EPJK_PF4_RGC_DPG,U.S. Gulf Coast Kerosene-Type Jet Fuel Spot Price FOB (Dollars per Gallon),1.457,$/GAL
2016-10-01,Y44MB,NA,EPLLPA,Propane,PF4,Spot Price FOB,EER_EPLLPA_PF4_Y44MB_DPG,"Mont Belvieu, TX Propane Spot Price FOB (Dollars per Gallon)",0.573,$/GAL
2016-10-01,Y05LA,LOS ANGELES,EPMRR,Reformulated Regular Gasoline,PF4,Spot Price FOB,EER_EPMRR_PF4_Y05LA_DPG,Los Angeles Reformulated RBOB Regular Gasoline Spot Price (Dollars per Gallon),1.619,$/GAL
2016-10-01,RGC,NA,EPMRU,Conventional Regular Gasoline,PF4,Spot Price FOB,EER_EPMRU_PF4_RGC_DPG,U.S. Gulf Coast Conventional Gasoline Regular Spot Price FOB (Dollars per Gallon),1.489,$/GAL
2016-10-01,Y35NY,NEW YORK CITY,EPMRU,Conventional Regular Gasoline,PF4,Spot Price FOB,EER_EPMRU_PF4_Y35NY_DPG,New York Harbor Conventional Gasoline Regular Spot Price FOB (Dollars per Gallon),1.522,$/GAL
2016-10-01,ZEU,NA,EPCBRENT,UK Brent Crude Oil,PF4,Spot Price FOB,RBRTE,Europe Brent Spot Price FOB (Dollars per Barrel),49.52,$/BBL
2016-10-01,YCUOK,NA,EPCWTI,WTI Crude Oil,PF4,Spot Price FOB,RWTC,"Cushing, OK WTI Spot Price FOB (Dollars per Barrel)",49.78,$/BBL
2016-11-01,Y05LA,LOS ANGELES,EPD2DC,Carb Diesel,PF4,Spot Price FOB,EER_EPD2DC_PF4_Y05LA_DPG,"Los Angeles, CA Ultra-Low Sulfur CARB Diesel Spot Price (Dollars per Gallon)",1.539,$/GAL
2016-11-01,RGC,NA,EPD2DXL0,No 2 Diesel Low Sulfur (0-15 ppm),PF4,Spot Price FOB,EER_EPD2DXL0_PF4_RGC_DPG,U.S. Gulf Coast Ultra-Low Sulfur No 2 Diesel Spot Price (Dollars per Gallon),1.427,$/GAL
2016-11-01,Y35NY,NEW YORK CITY,EPD2DXL0,No 2 Diesel Low Sulfur (0-15 ppm),PF4,Spot Price FOB,EER_EPD2DXL0_PF4_Y35NY_DPG,New York Harbor Ultra-Low Sulfur No 2 Diesel Spot Price (Dollars per Gallon),1.463,$/GAL
2016-11-01,Y35NY,NEW YORK CITY,EPD2F,No 2 Fuel Oil / Heating Oil,PF4,Spot Price FOB,EER_EPD2F_PF4_Y35NY_DPG,New York Harbor No. 2 Heating Oil Spot Price FOB (Dollars per Gallon),1.39,$/GAL
2016-11-01,RGC,NA,EPJK,Kerosene-Type Jet Fuel,PF4,Spot Price FOB,EER_EPJK_PF4_RGC_DPG,U.S. Gulf Coast Kerosene-Type Jet Fuel Spot Price FOB (Dollars per Gallon),1.356,$/GAL
2016-11-01,Y44MB,NA,EPLLPA,Propane,PF4,Spot Price FOB,EER_EPLLPA_PF4_Y44MB_DPG,"Mont Belvieu, TX Propane Spot Price FOB (Dollars per Gallon)",0.538,$/GAL
2016-11-01,Y05LA,LOS ANGELES,EPMRR,Reformulated Regular Gasoline,PF4,Spot Price FOB,EER_EPMRR_PF4_Y05LA_DPG,Los Angeles Reformulated RBOB Regular Gasoline Spot Price (Dollars per Gallon),1.434,$/GAL
2016-11-01,RGC,NA,EPMRU,Conventional Regular Gasoline,PF4,Spot Price FOB,EER_EPMRU_PF4_RGC_DPG,U.S. Gulf Coast Conventional Gasoline Regular Spot Price FOB (Dollars per Gallon),1.317,$/GAL
2016-11-01,Y35NY,NEW YORK CITY,EPMRU,Conventional Regular Gasoline,PF4,Spot Price FOB,EER_EPMRU_PF4_Y35NY_DPG,New York Harbor Conventional Gasoline Regular Spot Price FOB (Dollars per Gallon),1.462,$/GAL
2016-11-01,ZEU,NA,EPCBRENT,UK Brent Crude Oil,PF4,Spot Price FOB,RBRTE,Europe Brent Spot Price FOB (Dollars per Barrel),44.73,$/BBL
2016-11-01,YCUOK,NA,EPCWTI,WTI Crude Oil,PF4,Spot Price FOB,RWTC,"Cushing, OK WTI Spot Price FOB (Dollars per Barrel)",45.66,$/BBL
2016-12-01,Y05LA,LOS ANGELES,EPD2DC,Carb Diesel,PF4,Spot Price FOB,EER_EPD2DC_PF4_Y05LA_DPG,"Los Angeles, CA Ultra-Low Sulfur CARB Diesel Spot Price (Dollars per Gallon)",1.656,$/GAL
2016-12-01,RGC,NA,EPD2DXL0,No 2 Diesel Low Sulfur (0-15 ppm),PF4,Spot Price FOB,EER_EPD2DXL0_PF4_RGC_DPG,U.S. Gulf Coast Ultra-Low Sulfur No 2 Diesel Spot Price (Dollars per Gallon),1.596,$/GAL
2016-12-01,Y35NY,NEW YORK CITY,EPD2DXL0,No 2 Diesel Low Sulfur (0-15 ppm),PF4,Spot Price FOB,EER_EPD2DXL0_PF4_Y35NY_DPG,New York Harbor Ultra-Low Sulfur No 2 Diesel Spot Price (Dollars per Gallon),1.642,$/GAL
2016-12-01,Y35NY,NEW YORK CITY,EPD2F,No 2 Fuel Oil / Heating Oil,PF4,Spot Price FOB,EER_EPD2F_PF4_Y35NY_DPG,New York Harbor No. 2 Heating Oil Spot Price FOB (Dollars per Gallon),1.553,$/GAL
2016-12-01,RGC,NA,EPJK,Kerosene-Type Jet Fuel,PF4,Spot Price FOB,EER_EPJK_PF4_RGC_DPG,U.S. Gulf Coast Kerosene-Type Jet Fuel Spot Price FOB (Dollars per Gallon),1.491,$/GAL
2016-12-01,Y44MB,NA,EPLLPA,Propane,PF4,Spot Price FOB,EER_EPLLPA_PF4_Y44MB_DPG,"Mont Belvieu, TX Propane Spot Price FOB (Dollars per Gallon)",0.637,$/GAL
2016-12-01,Y05LA,LOS ANGELES,EPMRR,Reformulated Regular Gasoline,PF4,Spot Price FOB,EER_EPMRR_PF4_Y05LA_DPG,Los Angeles Reformulated RBOB Regular Gasoline Spot Price (Dollars per Gallon),1.5,$/GAL
2016-12-01,RGC,NA,EPMRU,Conventional Regular Gasoline,PF4,Spot Price FOB,EER_EPMRU_PF4_RGC_DPG,U.S. Gulf Coast Conventional Gasoline Regular Spot Price FOB (Dollars per Gallon),1.566,$/GAL
2016-12-01,Y35NY,NEW YORK CITY,EPMRU,Conventional Regular Gasoline,PF4,Spot Price FOB,EER_EPMRU_PF4_Y35NY_DPG,New York Harbor Conventional Gasoline Regular Spot Price FOB (Dollars per Gallon),1.634,$/GAL
2016-12-01,ZEU,NA,EPCBRENT,UK Brent Crude Oil,PF4,Spot Price FOB,RBRTE,Europe Brent Spot Price FOB (Dollars per Barrel),53.31,$/BBL
2016-12-01,YCUOK,NA,EPCWTI,WTI Crude Oil,PF4,Spot Price FOB,RWTC,"Cushing, OK WTI Spot Price FOB (Dollars per Barrel)",51.97,$/BBL
2017-01-01,Y05LA,LOS ANGELES,EPD2DC,Carb Diesel,PF4,Spot Price FOB,EER_EPD2DC_PF4_Y05LA_DPG,"Los Angeles, CA Ultra-Low Sulfur CARB Diesel Spot Price (Dollars per Gallon)",1.671,$/GAL
2017-01-01,RGC,NA,EPD2DXL0,No 2 Diesel Low Sulfur (0-15 ppm),PF4,Spot Price FOB,EER_EPD2DXL0_PF4_RGC_DPG,U.S. Gulf Coast Ultra-Low Sulfur No 2 Diesel Spot Price (Dollars per Gallon),1.593,$/GAL
2017-01-01,Y35NY,NEW YORK CITY,EPD2DXL0,No 2 Diesel Low Sulfur (0-15 ppm),PF4,Spot Price FOB,EER_EPD2DXL0_PF4_Y35NY_DPG,New York Harbor Ultra-Low Sulfur No 2 Diesel Spot Price (Dollars per Gallon),1.623,$/GAL
2017-01-01,Y35NY,NEW YORK CITY,EPD2F,No 2 Fuel Oil / Heating Oil,PF4,Spot Price FOB,EER_EPD2F_PF4_Y35NY_DPG,New York Harbor No. 2 Heating Oil Spot Price FOB (Dollars per Gallon),1.551,$/GAL
2017-01-01,RGC,NA,EPJK,Kerosene-Type Jet Fuel,PF4,Spot Price FOB,EER_EPJK_PF4_RGC_DPG,U.S. Gulf Coast Kerosene-Type Jet Fuel Spot Price FOB (Dollars per Gallon),1.514,$/GAL
2017-01-01,Y44MB,NA,EPLLPA,Propane,PF4,Spot Price FOB,EER_EPLLPA_PF4_Y44MB_DPG,"Mont Belvieu, TX Propane Spot Price FOB (Dollars per Gallon)",0.747,$/GAL
2017-01-01,Y05LA,LOS ANGELES,EPMRR,Reformulated Regular Gasoline,PF4,Spot Price FOB,EER_EPMRR_PF4_Y05LA_DPG,Los Angeles Reformulated RBOB Regular Gasoline Spot Price (Dollars per Gallon),1.612,$/GAL
2017-01-01,RGC,NA,EPMRU,Conventional Regular Gasoline,PF4,Spot Price FOB,EER_EPMRU_PF4_RGC_DPG,U.S. Gulf Coast Conventional Gasoline Regular Spot Price FOB (Dollars per Gallon),1.593,$/GAL
2017-01-01,Y35NY,NEW YORK CITY,EPMRU,Conventional Regular Gasoline,PF4,Spot Price FOB,EER_EPMRU_PF4_Y35NY_DPG,New York Harbor Conventional Gasoline Regular Spot Price FOB (Dollars per Gallon),1.62,$/GAL
2017-01-01,ZEU,NA,EPCBRENT,UK Brent Crude Oil,PF4,Spot Price FOB,RBRTE,Europe Brent Spot Price FOB (Dollars per Barrel),54.58,$/BBL
2017-01-01,YCUOK,NA,EPCWTI,WTI Crude Oil,PF4,Spot Price FOB,RWTC,"Cushing, OK WTI Spot Price FOB (Dollars per Barrel)",52.5,$/BBL
2017-02-01,Y05LA,LOS ANGELES,EPD2DC,Carb Diesel,PF4,Spot Price FOB,EER_EPD2DC_PF4_Y05LA_DPG,"Los Angeles, CA Ultra-Low Sulfur CARB Diesel Spot Price (Dollars per Gallon)",1.67,$/GAL
2017-02-01,RGC,NA,EPD2DXL0,No 2 Diesel Low Sulfur (0-15 ppm),PF4,Spot Price FOB,EER_EPD2DXL0_PF4_RGC_DPG,U.S. Gulf Coast Ultra-Low Sulfur No 2 Diesel Spot Price (Dollars per Gallon),1.608,$/GAL
2017-02-01,Y35NY,NEW YORK CITY,EPD2DXL0,No 2 Diesel Low Sulfur (0-15 ppm),PF4,Spot Price FOB,EER_EPD2DXL0_PF4_Y35NY_DPG,New York Harbor Ultra-Low Sulfur No 2 Diesel Spot Price (Dollars per Gallon),1.624,$/GAL
2017-02-01,Y35NY,NEW YORK CITY,EPD2F,No 2 Fuel Oil / Heating Oil,PF4,Spot Price FOB,EER_EPD2F_PF4_Y35NY_DPG,New York Harbor No. 2 Heating Oil Spot Price FOB (Dollars per Gallon),1.562,$/GAL
2017-02-01,RGC,NA,EPJK,Kerosene-Type Jet Fuel,PF4,Spot Price FOB,EER_EPJK_PF4_RGC_DPG,U.S. Gulf Coast Kerosene-Type Jet Fuel Spot Price FOB (Dollars per Gallon),1.547,$/GAL
2017-02-01,Y44MB,NA,EPLLPA,Propane,PF4,Spot Price FOB,EER_EPLLPA_PF4_Y44MB_DPG,"Mont Belvieu, TX Propane Spot Price FOB (Dollars per Gallon)",0.768,$/GAL
2017-02-01,Y05LA,LOS ANGELES,EPMRR,Reformulated Regular Gasoline,PF4,Spot Price FOB,EER_EPMRR_PF4_Y05LA_DPG,Los Angeles Reformulated RBOB Regular Gasoline Spot Price (Dollars per Gallon),1.756,$/GAL
2017-02-01,RGC,NA,EPMRU,Conventional Regular Gasoline,PF4,Spot Price FOB,EER_EPMRU_PF4_RGC_DPG,U.S. Gulf Coast Conventional Gasoline Regular Spot Price FOB (Dollars per Gallon),1.543,$/GAL
2017-02-01,Y35NY,NEW YORK CITY,EPMRU,Conventional Regular Gasoline,PF4,Spot Price FOB,EER_EPMRU_PF4_Y35NY_DPG,New York Harbor Conventional Gasoline Regular Spot Price FOB (Dollars per Gallon),1.547,$/GAL
2017-02-01,ZEU,NA,EPCBRENT,UK Brent Crude Oil,PF4,Spot Price FOB,RBRTE,Europe Brent Spot Price FOB (Dollars per Barrel),54.87,$/BBL
2017-02-01,YCUOK,NA,EPCWTI,WTI Crude Oil,PF4,Spot Price FOB,RWTC,"Cushing, OK WTI Spot Price FOB (Dollars per Barrel)",53.47,$/BBL
2017-03-01,Y05LA,LOS ANGELES,EPD2DC,Carb Diesel,PF4,Spot Price FOB,EER_EPD2DC_PF4_Y05LA_DPG,"Los Angeles, CA Ultra-Low Sulfur CARB Diesel Spot Price (Dollars per Gallon)",1.563,$/GAL
2017-03-01,RGC,NA,EPD2DXL0,No 2 Diesel Low Sulfur (0-15 ppm),PF4,Spot Price FOB,EER_EPD2DXL0_PF4_RGC_DPG,U.S. Gulf Coast Ultra-Low Sulfur No 2 Diesel Spot Price (Dollars per Gallon),1.502,$/GAL
2017-03-01,Y35NY,NEW YORK CITY,EPD2DXL0,No 2 Diesel Low Sulfur (0-15 ppm),PF4,Spot Price FOB,EER_EPD2DXL0_PF4_Y35NY_DPG,New York Harbor Ultra-Low Sulfur No 2 Diesel Spot Price (Dollars per Gallon),1.528,$/GAL
2017-03-01,Y35NY,NEW YORK CITY,EPD2F,No 2 Fuel Oil / Heating Oil,PF4,Spot Price FOB,EER_EPD2F_PF4_Y35NY_DPG,New York Harbor No. 2 Heating Oil Spot Price FOB (Dollars per Gallon),1.492,$/GAL
2017-03-01,RGC,NA,EPJK,Kerosene-Type Jet Fuel,PF4,Spot Price FOB,EER_EPJK_PF4_RGC_DPG,U.S. Gulf Coast Kerosene-Type Jet Fuel Spot Price FOB (Dollars per Gallon),1.445,$/GAL
2017-03-01,Y44MB,NA,EPLLPA,Propane,PF4,Spot Price FOB,EER_EPLLPA_PF4_Y44MB_DPG,"Mont Belvieu, TX Propane Spot Price FOB (Dollars per Gallon)",0.615,$/GAL
2017-03-01,Y05LA,LOS ANGELES,EPMRR,Reformulated Regular Gasoline,PF4,Spot Price FOB,EER_EPMRR_PF4_Y05LA_DPG,Los Angeles Reformulated RBOB Regular Gasoline Spot Price (Dollars per Gallon),1.72,$/GAL
2017-03-01,RGC,NA,EPMRU,Conventional Regular Gasoline,PF4,Spot Price FOB,EER_EPMRU_PF4_RGC_DPG,U.S. Gulf Coast Conventional Gasoline Regular Spot Price FOB (Dollars per Gallon),1.523,$/GAL
2017-03-01,Y35NY,NEW YORK CITY,EPMRU,Conventional Regular Gasoline,PF4,Spot Price FOB,EER_EPMRU_PF4_Y35NY_DPG,New York Harbor Conventional Gasoline Regular Spot Price FOB (Dollars per Gallon),1.492,$/GAL
2017-03-01,ZEU,NA,EPCBRENT,UK Brent Crude Oil,PF4,Spot Price FOB,RBRTE,Europe Brent Spot Price FOB (Dollars per Barrel),51.59,$/BBL
2017-03-01,YCUOK,NA,EPCWTI,WTI Crude Oil,PF4,Spot Price FOB,RWTC,"Cushing, OK WTI Spot Price FOB (Dollars per Barrel)",49.33,$/BBL
2017-04-01,Y05LA,LOS ANGELES,EPD2DC,Carb Diesel,PF4,Spot Price FOB,EER_EPD2DC_PF4_Y05LA_DPG,"Los Angeles, CA Ultra-Low Sulfur CARB Diesel Spot Price (Dollars per Gallon)",1.639,$/GAL
2017-04-01,RGC,NA,EPD2DXL0,No 2 Diesel Low Sulfur (0-15 ppm),PF4,Spot Price FOB,EER_EPD2DXL0_PF4_RGC_DPG,U.S. Gulf Coast Ultra-Low Sulfur No 2 Diesel Spot Price (Dollars per Gallon),1.558,$/GAL
2017-04-01,Y35NY,NEW YORK CITY,EPD2DXL0,No 2 Diesel Low Sulfur (0-15 ppm),PF4,Spot Price FOB,EER_EPD2DXL0_PF4_Y35NY_DPG,New York Harbor Ultra-Low Sulfur No 2 Diesel Spot Price (Dollars per Gallon),1.586,$/GAL
2017-04-01,Y35NY,NEW YORK CITY,EPD2F,No 2 Fuel Oil / Heating Oil,PF4,Spot Price FOB,EER_EPD2F_PF4_Y35NY_DPG,New York Harbor No. 2 Heating Oil Spot Price FOB (Dollars per Gallon),1.523,$/GAL
2017-04-01,RGC,NA,EPJK,Kerosene-Type Jet Fuel,PF4,Spot Price FOB,EER_EPJK_PF4_RGC_DPG,U.S. Gulf Coast Kerosene-Type Jet Fuel Spot Price FOB (Dollars per Gallon),1.51,$/GAL
2017-04-01,Y44MB,NA,EPLLPA,Propane,PF4,Spot Price FOB,EER_EPLLPA_PF4_Y44MB_DPG,"Mont Belvieu, TX Propane Spot Price FOB (Dollars per Gallon)",0.651,$/GAL
2017-04-01,Y05LA,LOS ANGELES,EPMRR,Reformulated Regular Gasoline,PF4,Spot Price FOB,EER_EPMRR_PF4_Y05LA_DPG,Los Angeles Reformulated RBOB Regular Gasoline Spot Price (Dollars per Gallon),1.777,$/GAL
2017-04-01,RGC,NA,EPMRU,Conventional Regular Gasoline,PF4,Spot Price FOB,EER_EPMRU_PF4_RGC_DPG,U.S. Gulf Coast Conventional Gasoline Regular Spot Price FOB (Dollars per Gallon),1.621,$/GAL
2017-04-01,Y35NY,NEW YORK CITY,EPMRU,Conventional Regular Gasoline,PF4,Spot Price FOB,EER_EPMRU_PF4_Y35NY_DPG,New York Harbor Conventional Gasoline Regular Spot Price FOB (Dollars per Gallon),1.611,$/GAL
2017-04-01,ZEU,NA,EPCBRENT,UK Brent Crude Oil,PF4,Spot Price FOB,RBRTE,Europe Brent Spot Price FOB (Dollars per Barrel),52.31,$/BBL
2017-04-01,YCUOK,NA,EPCWTI,WTI Crude Oil,PF4,Spot Price FOB,RWTC,"Cushing, OK WTI Spot Price FOB (Dollars per Barrel)",51.06,$/BBL
2017-05-01,Y05LA,LOS ANGELES,EPD2DC,Carb Diesel,PF4,Spot Price FOB,EER_EPD2DC_PF4_Y05LA_DPG,"Los Angeles, CA Ultra-Low Sulfur CARB Diesel Spot Price (Dollars per Gallon)",1.547,$/GAL
2017-05-01,RGC,NA,EPD2DXL0,No 2 Diesel Low Sulfur (0-15 ppm),PF4,Spot Price FOB,EER_EPD2DXL0_PF4_RGC_DPG,U.S. Gulf Coast Ultra-Low Sulfur No 2 Diesel Spot Price (Dollars per Gallon),1.482,$/GAL
2017-05-01,Y35NY,NEW YORK CITY,EPD2DXL0,No 2 Diesel Low Sulfur (0-15 ppm),PF4,Spot Price FOB,EER_EPD2DXL0_PF4_Y35NY_DPG,New York Harbor Ultra-Low Sulfur No 2 Diesel Spot Price (Dollars per Gallon),1.514,$/GAL
2017-05-01,Y35NY,NEW YORK CITY,EPD2F,No 2 Fuel Oil / Heating Oil,PF4,Spot Price FOB,EER_EPD2F_PF4_Y35NY_DPG,New York Harbor No. 2 Heating Oil Spot Price FOB (Dollars per Gallon),1.454,$/GAL
2017-05-01,RGC,NA,EPJK,Kerosene-Type Jet Fuel,PF4,Spot Price FOB,EER_EPJK_PF4_RGC_DPG,U.S. Gulf Coast Kerosene-Type Jet Fuel Spot Price FOB (Dollars per Gallon),1.412,$/GAL
2017-05-01,Y44MB,NA,EPLLPA,Propane,PF4,Spot Price FOB,EER_EPLLPA_PF4_Y44MB_DPG,"Mont Belvieu, TX Propane Spot Price FOB (Dollars per Gallon)",0.64,$/GAL
2017-05-01,Y05LA,LOS ANGELES,EPMRR,Reformulated Regular Gasoline,PF4,Spot Price FOB,EER_EPMRR_PF4_Y05LA_DPG,Los Angeles Reformulated RBOB Regular Gasoline Spot Price (Dollars per Gallon),1.746,$/GAL
2017-05-01,RGC,NA,EPMRU,Conventional Regular Gasoline,PF4,Spot Price FOB,EER_EPMRU_PF4_RGC_DPG,U.S. Gulf Coast Conventional Gasoline Regular Spot Price FOB (Dollars per Gallon),1.519,$/GAL
2017-05-01,Y35NY,NEW YORK CITY,EPMRU,Conventional Regular Gasoline,PF4,Spot Price FOB,EER_EPMRU_PF4_Y35NY_DPG,New York Harbor Conventional Gasoline Regular Spot Price FOB (Dollars per Gallon),1.54,$/GAL
2017-05-01,ZEU,NA,EPCBRENT,UK Brent Crude Oil,PF4,Spot Price FOB,RBRTE,Europe Brent Spot Price FOB (Dollars per Barrel),50.33,$/BBL
2017-05-01,YCUOK,NA,EPCWTI,WTI Crude Oil,PF4,Spot Price FOB,RWTC,"Cushing, OK WTI Spot Price FOB (Dollars per Barrel)",48.48,$/BBL
2017-06-01,Y05LA,LOS ANGELES,EPD2DC,Carb Diesel,PF4,Spot Price FOB,EER_EPD2DC_PF4_Y05LA_DPG,"Los Angeles, CA Ultra-Low Sulfur CARB Diesel Spot Price (Dollars per Gallon)",1.46,$/GAL
2017-06-01,RGC,NA,EPD2DXL0,No 2 Diesel Low Sulfur (0-15 ppm),PF4,Spot Price FOB,EER_EPD2DXL0_PF4_RGC_DPG,U.S. Gulf Coast Ultra-Low Sulfur No 2 Diesel Spot Price (Dollars per Gallon),1.386,$/GAL
2017-06-01,Y35NY,NEW YORK CITY,EPD2DXL0,No 2 Diesel Low Sulfur (0-15 ppm),PF4,Spot Price FOB,EER_EPD2DXL0_PF4_Y35NY_DPG,New York Harbor Ultra-Low Sulfur No 2 Diesel Spot Price (Dollars per Gallon),1.417,$/GAL
2017-06-01,Y35NY,NEW YORK CITY,EPD2F,No 2 Fuel Oil / Heating Oil,PF4,Spot Price FOB,EER_EPD2F_PF4_Y35NY_DPG,New York Harbor No. 2 Heating Oil Spot Price FOB (Dollars per Gallon),1.332,$/GAL
2017-06-01,RGC,NA,EPJK,Kerosene-Type Jet Fuel,PF4,Spot Price FOB,EER_EPJK_PF4_RGC_DPG,U.S. Gulf Coast Kerosene-Type Jet Fuel Spot Price FOB (Dollars per Gallon),1.295,$/GAL
2017-06-01,Y44MB,NA,EPLLPA,Propane,PF4,Spot Price FOB,EER_EPLLPA_PF4_Y44MB_DPG,"Mont Belvieu, TX Propane Spot Price FOB (Dollars per Gallon)",0.59,$/GAL
2017-06-01,Y05LA,LOS ANGELES,EPMRR,Reformulated Regular Gasoline,PF4,Spot Price FOB,EER_EPMRR_PF4_Y05LA_DPG,Los Angeles Reformulated RBOB Regular Gasoline Spot Price (Dollars per Gallon),1.619,$/GAL
2017-06-01,RGC,NA,EPMRU,Conventional Regular Gasoline,PF4,Spot Price FOB,EER_EPMRU_PF4_RGC_DPG,U.S. Gulf Coast Conventional Gasoline Regular Spot Price FOB (Dollars per Gallon),1.432,$/GAL
2017-06-01,Y35NY,NEW YORK CITY,EPMRU,Conventional Regular Gasoline,PF4,Spot Price FOB,EER_EPMRU_PF4_Y35NY_DPG,New York Harbor Conventional Gasoline Regular Spot Price FOB (Dollars per Gallon),1.445,$/GAL
2017-06-01,ZEU,NA,EPCBRENT,UK Brent Crude Oil,PF4,Spot Price FOB,RBRTE,Europe Brent Spot Price FOB (Dollars per Barrel),46.37,$/BBL
2017-06-01,YCUOK,NA,EPCWTI,WTI Crude Oil,PF4,Spot Price FOB,RWTC,"Cushing, OK WTI Spot Price FOB (Dollars per Barrel)",45.18,$/BBL
2017-07-01,Y05LA,LOS ANGELES,EPD2DC,Carb Diesel,PF4,Spot Price FOB,EER_EPD2DC_PF4_Y05LA_DPG,"Los Angeles, CA Ultra-Low Sulfur CARB Diesel Spot Price (Dollars per Gallon)",1.57,$/GAL
2017-07-01,RGC,NA,EPD2DXL0,No 2 Diesel Low Sulfur (0-15 ppm),PF4,Spot Price FOB,EER_EPD2DXL0_PF4_RGC_DPG,U.S. Gulf Coast Ultra-Low Sulfur No 2 Diesel Spot Price (Dollars per Gallon),1.486,$/GAL
2017-07-01,Y35NY,NEW YORK CITY,EPD2DXL0,No 2 Diesel Low Sulfur (0-15 ppm),PF4,Spot Price FOB,EER_EPD2DXL0_PF4_Y35NY_DPG,New York Harbor Ultra-Low Sulfur No 2 Diesel Spot Price (Dollars per Gallon),1.521,$/GAL
2017-07-01,Y35NY,NEW YORK CITY,EPD2F,No 2 Fuel Oil / Heating Oil,PF4,Spot Price FOB,EER_EPD2F_PF4_Y35NY_DPG,New York Harbor No. 2 Heating Oil Spot Price FOB (Dollars per Gallon),1.423,$/GAL
2017-07-01,RGC,NA,EPJK,Kerosene-Type Jet Fuel,PF4,Spot Price FOB,EER_EPJK_PF4_RGC_DPG,U.S. Gulf Coast Kerosene-Type Jet Fuel Spot Price FOB (Dollars per Gallon),1.417,$/GAL
2017-07-01,Y44MB,NA,EPLLPA,Propane,PF4,Spot Price FOB,EER_EPLLPA_PF4_Y44MB_DPG,"Mont Belvieu, TX Propane Spot Price FOB (Dollars per Gallon)",0.647,$/GAL
2017-07-01,Y05LA,LOS ANGELES,EPMRR,Reformulated Regular Gasoline,PF4,Spot Price FOB,EER_EPMRR_PF4_Y05LA_DPG,Los Angeles Reformulated RBOB Regular Gasoline Spot Price (Dollars per Gallon),1.669,$/GAL
2017-07-01,RGC,NA,EPMRU,Conventional Regular Gasoline,PF4,Spot Price FOB,EER_EPMRU_PF4_RGC_DPG,U.S. Gulf Coast Conventional Gasoline Regular Spot Price FOB (Dollars per Gallon),1.518,$/GAL
2017-07-01,Y35NY,NEW YORK CITY,EPMRU,Conventional Regular Gasoline,PF4,Spot Price FOB,EER_EPMRU_PF4_Y35NY_DPG,New York Harbor Conventional Gasoline Regular Spot Price FOB (Dollars per Gallon),1.562,$/GAL
2017-07-01,ZEU,NA,EPCBRENT,UK Brent Crude Oil,PF4,Spot Price FOB,RBRTE,Europe Brent Spot Price FOB (Dollars per Barrel),48.48,$/BBL
2017-07-01,YCUOK,NA,EPCWTI,WTI Crude Oil,PF4,Spot Price FOB,RWTC,"Cushing, OK WTI Spot Price FOB (Dollars per Barrel)",46.63,$/BBL
2017-08-01,Y05LA,LOS ANGELES,EPD2DC,Carb Diesel,PF4,Spot Price FOB,EER_EPD2DC_PF4_Y05LA_DPG,"Los Angeles, CA Ultra-Low Sulfur CARB Diesel Spot Price (Dollars per Gallon)",1.697,$/GAL
2017-08-01,RGC,NA,EPD2DXL0,No 2 Diesel Low Sulfur (0-15 ppm),PF4,Spot Price FOB,EER_EPD2DXL0_PF4_RGC_DPG,U.S. Gulf Coast Ultra-Low Sulfur No 2 Diesel Spot Price (Dollars per Gallon),1.601,$/GAL
2017-08-01,Y35NY,NEW YORK CITY,EPD2DXL0,No 2 Diesel Low Sulfur (0-15 ppm),PF4,Spot Price FOB,EER_EPD2DXL0_PF4_Y35NY_DPG,New York Harbor Ultra-Low Sulfur No 2 Diesel Spot Price (Dollars per Gallon),1.631,$/GAL
2017-08-01,Y35NY,NEW YORK CITY,EPD2F,No 2 Fuel Oil / Heating Oil,PF4,Spot Price FOB,EER_EPD2F_PF4_Y35NY_DPG,New York Harbor No. 2 Heating Oil Spot Price FOB (Dollars per Gallon),1.519,$/GAL
2017-08-01,RGC,NA,EPJK,Kerosene-Type Jet Fuel,PF4,Spot Price FOB,EER_EPJK_PF4_RGC_DPG,U.S. Gulf Coast Kerosene-Type Jet Fuel Spot Price FOB (Dollars per Gallon),1.561,$/GAL
2017-08-01,Y44MB,NA,EPLLPA,Propane,PF4,Spot Price FOB,EER_EPLLPA_PF4_Y44MB_DPG,"Mont Belvieu, TX Propane Spot Price FOB (Dollars per Gallon)",0.758,$/GAL
2017-08-01,Y05LA,LOS ANGELES,EPMRR,Reformulated Regular Gasoline,PF4,Spot Price FOB,EER_EPMRR_PF4_Y05LA_DPG,Los Angeles Reformulated RBOB Regular Gasoline Spot Price (Dollars per Gallon),1.807,$/GAL
2017-08-01,RGC,NA,EPMRU,Conventional Regular Gasoline,PF4,Spot Price FOB,EER_EPMRU_PF4_RGC_DPG,U.S. Gulf Coast Conventional Gasoline Regular Spot Price FOB (Dollars per Gallon),1.638,$/GAL
2017-08-01,Y35NY,NEW YORK CITY,EPMRU,Conventional Regular Gasoline,PF4,Spot Price FOB,EER_EPMRU_PF4_Y35NY_DPG,New York Harbor Conventional Gasoline Regular Spot Price FOB (Dollars per Gallon),1.688,$/GAL
2017-08-01,ZEU,NA,EPCBRENT,UK Brent Crude Oil,PF4,Spot Price FOB,RBRTE,Europe Brent Spot Price FOB (Dollars per Barrel),51.7,$/BBL
2017-08-01,YCUOK,NA,EPCWTI,WTI Crude Oil,PF4,Spot Price FOB,RWTC,"Cushing, OK WTI Spot Price FOB (Dollars per Barrel)",48.04,$/BBL
2017-09-01,Y05LA,LOS ANGELES,EPD2DC,Carb Diesel,PF4,Spot Price FOB,EER_EPD2DC_PF4_Y05LA_DPG,"Los Angeles, CA Ultra-Low Sulfur CARB Diesel Spot Price (Dollars per Gallon)",1.915,$/GAL
2017-09-01,RGC,NA,EPD2DXL0,No 2 Diesel Low Sulfur (0-15 ppm),PF4,Spot Price FOB,EER_EPD2DXL0_PF4_RGC_DPG,U.S. Gulf Coast Ultra-Low Sulfur No 2 Diesel Spot Price (Dollars per Gallon),1.777,$/GAL
2017-09-01,Y35NY,NEW YORK CITY,EPD2DXL0,No 2 Diesel Low Sulfur (0-15 ppm),PF4,Spot Price FOB,EER_EPD2DXL0_PF4_Y35NY_DPG,New York Harbor Ultra-Low Sulfur No 2 Diesel Spot Price (Dollars per Gallon),1.791,$/GAL
2017-09-01,Y35NY,NEW YORK CITY,EPD2F,No 2 Fuel Oil / Heating Oil,PF4,Spot Price FOB,EER_EPD2F_PF4_Y35NY_DPG,New York Harbor No. 2 Heating Oil Spot Price FOB (Dollars per Gallon),1.708,$/GAL
2017-09-01,RGC,NA,EPJK,Kerosene-Type Jet Fuel,PF4,Spot Price FOB,EER_EPJK_PF4_RGC_DPG,U.S. Gulf Coast Kerosene-Type Jet Fuel Spot Price FOB (Dollars per Gallon),1.8,$/GAL
2017-09-01,Y44MB,NA,EPLLPA,Propane,PF4,Spot Price FOB,EER_EPLLPA_PF4_Y44MB_DPG,"Mont Belvieu, TX Propane Spot Price FOB (Dollars per Gallon)",0.883,$/GAL
2017-09-01,Y05LA,LOS ANGELES,EPMRR,Reformulated Regular Gasoline,PF4,Spot Price FOB,EER_EPMRR_PF4_Y05LA_DPG,Los Angeles Reformulated RBOB Regular Gasoline Spot Price (Dollars per Gallon),1.823,$/GAL
2017-09-01,RGC,NA,EPMRU,Conventional Regular Gasoline,PF4,Spot Price FOB,EER_EPMRU_PF4_RGC_DPG,U.S. Gulf Coast Conventional Gasoline Regular Spot Price FOB (Dollars per Gallon),1.753,$/GAL
2017-09-01,Y35NY,NEW YORK CITY,EPMRU,Conventional Regular Gasoline,PF4,Spot Price FOB,EER_EPMRU_PF4_Y35NY_DPG,New York Harbor Conventional Gasoline Regular Spot Price FOB (Dollars per Gallon),1.867,$/GAL
2017-09-01,ZEU,NA,EPCBRENT,UK Brent Crude Oil,PF4,Spot Price FOB,RBRTE,Europe Brent Spot Price FOB (Dollars per Barrel),56.15,$/BBL
2017-09-01,YCUOK,NA,EPCWTI,WTI Crude Oil,PF4,Spot Price FOB,RWTC,"Cushing, OK WTI Spot Price FOB (Dollars per Barrel)",49.82,$/BBL
2017-10-01,Y05LA,LOS ANGELES,EPD2DC,Carb Diesel,PF4,Spot Price FOB,EER_EPD2DC_PF4_Y05LA_DPG,"Los Angeles, CA Ultra-Low Sulfur CARB Diesel Spot Price (Dollars per Gallon)",1.863,$/GAL
2017-10-01,RGC,NA,EPD2DXL0,No 2 Diesel Low Sulfur (0-15 ppm),PF4,Spot Price FOB,EER_EPD2DXL0_PF4_RGC_DPG,U.S. Gulf Coast Ultra-Low Sulfur No 2 Diesel Spot Price (Dollars per Gallon),1.756,$/GAL
2017-10-01,Y35NY,NEW YORK CITY,EPD2DXL0,No 2 Diesel Low Sulfur (0-15 ppm),PF4,Spot Price FOB,EER_EPD2DXL0_PF4_Y35NY_DPG,New York Harbor Ultra-Low Sulfur No 2 Diesel Spot Price (Dollars per Gallon),1.799,$/GAL
2017-10-01,Y35NY,NEW YORK CITY,EPD2F,No 2 Fuel Oil / Heating Oil,PF4,Spot Price FOB,EER_EPD2F_PF4_Y35NY_DPG,New York Harbor No. 2 Heating Oil Spot Price FOB (Dollars per Gallon),1.707,$/GAL
2017-10-01,RGC,NA,EPJK,Kerosene-Type Jet Fuel,PF4,Spot Price FOB,EER_EPJK_PF4_RGC_DPG,U.S. Gulf Coast Kerosene-Type Jet Fuel Spot Price FOB (Dollars per Gallon),1.659,$/GAL
2017-10-01,Y44MB,NA,EPLLPA,Propane,PF4,Spot Price FOB,EER_EPLLPA_PF4_Y44MB_DPG,"Mont Belvieu, TX Propane Spot Price FOB (Dollars per Gallon)",0.934,$/GAL
2017-10-01,Y05LA,LOS ANGELES,EPMRR,Reformulated Regular Gasoline,PF4,Spot Price FOB,EER_EPMRR_PF4_Y05LA_DPG,Los Angeles Reformulated RBOB Regular Gasoline Spot Price (Dollars per Gallon),1.761,$/GAL
2017-10-01,RGC,NA,EPMRU,Conventional Regular Gasoline,PF4,Spot Price FOB,EER_EPMRU_PF4_RGC_DPG,U.S. Gulf Coast Conventional Gasoline Regular Spot Price FOB (Dollars per Gallon),1.652,$/GAL
2017-10-01,Y35NY,NEW YORK CITY,EPMRU,Conventional Regular Gasoline,PF4,Spot Price FOB,EER_EPMRU_PF4_Y35NY_DPG,New York Harbor Conventional Gasoline Regular Spot Price FOB (Dollars per Gallon),1.715,$/GAL
2017-10-01,ZEU,NA,EPCBRENT,UK Brent Crude Oil,PF4,Spot Price FOB,RBRTE,Europe Brent Spot Price FOB (Dollars per Barrel),57.51,$/BBL
2017-10-01,YCUOK,NA,EPCWTI,WTI Crude Oil,PF4,Spot Price FOB,RWTC,"Cushing, OK WTI Spot Price FOB (Dollars per Barrel)",51.58,$/BBL
2017-11-01,Y05LA,LOS ANGELES,EPD2DC,Carb Diesel,PF4,Spot Price FOB,EER_EPD2DC_PF4_Y05LA_DPG,"Los Angeles, CA Ultra-Low Sulfur CARB Diesel Spot Price (Dollars per Gallon)",1.975,$/GAL
2017-11-01,RGC,NA,EPD2DXL0,No 2 Diesel Low Sulfur (0-15 ppm),PF4,Spot Price FOB,EER_EPD2DXL0_PF4_RGC_DPG,U.S. Gulf Coast Ultra-Low Sulfur No 2 Diesel Spot Price (Dollars per Gallon),1.851,$/GAL
2017-11-01,Y35NY,NEW YORK CITY,EPD2DXL0,No 2 Diesel Low Sulfur (0-15 ppm),PF4,Spot Price FOB,EER_EPD2DXL0_PF4_Y35NY_DPG,New York Harbor Ultra-Low Sulfur No 2 Diesel Spot Price (Dollars per Gallon),1.916,$/GAL
2017-11-01,Y35NY,NEW YORK CITY,EPD2F,No 2 Fuel Oil / Heating Oil,PF4,Spot Price FOB,EER_EPD2F_PF4_Y35NY_DPG,New York Harbor No. 2 Heating Oil Spot Price FOB (Dollars per Gallon),1.823,$/GAL
2017-11-01,RGC,NA,EPJK,Kerosene-Type Jet Fuel,PF4,Spot Price FOB,EER_EPJK_PF4_RGC_DPG,U.S. Gulf Coast Kerosene-Type Jet Fuel Spot Price FOB (Dollars per Gallon),1.76,$/GAL
2017-11-01,Y44MB,NA,EPLLPA,Propane,PF4,Spot Price FOB,EER_EPLLPA_PF4_Y44MB_DPG,"Mont Belvieu, TX Propane Spot Price FOB (Dollars per Gallon)",0.98,$/GAL
2017-11-01,Y05LA,LOS ANGELES,EPMRR,Reformulated Regular Gasoline,PF4,Spot Price FOB,EER_EPMRR_PF4_Y05LA_DPG,Los Angeles Reformulated RBOB Regular Gasoline Spot Price (Dollars per Gallon),1.836,$/GAL
2017-11-01,RGC,NA,EPMRU,Conventional Regular Gasoline,PF4,Spot Price FOB,EER_EPMRU_PF4_RGC_DPG,U.S. Gulf Coast Conventional Gasoline Regular Spot Price FOB (Dollars per Gallon),1.757,$/GAL
2017-11-01,Y35NY,NEW YORK CITY,EPMRU,Conventional Regular Gasoline,PF4,Spot Price FOB,EER_EPMRU_PF4_Y35NY_DPG,New York Harbor Conventional Gasoline Regular Spot Price FOB (Dollars per Gallon),1.83,$/GAL
2017-11-01,ZEU,NA,EPCBRENT,UK Brent Crude Oil,PF4,Spot Price FOB,RBRTE,Europe Brent Spot Price FOB (Dollars per Barrel),62.71,$/BBL
2017-11-01,YCUOK,NA,EPCWTI,WTI Crude Oil,PF4,Spot Price FOB,RWTC,"Cushing, OK WTI Spot Price FOB (Dollars per Barrel)",56.64,$/BBL
2017-12-01,Y05LA,LOS ANGELES,EPD2DC,Carb Diesel,PF4,Spot Price FOB,EER_EPD2DC_PF4_Y05LA_DPG,"Los Angeles, CA Ultra-Low Sulfur CARB Diesel Spot Price (Dollars per Gallon)",1.907,$/GAL
2017-12-01,RGC,NA,EPD2DXL0,No 2 Diesel Low Sulfur (0-15 ppm),PF4,Spot Price FOB,EER_EPD2DXL0_PF4_RGC_DPG,U.S. Gulf Coast Ultra-Low Sulfur No 2 Diesel Spot Price (Dollars per Gallon),1.867,$/GAL
2017-12-01,Y35NY,NEW YORK CITY,EPD2DXL0,No 2 Diesel Low Sulfur (0-15 ppm),PF4,Spot Price FOB,EER_EPD2DXL0_PF4_Y35NY_DPG,New York Harbor Ultra-Low Sulfur No 2 Diesel Spot Price (Dollars per Gallon),1.944,$/GAL
2017-12-01,Y35NY,NEW YORK CITY,EPD2F,No 2 Fuel Oil / Heating Oil,PF4,Spot Price FOB,EER_EPD2F_PF4_Y35NY_DPG,New York Harbor No. 2 Heating Oil Spot Price FOB (Dollars per Gallon),1.863,$/GAL
2017-12-01,RGC,NA,EPJK,Kerosene-Type Jet Fuel,PF4,Spot Price FOB,EER_EPJK_PF4_RGC_DPG,U.S. Gulf Coast Kerosene-Type Jet Fuel Spot Price FOB (Dollars per Gallon),1.817,$/GAL
2017-12-01,Y44MB,NA,EPLLPA,Propane,PF4,Spot Price FOB,EER_EPLLPA_PF4_Y44MB_DPG,"Mont Belvieu, TX Propane Spot Price FOB (Dollars per Gallon)",0.957,$/GAL
2017-12-01,Y05LA,LOS ANGELES,EPMRR,Reformulated Regular Gasoline,PF4,Spot Price FOB,EER_EPMRR_PF4_Y05LA_DPG,Los Angeles Reformulated RBOB Regular Gasoline Spot Price (Dollars per Gallon),1.646,$/GAL
2017-12-01,RGC,NA,EPMRU,Conventional Regular Gasoline,PF4,Spot Price FOB,EER_EPMRU_PF4_RGC_DPG,U.S. Gulf Coast Conventional Gasoline Regular Spot Price FOB (Dollars per Gallon),1.702,$/GAL
2017-12-01,Y35NY,NEW YORK CITY,EPMRU,Conventional Regular Gasoline,PF4,Spot Price FOB,EER_EPMRU_PF4_Y35NY_DPG,New York Harbor Conventional Gasoline Regular Spot Price FOB (Dollars per Gallon),1.757,$/GAL
2017-12-01,ZEU,NA,EPCBRENT,UK Brent Crude Oil,PF4,Spot Price FOB,RBRTE,Europe Brent Spot Price FOB (Dollars per Barrel),64.37,$/BBL
2017-12-01,YCUOK,NA,EPCWTI,WTI Crude Oil,PF4,Spot Price FOB,RWTC,"Cushing, OK WTI Spot Price FOB (Dollars per Barrel)",57.88,$/BBL
2018-01-01,Y05LA,LOS ANGELES,EPD2DC,Carb Diesel,PF4,Spot Price FOB,EER_EPD2DC_PF4_Y05LA_DPG,"Los Angeles, CA Ultra-Low Sulfur CARB Diesel Spot Price (Dollars per Gallon)",2.056,$/GAL
2018-01-01,RGC,NA,EPD2DXL0,No 2 Diesel Low Sulfur (0-15 ppm),PF4,Spot Price FOB,EER_EPD2DXL0_PF4_RGC_DPG,U.S. Gulf Coast Ultra-Low Sulfur No 2 Diesel Spot Price (Dollars per Gallon),1.996,$/GAL
2018-01-01,Y35NY,NEW YORK CITY,EPD2DXL0,No 2 Diesel Low Sulfur (0-15 ppm),PF4,Spot Price FOB,EER_EPD2DXL0_PF4_Y35NY_DPG,New York Harbor Ultra-Low Sulfur No 2 Diesel Spot Price (Dollars per Gallon),2.074,$/GAL
2018-01-01,Y35NY,NEW YORK CITY,EPD2F,No 2 Fuel Oil / Heating Oil,PF4,Spot Price FOB,EER_EPD2F_PF4_Y35NY_DPG,New York Harbor No. 2 Heating Oil Spot Price FOB (Dollars per Gallon),2.017,$/GAL
2018-01-01,RGC,NA,EPJK,Kerosene-Type Jet Fuel,PF4,Spot Price FOB,EER_EPJK_PF4_RGC_DPG,U.S. Gulf Coast Kerosene-Type Jet Fuel Spot Price FOB (Dollars per Gallon),1.952,$/GAL
2018-01-01,Y44MB,NA,EPLLPA,Propane,PF4,Spot Price FOB,EER_EPLLPA_PF4_Y44MB_DPG,"Mont Belvieu, TX Propane Spot Price FOB (Dollars per Gallon)",0.904,$/GAL
2018-01-01,Y05LA,LOS ANGELES,EPMRR,Reformulated Regular Gasoline,PF4,Spot Price FOB,EER_EPMRR_PF4_Y05LA_DPG,Los Angeles Reformulated RBOB Regular Gasoline Spot Price (Dollars per Gallon),1.944,$/GAL
2018-01-01,RGC,NA,EPMRU,Conventional Regular Gasoline,PF4,Spot Price FOB,EER_EPMRU_PF4_RGC_DPG,U.S. Gulf Coast Conventional Gasoline Regular Spot Price FOB (Dollars per Gallon),1.857,$/GAL
2018-01-01,Y35NY,NEW YORK CITY,EPMRU,Conventional Regular Gasoline,PF4,Spot Price FOB,EER_EPMRU_PF4_Y35NY_DPG,New York Harbor Conventional Gasoline Regular Spot Price FOB (Dollars per Gallon),1.899,$/GAL
2018-01-01,ZEU,NA,EPCBRENT,UK Brent Crude Oil,PF4,Spot Price FOB,RBRTE,Europe Brent Spot Price FOB (Dollars per Barrel),69.08,$/BBL
2018-01-01,YCUOK,NA,EPCWTI,WTI Crude Oil,PF4,Spot Price FOB,RWTC,"Cushing, OK WTI Spot Price FOB (Dollars per Barrel)",63.7,$/BBL
2018-02-01,Y05LA,LOS ANGELES,EPD2DC,Carb Diesel,PF4,Spot Price FOB,EER_EPD2DC_PF4_Y05LA_DPG,"Los Angeles, CA Ultra-Low Sulfur CARB Diesel Spot Price (Dollars per Gallon)",1.963,$/GAL
2018-02-01,RGC,NA,EPD2DXL0,No 2 Diesel Low Sulfur (0-15 ppm),PF4,Spot Price FOB,EER_EPD2DXL0_PF4_RGC_DPG,U.S. Gulf Coast Ultra-Low Sulfur No 2 Diesel Spot Price (Dollars per Gallon),1.895,$/GAL
2018-02-01,Y35NY,NEW YORK CITY,EPD2DXL0,No 2 Diesel Low Sulfur (0-15 ppm),PF4,Spot Price FOB,EER_EPD2DXL0_PF4_Y35NY_DPG,New York Harbor Ultra-Low Sulfur No 2 Diesel Spot Price (Dollars per Gallon),1.937,$/GAL
2018-02-01,Y35NY,NEW YORK CITY,EPD2F,No 2 Fuel Oil / Heating Oil,PF4,Spot Price FOB,EER_EPD2F_PF4_Y35NY_DPG,New York Harbor No. 2 Heating Oil Spot Price FOB (Dollars per Gallon),1.853,$/GAL
2018-02-01,RGC,NA,EPJK,Kerosene-Type Jet Fuel,PF4,Spot Price FOB,EER_EPJK_PF4_RGC_DPG,U.S. Gulf Coast Kerosene-Type Jet Fuel Spot Price FOB (Dollars per Gallon),1.849,$/GAL
2018-02-01,Y44MB,NA,EPLLPA,Propane,PF4,Spot Price FOB,EER_EPLLPA_PF4_Y44MB_DPG,"Mont Belvieu, TX Propane Spot Price FOB (Dollars per Gallon)",0.827,$/GAL
2018-02-01,Y05LA,LOS ANGELES,EPMRR,Reformulated Regular Gasoline,PF4,Spot Price FOB,EER_EPMRR_PF4_Y05LA_DPG,Los Angeles Reformulated RBOB Regular Gasoline Spot Price (Dollars per Gallon),1.877,$/GAL
2018-02-01,RGC,NA,EPMRU,Conventional Regular Gasoline,PF4,Spot Price FOB,EER_EPMRU_PF4_RGC_DPG,U.S. Gulf Coast Conventional Gasoline Regular Spot Price FOB (Dollars per Gallon),1.765,$/GAL
2018-02-01,Y35NY,NEW YORK CITY,EPMRU,Conventional Regular Gasoline,PF4,Spot Price FOB,EER_EPMRU_PF4_Y35NY_DPG,New York Harbor Conventional Gasoline Regular Spot Price FOB (Dollars per Gallon),1.817,$/GAL
2018-02-01,ZEU,NA,EPCBRENT,UK Brent Crude Oil,PF4,Spot Price FOB,RBRTE,Europe Brent Spot Price FOB (Dollars per Barrel),65.32,$/BBL
2018-02-01,YCUOK,NA,EPCWTI,WTI Crude Oil,PF4,Spot Price FOB,RWTC,"Cushing, OK WTI Spot Price FOB (Dollars per Barrel)",62.23,$/BBL
2018-03-01,Y05LA,LOS ANGELES,EPD2DC,Carb Diesel,PF4,Spot Price FOB,EER_EPD2DC_PF4_Y05LA_DPG,"Los Angeles, CA Ultra-Low Sulfur CARB Diesel Spot Price (Dollars per Gallon)",1.996,$/GAL
2018-03-01,RGC,NA,EPD2DXL0,No 2 Diesel Low Sulfur (0-15 ppm),PF4,Spot Price FOB,EER_EPD2DXL0_PF4_RGC_DPG,U.S. Gulf Coast Ultra-Low Sulfur No 2 Diesel Spot Price (Dollars per Gallon),1.895,$/GAL
2018-03-01,Y35NY,NEW YORK CITY,EPD2DXL0,No 2 Diesel Low Sulfur (0-15 ppm),PF4,Spot Price FOB,EER_EPD2DXL0_PF4_Y35NY_DPG,New York Harbor Ultra-Low Sulfur No 2 Diesel Spot Price (Dollars per Gallon),1.93,$/GAL
2018-03-01,Y35NY,NEW YORK CITY,EPD2F,No 2 Fuel Oil / Heating Oil,PF4,Spot Price FOB,EER_EPD2F_PF4_Y35NY_DPG,New York Harbor No. 2 Heating Oil Spot Price FOB (Dollars per Gallon),1.874,$/GAL
2018-03-01,RGC,NA,EPJK,Kerosene-Type Jet Fuel,PF4,Spot Price FOB,EER_EPJK_PF4_RGC_DPG,U.S. Gulf Coast Kerosene-Type Jet Fuel Spot Price FOB (Dollars per Gallon),1.858,$/GAL
2018-03-01,Y44MB,NA,EPLLPA,Propane,PF4,Spot Price FOB,EER_EPLLPA_PF4_Y44MB_DPG,"Mont Belvieu, TX Propane Spot Price FOB (Dollars per Gallon)",0.788,$/GAL
2018-03-01,Y05LA,LOS ANGELES,EPMRR,Reformulated Regular Gasoline,PF4,Spot Price FOB,EER_EPMRR_PF4_Y05LA_DPG,Los Angeles Reformulated RBOB Regular Gasoline Spot Price (Dollars per Gallon),2.08,$/GAL
2018-03-01,RGC,NA,EPMRU,Conventional Regular Gasoline,PF4,Spot Price FOB,EER_EPMRU_PF4_RGC_DPG,U.S. Gulf Coast Conventional Gasoline Regular Spot Price FOB (Dollars per Gallon),1.82,$/GAL
2018-03-01,Y35NY,NEW YORK CITY,EPMRU,Conventional Regular Gasoline,PF4,Spot Price FOB,EER_EPMRU_PF4_Y35NY_DPG,New York Harbor Conventional Gasoline Regular Spot Price FOB (Dollars per Gallon),1.834,$/GAL
2018-03-01,ZEU,NA,EPCBRENT,UK Brent Crude Oil,PF4,Spot Price FOB,RBRTE,Europe Brent Spot Price FOB (Dollars per Barrel),66.02,$/BBL
2018-03-01,YCUOK,NA,EPCWTI,WTI Crude Oil,PF4,Spot Price FOB,RWTC,"Cushing, OK WTI Spot Price FOB (Dollars per Barrel)",62.73,$/BBL
2018-04-01,Y05LA,LOS ANGELES,EPD2DC,Carb Diesel,PF4,Spot Price FOB,EER_EPD2DC_PF4_Y05LA_DPG,"Los Angeles, CA Ultra-Low Sulfur CARB Diesel Spot Price (Dollars per Gallon)",2.154,$/GAL
2018-04-01,RGC,NA,EPD2DXL0,No 2 Diesel Low Sulfur (0-15 ppm),PF4,Spot Price FOB,EER_EPD2DXL0_PF4_RGC_DPG,U.S. Gulf Coast Ultra-Low Sulfur No 2 Diesel Spot Price (Dollars per Gallon),2.029,$/GAL
2018-04-01,Y35NY,NEW YORK CITY,EPD2DXL0,No 2 Diesel Low Sulfur (0-15 ppm),PF4,Spot Price FOB,EER_EPD2DXL0_PF4_Y35NY_DPG,New York Harbor Ultra-Low Sulfur No 2 Diesel Spot Price (Dollars per Gallon),2.079,$/GAL
2018-04-01,Y35NY,NEW YORK CITY,EPD2F,No 2 Fuel Oil / Heating Oil,PF4,Spot Price FOB,EER_EPD2F_PF4_Y35NY_DPG,New York Harbor No. 2 Heating Oil Spot Price FOB (Dollars per Gallon),2.037,$/GAL
2018-04-01,RGC,NA,EPJK,Kerosene-Type Jet Fuel,PF4,Spot Price FOB,EER_EPJK_PF4_RGC_DPG,U.S. Gulf Coast Kerosene-Type Jet Fuel Spot Price FOB (Dollars per Gallon),2.015,$/GAL
2018-04-01,Y44MB,NA,EPLLPA,Propane,PF4,Spot Price FOB,EER_EPLLPA_PF4_Y44MB_DPG,"Mont Belvieu, TX Propane Spot Price FOB (Dollars per Gallon)",0.821,$/GAL
2018-04-01,Y05LA,LOS ANGELES,EPMRR,Reformulated Regular Gasoline,PF4,Spot Price FOB,EER_EPMRR_PF4_Y05LA_DPG,Los Angeles Reformulated RBOB Regular Gasoline Spot Price (Dollars per Gallon),2.213,$/GAL
2018-04-01,RGC,NA,EPMRU,Conventional Regular Gasoline,PF4,Spot Price FOB,EER_EPMRU_PF4_RGC_DPG,U.S. Gulf Coast Conventional Gasoline Regular Spot Price FOB (Dollars per Gallon),1.965,$/GAL
2018-04-01,Y35NY,NEW YORK CITY,EPMRU,Conventional Regular Gasoline,PF4,Spot Price FOB,EER_EPMRU_PF4_Y35NY_DPG,New York Harbor Conventional Gasoline Regular Spot Price FOB (Dollars per Gallon),1.995,$/GAL
2018-04-01,ZEU,NA,EPCBRENT,UK Brent Crude Oil,PF4,Spot Price FOB,RBRTE,Europe Brent Spot Price FOB (Dollars per Barrel),72.11,$/BBL
2018-04-01,YCUOK,NA,EPCWTI,WTI Crude Oil,PF4,Spot Price FOB,RWTC,"Cushing, OK WTI Spot Price FOB (Dollars per Barrel)",66.25,$/BBL
2018-05-01,Y05LA,LOS ANGELES,EPD2DC,Carb Diesel,PF4,Spot Price FOB,EER_EPD2DC_PF4_Y05LA_DPG,"Los Angeles, CA Ultra-Low Sulfur CARB Diesel Spot Price (Dollars per Gallon)",2.288,$/GAL
2018-05-01,RGC,NA,EPD2DXL0,No 2 Diesel Low Sulfur (0-15 ppm),PF4,Spot Price FOB,EER_EPD2DXL0_PF4_RGC_DPG,U.S. Gulf Coast Ultra-Low Sulfur No 2 Diesel Spot Price (Dollars per Gallon),2.181,$/GAL
2018-05-01,Y35NY,NEW YORK CITY,EPD2DXL0,No 2 Diesel Low Sulfur (0-15 ppm),PF4,Spot Price FOB,EER_EPD2DXL0_PF4_Y35NY_DPG,New York Harbor Ultra-Low Sulfur No 2 Diesel Spot Price (Dollars per Gallon),2.23,$/GAL
2018-05-01,Y35NY,NEW YORK CITY,EPD2F,No 2 Fuel Oil / Heating Oil,PF4,Spot Price FOB,EER_EPD2F_PF4_Y35NY_DPG,New York Harbor No. 2 Heating Oil Spot Price FOB (Dollars per Gallon),2.187,$/GAL
2018-05-01,RGC,NA,EPJK,Kerosene-Type Jet Fuel,PF4,Spot Price FOB,EER_EPJK_PF4_RGC_DPG,U.S. Gulf Coast Kerosene-Type Jet Fuel Spot Price FOB (Dollars per Gallon),2.155,$/GAL
2018-05-01,Y44MB,NA,EPLLPA,Propane,PF4,Spot Price FOB,EER_EPLLPA_PF4_Y44MB_DPG,"Mont Belvieu, TX Propane Spot Price FOB (Dollars per Gallon)",0.917,$/GAL
2018-05-01,Y05LA,LOS ANGELES,EPMRR,Reformulated Regular Gasoline,PF4,Spot Price FOB,EER_EPMRR_PF4_Y05LA_DPG,Los Angeles Reformulated RBOB Regular Gasoline Spot Price (Dollars per Gallon),2.295,$/GAL
2018-05-01,RGC,NA,EPMRU,Conventional Regular Gasoline,PF4,Spot Price FOB,EER_EPMRU_PF4_RGC_DPG,U.S. Gulf Coast Conventional Gasoline Regular Spot Price FOB (Dollars per Gallon),2.091,$/GAL
2018-05-01,Y35NY,NEW YORK CITY,EPMRU,Conventional Regular Gasoline,PF4,Spot Price FOB,EER_EPMRU_PF4_Y35NY_DPG,New York Harbor Conventional Gasoline Regular Spot Price FOB (Dollars per Gallon),2.129,$/GAL
2018-05-01,ZEU,NA,EPCBRENT,UK Brent Crude Oil,PF4,Spot Price FOB,RBRTE,Europe Brent Spot Price FOB (Dollars per Barrel),76.98,$/BBL
2018-05-01,YCUOK,NA,EPCWTI,WTI Crude Oil,PF4,Spot Price FOB,RWTC,"Cushing, OK WTI Spot Price FOB (Dollars per Barrel)",69.98,$/BBL
2018-06-01,Y05LA,LOS ANGELES,EPD2DC,Carb Diesel,PF4,Spot Price FOB,EER_EPD2DC_PF4_Y05LA_DPG,"Los Angeles, CA Ultra-Low Sulfur CARB Diesel Spot Price (Dollars per Gallon)",2.185,$/GAL
2018-06-01,RGC,NA,EPD2DXL0,No 2 Diesel Low Sulfur (0-15 ppm),PF4,Spot Price FOB,EER_EPD2DXL0_PF4_RGC_DPG,U.S. Gulf Coast Ultra-Low Sulfur No 2 Diesel Spot Price (Dollars per Gallon),2.102,$/GAL
2018-06-01,Y35NY,NEW YORK CITY,EPD2DXL0,No 2 Diesel Low Sulfur (0-15 ppm),PF4,Spot Price FOB,EER_EPD2DXL0_PF4_Y35NY_DPG,New York Harbor Ultra-Low Sulfur No 2 Diesel Spot Price (Dollars per Gallon),2.146,$/GAL
2018-06-01,Y35NY,NEW YORK CITY,EPD2F,No 2 Fuel Oil / Heating Oil,PF4,Spot Price FOB,EER_EPD2F_PF4_Y35NY_DPG,New York Harbor No. 2 Heating Oil Spot Price FOB (Dollars per Gallon),2.112,$/GAL
2018-06-01,RGC,NA,EPJK,Kerosene-Type Jet Fuel,PF4,Spot Price FOB,EER_EPJK_PF4_RGC_DPG,U.S. Gulf Coast Kerosene-Type Jet Fuel Spot Price FOB (Dollars per Gallon),2.09,$/GAL
2018-06-01,Y44MB,NA,EPLLPA,Propane,PF4,Spot Price FOB,EER_EPLLPA_PF4_Y44MB_DPG,"Mont Belvieu, TX Propane Spot Price FOB (Dollars per Gallon)",0.88,$/GAL
2018-06-01,Y05LA,LOS ANGELES,EPMRR,Reformulated Regular Gasoline,PF4,Spot Price FOB,EER_EPMRR_PF4_Y05LA_DPG,Los Angeles Reformulated RBOB Regular Gasoline Spot Price (Dollars per Gallon),2.136,$/GAL
2018-06-01,RGC,NA,EPMRU,Conventional Regular Gasoline,PF4,Spot Price FOB,EER_EPMRU_PF4_RGC_DPG,U.S. Gulf Coast Conventional Gasoline Regular Spot Price FOB (Dollars per Gallon),2.002,$/GAL
2018-06-01,Y35NY,NEW YORK CITY,EPMRU,Conventional Regular Gasoline,PF4,Spot Price FOB,EER_EPMRU_PF4_Y35NY_DPG,New York Harbor Conventional Gasoline Regular Spot Price FOB (Dollars per Gallon),2.03,$/GAL
2018-06-01,ZEU,NA,EPCBRENT,UK Brent Crude Oil,PF4,Spot Price FOB,RBRTE,Europe Brent Spot Price FOB (Dollars per Barrel),74.41,$/BBL
2018-06-01,YCUOK,NA,EPCWTI,WTI Crude Oil,PF4,Spot Price FOB,RWTC,"Cushing, OK WTI Spot Price FOB (Dollars per Barrel)",67.87,$/BBL
2018-07-01,Y05LA,LOS ANGELES,EPD2DC,Carb Diesel,PF4,Spot Price FOB,EER_EPD2DC_PF4_Y05LA_DPG,"Los Angeles, CA Ultra-Low Sulfur CARB Diesel Spot Price (Dollars per Gallon)",2.177,$/GAL
2018-07-01,RGC,NA,EPD2DXL0,No 2 Diesel Low Sulfur (0-15 ppm),PF4,Spot Price FOB,EER_EPD2DXL0_PF4_RGC_DPG,U.S. Gulf Coast Ultra-Low Sulfur No 2 Diesel Spot Price (Dollars per Gallon),2.098,$/GAL
2018-07-01,Y35NY,NEW YORK CITY,EPD2DXL0,No 2 Diesel Low Sulfur (0-15 ppm),PF4,Spot Price FOB,EER_EPD2DXL0_PF4_Y35NY_DPG,New York Harbor Ultra-Low Sulfur No 2 Diesel Spot Price (Dollars per Gallon),2.14,$/GAL
2018-07-01,Y35NY,NEW YORK CITY,EPD2F,No 2 Fuel Oil / Heating Oil,PF4,Spot Price FOB,EER_EPD2F_PF4_Y35NY_DPG,New York Harbor No. 2 Heating Oil Spot Price FOB (Dollars per Gallon),2.108,$/GAL
2018-07-01,RGC,NA,EPJK,Kerosene-Type Jet Fuel,PF4,Spot Price FOB,EER_EPJK_PF4_RGC_DPG,U.S. Gulf Coast Kerosene-Type Jet Fuel Spot Price FOB (Dollars per Gallon),2.098,$/GAL
2018-07-01,Y44MB,NA,EPLLPA,Propane,PF4,Spot Price FOB,EER_EPLLPA_PF4_Y44MB_DPG,"Mont Belvieu, TX Propane Spot Price FOB (Dollars per Gallon)",0.938,$/GAL
2018-07-01,Y05LA,LOS ANGELES,EPMRR,Reformulated Regular Gasoline,PF4,Spot Price FOB,EER_EPMRR_PF4_Y05LA_DPG,Los Angeles Reformulated RBOB Regular Gasoline Spot Price (Dollars per Gallon),2.14,$/GAL
2018-07-01,RGC,NA,EPMRU,Conventional Regular Gasoline,PF4,Spot Price FOB,EER_EPMRU_PF4_RGC_DPG,U.S. Gulf Coast Conventional Gasoline Regular Spot Price FOB (Dollars per Gallon),2.043,$/GAL
2018-07-01,Y35NY,NEW YORK CITY,EPMRU,Conventional Regular Gasoline,PF4,Spot Price FOB,EER_EPMRU_PF4_Y35NY_DPG,New York Harbor Conventional Gasoline Regular Spot Price FOB (Dollars per Gallon),2.074,$/GAL
2018-07-01,ZEU,NA,EPCBRENT,UK Brent Crude Oil,PF4,Spot Price FOB,RBRTE,Europe Brent Spot Price FOB (Dollars per Barrel),74.25,$/BBL
2018-07-01,YCUOK,NA,EPCWTI,WTI Crude Oil,PF4,Spot Price FOB,RWTC,"Cushing, OK WTI Spot Price FOB (Dollars per Barrel)",70.98,$/BBL
2018-08-01,Y05LA,LOS ANGELES,EPD2DC,Carb Diesel,PF4,Spot Price FOB,EER_EPD2DC_PF4_Y05LA_DPG,"Los Angeles, CA Ultra-Low Sulfur CARB Diesel Spot Price (Dollars per Gallon)",2.205,$/GAL
2018-08-01,RGC,NA,EPD2DXL0,No 2 Diesel Low Sulfur (0-15 ppm),PF4,Spot Price FOB,EER_EPD2DXL0_PF4_RGC_DPG,U.S. Gulf Coast Ultra-Low Sulfur No 2 Diesel Spot Price (Dollars per Gallon),2.114,$/GAL
2018-08-01,Y35NY,NEW YORK CITY,EPD2DXL0,No 2 Diesel Low Sulfur (0-15 ppm),PF4,Spot Price FOB,EER_EPD2DXL0_PF4_Y35NY_DPG,New York Harbor Ultra-Low Sulfur No 2 Diesel Spot Price (Dollars per Gallon),2.153,$/GAL
2018-08-01,Y35NY,NEW YORK CITY,EPD2F,No 2 Fuel Oil / Heating Oil,PF4,Spot Price FOB,EER_EPD2F_PF4_Y35NY_DPG,New York Harbor No. 2 Heating Oil Spot Price FOB (Dollars per Gallon),2.125,$/GAL
2018-08-01,RGC,NA,EPJK,Kerosene-Type Jet Fuel,PF4,Spot Price FOB,EER_EPJK_PF4_RGC_DPG,U.S. Gulf Coast Kerosene-Type Jet Fuel Spot Price FOB (Dollars per Gallon),2.118,$/GAL
2018-08-01,Y44MB,NA,EPLLPA,Propane,PF4,Spot Price FOB,EER_EPLLPA_PF4_Y44MB_DPG,"Mont Belvieu, TX Propane Spot Price FOB (Dollars per Gallon)",0.974,$/GAL
2018-08-01,Y05LA,LOS ANGELES,EPMRR,Reformulated Regular Gasoline,PF4,Spot Price FOB,EER_EPMRR_PF4_Y05LA_DPG,Los Angeles Reformulated RBOB Regular Gasoline Spot Price (Dollars per Gallon),2.078,$/GAL
2018-08-01,RGC,NA,EPMRU,Conventional Regular Gasoline,PF4,Spot Price FOB,EER_EPMRU_PF4_RGC_DPG,U.S. Gulf Coast Conventional Gasoline Regular Spot Price FOB (Dollars per Gallon),2.053,$/GAL
2018-08-01,Y35NY,NEW YORK CITY,EPMRU,Conventional Regular Gasoline,PF4,Spot Price FOB,EER_EPMRU_PF4_Y35NY_DPG,New York Harbor Conventional Gasoline Regular Spot Price FOB (Dollars per Gallon),2.077,$/GAL
2018-08-01,ZEU,NA,EPCBRENT,UK Brent Crude Oil,PF4,Spot Price FOB,RBRTE,Europe Brent Spot Price FOB (Dollars per Barrel),72.53,$/BBL
2018-08-01,YCUOK,NA,EPCWTI,WTI Crude Oil,PF4,Spot Price FOB,RWTC,"Cushing, OK WTI Spot Price FOB (Dollars per Barrel)",68.06,$/BBL
2018-09-01,Y05LA,LOS ANGELES,EPD2DC,Carb Diesel,PF4,Spot Price FOB,EER_EPD2DC_PF4_Y05LA_DPG,"Los Angeles, CA Ultra-Low Sulfur CARB Diesel Spot Price (Dollars per Gallon)",2.293,$/GAL
2018-09-01,RGC,NA,EPD2DXL0,No 2 Diesel Low Sulfur (0-15 ppm),PF4,Spot Price FOB,EER_EPD2DXL0_PF4_RGC_DPG,U.S. Gulf Coast Ultra-Low Sulfur No 2 Diesel Spot Price (Dollars per Gallon),2.21,$/GAL
2018-09-01,Y35NY,NEW YORK CITY,EPD2DXL0,No 2 Diesel Low Sulfur (0-15 ppm),PF4,Spot Price FOB,EER_EPD2DXL0_PF4_Y35NY_DPG,New York Harbor Ultra-Low Sulfur No 2 Diesel Spot Price (Dollars per Gallon),2.252,$/GAL
2018-09-01,Y35NY,NEW YORK CITY,EPD2F,No 2 Fuel Oil / Heating Oil,PF4,Spot Price FOB,EER_EPD2F_PF4_Y35NY_DPG,New York Harbor No. 2 Heating Oil Spot Price FOB (Dollars per Gallon),2.225,$/GAL
2018-09-01,RGC,NA,EPJK,Kerosene-Type Jet Fuel,PF4,Spot Price FOB,EER_EPJK_PF4_RGC_DPG,U.S. Gulf Coast Kerosene-Type Jet Fuel Spot Price FOB (Dollars per Gallon),2.189,$/GAL
2018-09-01,Y44MB,NA,EPLLPA,Propane,PF4,Spot Price FOB,EER_EPLLPA_PF4_Y44MB_DPG,"Mont Belvieu, TX Propane Spot Price FOB (Dollars per Gallon)",1.057,$/GAL
2018-09-01,Y05LA,LOS ANGELES,EPMRR,Reformulated Regular Gasoline,PF4,Spot Price FOB,EER_EPMRR_PF4_Y05LA_DPG,Los Angeles Reformulated RBOB Regular Gasoline Spot Price (Dollars per Gallon),2.224,$/GAL
2018-09-01,RGC,NA,EPMRU,Conventional Regular Gasoline,PF4,Spot Price FOB,EER_EPMRU_PF4_RGC_DPG,U.S. Gulf Coast Conventional Gasoline Regular Spot Price FOB (Dollars per Gallon),2.045,$/GAL
2018-09-01,Y35NY,NEW YORK CITY,EPMRU,Conventional Regular Gasoline,PF4,Spot Price FOB,EER_EPMRU_PF4_Y35NY_DPG,New York Harbor Conventional Gasoline Regular Spot Price FOB (Dollars per Gallon),2.093,$/GAL
2018-09-01,ZEU,NA,EPCBRENT,UK Brent Crude Oil,PF4,Spot Price FOB,RBRTE,Europe Brent Spot Price FOB (Dollars per Barrel),78.89,$/BBL
2018-09-01,YCUOK,NA,EPCWTI,WTI Crude Oil,PF4,Spot Price FOB,RWTC,"Cushing, OK WTI Spot Price FOB (Dollars per Barrel)",70.23,$/BBL
2018-10-01,Y05LA,LOS ANGELES,EPD2DC,Carb Diesel,PF4,Spot Price FOB,EER_EPD2DC_PF4_Y05LA_DPG,"Los Angeles, CA Ultra-Low Sulfur CARB Diesel Spot Price (Dollars per Gallon)",2.369,$/GAL
2018-10-01,RGC,NA,EPD2DXL0,No 2 Diesel Low Sulfur (0-15 ppm),PF4,Spot Price FOB,EER_EPD2DXL0_PF4_RGC_DPG,U.S. Gulf Coast Ultra-Low Sulfur No 2 Diesel Spot Price (Dollars per Gallon),2.282,$/GAL
2018-10-01,Y35NY,NEW YORK CITY,EPD2DXL0,No 2 Diesel Low Sulfur (0-15 ppm),PF4,Spot Price FOB,EER_EPD2DXL0_PF4_Y35NY_DPG,New York Harbor Ultra-Low Sulfur No 2 Diesel Spot Price (Dollars per Gallon),2.332,$/GAL
2018-10-01,Y35NY,NEW YORK CITY,EPD2F,No 2 Fuel Oil / Heating Oil,PF4,Spot Price FOB,EER_EPD2F_PF4_Y35NY_DPG,New York Harbor No. 2 Heating Oil Spot Price FOB (Dollars per Gallon),2.313,$/GAL
2018-10-01,RGC,NA,EPJK,Kerosene-Type Jet Fuel,PF4,Spot Price FOB,EER_EPJK_PF4_RGC_DPG,U.S. Gulf Coast Kerosene-Type Jet Fuel Spot Price FOB (Dollars per Gallon),2.249,$/GAL
2018-10-01,Y44MB,NA,EPLLPA,Propane,PF4,Spot Price FOB,EER_EPLLPA_PF4_Y44MB_DPG,"Mont Belvieu, TX Propane Spot Price FOB (Dollars per Gallon)",0.959,$/GAL
2018-10-01,Y05LA,LOS ANGELES,EPMRR,Reformulated Regular Gasoline,PF4,Spot Price FOB,EER_EPMRR_PF4_Y05LA_DPG,Los Angeles Reformulated RBOB Regular Gasoline Spot Price (Dollars per Gallon),2.254,$/GAL
2018-10-01,RGC,NA,EPMRU,Conventional Regular Gasoline,PF4,Spot Price FOB,EER_EPMRU_PF4_RGC_DPG,U.S. Gulf Coast Conventional Gasoline Regular Spot Price FOB (Dollars per Gallon),1.969,$/GAL
2018-10-01,Y35NY,NEW YORK CITY,EPMRU,Conventional Regular Gasoline,PF4,Spot Price FOB,EER_EPMRU_PF4_Y35NY_DPG,New York Harbor Conventional Gasoline Regular Spot Price FOB (Dollars per Gallon),2.028,$/GAL
2018-10-01,ZEU,NA,EPCBRENT,UK Brent Crude Oil,PF4,Spot Price FOB,RBRTE,Europe Brent Spot Price FOB (Dollars per Barrel),81.03,$/BBL
2018-10-01,YCUOK,NA,EPCWTI,WTI Crude Oil,PF4,Spot Price FOB,RWTC,"Cushing, OK WTI Spot Price FOB (Dollars per Barrel)",70.75,$/BBL
2018-11-01,Y05LA,LOS ANGELES,EPD2DC,Carb Diesel,PF4,Spot Price FOB,EER_EPD2DC_PF4_Y05LA_DPG,"Los Angeles, CA Ultra-Low Sulfur CARB Diesel Spot Price (Dollars per Gallon)",2.055,$/GAL
2018-11-01,RGC,NA,EPD2DXL0,No 2 Diesel Low Sulfur (0-15 ppm),PF4,Spot Price FOB,EER_EPD2DXL0_PF4_RGC_DPG,U.S. Gulf Coast Ultra-Low Sulfur No 2 Diesel Spot Price (Dollars per Gallon),1.962,$/GAL
2018-11-01,Y35NY,NEW YORK CITY,EPD2DXL0,No 2 Diesel Low Sulfur (0-15 ppm),PF4,Spot Price FOB,EER_EPD2DXL0_PF4_Y35NY_DPG,New York Harbor Ultra-Low Sulfur No 2 Diesel Spot Price (Dollars per Gallon),2.048,$/GAL
2018-11-01,Y35NY,NEW YORK CITY,EPD2F,No 2 Fuel Oil / Heating Oil,PF4,Spot Price FOB,EER_EPD2F_PF4_Y35NY_DPG,New York Harbor No. 2 Heating Oil Spot Price FOB (Dollars per Gallon),2.033,$/GAL
2018-11-01,RGC,NA,EPJK,Kerosene-Type Jet Fuel,PF4,Spot Price FOB,EER_EPJK_PF4_RGC_DPG,U.S. Gulf Coast Kerosene-Type Jet Fuel Spot Price FOB (Dollars per Gallon),1.945,$/GAL
2018-11-01,Y44MB,NA,EPLLPA,Propane,PF4,Spot Price FOB,EER_EPLLPA_PF4_Y44MB_DPG,"Mont Belvieu, TX Propane Spot Price FOB (Dollars per Gallon)",0.745,$/GAL
2018-11-01,Y05LA,LOS ANGELES,EPMRR,Reformulated Regular Gasoline,PF4,Spot Price FOB,EER_EPMRR_PF4_Y05LA_DPG,Los Angeles Reformulated RBOB Regular Gasoline Spot Price (Dollars per Gallon),1.739,$/GAL
2018-11-01,RGC,NA,EPMRU,Conventional Regular Gasoline,PF4,Spot Price FOB,EER_EPMRU_PF4_RGC_DPG,U.S. Gulf Coast Conventional Gasoline Regular Spot Price FOB (Dollars per Gallon),1.546,$/GAL
2018-11-01,Y35NY,NEW YORK CITY,EPMRU,Conventional Regular Gasoline,PF4,Spot Price FOB,EER_EPMRU_PF4_Y35NY_DPG,New York Harbor Conventional Gasoline Regular Spot Price FOB (Dollars per Gallon),1.625,$/GAL
2018-11-01,ZEU,NA,EPCBRENT,UK Brent Crude Oil,PF4,Spot Price FOB,RBRTE,Europe Brent Spot Price FOB (Dollars per Barrel),64.75,$/BBL
2018-11-01,YCUOK,NA,EPCWTI,WTI Crude Oil,PF4,Spot Price FOB,RWTC,"Cushing, OK WTI Spot Price FOB (Dollars per Barrel)",56.96,$/BBL
2018-12-01,Y05LA,LOS ANGELES,EPD2DC,Carb Diesel,PF4,Spot Price FOB,EER_EPD2DC_PF4_Y05LA_DPG,"Los Angeles, CA Ultra-Low Sulfur CARB Diesel Spot Price (Dollars per Gallon)",1.793,$/GAL
2018-12-01,RGC,NA,EPD2DXL0,No 2 Diesel Low Sulfur (0-15 ppm),PF4,Spot Price FOB,EER_EPD2DXL0_PF4_RGC_DPG,U.S. Gulf Coast Ultra-Low Sulfur No 2 Diesel Spot Price (Dollars per Gallon),1.687,$/GAL
2018-12-01,Y35NY,NEW YORK CITY,EPD2DXL0,No 2 Diesel Low Sulfur (0-15 ppm),PF4,Spot Price FOB,EER_EPD2DXL0_PF4_Y35NY_DPG,New York Harbor Ultra-Low Sulfur No 2 Diesel Spot Price (Dollars per Gallon),1.801,$/GAL
2018-12-01,Y35NY,NEW YORK CITY,EPD2F,No 2 Fuel Oil / Heating Oil,PF4,Spot Price FOB,EER_EPD2F_PF4_Y35NY_DPG,New York Harbor No. 2 Heating Oil Spot Price FOB (Dollars per Gallon),1.784,$/GAL
2018-12-01,RGC,NA,EPJK,Kerosene-Type Jet Fuel,PF4,Spot Price FOB,EER_EPJK_PF4_RGC_DPG,U.S. Gulf Coast Kerosene-Type Jet Fuel Spot Price FOB (Dollars per Gallon),1.696,$/GAL
2018-12-01,Y44MB,NA,EPLLPA,Propane,PF4,Spot Price FOB,EER_EPLLPA_PF4_Y44MB_DPG,"Mont Belvieu, TX Propane Spot Price FOB (Dollars per Gallon)",0.677,$/GAL
2018-12-01,Y05LA,LOS ANGELES,EPMRR,Reformulated Regular Gasoline,PF4,Spot Price FOB,EER_EPMRR_PF4_Y05LA_DPG,Los Angeles Reformulated RBOB Regular Gasoline Spot Price (Dollars per Gallon),1.597,$/GAL
2018-12-01,RGC,NA,EPMRU,Conventional Regular Gasoline,PF4,Spot Price FOB,EER_EPMRU_PF4_RGC_DPG,U.S. Gulf Coast Conventional Gasoline Regular Spot Price FOB (Dollars per Gallon),1.357,$/GAL
2018-12-01,Y35NY,NEW YORK CITY,EPMRU,Conventional Regular Gasoline,PF4,Spot Price FOB,EER_EPMRU_PF4_Y35NY_DPG,New York Harbor Conventional Gasoline Regular Spot Price FOB (Dollars per Gallon),1.449,$/GAL
2018-12-01,ZEU,NA,EPCBRENT,UK Brent Crude Oil,PF4,Spot Price FOB,RBRTE,Europe Brent Spot Price FOB (Dollars per Barrel),57.36,$/BBL
2018-12-01,YCUOK,NA,EPCWTI,WTI Crude Oil,PF4,Spot Price FOB,RWTC,"Cushing, OK WTI Spot Price FOB (Dollars per Barrel)",49.52,$/BBL
2019-01-01,Y05LA,LOS ANGELES,EPD2DC,Carb Diesel,PF4,Spot Price FOB,EER_EPD2DC_PF4_Y05LA_DPG,"Los Angeles, CA Ultra-Low Sulfur CARB Diesel Spot Price (Dollars per Gallon)",1.812,$/GAL
2019-01-01,RGC,NA,EPD2DXL0,No 2 Diesel Low Sulfur (0-15 ppm),PF4,Spot Price FOB,EER_EPD2DXL0_PF4_RGC_DPG,U.S. Gulf Coast Ultra-Low Sulfur No 2 Diesel Spot Price (Dollars per Gallon),1.774,$/GAL
2019-01-01,Y35NY,NEW YORK CITY,EPD2DXL0,No 2 Diesel Low Sulfur (0-15 ppm),PF4,Spot Price FOB,EER_EPD2DXL0_PF4_Y35NY_DPG,New York Harbor Ultra-Low Sulfur No 2 Diesel Spot Price (Dollars per Gallon),1.846,$/GAL
2019-01-01,Y35NY,NEW YORK CITY,EPD2F,No 2 Fuel Oil / Heating Oil,PF4,Spot Price FOB,EER_EPD2F_PF4_Y35NY_DPG,New York Harbor No. 2 Heating Oil Spot Price FOB (Dollars per Gallon),1.819,$/GAL
2019-01-01,RGC,NA,EPJK,Kerosene-Type Jet Fuel,PF4,Spot Price FOB,EER_EPJK_PF4_RGC_DPG,U.S. Gulf Coast Kerosene-Type Jet Fuel Spot Price FOB (Dollars per Gallon),1.784,$/GAL
2019-01-01,Y44MB,NA,EPLLPA,Propane,PF4,Spot Price FOB,EER_EPLLPA_PF4_Y44MB_DPG,"Mont Belvieu, TX Propane Spot Price FOB (Dollars per Gallon)",0.665,$/GAL
2019-01-01,Y05LA,LOS ANGELES,EPMRR,Reformulated Regular Gasoline,PF4,Spot Price FOB,EER_EPMRR_PF4_Y05LA_DPG,Los Angeles Reformulated RBOB Regular Gasoline Spot Price (Dollars per Gallon),1.607,$/GAL
2019-01-01,RGC,NA,EPMRU,Conventional Regular Gasoline,PF4,Spot Price FOB,EER_EPMRU_PF4_RGC_DPG,U.S. Gulf Coast Conventional Gasoline Regular Spot Price FOB (Dollars per Gallon),1.353,$/GAL
2019-01-01,Y35NY,NEW YORK CITY,EPMRU,Conventional Regular Gasoline,PF4,Spot Price FOB,EER_EPMRU_PF4_Y35NY_DPG,New York Harbor Conventional Gasoline Regular Spot Price FOB (Dollars per Gallon),1.425,$/GAL
2019-01-01,ZEU,NA,EPCBRENT,UK Brent Crude Oil,PF4,Spot Price FOB,RBRTE,Europe Brent Spot Price FOB (Dollars per Barrel),59.41,$/BBL
2019-01-01,YCUOK,NA,EPCWTI,WTI Crude Oil,PF4,Spot Price FOB,RWTC,"Cushing, OK WTI Spot Price FOB (Dollars per Barrel)",51.38,$/BBL
2019-02-01,Y05LA,LOS ANGELES,EPD2DC,Carb Diesel,PF4,Spot Price FOB,EER_EPD2DC_PF4_Y05LA_DPG,"Los Angeles, CA Ultra-Low Sulfur CARB Diesel Spot Price (Dollars per Gallon)",1.935,$/GAL
2019-02-01,RGC,NA,EPD2DXL0,No 2 Diesel Low Sulfur (0-15 ppm),PF4,Spot Price FOB,EER_EPD2DXL0_PF4_RGC_DPG,U.S. Gulf Coast Ultra-Low Sulfur No 2 Diesel Spot Price (Dollars per Gallon),1.908,$/GAL
2019-02-01,Y35NY,NEW YORK CITY,EPD2DXL0,No 2 Diesel Low Sulfur (0-15 ppm),PF4,Spot Price FOB,EER_EPD2DXL0_PF4_Y35NY_DPG,New York Harbor Ultra-Low Sulfur No 2 Diesel Spot Price (Dollars per Gallon),1.962,$/GAL
2019-02-01,Y35NY,NEW YORK CITY,EPD2F,No 2 Fuel Oil / Heating Oil,PF4,Spot Price FOB,EER_EPD2F_PF4_Y35NY_DPG,New York Harbor No. 2 Heating Oil Spot Price FOB (Dollars per Gallon),1.931,$/GAL
2019-02-01,RGC,NA,EPJK,Kerosene-Type Jet Fuel,PF4,Spot Price FOB,EER_EPJK_PF4_RGC_DPG,U.S. Gulf Coast Kerosene-Type Jet Fuel Spot Price FOB (Dollars per Gallon),1.914,$/GAL
2019-02-01,Y44MB,NA,EPLLPA,Propane,PF4,Spot Price FOB,EER_EPLLPA_PF4_Y44MB_DPG,"Mont Belvieu, TX Propane Spot Price FOB (Dollars per Gallon)",0.673,$/GAL
2019-02-01,Y05LA,LOS ANGELES,EPMRR,Reformulated Regular Gasoline,PF4,Spot Price FOB,EER_EPMRR_PF4_Y05LA_DPG,Los Angeles Reformulated RBOB Regular Gasoline Spot Price (Dollars per Gallon),1.817,$/GAL
2019-02-01,RGC,NA,EPMRU,Conventional Regular Gasoline,PF4,Spot Price FOB,EER_EPMRU_PF4_RGC_DPG,U.S. Gulf Coast Conventional Gasoline Regular Spot Price FOB (Dollars per Gallon),1.47,$/GAL
2019-02-01,Y35NY,NEW YORK CITY,EPMRU,Conventional Regular Gasoline,PF4,Spot Price FOB,EER_EPMRU_PF4_Y35NY_DPG,New York Harbor Conventional Gasoline Regular Spot Price FOB (Dollars per Gallon),1.568,$/GAL
2019-02-01,ZEU,NA,EPCBRENT,UK Brent Crude Oil,PF4,Spot Price FOB,RBRTE,Europe Brent Spot Price FOB (Dollars per Barrel),63.96,$/BBL
2019-02-01,YCUOK,NA,EPCWTI,WTI Crude Oil,PF4,Spot Price FOB,RWTC,"Cushing, OK WTI Spot Price FOB (Dollars per Barrel)",54.95,$/BBL
2019-03-01,Y05LA,LOS ANGELES,EPD2DC,Carb Diesel,PF4,Spot Price FOB,EER_EPD2DC_PF4_Y05LA_DPG,"Los Angeles, CA Ultra-Low Sulfur CARB Diesel Spot Price (Dollars per Gallon)",2.017,$/GAL
2019-03-01,RGC,NA,EPD2DXL0,No 2 Diesel Low Sulfur (0-15 ppm),PF4,Spot Price FOB,EER_EPD2DXL0_PF4_RGC_DPG,U.S. Gulf Coast Ultra-Low Sulfur No 2 Diesel Spot Price (Dollars per Gallon),1.939,$/GAL
2019-03-01,Y35NY,NEW YORK CITY,EPD2DXL0,No 2 Diesel Low Sulfur (0-15 ppm),PF4,Spot Price FOB,EER_EPD2DXL0_PF4_Y35NY_DPG,New York Harbor Ultra-Low Sulfur No 2 Diesel Spot Price (Dollars per Gallon),1.988,$/GAL
2019-03-01,Y35NY,NEW YORK CITY,EPD2F,No 2 Fuel Oil / Heating Oil,PF4,Spot Price FOB,EER_EPD2F_PF4_Y35NY_DPG,New York Harbor No. 2 Heating Oil Spot Price FOB (Dollars per Gallon),1.965,$/GAL
2019-03-01,RGC,NA,EPJK,Kerosene-Type Jet Fuel,PF4,Spot Price FOB,EER_EPJK_PF4_RGC_DPG,U.S. Gulf Coast Kerosene-Type Jet Fuel Spot Price FOB (Dollars per Gallon),1.902,$/GAL
2019-03-01,Y44MB,NA,EPLLPA,Propane,PF4,Spot Price FOB,EER_EPLLPA_PF4_Y44MB_DPG,"Mont Belvieu, TX Propane Spot Price FOB (Dollars per Gallon)",0.67,$/GAL
2019-03-01,Y05LA,LOS ANGELES,EPMRR,Reformulated Regular Gasoline,PF4,Spot Price FOB,EER_EPMRR_PF4_Y05LA_DPG,Los Angeles Reformulated RBOB Regular Gasoline Spot Price (Dollars per Gallon),2.004,$/GAL
2019-03-01,RGC,NA,EPMRU,Conventional Regular Gasoline,PF4,Spot Price FOB,EER_EPMRU_PF4_RGC_DPG,U.S. Gulf Coast Conventional Gasoline Regular Spot Price FOB (Dollars per Gallon),1.817,$/GAL
2019-03-01,Y35NY,NEW YORK CITY,EPMRU,Conventional Regular Gasoline,PF4,Spot Price FOB,EER_EPMRU_PF4_Y35NY_DPG,New York Harbor Conventional Gasoline Regular Spot Price FOB (Dollars per Gallon),1.812,$/GAL
2019-03-01,ZEU,NA,EPCBRENT,UK Brent Crude Oil,PF4,Spot Price FOB,RBRTE,Europe Brent Spot Price FOB (Dollars per Barrel),66.14,$/BBL
2019-03-01,YCUOK,NA,EPCWTI,WTI Crude Oil,PF4,Spot Price FOB,RWTC,"Cushing, OK WTI Spot Price FOB (Dollars per Barrel)",58.15,$/BBL
2019-04-01,Y05LA,LOS ANGELES,EPD2DC,Carb Diesel,PF4,Spot Price FOB,EER_EPD2DC_PF4_Y05LA_DPG,"Los Angeles, CA Ultra-Low Sulfur CARB Diesel Spot Price (Dollars per Gallon)",2.201,$/GAL
2019-04-01,RGC,NA,EPD2DXL0,No 2 Diesel Low Sulfur (0-15 ppm),PF4,Spot Price FOB,EER_EPD2DXL0_PF4_RGC_DPG,U.S. Gulf Coast Ultra-Low Sulfur No 2 Diesel Spot Price (Dollars per Gallon),2.012,$/GAL
2019-04-01,Y35NY,NEW YORK CITY,EPD2DXL0,No 2 Diesel Low Sulfur (0-15 ppm),PF4,Spot Price FOB,EER_EPD2DXL0_PF4_Y35NY_DPG,New York Harbor Ultra-Low Sulfur No 2 Diesel Spot Price (Dollars per Gallon),2.062,$/GAL
2019-04-01,Y35NY,NEW YORK CITY,EPD2F,No 2 Fuel Oil / Heating Oil,PF4,Spot Price FOB,EER_EPD2F_PF4_Y35NY_DPG,New York Harbor No. 2 Heating Oil Spot Price FOB (Dollars per Gallon),2.036,$/GAL
2019-04-01,RGC,NA,EPJK,Kerosene-Type Jet Fuel,PF4,Spot Price FOB,EER_EPJK_PF4_RGC_DPG,U.S. Gulf Coast Kerosene-Type Jet Fuel Spot Price FOB (Dollars per Gallon),1.977,$/GAL
2019-04-01,Y44MB,NA,EPLLPA,Propane,PF4,Spot Price FOB,EER_EPLLPA_PF4_Y44MB_DPG,"Mont Belvieu, TX Propane Spot Price FOB (Dollars per Gallon)",0.642,$/GAL
2019-04-01,Y05LA,LOS ANGELES,EPMRR,Reformulated Regular Gasoline,PF4,Spot Price FOB,EER_EPMRR_PF4_Y05LA_DPG,Los Angeles Reformulated RBOB Regular Gasoline Spot Price (Dollars per Gallon),2.512,$/GAL
2019-04-01,RGC,NA,EPMRU,Conventional Regular Gasoline,PF4,Spot Price FOB,EER_EPMRU_PF4_RGC_DPG,U.S. Gulf Coast Conventional Gasoline Regular Spot Price FOB (Dollars per Gallon),2.006,$/GAL
2019-04-01,Y35NY,NEW YORK CITY,EPMRU,Conventional Regular Gasoline,PF4,Spot Price FOB,EER_EPMRU_PF4_Y35NY_DPG,New York Harbor Conventional Gasoline Regular Spot Price FOB (Dollars per Gallon),2.042,$/GAL
2019-04-01,ZEU,NA,EPCBRENT,UK Brent Crude Oil,PF4,Spot Price FOB,RBRTE,Europe Brent Spot Price FOB (Dollars per Barrel),71.23,$/BBL
2019-04-01,YCUOK,NA,EPCWTI,WTI Crude Oil,PF4,Spot Price FOB,RWTC,"Cushing, OK WTI Spot Price FOB (Dollars per Barrel)",63.86,$/BBL
2019-05-01,Y05LA,LOS ANGELES,EPD2DC,Carb Diesel,PF4,Spot Price FOB,EER_EPD2DC_PF4_Y05LA_DPG,"Los Angeles, CA Ultra-Low Sulfur CARB Diesel Spot Price (Dollars per Gallon)",2.286,$/GAL
2019-05-01,RGC,NA,EPD2DXL0,No 2 Diesel Low Sulfur (0-15 ppm),PF4,Spot Price FOB,EER_EPD2DXL0_PF4_RGC_DPG,U.S. Gulf Coast Ultra-Low Sulfur No 2 Diesel Spot Price (Dollars per Gallon),1.983,$/GAL
2019-05-01,Y35NY,NEW YORK CITY,EPD2DXL0,No 2 Diesel Low Sulfur (0-15 ppm),PF4,Spot Price FOB,EER_EPD2DXL0_PF4_Y35NY_DPG,New York Harbor Ultra-Low Sulfur No 2 Diesel Spot Price (Dollars per Gallon),2.031,$/GAL
2019-05-01,Y35NY,NEW YORK CITY,EPD2F,No 2 Fuel Oil / Heating Oil,PF4,Spot Price FOB,EER_EPD2F_PF4_Y35NY_DPG,New York Harbor No. 2 Heating Oil Spot Price FOB (Dollars per Gallon),2.006,$/GAL
2019-05-01,RGC,NA,EPJK,Kerosene-Type Jet Fuel,PF4,Spot Price FOB,EER_EPJK_PF4_RGC_DPG,U.S. Gulf Coast Kerosene-Type Jet Fuel Spot Price FOB (Dollars per Gallon),1.972,$/GAL
2019-05-01,Y44MB,NA,EPLLPA,Propane,PF4,Spot Price FOB,EER_EPLLPA_PF4_Y44MB_DPG,"Mont Belvieu, TX Propane Spot Price FOB (Dollars per Gallon)",0.577,$/GAL
2019-05-01,Y05LA,LOS ANGELES,EPMRR,Reformulated Regular Gasoline,PF4,Spot Price FOB,EER_EPMRR_PF4_Y05LA_DPG,Los Angeles Reformulated RBOB Regular Gasoline Spot Price (Dollars per Gallon),2.239,$/GAL
2019-05-01,RGC,NA,EPMRU,Conventional Regular Gasoline,PF4,Spot Price FOB,EER_EPMRU_PF4_RGC_DPG,U.S. Gulf Coast Conventional Gasoline Regular Spot Price FOB (Dollars per Gallon),1.881,$/GAL
2019-05-01,Y35NY,NEW YORK CITY,EPMRU,Conventional Regular Gasoline,PF4,Spot Price FOB,EER_EPMRU_PF4_Y35NY_DPG,New York Harbor Conventional Gasoline Regular Spot Price FOB (Dollars per Gallon),1.916,$/GAL
2019-05-01,ZEU,NA,EPCBRENT,UK Brent Crude Oil,PF4,Spot Price FOB,RBRTE,Europe Brent Spot Price FOB (Dollars per Barrel),71.32,$/BBL
2019-05-01,YCUOK,NA,EPCWTI,WTI Crude Oil,PF4,Spot Price FOB,RWTC,"Cushing, OK WTI Spot Price FOB (Dollars per Barrel)",60.83,$/BBL
2019-06-01,Y05LA,LOS ANGELES,EPD2DC,Carb Diesel,PF4,Spot Price FOB,EER_EPD2DC_PF4_Y05LA_DPG,"Los Angeles, CA Ultra-Low Sulfur CARB Diesel Spot Price (Dollars per Gallon)",1.895,$/GAL
2019-06-01,RGC,NA,EPD2DXL0,No 2 Diesel Low Sulfur (0-15 ppm),PF4,Spot Price FOB,EER_EPD2DXL0_PF4_RGC_DPG,U.S. Gulf Coast Ultra-Low Sulfur No 2 Diesel Spot Price (Dollars per Gallon),1.807,$/GAL
2019-06-01,Y35NY,NEW YORK CITY,EPD2DXL0,No 2 Diesel Low Sulfur (0-15 ppm),PF4,Spot Price FOB,EER_EPD2DXL0_PF4_Y35NY_DPG,New York Harbor Ultra-Low Sulfur No 2 Diesel Spot Price (Dollars per Gallon),1.846,$/GAL
2019-06-01,Y35NY,NEW YORK CITY,EPD2F,No 2 Fuel Oil / Heating Oil,PF4,Spot Price FOB,EER_EPD2F_PF4_Y35NY_DPG,New York Harbor No. 2 Heating Oil Spot Price FOB (Dollars per Gallon),1.82,$/GAL
2019-06-01,RGC,NA,EPJK,Kerosene-Type Jet Fuel,PF4,Spot Price FOB,EER_EPJK_PF4_RGC_DPG,U.S. Gulf Coast Kerosene-Type Jet Fuel Spot Price FOB (Dollars per Gallon),1.817,$/GAL
2019-06-01,Y44MB,NA,EPLLPA,Propane,PF4,Spot Price FOB,EER_EPLLPA_PF4_Y44MB_DPG,"Mont Belvieu, TX Propane Spot Price FOB (Dollars per Gallon)",0.449,$/GAL
2019-06-01,Y05LA,LOS ANGELES,EPMRR,Reformulated Regular Gasoline,PF4,Spot Price FOB,EER_EPMRR_PF4_Y05LA_DPG,Los Angeles Reformulated RBOB Regular Gasoline Spot Price (Dollars per Gallon),1.851,$/GAL
2019-06-01,RGC,NA,EPMRU,Conventional Regular Gasoline,PF4,Spot Price FOB,EER_EPMRU_PF4_RGC_DPG,U.S. Gulf Coast Conventional Gasoline Regular Spot Price FOB (Dollars per Gallon),1.722,$/GAL
2019-06-01,Y35NY,NEW YORK CITY,EPMRU,Conventional Regular Gasoline,PF4,Spot Price FOB,EER_EPMRU_PF4_Y35NY_DPG,New York Harbor Conventional Gasoline Regular Spot Price FOB (Dollars per Gallon),1.74,$/GAL
2019-06-01,ZEU,NA,EPCBRENT,UK Brent Crude Oil,PF4,Spot Price FOB,RBRTE,Europe Brent Spot Price FOB (Dollars per Barrel),64.22,$/BBL
2019-06-01,YCUOK,NA,EPCWTI,WTI Crude Oil,PF4,Spot Price FOB,RWTC,"Cushing, OK WTI Spot Price FOB (Dollars per Barrel)",54.66,$/BBL
2019-07-01,Y05LA,LOS ANGELES,EPD2DC,Carb Diesel,PF4,Spot Price FOB,EER_EPD2DC_PF4_Y05LA_DPG,"Los Angeles, CA Ultra-Low Sulfur CARB Diesel Spot Price (Dollars per Gallon)",1.952,$/GAL
2019-07-01,RGC,NA,EPD2DXL0,No 2 Diesel Low Sulfur (0-15 ppm),PF4,Spot Price FOB,EER_EPD2DXL0_PF4_RGC_DPG,U.S. Gulf Coast Ultra-Low Sulfur No 2 Diesel Spot Price (Dollars per Gallon),1.873,$/GAL
2019-07-01,Y35NY,NEW YORK CITY,EPD2DXL0,No 2 Diesel Low Sulfur (0-15 ppm),PF4,Spot Price FOB,EER_EPD2DXL0_PF4_Y35NY_DPG,New York Harbor Ultra-Low Sulfur No 2 Diesel Spot Price (Dollars per Gallon),1.92,$/GAL
2019-07-01,Y35NY,NEW YORK CITY,EPD2F,No 2 Fuel Oil / Heating Oil,PF4,Spot Price FOB,EER_EPD2F_PF4_Y35NY_DPG,New York Harbor No. 2 Heating Oil Spot Price FOB (Dollars per Gallon),1.888,$/GAL
2019-07-01,RGC,NA,EPJK,Kerosene-Type Jet Fuel,PF4,Spot Price FOB,EER_EPJK_PF4_RGC_DPG,U.S. Gulf Coast Kerosene-Type Jet Fuel Spot Price FOB (Dollars per Gallon),1.913,$/GAL
2019-07-01,Y44MB,NA,EPLLPA,Propane,PF4,Spot Price FOB,EER_EPLLPA_PF4_Y44MB_DPG,"Mont Belvieu, TX Propane Spot Price FOB (Dollars per Gallon)",0.487,$/GAL
2019-07-01,Y05LA,LOS ANGELES,EPMRR,Reformulated Regular Gasoline,PF4,Spot Price FOB,EER_EPMRR_PF4_Y05LA_DPG,Los Angeles Reformulated RBOB Regular Gasoline Spot Price (Dollars per Gallon),1.919,$/GAL
2019-07-01,RGC,NA,EPMRU,Conventional Regular Gasoline,PF4,Spot Price FOB,EER_EPMRU_PF4_RGC_DPG,U.S. Gulf Coast Conventional Gasoline Regular Spot Price FOB (Dollars per Gallon),1.854,$/GAL
2019-07-01,Y35NY,NEW YORK CITY,EPMRU,Conventional Regular Gasoline,PF4,Spot Price FOB,EER_EPMRU_PF4_Y35NY_DPG,New York Harbor Conventional Gasoline Regular Spot Price FOB (Dollars per Gallon),1.89,$/GAL
2019-07-01,ZEU,NA,EPCBRENT,UK Brent Crude Oil,PF4,Spot Price FOB,RBRTE,Europe Brent Spot Price FOB (Dollars per Barrel),63.92,$/BBL
2019-07-01,YCUOK,NA,EPCWTI,WTI Crude Oil,PF4,Spot Price FOB,RWTC,"Cushing, OK WTI Spot Price FOB (Dollars per Barrel)",57.35,$/BBL
2019-08-01,Y05LA,LOS ANGELES,EPD2DC,Carb Diesel,PF4,Spot Price FOB,EER_EPD2DC_PF4_Y05LA_DPG,"Los Angeles, CA Ultra-Low Sulfur CARB Diesel Spot Price (Dollars per Gallon)",1.869,$/GAL
2019-08-01,RGC,NA,EPD2DXL0,No 2 Diesel Low Sulfur (0-15 ppm),PF4,Spot Price FOB,EER_EPD2DXL0_PF4_RGC_DPG,U.S. Gulf Coast Ultra-Low Sulfur No 2 Diesel Spot Price (Dollars per Gallon),1.788,$/GAL
2019-08-01,Y35NY,NEW YORK CITY,EPD2DXL0,No 2 Diesel Low Sulfur (0-15 ppm),PF4,Spot Price FOB,EER_EPD2DXL0_PF4_Y35NY_DPG,New York Harbor Ultra-Low Sulfur No 2 Diesel Spot Price (Dollars per Gallon),1.824,$/GAL
2019-08-01,Y35NY,NEW YORK CITY,EPD2F,No 2 Fuel Oil / Heating Oil,PF4,Spot Price FOB,EER_EPD2F_PF4_Y35NY_DPG,New York Harbor No. 2 Heating Oil Spot Price FOB (Dollars per Gallon),1.795,$/GAL
2019-08-01,RGC,NA,EPJK,Kerosene-Type Jet Fuel,PF4,Spot Price FOB,EER_EPJK_PF4_RGC_DPG,U.S. Gulf Coast Kerosene-Type Jet Fuel Spot Price FOB (Dollars per Gallon),1.8,$/GAL
2019-08-01,Y44MB,NA,EPLLPA,Propane,PF4,Spot Price FOB,EER_EPLLPA_PF4_Y44MB_DPG,"Mont Belvieu, TX Propane Spot Price FOB (Dollars per Gallon)",0.405,$/GAL
2019-08-01,Y05LA,LOS ANGELES,EPMRR,Reformulated Regular Gasoline,PF4,Spot Price FOB,EER_EPMRR_PF4_Y05LA_DPG,Los Angeles Reformulated RBOB Regular Gasoline Spot Price (Dollars per Gallon),1.809,$/GAL
2019-08-01,RGC,NA,EPMRU,Conventional Regular Gasoline,PF4,Spot Price FOB,EER_EPMRU_PF4_RGC_DPG,U.S. Gulf Coast Conventional Gasoline Regular Spot Price FOB (Dollars per Gallon),1.69,$/GAL
2019-08-01,Y35NY,NEW YORK CITY,EPMRU,Conventional Regular Gasoline,PF4,Spot Price FOB,EER_EPMRU_PF4_Y35NY_DPG,New York Harbor Conventional Gasoline Regular Spot Price FOB (Dollars per Gallon),1.694,$/GAL
2019-08-01,ZEU,NA,EPCBRENT,UK Brent Crude Oil,PF4,Spot Price FOB,RBRTE,Europe Brent Spot Price FOB (Dollars per Barrel),59.04,$/BBL
2019-08-01,YCUOK,NA,EPCWTI,WTI Crude Oil,PF4,Spot Price FOB,RWTC,"Cushing, OK WTI Spot Price FOB (Dollars per Barrel)",54.81,$/BBL
2019-09-01,Y05LA,LOS ANGELES,EPD2DC,Carb Diesel,PF4,Spot Price FOB,EER_EPD2DC_PF4_Y05LA_DPG,"Los Angeles, CA Ultra-Low Sulfur CARB Diesel Spot Price (Dollars per Gallon)",1.997,$/GAL
2019-09-01,RGC,NA,EPD2DXL0,No 2 Diesel Low Sulfur (0-15 ppm),PF4,Spot Price FOB,EER_EPD2DXL0_PF4_RGC_DPG,U.S. Gulf Coast Ultra-Low Sulfur No 2 Diesel Spot Price (Dollars per Gallon),1.895,$/GAL
2019-09-01,Y35NY,NEW YORK CITY,EPD2DXL0,No 2 Diesel Low Sulfur (0-15 ppm),PF4,Spot Price FOB,EER_EPD2DXL0_PF4_Y35NY_DPG,New York Harbor Ultra-Low Sulfur No 2 Diesel Spot Price (Dollars per Gallon),1.935,$/GAL
2019-09-01,Y35NY,NEW YORK CITY,EPD2F,No 2 Fuel Oil / Heating Oil,PF4,Spot Price FOB,EER_EPD2F_PF4_Y35NY_DPG,New York Harbor No. 2 Heating Oil Spot Price FOB (Dollars per Gallon),1.919,$/GAL
2019-09-01,RGC,NA,EPJK,Kerosene-Type Jet Fuel,PF4,Spot Price FOB,EER_EPJK_PF4_RGC_DPG,U.S. Gulf Coast Kerosene-Type Jet Fuel Spot Price FOB (Dollars per Gallon),1.874,$/GAL
2019-09-01,Y44MB,NA,EPLLPA,Propane,PF4,Spot Price FOB,EER_EPLLPA_PF4_Y44MB_DPG,"Mont Belvieu, TX Propane Spot Price FOB (Dollars per Gallon)",0.448,$/GAL
2019-09-01,Y05LA,LOS ANGELES,EPMRR,Reformulated Regular Gasoline,PF4,Spot Price FOB,EER_EPMRR_PF4_Y05LA_DPG,Los Angeles Reformulated RBOB Regular Gasoline Spot Price (Dollars per Gallon),2.059,$/GAL
2019-09-01,RGC,NA,EPMRU,Conventional Regular Gasoline,PF4,Spot Price FOB,EER_EPMRU_PF4_RGC_DPG,U.S. Gulf Coast Conventional Gasoline Regular Spot Price FOB (Dollars per Gallon),1.681,$/GAL
2019-09-01,Y35NY,NEW YORK CITY,EPMRU,Conventional Regular Gasoline,PF4,Spot Price FOB,EER_EPMRU_PF4_Y35NY_DPG,New York Harbor Conventional Gasoline Regular Spot Price FOB (Dollars per Gallon),1.726,$/GAL
2019-09-01,ZEU,NA,EPCBRENT,UK Brent Crude Oil,PF4,Spot Price FOB,RBRTE,Europe Brent Spot Price FOB (Dollars per Barrel),62.83,$/BBL
2019-09-01,YCUOK,NA,EPCWTI,WTI Crude Oil,PF4,Spot Price FOB,RWTC,"Cushing, OK WTI Spot Price FOB (Dollars per Barrel)",56.95,$/BBL
2019-10-01,Y05LA,LOS ANGELES,EPD2DC,Carb Diesel,PF4,Spot Price FOB,EER_EPD2DC_PF4_Y05LA_DPG,"Los Angeles, CA Ultra-Low Sulfur CARB Diesel Spot Price (Dollars per Gallon)",2.065,$/GAL
2019-10-01,RGC,NA,EPD2DXL0,No 2 Diesel Low Sulfur (0-15 ppm),PF4,Spot Price FOB,EER_EPD2DXL0_PF4_RGC_DPG,U.S. Gulf Coast Ultra-Low Sulfur No 2 Diesel Spot Price (Dollars per Gallon),1.876,$/GAL
2019-10-01,Y35NY,NEW YORK CITY,EPD2DXL0,No 2 Diesel Low Sulfur (0-15 ppm),PF4,Spot Price FOB,EER_EPD2DXL0_PF4_Y35NY_DPG,New York Harbor Ultra-Low Sulfur No 2 Diesel Spot Price (Dollars per Gallon),1.937,$/GAL
2019-10-01,Y35NY,NEW YORK CITY,EPD2F,No 2 Fuel Oil / Heating Oil,PF4,Spot Price FOB,EER_EPD2F_PF4_Y35NY_DPG,New York Harbor No. 2 Heating Oil Spot Price FOB (Dollars per Gallon),1.92,$/GAL
2019-10-01,RGC,NA,EPJK,Kerosene-Type Jet Fuel,PF4,Spot Price FOB,EER_EPJK_PF4_RGC_DPG,U.S. Gulf Coast Kerosene-Type Jet Fuel Spot Price FOB (Dollars per Gallon),1.861,$/GAL
2019-10-01,Y44MB,NA,EPLLPA,Propane,PF4,Spot Price FOB,EER_EPLLPA_PF4_Y44MB_DPG,"Mont Belvieu, TX Propane Spot Price FOB (Dollars per Gallon)",0.466,$/GAL
2019-10-01,Y05LA,LOS ANGELES,EPMRR,Reformulated Regular Gasoline,PF4,Spot Price FOB,EER_EPMRR_PF4_Y05LA_DPG,Los Angeles Reformulated RBOB Regular Gasoline Spot Price (Dollars per Gallon),2.219,$/GAL
2019-10-01,RGC,NA,EPMRU,Conventional Regular Gasoline,PF4,Spot Price FOB,EER_EPMRU_PF4_RGC_DPG,U.S. Gulf Coast Conventional Gasoline Regular Spot Price FOB (Dollars per Gallon),1.646,$/GAL
2019-10-01,Y35NY,NEW YORK CITY,EPMRU,Conventional Regular Gasoline,PF4,Spot Price FOB,EER_EPMRU_PF4_Y35NY_DPG,New York Harbor Conventional Gasoline Regular Spot Price FOB (Dollars per Gallon),1.728,$/GAL
2019-10-01,ZEU,NA,EPCBRENT,UK Brent Crude Oil,PF4,Spot Price FOB,RBRTE,Europe Brent Spot Price FOB (Dollars per Barrel),59.71,$/BBL
2019-10-01,YCUOK,NA,EPCWTI,WTI Crude Oil,PF4,Spot Price FOB,RWTC,"Cushing, OK WTI Spot Price FOB (Dollars per Barrel)",53.96,$/BBL
2019-11-01,Y05LA,LOS ANGELES,EPD2DC,Carb Diesel,PF4,Spot Price FOB,EER_EPD2DC_PF4_Y05LA_DPG,"Los Angeles, CA Ultra-Low Sulfur CARB Diesel Spot Price (Dollars per Gallon)",2.109,$/GAL
2019-11-01,RGC,NA,EPD2DXL0,No 2 Diesel Low Sulfur (0-15 ppm),PF4,Spot Price FOB,EER_EPD2DXL0_PF4_RGC_DPG,U.S. Gulf Coast Ultra-Low Sulfur No 2 Diesel Spot Price (Dollars per Gallon),1.838,$/GAL
2019-11-01,Y35NY,NEW YORK CITY,EPD2DXL0,No 2 Diesel Low Sulfur (0-15 ppm),PF4,Spot Price FOB,EER_EPD2DXL0_PF4_Y35NY_DPG,New York Harbor Ultra-Low Sulfur No 2 Diesel Spot Price (Dollars per Gallon),1.933,$/GAL
2019-11-01,Y35NY,NEW YORK CITY,EPD2F,No 2 Fuel Oil / Heating Oil,PF4,Spot Price FOB,EER_EPD2F_PF4_Y35NY_DPG,New York Harbor No. 2 Heating Oil Spot Price FOB (Dollars per Gallon),1.915,$/GAL
2019-11-01,RGC,NA,EPJK,Kerosene-Type Jet Fuel,PF4,Spot Price FOB,EER_EPJK_PF4_RGC_DPG,U.S. Gulf Coast Kerosene-Type Jet Fuel Spot Price FOB (Dollars per Gallon),1.824,$/GAL
2019-11-01,Y44MB,NA,EPLLPA,Propane,PF4,Spot Price FOB,EER_EPLLPA_PF4_Y44MB_DPG,"Mont Belvieu, TX Propane Spot Price FOB (Dollars per Gallon)",0.533,$/GAL
2019-11-01,Y05LA,LOS ANGELES,EPMRR,Reformulated Regular Gasoline,PF4,Spot Price FOB,EER_EPMRR_PF4_Y05LA_DPG,Los Angeles Reformulated RBOB Regular Gasoline Spot Price (Dollars per Gallon),1.919,$/GAL
2019-11-01,RGC,NA,EPMRU,Conventional Regular Gasoline,PF4,Spot Price FOB,EER_EPMRU_PF4_RGC_DPG,U.S. Gulf Coast Conventional Gasoline Regular Spot Price FOB (Dollars per Gallon),1.636,$/GAL
2019-11-01,Y35NY,NEW YORK CITY,EPMRU,Conventional Regular Gasoline,PF4,Spot Price FOB,EER_EPMRU_PF4_Y35NY_DPG,New York Harbor Conventional Gasoline Regular Spot Price FOB (Dollars per Gallon),1.724,$/GAL
2019-11-01,ZEU,NA,EPCBRENT,UK Brent Crude Oil,PF4,Spot Price FOB,RBRTE,Europe Brent Spot Price FOB (Dollars per Barrel),63.21,$/BBL
2019-11-01,YCUOK,NA,EPCWTI,WTI Crude Oil,PF4,Spot Price FOB,RWTC,"Cushing, OK WTI Spot Price FOB (Dollars per Barrel)",57.03,$/BBL
2019-12-01,Y05LA,LOS ANGELES,EPD2DC,Carb Diesel,PF4,Spot Price FOB,EER_EPD2DC_PF4_Y05LA_DPG,"Los Angeles, CA Ultra-Low Sulfur CARB Diesel Spot Price (Dollars per Gallon)",1.963,$/GAL
2019-12-01,RGC,NA,EPD2DXL0,No 2 Diesel Low Sulfur (0-15 ppm),PF4,Spot Price FOB,EER_EPD2DXL0_PF4_RGC_DPG,U.S. Gulf Coast Ultra-Low Sulfur No 2 Diesel Spot Price (Dollars per Gallon),1.899,$/GAL
2019-12-01,Y35NY,NEW YORK CITY,EPD2DXL0,No 2 Diesel Low Sulfur (0-15 ppm),PF4,Spot Price FOB,EER_EPD2DXL0_PF4_Y35NY_DPG,New York Harbor Ultra-Low Sulfur No 2 Diesel Spot Price (Dollars per Gallon),1.988,$/GAL
2019-12-01,Y35NY,NEW YORK CITY,EPD2F,No 2 Fuel Oil / Heating Oil,PF4,Spot Price FOB,EER_EPD2F_PF4_Y35NY_DPG,New York Harbor No. 2 Heating Oil Spot Price FOB (Dollars per Gallon),1.966,$/GAL
2019-12-01,RGC,NA,EPJK,Kerosene-Type Jet Fuel,PF4,Spot Price FOB,EER_EPJK_PF4_RGC_DPG,U.S. Gulf Coast Kerosene-Type Jet Fuel Spot Price FOB (Dollars per Gallon),1.893,$/GAL
2019-12-01,Y44MB,NA,EPLLPA,Propane,PF4,Spot Price FOB,EER_EPLLPA_PF4_Y44MB_DPG,"Mont Belvieu, TX Propane Spot Price FOB (Dollars per Gallon)",0.496,$/GAL
2019-12-01,Y05LA,LOS ANGELES,EPMRR,Reformulated Regular Gasoline,PF4,Spot Price FOB,EER_EPMRR_PF4_Y05LA_DPG,Los Angeles Reformulated RBOB Regular Gasoline Spot Price (Dollars per Gallon),1.659,$/GAL
2019-12-01,RGC,NA,EPMRU,Conventional Regular Gasoline,PF4,Spot Price FOB,EER_EPMRU_PF4_RGC_DPG,U.S. Gulf Coast Conventional Gasoline Regular Spot Price FOB (Dollars per Gallon),1.63,$/GAL
2019-12-01,Y35NY,NEW YORK CITY,EPMRU,Conventional Regular Gasoline,PF4,Spot Price FOB,EER_EPMRU_PF4_Y35NY_DPG,New York Harbor Conventional Gasoline Regular Spot Price FOB (Dollars per Gallon),1.713,$/GAL
2019-12-01,ZEU,NA,EPCBRENT,UK Brent Crude Oil,PF4,Spot Price FOB,RBRTE,Europe Brent Spot Price FOB (Dollars per Barrel),67.31,$/BBL
2019-12-01,YCUOK,NA,EPCWTI,WTI Crude Oil,PF4,Spot Price FOB,RWTC,"Cushing, OK WTI Spot Price FOB (Dollars per Barrel)",59.88,$/BBL
2020-01-01,Y05LA,LOS ANGELES,EPD2DC,Carb Diesel,PF4,Spot Price FOB,EER_EPD2DC_PF4_Y05LA_DPG,"Los Angeles, CA Ultra-Low Sulfur CARB Diesel Spot Price (Dollars per Gallon)",1.906,$/GAL
2020-01-01,RGC,NA,EPD2DXL0,No 2 Diesel Low Sulfur (0-15 ppm),PF4,Spot Price FOB,EER_EPD2DXL0_PF4_RGC_DPG,U.S. Gulf Coast Ultra-Low Sulfur No 2 Diesel Spot Price (Dollars per Gallon),1.77,$/GAL
2020-01-01,Y35NY,NEW YORK CITY,EPD2DXL0,No 2 Diesel Low Sulfur (0-15 ppm),PF4,Spot Price FOB,EER_EPD2DXL0_PF4_Y35NY_DPG,New York Harbor Ultra-Low Sulfur No 2 Diesel Spot Price (Dollars per Gallon),1.848,$/GAL
2020-01-01,Y35NY,NEW YORK CITY,EPD2F,No 2 Fuel Oil / Heating Oil,PF4,Spot Price FOB,EER_EPD2F_PF4_Y35NY_DPG,New York Harbor No. 2 Heating Oil Spot Price FOB (Dollars per Gallon),1.829,$/GAL
2020-01-01,RGC,NA,EPJK,Kerosene-Type Jet Fuel,PF4,Spot Price FOB,EER_EPJK_PF4_RGC_DPG,U.S. Gulf Coast Kerosene-Type Jet Fuel Spot Price FOB (Dollars per Gallon),1.77,$/GAL
2020-01-01,Y44MB,NA,EPLLPA,Propane,PF4,Spot Price FOB,EER_EPLLPA_PF4_Y44MB_DPG,"Mont Belvieu, TX Propane Spot Price FOB (Dollars per Gallon)",0.43,$/GAL
2020-01-01,Y05LA,LOS ANGELES,EPMRR,Reformulated Regular Gasoline,PF4,Spot Price FOB,EER_EPMRR_PF4_Y05LA_DPG,Los Angeles Reformulated RBOB Regular Gasoline Spot Price (Dollars per Gallon),1.849,$/GAL
2020-01-01,RGC,NA,EPMRU,Conventional Regular Gasoline,PF4,Spot Price FOB,EER_EPMRU_PF4_RGC_DPG,U.S. Gulf Coast Conventional Gasoline Regular Spot Price FOB (Dollars per Gallon),1.587,$/GAL
2020-01-01,Y35NY,NEW YORK CITY,EPMRU,Conventional Regular Gasoline,PF4,Spot Price FOB,EER_EPMRU_PF4_Y35NY_DPG,New York Harbor Conventional Gasoline Regular Spot Price FOB (Dollars per Gallon),1.658,$/GAL
2020-01-01,ZEU,NA,EPCBRENT,UK Brent Crude Oil,PF4,Spot Price FOB,RBRTE,Europe Brent Spot Price FOB (Dollars per Barrel),63.65,$/BBL
2020-01-01,YCUOK,NA,EPCWTI,WTI Crude Oil,PF4,Spot Price FOB,RWTC,"Cushing, OK WTI Spot Price FOB (Dollars per Barrel)",57.52,$/BBL
2020-02-01,Y05LA,LOS ANGELES,EPD2DC,Carb Diesel,PF4,Spot Price FOB,EER_EPD2DC_PF4_Y05LA_DPG,"Los Angeles, CA Ultra-Low Sulfur CARB Diesel Spot Price (Dollars per Gallon)",1.751,$/GAL
2020-02-01,RGC,NA,EPD2DXL0,No 2 Diesel Low Sulfur (0-15 ppm),PF4,Spot Price FOB,EER_EPD2DXL0_PF4_RGC_DPG,U.S. Gulf Coast Ultra-Low Sulfur No 2 Diesel Spot Price (Dollars per Gallon),1.552,$/GAL
2020-02-01,Y35NY,NEW YORK CITY,EPD2DXL0,No 2 Diesel Low Sulfur (0-15 ppm),PF4,Spot Price FOB,EER_EPD2DXL0_PF4_Y35NY_DPG,New York Harbor Ultra-Low Sulfur No 2 Diesel Spot Price (Dollars per Gallon),1.622,$/GAL
2020-02-01,Y35NY,NEW YORK CITY,EPD2F,No 2 Fuel Oil / Heating Oil,PF4,Spot Price FOB,EER_EPD2F_PF4_Y35NY_DPG,New York Harbor No. 2 Heating Oil Spot Price FOB (Dollars per Gallon),1.589,$/GAL
2020-02-01,RGC,NA,EPJK,Kerosene-Type Jet Fuel,PF4,Spot Price FOB,EER_EPJK_PF4_RGC_DPG,U.S. Gulf Coast Kerosene-Type Jet Fuel Spot Price FOB (Dollars per Gallon),1.509,$/GAL
2020-02-01,Y44MB,NA,EPLLPA,Propane,PF4,Spot Price FOB,EER_EPLLPA_PF4_Y44MB_DPG,"Mont Belvieu, TX Propane Spot Price FOB (Dollars per Gallon)",0.397,$/GAL
2020-02-01,Y05LA,LOS ANGELES,EPMRR,Reformulated Regular Gasoline,PF4,Spot Price FOB,EER_EPMRR_PF4_Y05LA_DPG,Los Angeles Reformulated RBOB Regular Gasoline Spot Price (Dollars per Gallon),1.851,$/GAL
2020-02-01,RGC,NA,EPMRU,Conventional Regular Gasoline,PF4,Spot Price FOB,EER_EPMRU_PF4_RGC_DPG,U.S. Gulf Coast Conventional Gasoline Regular Spot Price FOB (Dollars per Gallon),1.453,$/GAL
2020-02-01,Y35NY,NEW YORK CITY,EPMRU,Conventional Regular Gasoline,PF4,Spot Price FOB,EER_EPMRU_PF4_Y35NY_DPG,New York Harbor Conventional Gasoline Regular Spot Price FOB (Dollars per Gallon),1.58,$/GAL
2020-02-01,ZEU,NA,EPCBRENT,UK Brent Crude Oil,PF4,Spot Price FOB,RBRTE,Europe Brent Spot Price FOB (Dollars per Barrel),55.66,$/BBL
2020-02-01,YCUOK,NA,EPCWTI,WTI Crude Oil,PF4,Spot Price FOB,RWTC,"Cushing, OK WTI Spot Price FOB (Dollars per Barrel)",50.54,$/BBL
2020-03-01,Y05LA,LOS ANGELES,EPD2DC,Carb Diesel,PF4,Spot Price FOB,EER_EPD2DC_PF4_Y05LA_DPG,"Los Angeles, CA Ultra-Low Sulfur CARB Diesel Spot Price (Dollars per Gallon)",1.271,$/GAL
2020-03-01,RGC,NA,EPD2DXL0,No 2 Diesel Low Sulfur (0-15 ppm),PF4,Spot Price FOB,EER_EPD2DXL0_PF4_RGC_DPG,U.S. Gulf Coast Ultra-Low Sulfur No 2 Diesel Spot Price (Dollars per Gallon),1.124,$/GAL
2020-03-01,Y35NY,NEW YORK CITY,EPD2DXL0,No 2 Diesel Low Sulfur (0-15 ppm),PF4,Spot Price FOB,EER_EPD2DXL0_PF4_Y35NY_DPG,New York Harbor Ultra-Low Sulfur No 2 Diesel Spot Price (Dollars per Gallon),1.19,$/GAL
2020-03-01,Y35NY,NEW YORK CITY,EPD2F,No 2 Fuel Oil / Heating Oil,PF4,Spot Price FOB,EER_EPD2F_PF4_Y35NY_DPG,New York Harbor No. 2 Heating Oil Spot Price FOB (Dollars per Gallon),1.156,$/GAL
2020-03-01,RGC,NA,EPJK,Kerosene-Type Jet Fuel,PF4,Spot Price FOB,EER_EPJK_PF4_RGC_DPG,U.S. Gulf Coast Kerosene-Type Jet Fuel Spot Price FOB (Dollars per Gallon),0.953,$/GAL
2020-03-01,Y44MB,NA,EPLLPA,Propane,PF4,Spot Price FOB,EER_EPLLPA_PF4_Y44MB_DPG,"Mont Belvieu, TX Propane Spot Price FOB (Dollars per Gallon)",0.292,$/GAL
2020-03-01,Y05LA,LOS ANGELES,EPMRR,Reformulated Regular Gasoline,PF4,Spot Price FOB,EER_EPMRR_PF4_Y05LA_DPG,Los Angeles Reformulated RBOB Regular Gasoline Spot Price (Dollars per Gallon),0.93,$/GAL
2020-03-01,RGC,NA,EPMRU,Conventional Regular Gasoline,PF4,Spot Price FOB,EER_EPMRU_PF4_RGC_DPG,U.S. Gulf Coast Conventional Gasoline Regular Spot Price FOB (Dollars per Gallon),0.838,$/GAL
2020-03-01,Y35NY,NEW YORK CITY,EPMRU,Conventional Regular Gasoline,PF4,Spot Price FOB,EER_EPMRU_PF4_Y35NY_DPG,New York Harbor Conventional Gasoline Regular Spot Price FOB (Dollars per Gallon),0.891,$/GAL
2020-03-01,ZEU,NA,EPCBRENT,UK Brent Crude Oil,PF4,Spot Price FOB,RBRTE,Europe Brent Spot Price FOB (Dollars per Barrel),32.01,$/BBL
2020-03-01,YCUOK,NA,EPCWTI,WTI Crude Oil,PF4,Spot Price FOB,RWTC,"Cushing, OK WTI Spot Price FOB (Dollars per Barrel)",29.21,$/BBL
2020-04-01,Y05LA,LOS ANGELES,EPD2DC,Carb Diesel,PF4,Spot Price FOB,EER_EPD2DC_PF4_Y05LA_DPG,"Los Angeles, CA Ultra-Low Sulfur CARB Diesel Spot Price (Dollars per Gallon)",0.823,$/GAL
2020-04-01,RGC,NA,EPD2DXL0,No 2 Diesel Low Sulfur (0-15 ppm),PF4,Spot Price FOB,EER_EPD2DXL0_PF4_RGC_DPG,U.S. Gulf Coast Ultra-Low Sulfur No 2 Diesel Spot Price (Dollars per Gallon),0.804,$/GAL
2020-04-01,Y35NY,NEW YORK CITY,EPD2DXL0,No 2 Diesel Low Sulfur (0-15 ppm),PF4,Spot Price FOB,EER_EPD2DXL0_PF4_Y35NY_DPG,New York Harbor Ultra-Low Sulfur No 2 Diesel Spot Price (Dollars per Gallon),0.88,$/GAL
2020-04-01,Y35NY,NEW YORK CITY,EPD2F,No 2 Fuel Oil / Heating Oil,PF4,Spot Price FOB,EER_EPD2F_PF4_Y35NY_DPG,New York Harbor No. 2 Heating Oil Spot Price FOB (Dollars per Gallon),0.852,$/GAL
2020-04-01,RGC,NA,EPJK,Kerosene-Type Jet Fuel,PF4,Spot Price FOB,EER_EPJK_PF4_RGC_DPG,U.S. Gulf Coast Kerosene-Type Jet Fuel Spot Price FOB (Dollars per Gallon),0.606,$/GAL
2020-04-01,Y44MB,NA,EPLLPA,Propane,PF4,Spot Price FOB,EER_EPLLPA_PF4_Y44MB_DPG,"Mont Belvieu, TX Propane Spot Price FOB (Dollars per Gallon)",0.327,$/GAL
2020-04-01,Y05LA,LOS ANGELES,EPMRR,Reformulated Regular Gasoline,PF4,Spot Price FOB,EER_EPMRR_PF4_Y05LA_DPG,Los Angeles Reformulated RBOB Regular Gasoline Spot Price (Dollars per Gallon),0.469,$/GAL
2020-04-01,RGC,NA,EPMRU,Conventional Regular Gasoline,PF4,Spot Price FOB,EER_EPMRU_PF4_RGC_DPG,U.S. Gulf Coast Conventional Gasoline Regular Spot Price FOB (Dollars per Gallon),0.546,$/GAL
2020-04-01,Y35NY,NEW YORK CITY,EPMRU,Conventional Regular Gasoline,PF4,Spot Price FOB,EER_EPMRU_PF4_Y35NY_DPG,New York Harbor Conventional Gasoline Regular Spot Price FOB (Dollars per Gallon),0.593,$/GAL
2020-04-01,ZEU,NA,EPCBRENT,UK Brent Crude Oil,PF4,Spot Price FOB,RBRTE,Europe Brent Spot Price FOB (Dollars per Barrel),18.38,$/BBL
2020-04-01,YCUOK,NA,EPCWTI,WTI Crude Oil,PF4,Spot Price FOB,RWTC,"Cushing, OK WTI Spot Price FOB (Dollars per Barrel)",16.55,$/BBL
2020-05-01,Y05LA,LOS ANGELES,EPD2DC,Carb Diesel,PF4,Spot Price FOB,EER_EPD2DC_PF4_Y05LA_DPG,"Los Angeles, CA Ultra-Low Sulfur CARB Diesel Spot Price (Dollars per Gallon)",0.911,$/GAL
2020-05-01,RGC,NA,EPD2DXL0,No 2 Diesel Low Sulfur (0-15 ppm),PF4,Spot Price FOB,EER_EPD2DXL0_PF4_RGC_DPG,U.S. Gulf Coast Ultra-Low Sulfur No 2 Diesel Spot Price (Dollars per Gallon),0.838,$/GAL
2020-05-01,Y35NY,NEW YORK CITY,EPD2DXL0,No 2 Diesel Low Sulfur (0-15 ppm),PF4,Spot Price FOB,EER_EPD2DXL0_PF4_Y35NY_DPG,New York Harbor Ultra-Low Sulfur No 2 Diesel Spot Price (Dollars per Gallon),0.887,$/GAL
2020-05-01,Y35NY,NEW YORK CITY,EPD2F,No 2 Fuel Oil / Heating Oil,PF4,Spot Price FOB,EER_EPD2F_PF4_Y35NY_DPG,New York Harbor No. 2 Heating Oil Spot Price FOB (Dollars per Gallon),0.843,$/GAL
2020-05-01,RGC,NA,EPJK,Kerosene-Type Jet Fuel,PF4,Spot Price FOB,EER_EPJK_PF4_RGC_DPG,U.S. Gulf Coast Kerosene-Type Jet Fuel Spot Price FOB (Dollars per Gallon),0.686,$/GAL
2020-05-01,Y44MB,NA,EPLLPA,Propane,PF4,Spot Price FOB,EER_EPLLPA_PF4_Y44MB_DPG,"Mont Belvieu, TX Propane Spot Price FOB (Dollars per Gallon)",0.417,$/GAL
2020-05-01,Y05LA,LOS ANGELES,EPMRR,Reformulated Regular Gasoline,PF4,Spot Price FOB,EER_EPMRR_PF4_Y05LA_DPG,Los Angeles Reformulated RBOB Regular Gasoline Spot Price (Dollars per Gallon),1.032,$/GAL
2020-05-01,RGC,NA,EPMRU,Conventional Regular Gasoline,PF4,Spot Price FOB,EER_EPMRU_PF4_RGC_DPG,U.S. Gulf Coast Conventional Gasoline Regular Spot Price FOB (Dollars per Gallon),0.83,$/GAL
2020-05-01,Y35NY,NEW YORK CITY,EPMRU,Conventional Regular Gasoline,PF4,Spot Price FOB,EER_EPMRU_PF4_Y35NY_DPG,New York Harbor Conventional Gasoline Regular Spot Price FOB (Dollars per Gallon),0.876,$/GAL
2020-05-01,ZEU,NA,EPCBRENT,UK Brent Crude Oil,PF4,Spot Price FOB,RBRTE,Europe Brent Spot Price FOB (Dollars per Barrel),29.38,$/BBL
2020-05-01,YCUOK,NA,EPCWTI,WTI Crude Oil,PF4,Spot Price FOB,RWTC,"Cushing, OK WTI Spot Price FOB (Dollars per Barrel)",28.56,$/BBL
2020-06-01,Y05LA,LOS ANGELES,EPD2DC,Carb Diesel,PF4,Spot Price FOB,EER_EPD2DC_PF4_Y05LA_DPG,"Los Angeles, CA Ultra-Low Sulfur CARB Diesel Spot Price (Dollars per Gallon)",1.182,$/GAL
2020-06-01,RGC,NA,EPD2DXL0,No 2 Diesel Low Sulfur (0-15 ppm),PF4,Spot Price FOB,EER_EPD2DXL0_PF4_RGC_DPG,U.S. Gulf Coast Ultra-Low Sulfur No 2 Diesel Spot Price (Dollars per Gallon),1.083,$/GAL
2020-06-01,Y35NY,NEW YORK CITY,EPD2DXL0,No 2 Diesel Low Sulfur (0-15 ppm),PF4,Spot Price FOB,EER_EPD2DXL0_PF4_Y35NY_DPG,New York Harbor Ultra-Low Sulfur No 2 Diesel Spot Price (Dollars per Gallon),1.124,$/GAL
2020-06-01,Y35NY,NEW YORK CITY,EPD2F,No 2 Fuel Oil / Heating Oil,PF4,Spot Price FOB,EER_EPD2F_PF4_Y35NY_DPG,New York Harbor No. 2 Heating Oil Spot Price FOB (Dollars per Gallon),1.073,$/GAL
2020-06-01,RGC,NA,EPJK,Kerosene-Type Jet Fuel,PF4,Spot Price FOB,EER_EPJK_PF4_RGC_DPG,U.S. Gulf Coast Kerosene-Type Jet Fuel Spot Price FOB (Dollars per Gallon),0.983,$/GAL
2020-06-01,Y44MB,NA,EPLLPA,Propane,PF4,Spot Price FOB,EER_EPLLPA_PF4_Y44MB_DPG,"Mont Belvieu, TX Propane Spot Price FOB (Dollars per Gallon)",0.496,$/GAL
2020-06-01,Y05LA,LOS ANGELES,EPMRR,Reformulated Regular Gasoline,PF4,Spot Price FOB,EER_EPMRR_PF4_Y05LA_DPG,Los Angeles Reformulated RBOB Regular Gasoline Spot Price (Dollars per Gallon),1.301,$/GAL
2020-06-01,RGC,NA,EPMRU,Conventional Regular Gasoline,PF4,Spot Price FOB,EER_EPMRU_PF4_RGC_DPG,U.S. Gulf Coast Conventional Gasoline Regular Spot Price FOB (Dollars per Gallon),1.095,$/GAL
2020-06-01,Y35NY,NEW YORK CITY,EPMRU,Conventional Regular Gasoline,PF4,Spot Price FOB,EER_EPMRU_PF4_Y35NY_DPG,New York Harbor Conventional Gasoline Regular Spot Price FOB (Dollars per Gallon),1.121,$/GAL
2020-06-01,ZEU,NA,EPCBRENT,UK Brent Crude Oil,PF4,Spot Price FOB,RBRTE,Europe Brent Spot Price FOB (Dollars per Barrel),40.27,$/BBL
2020-06-01,YCUOK,NA,EPCWTI,WTI Crude Oil,PF4,Spot Price FOB,RWTC,"Cushing, OK WTI Spot Price FOB (Dollars per Barrel)",38.31,$/BBL
2020-07-01,Y05LA,LOS ANGELES,EPD2DC,Carb Diesel,PF4,Spot Price FOB,EER_EPD2DC_PF4_Y05LA_DPG,"Los Angeles, CA Ultra-Low Sulfur CARB Diesel Spot Price (Dollars per Gallon)",1.262,$/GAL
2020-07-01,RGC,NA,EPD2DXL0,No 2 Diesel Low Sulfur (0-15 ppm),PF4,Spot Price FOB,EER_EPD2DXL0_PF4_RGC_DPG,U.S. Gulf Coast Ultra-Low Sulfur No 2 Diesel Spot Price (Dollars per Gallon),1.19,$/GAL
2020-07-01,Y35NY,NEW YORK CITY,EPD2DXL0,No 2 Diesel Low Sulfur (0-15 ppm),PF4,Spot Price FOB,EER_EPD2DXL0_PF4_Y35NY_DPG,New York Harbor Ultra-Low Sulfur No 2 Diesel Spot Price (Dollars per Gallon),1.24,$/GAL
2020-07-01,Y35NY,NEW YORK CITY,EPD2F,No 2 Fuel Oil / Heating Oil,PF4,Spot Price FOB,EER_EPD2F_PF4_Y35NY_DPG,New York Harbor No. 2 Heating Oil Spot Price FOB (Dollars per Gallon),1.187,$/GAL
2020-07-01,RGC,NA,EPJK,Kerosene-Type Jet Fuel,PF4,Spot Price FOB,EER_EPJK_PF4_RGC_DPG,U.S. Gulf Coast Kerosene-Type Jet Fuel Spot Price FOB (Dollars per Gallon),1.084,$/GAL
2020-07-01,Y44MB,NA,EPLLPA,Propane,PF4,Spot Price FOB,EER_EPLLPA_PF4_Y44MB_DPG,"Mont Belvieu, TX Propane Spot Price FOB (Dollars per Gallon)",0.491,$/GAL
2020-07-01,Y05LA,LOS ANGELES,EPMRR,Reformulated Regular Gasoline,PF4,Spot Price FOB,EER_EPMRR_PF4_Y05LA_DPG,Los Angeles Reformulated RBOB Regular Gasoline Spot Price (Dollars per Gallon),1.328,$/GAL
2020-07-01,RGC,NA,EPMRU,Conventional Regular Gasoline,PF4,Spot Price FOB,EER_EPMRU_PF4_RGC_DPG,U.S. Gulf Coast Conventional Gasoline Regular Spot Price FOB (Dollars per Gallon),1.166,$/GAL
2020-07-01,Y35NY,NEW YORK CITY,EPMRU,Conventional Regular Gasoline,PF4,Spot Price FOB,EER_EPMRU_PF4_Y35NY_DPG,New York Harbor Conventional Gasoline Regular Spot Price FOB (Dollars per Gallon),1.22,$/GAL
2020-07-01,ZEU,NA,EPCBRENT,UK Brent Crude Oil,PF4,Spot Price FOB,RBRTE,Europe Brent Spot Price FOB (Dollars per Barrel),43.24,$/BBL
2020-07-01,YCUOK,NA,EPCWTI,WTI Crude Oil,PF4,Spot Price FOB,RWTC,"Cushing, OK WTI Spot Price FOB (Dollars per Barrel)",40.71,$/BBL
2020-08-01,Y05LA,LOS ANGELES,EPD2DC,Carb Diesel,PF4,Spot Price FOB,EER_EPD2DC_PF4_Y05LA_DPG,"Los Angeles, CA Ultra-Low Sulfur CARB Diesel Spot Price (Dollars per Gallon)",1.292,$/GAL
2020-08-01,RGC,NA,EPD2DXL0,No 2 Diesel Low Sulfur (0-15 ppm),PF4,Spot Price FOB,EER_EPD2DXL0_PF4_RGC_DPG,U.S. Gulf Coast Ultra-Low Sulfur No 2 Diesel Spot Price (Dollars per Gallon),1.196,$/GAL
2020-08-01,Y35NY,NEW YORK CITY,EPD2DXL0,No 2 Diesel Low Sulfur (0-15 ppm),PF4,Spot Price FOB,EER_EPD2DXL0_PF4_Y35NY_DPG,New York Harbor Ultra-Low Sulfur No 2 Diesel Spot Price (Dollars per Gallon),1.226,$/GAL
2020-08-01,Y35NY,NEW YORK CITY,EPD2F,No 2 Fuel Oil / Heating Oil,PF4,Spot Price FOB,EER_EPD2F_PF4_Y35NY_DPG,New York Harbor No. 2 Heating Oil Spot Price FOB (Dollars per Gallon),1.18,$/GAL
2020-08-01,RGC,NA,EPJK,Kerosene-Type Jet Fuel,PF4,Spot Price FOB,EER_EPJK_PF4_RGC_DPG,U.S. Gulf Coast Kerosene-Type Jet Fuel Spot Price FOB (Dollars per Gallon),1.112,$/GAL
2020-08-01,Y44MB,NA,EPLLPA,Propane,PF4,Spot Price FOB,EER_EPLLPA_PF4_Y44MB_DPG,"Mont Belvieu, TX Propane Spot Price FOB (Dollars per Gallon)",0.506,$/GAL
2020-08-01,Y05LA,LOS ANGELES,EPMRR,Reformulated Regular Gasoline,PF4,Spot Price FOB,EER_EPMRR_PF4_Y05LA_DPG,Los Angeles Reformulated RBOB Regular Gasoline Spot Price (Dollars per Gallon),1.417,$/GAL
2020-08-01,RGC,NA,EPMRU,Conventional Regular Gasoline,PF4,Spot Price FOB,EER_EPMRU_PF4_RGC_DPG,U.S. Gulf Coast Conventional Gasoline Regular Spot Price FOB (Dollars per Gallon),1.244,$/GAL
2020-08-01,Y35NY,NEW YORK CITY,EPMRU,Conventional Regular Gasoline,PF4,Spot Price FOB,EER_EPMRU_PF4_Y35NY_DPG,New York Harbor Conventional Gasoline Regular Spot Price FOB (Dollars per Gallon),1.248,$/GAL
2020-08-01,ZEU,NA,EPCBRENT,UK Brent Crude Oil,PF4,Spot Price FOB,RBRTE,Europe Brent Spot Price FOB (Dollars per Barrel),44.74,$/BBL
2020-08-01,YCUOK,NA,EPCWTI,WTI Crude Oil,PF4,Spot Price FOB,RWTC,"Cushing, OK WTI Spot Price FOB (Dollars per Barrel)",42.34,$/BBL
2020-09-01,Y05LA,LOS ANGELES,EPD2DC,Carb Diesel,PF4,Spot Price FOB,EER_EPD2DC_PF4_Y05LA_DPG,"Los Angeles, CA Ultra-Low Sulfur CARB Diesel Spot Price (Dollars per Gallon)",1.164,$/GAL
2020-09-01,RGC,NA,EPD2DXL0,No 2 Diesel Low Sulfur (0-15 ppm),PF4,Spot Price FOB,EER_EPD2DXL0_PF4_RGC_DPG,U.S. Gulf Coast Ultra-Low Sulfur No 2 Diesel Spot Price (Dollars per Gallon),1.082,$/GAL
2020-09-01,Y35NY,NEW YORK CITY,EPD2DXL0,No 2 Diesel Low Sulfur (0-15 ppm),PF4,Spot Price FOB,EER_EPD2DXL0_PF4_Y35NY_DPG,New York Harbor Ultra-Low Sulfur No 2 Diesel Spot Price (Dollars per Gallon),1.122,$/GAL
2020-09-01,Y35NY,NEW YORK CITY,EPD2F,No 2 Fuel Oil / Heating Oil,PF4,Spot Price FOB,EER_EPD2F_PF4_Y35NY_DPG,New York Harbor No. 2 Heating Oil Spot Price FOB (Dollars per Gallon),1.069,$/GAL
2020-09-01,RGC,NA,EPJK,Kerosene-Type Jet Fuel,PF4,Spot Price FOB,EER_EPJK_PF4_RGC_DPG,U.S. Gulf Coast Kerosene-Type Jet Fuel Spot Price FOB (Dollars per Gallon),1.006,$/GAL
2020-09-01,Y44MB,NA,EPLLPA,Propane,PF4,Spot Price FOB,EER_EPLLPA_PF4_Y44MB_DPG,"Mont Belvieu, TX Propane Spot Price FOB (Dollars per Gallon)",0.495,$/GAL
2020-09-01,Y05LA,LOS ANGELES,EPMRR,Reformulated Regular Gasoline,PF4,Spot Price FOB,EER_EPMRR_PF4_Y05LA_DPG,Los Angeles Reformulated RBOB Regular Gasoline Spot Price (Dollars per Gallon),1.299,$/GAL
2020-09-01,RGC,NA,EPMRU,Conventional Regular Gasoline,PF4,Spot Price FOB,EER_EPMRU_PF4_RGC_DPG,U.S. Gulf Coast Conventional Gasoline Regular Spot Price FOB (Dollars per Gallon),1.176,$/GAL
2020-09-01,Y35NY,NEW YORK CITY,EPMRU,Conventional Regular Gasoline,PF4,Spot Price FOB,EER_EPMRU_PF4_Y35NY_DPG,New York Harbor Conventional Gasoline Regular Spot Price FOB (Dollars per Gallon),1.227,$/GAL
2020-09-01,ZEU,NA,EPCBRENT,UK Brent Crude Oil,PF4,Spot Price FOB,RBRTE,Europe Brent Spot Price FOB (Dollars per Barrel),40.91,$/BBL
2020-09-01,YCUOK,NA,EPCWTI,WTI Crude Oil,PF4,Spot Price FOB,RWTC,"Cushing, OK WTI Spot Price FOB (Dollars per Barrel)",39.63,$/BBL
2020-10-01,Y05LA,LOS ANGELES,EPD2DC,Carb Diesel,PF4,Spot Price FOB,EER_EPD2DC_PF4_Y05LA_DPG,"Los Angeles, CA Ultra-Low Sulfur CARB Diesel Spot Price (Dollars per Gallon)",1.211,$/GAL
2020-10-01,RGC,NA,EPD2DXL0,No 2 Diesel Low Sulfur (0-15 ppm),PF4,Spot Price FOB,EER_EPD2DXL0_PF4_RGC_DPG,U.S. Gulf Coast Ultra-Low Sulfur No 2 Diesel Spot Price (Dollars per Gallon),1.107,$/GAL
2020-10-01,Y35NY,NEW YORK CITY,EPD2DXL0,No 2 Diesel Low Sulfur (0-15 ppm),PF4,Spot Price FOB,EER_EPD2DXL0_PF4_Y35NY_DPG,New York Harbor Ultra-Low Sulfur No 2 Diesel Spot Price (Dollars per Gallon),1.154,$/GAL
2020-10-01,Y35NY,NEW YORK CITY,EPD2F,No 2 Fuel Oil / Heating Oil,PF4,Spot Price FOB,EER_EPD2F_PF4_Y35NY_DPG,New York Harbor No. 2 Heating Oil Spot Price FOB (Dollars per Gallon),1.099,$/GAL
2020-10-01,RGC,NA,EPJK,Kerosene-Type Jet Fuel,PF4,Spot Price FOB,EER_EPJK_PF4_RGC_DPG,U.S. Gulf Coast Kerosene-Type Jet Fuel Spot Price FOB (Dollars per Gallon),1.047,$/GAL
2020-10-01,Y44MB,NA,EPLLPA,Propane,PF4,Spot Price FOB,EER_EPLLPA_PF4_Y44MB_DPG,"Mont Belvieu, TX Propane Spot Price FOB (Dollars per Gallon)",0.526,$/GAL
2020-10-01,Y05LA,LOS ANGELES,EPMRR,Reformulated Regular Gasoline,PF4,Spot Price FOB,EER_EPMRR_PF4_Y05LA_DPG,Los Angeles Reformulated RBOB Regular Gasoline Spot Price (Dollars per Gallon),1.247,$/GAL
2020-10-01,RGC,NA,EPMRU,Conventional Regular Gasoline,PF4,Spot Price FOB,EER_EPMRU_PF4_RGC_DPG,U.S. Gulf Coast Conventional Gasoline Regular Spot Price FOB (Dollars per Gallon),1.143,$/GAL
2020-10-01,Y35NY,NEW YORK CITY,EPMRU,Conventional Regular Gasoline,PF4,Spot Price FOB,EER_EPMRU_PF4_Y35NY_DPG,New York Harbor Conventional Gasoline Regular Spot Price FOB (Dollars per Gallon),1.201,$/GAL
2020-10-01,ZEU,NA,EPCBRENT,UK Brent Crude Oil,PF4,Spot Price FOB,RBRTE,Europe Brent Spot Price FOB (Dollars per Barrel),40.19,$/BBL
2020-10-01,YCUOK,NA,EPCWTI,WTI Crude Oil,PF4,Spot Price FOB,RWTC,"Cushing, OK WTI Spot Price FOB (Dollars per Barrel)",39.4,$/BBL
2020-11-01,Y05LA,LOS ANGELES,EPD2DC,Carb Diesel,PF4,Spot Price FOB,EER_EPD2DC_PF4_Y05LA_DPG,"Los Angeles, CA Ultra-Low Sulfur CARB Diesel Spot Price (Dollars per Gallon)",1.368,$/GAL
2020-11-01,RGC,NA,EPD2DXL0,No 2 Diesel Low Sulfur (0-15 ppm),PF4,Spot Price FOB,EER_EPD2DXL0_PF4_RGC_DPG,U.S. Gulf Coast Ultra-Low Sulfur No 2 Diesel Spot Price (Dollars per Gallon),1.211,$/GAL
2020-11-01,Y35NY,NEW YORK CITY,EPD2DXL0,No 2 Diesel Low Sulfur (0-15 ppm),PF4,Spot Price FOB,EER_EPD2DXL0_PF4_Y35NY_DPG,New York Harbor Ultra-Low Sulfur No 2 Diesel Spot Price (Dollars per Gallon),1.241,$/GAL
2020-11-01,Y35NY,NEW YORK CITY,EPD2F,No 2 Fuel Oil / Heating Oil,PF4,Spot Price FOB,EER_EPD2F_PF4_Y35NY_DPG,New York Harbor No. 2 Heating Oil Spot Price FOB (Dollars per Gallon),1.16,$/GAL
2020-11-01,RGC,NA,EPJK,Kerosene-Type Jet Fuel,PF4,Spot Price FOB,EER_EPJK_PF4_RGC_DPG,U.S. Gulf Coast Kerosene-Type Jet Fuel Spot Price FOB (Dollars per Gallon),1.133,$/GAL
2020-11-01,Y44MB,NA,EPLLPA,Propane,PF4,Spot Price FOB,EER_EPLLPA_PF4_Y44MB_DPG,"Mont Belvieu, TX Propane Spot Price FOB (Dollars per Gallon)",0.545,$/GAL
2020-11-01,Y05LA,LOS ANGELES,EPMRR,Reformulated Regular Gasoline,PF4,Spot Price FOB,EER_EPMRR_PF4_Y05LA_DPG,Los Angeles Reformulated RBOB Regular Gasoline Spot Price (Dollars per Gallon),1.312,$/GAL
2020-11-01,RGC,NA,EPMRU,Conventional Regular Gasoline,PF4,Spot Price FOB,EER_EPMRU_PF4_RGC_DPG,U.S. Gulf Coast Conventional Gasoline Regular Spot Price FOB (Dollars per Gallon),1.128,$/GAL
2020-11-01,Y35NY,NEW YORK CITY,EPMRU,Conventional Regular Gasoline,PF4,Spot Price FOB,EER_EPMRU_PF4_Y35NY_DPG,New York Harbor Conventional Gasoline Regular Spot Price FOB (Dollars per Gallon),1.19,$/GAL
2020-11-01,ZEU,NA,EPCBRENT,UK Brent Crude Oil,PF4,Spot Price FOB,RBRTE,Europe Brent Spot Price FOB (Dollars per Barrel),42.69,$/BBL
2020-11-01,YCUOK,NA,EPCWTI,WTI Crude Oil,PF4,Spot Price FOB,RWTC,"Cushing, OK WTI Spot Price FOB (Dollars per Barrel)",40.94,$/BBL
2020-12-01,Y05LA,LOS ANGELES,EPD2DC,Carb Diesel,PF4,Spot Price FOB,EER_EPD2DC_PF4_Y05LA_DPG,"Los Angeles, CA Ultra-Low Sulfur CARB Diesel Spot Price (Dollars per Gallon)",1.542,$/GAL
2020-12-01,RGC,NA,EPD2DXL0,No 2 Diesel Low Sulfur (0-15 ppm),PF4,Spot Price FOB,EER_EPD2DXL0_PF4_RGC_DPG,U.S. Gulf Coast Ultra-Low Sulfur No 2 Diesel Spot Price (Dollars per Gallon),1.403,$/GAL
2020-12-01,Y35NY,NEW YORK CITY,EPD2DXL0,No 2 Diesel Low Sulfur (0-15 ppm),PF4,Spot Price FOB,EER_EPD2DXL0_PF4_Y35NY_DPG,New York Harbor Ultra-Low Sulfur No 2 Diesel Spot Price (Dollars per Gallon),1.444,$/GAL
2020-12-01,Y35NY,NEW YORK CITY,EPD2F,No 2 Fuel Oil / Heating Oil,PF4,Spot Price FOB,EER_EPD2F_PF4_Y35NY_DPG,New York Harbor No. 2 Heating Oil Spot Price FOB (Dollars per Gallon),1.366,$/GAL
2020-12-01,RGC,NA,EPJK,Kerosene-Type Jet Fuel,PF4,Spot Price FOB,EER_EPJK_PF4_RGC_DPG,U.S. Gulf Coast Kerosene-Type Jet Fuel Spot Price FOB (Dollars per Gallon),1.324,$/GAL
2020-12-01,Y44MB,NA,EPLLPA,Propane,PF4,Spot Price FOB,EER_EPLLPA_PF4_Y44MB_DPG,"Mont Belvieu, TX Propane Spot Price FOB (Dollars per Gallon)",0.644,$/GAL
2020-12-01,Y05LA,LOS ANGELES,EPMRR,Reformulated Regular Gasoline,PF4,Spot Price FOB,EER_EPMRR_PF4_Y05LA_DPG,Los Angeles Reformulated RBOB Regular Gasoline Spot Price (Dollars per Gallon),1.432,$/GAL
2020-12-01,RGC,NA,EPMRU,Conventional Regular Gasoline,PF4,Spot Price FOB,EER_EPMRU_PF4_RGC_DPG,U.S. Gulf Coast Conventional Gasoline Regular Spot Price FOB (Dollars per Gallon),1.298,$/GAL
2020-12-01,Y35NY,NEW YORK CITY,EPMRU,Conventional Regular Gasoline,PF4,Spot Price FOB,EER_EPMRU_PF4_Y35NY_DPG,New York Harbor Conventional Gasoline Regular Spot Price FOB (Dollars per Gallon),1.359,$/GAL
2020-12-01,ZEU,NA,EPCBRENT,UK Brent Crude Oil,PF4,Spot Price FOB,RBRTE,Europe Brent Spot Price FOB (Dollars per Barrel),49.99,$/BBL
2020-12-01,YCUOK,NA,EPCWTI,WTI Crude Oil,PF4,Spot Price FOB,RWTC,"Cushing, OK WTI Spot Price FOB (Dollars per Barrel)",47.02,$/BBL
2021-01-01,Y05LA,LOS ANGELES,EPD2DC,Carb Diesel,PF4,Spot Price FOB,EER_EPD2DC_PF4_Y05LA_DPG,"Los Angeles, CA Ultra-Low Sulfur CARB Diesel Spot Price (Dollars per Gallon)",1.582,$/GAL
2021-01-01,RGC,NA,EPD2DXL0,No 2 Diesel Low Sulfur (0-15 ppm),PF4,Spot Price FOB,EER_EPD2DXL0_PF4_RGC_DPG,U.S. Gulf Coast Ultra-Low Sulfur No 2 Diesel Spot Price (Dollars per Gallon),1.523,$/GAL
2021-01-01,Y35NY,NEW YORK CITY,EPD2DXL0,No 2 Diesel Low Sulfur (0-15 ppm),PF4,Spot Price FOB,EER_EPD2DXL0_PF4_Y35NY_DPG,New York Harbor Ultra-Low Sulfur No 2 Diesel Spot Price (Dollars per Gallon),1.575,$/GAL
2021-01-01,Y35NY,NEW YORK CITY,EPD2F,No 2 Fuel Oil / Heating Oil,PF4,Spot Price FOB,EER_EPD2F_PF4_Y35NY_DPG,New York Harbor No. 2 Heating Oil Spot Price FOB (Dollars per Gallon),1.477,$/GAL
2021-01-01,RGC,NA,EPJK,Kerosene-Type Jet Fuel,PF4,Spot Price FOB,EER_EPJK_PF4_RGC_DPG,U.S. Gulf Coast Kerosene-Type Jet Fuel Spot Price FOB (Dollars per Gallon),1.42,$/GAL
2021-01-01,Y44MB,NA,EPLLPA,Propane,PF4,Spot Price FOB,EER_EPLLPA_PF4_Y44MB_DPG,"Mont Belvieu, TX Propane Spot Price FOB (Dollars per Gallon)",0.863,$/GAL
2021-01-01,Y05LA,LOS ANGELES,EPMRR,Reformulated Regular Gasoline,PF4,Spot Price FOB,EER_EPMRR_PF4_Y05LA_DPG,Los Angeles Reformulated RBOB Regular Gasoline Spot Price (Dollars per Gallon),1.654,$/GAL
2021-01-01,RGC,NA,EPMRU,Conventional Regular Gasoline,PF4,Spot Price FOB,EER_EPMRU_PF4_RGC_DPG,U.S. Gulf Coast Conventional Gasoline Regular Spot Price FOB (Dollars per Gallon),1.5,$/GAL
2021-01-01,Y35NY,NEW YORK CITY,EPMRU,Conventional Regular Gasoline,PF4,Spot Price FOB,EER_EPMRU_PF4_Y35NY_DPG,New York Harbor Conventional Gasoline Regular Spot Price FOB (Dollars per Gallon),1.563,$/GAL
2021-01-01,ZEU,NA,EPCBRENT,UK Brent Crude Oil,PF4,Spot Price FOB,RBRTE,Europe Brent Spot Price FOB (Dollars per Barrel),54.77,$/BBL
2021-01-01,YCUOK,NA,EPCWTI,WTI Crude Oil,PF4,Spot Price FOB,RWTC,"Cushing, OK WTI Spot Price FOB (Dollars per Barrel)",52.0,$/BBL
2021-02-01,Y05LA,LOS ANGELES,EPD2DC,Carb Diesel,PF4,Spot Price FOB,EER_EPD2DC_PF4_Y05LA_DPG,"Los Angeles, CA Ultra-Low Sulfur CARB Diesel Spot Price (Dollars per Gallon)",1.835,$/GAL
2021-02-01,RGC,NA,EPD2DXL0,No 2 Diesel Low Sulfur (0-15 ppm),PF4,Spot Price FOB,EER_EPD2DXL0_PF4_RGC_DPG,U.S. Gulf Coast Ultra-Low Sulfur No 2 Diesel Spot Price (Dollars per Gallon),1.744,$/GAL
2021-02-01,Y35NY,NEW YORK CITY,EPD2DXL0,No 2 Diesel Low Sulfur (0-15 ppm),PF4,Spot Price FOB,EER_EPD2DXL0_PF4_Y35NY_DPG,New York Harbor Ultra-Low Sulfur No 2 Diesel Spot Price (Dollars per Gallon),1.788,$/GAL
2021-02-01,Y35NY,NEW YORK CITY,EPD2F,No 2 Fuel Oil / Heating Oil,PF4,Spot Price FOB,EER_EPD2F_PF4_Y35NY_DPG,New York Harbor No. 2 Heating Oil Spot Price FOB (Dollars per Gallon),1.67,$/GAL
2021-02-01,RGC,NA,EPJK,Kerosene-Type Jet Fuel,PF4,Spot Price FOB,EER_EPJK_PF4_RGC_DPG,U.S. Gulf Coast Kerosene-Type Jet Fuel Spot Price FOB (Dollars per Gallon),1.601,$/GAL
2021-02-01,Y44MB,NA,EPLLPA,Propane,PF4,Spot Price FOB,EER_EPLLPA_PF4_Y44MB_DPG,"Mont Belvieu, TX Propane Spot Price FOB (Dollars per Gallon)",0.905,$/GAL
2021-02-01,Y05LA,LOS ANGELES,EPMRR,Reformulated Regular Gasoline,PF4,Spot Price FOB,EER_EPMRR_PF4_Y05LA_DPG,Los Angeles Reformulated RBOB Regular Gasoline Spot Price (Dollars per Gallon),1.822,$/GAL
2021-02-01,RGC,NA,EPMRU,Conventional Regular Gasoline,PF4,Spot Price FOB,EER_EPMRU_PF4_RGC_DPG,U.S. Gulf Coast Conventional Gasoline Regular Spot Price FOB (Dollars per Gallon),1.686,$/GAL
2021-02-01,Y35NY,NEW YORK CITY,EPMRU,Conventional Regular Gasoline,PF4,Spot Price FOB,EER_EPMRU_PF4_Y35NY_DPG,New York Harbor Conventional Gasoline Regular Spot Price FOB (Dollars per Gallon),1.761,$/GAL
2021-02-01,ZEU,NA,EPCBRENT,UK Brent Crude Oil,PF4,Spot Price FOB,RBRTE,Europe Brent Spot Price FOB (Dollars per Barrel),62.28,$/BBL
2021-02-01,YCUOK,NA,EPCWTI,WTI Crude Oil,PF4,Spot Price FOB,RWTC,"Cushing, OK WTI Spot Price FOB (Dollars per Barrel)",59.04,$/BBL
2021-03-01,Y05LA,LOS ANGELES,EPD2DC,Carb Diesel,PF4,Spot Price FOB,EER_EPD2DC_PF4_Y05LA_DPG,"Los Angeles, CA Ultra-Low Sulfur CARB Diesel Spot Price (Dollars per Gallon)",1.936,$/GAL
2021-03-01,RGC,NA,EPD2DXL0,No 2 Diesel Low Sulfur (0-15 ppm),PF4,Spot Price FOB,EER_EPD2DXL0_PF4_RGC_DPG,U.S. Gulf Coast Ultra-Low Sulfur No 2 Diesel Spot Price (Dollars per Gallon),1.824,$/GAL
2021-03-01,Y35NY,NEW YORK CITY,EPD2DXL0,No 2 Diesel Low Sulfur (0-15 ppm),PF4,Spot Price FOB,EER_EPD2DXL0_PF4_Y35NY_DPG,New York Harbor Ultra-Low Sulfur No 2 Diesel Spot Price (Dollars per Gallon),1.853,$/GAL
2021-03-01,Y35NY,NEW YORK CITY,EPD2F,No 2 Fuel Oil / Heating Oil,PF4,Spot Price FOB,EER_EPD2F_PF4_Y35NY_DPG,New York Harbor No. 2 Heating Oil Spot Price FOB (Dollars per Gallon),1.704,$/GAL
2021-03-01,RGC,NA,EPJK,Kerosene-Type Jet Fuel,PF4,Spot Price FOB,EER_EPJK_PF4_RGC_DPG,U.S. Gulf Coast Kerosene-Type Jet Fuel Spot Price FOB (Dollars per Gallon),1.661,$/GAL
2021-03-01,Y44MB,NA,EPLLPA,Propane,PF4,Spot Price FOB,EER_EPLLPA_PF4_Y44MB_DPG,"Mont Belvieu, TX Propane Spot Price FOB (Dollars per Gallon)",0.922,$/GAL
2021-03-01,Y05LA,LOS ANGELES,EPMRR,Reformulated Regular Gasoline,PF4,Spot Price FOB,EER_EPMRR_PF4_Y05LA_DPG,Los Angeles Reformulated RBOB Regular Gasoline Spot Price (Dollars per Gallon),2.066,$/GAL
2021-03-01,RGC,NA,EPMRU,Conventional Regular Gasoline,PF4,Spot Price FOB,EER_EPMRU_PF4_RGC_DPG,U.S. Gulf Coast Conventional Gasoline Regular Spot Price FOB (Dollars per Gallon),1.945,$/GAL
2021-03-01,Y35NY,NEW YORK CITY,EPMRU,Conventional Regular Gasoline,PF4,Spot Price FOB,EER_EPMRU_PF4_Y35NY_DPG,New York Harbor Conventional Gasoline Regular Spot Price FOB (Dollars per Gallon),1.986,$/GAL
2021-03-01,ZEU,NA,EPCBRENT,UK Brent Crude Oil,PF4,Spot Price FOB,RBRTE,Europe Brent Spot Price FOB (Dollars per Barrel),65.41,$/BBL
2021-03-01,YCUOK,NA,EPCWTI,WTI Crude Oil,PF4,Spot Price FOB,RWTC,"Cushing, OK WTI Spot Price FOB (Dollars per Barrel)",62.33,$/BBL
2021-04-01,Y05LA,LOS ANGELES,EPD2DC,Carb Diesel,PF4,Spot Price FOB,EER_EPD2DC_PF4_Y05LA_DPG,"Los Angeles, CA Ultra-Low Sulfur CARB Diesel Spot Price (Dollars per Gallon)",1.897,$/GAL
2021-04-01,RGC,NA,EPD2DXL0,No 2 Diesel Low Sulfur (0-15 ppm),PF4,Spot Price FOB,EER_EPD2DXL0_PF4_RGC_DPG,U.S. Gulf Coast Ultra-Low Sulfur No 2 Diesel Spot Price (Dollars per Gallon),1.813,$/GAL
2021-04-01,Y35NY,NEW YORK CITY,EPD2DXL0,No 2 Diesel Low Sulfur (0-15 ppm),PF4,Spot Price FOB,EER_EPD2DXL0_PF4_Y35NY_DPG,New York Harbor Ultra-Low Sulfur No 2 Diesel Spot Price (Dollars per Gallon),1.861,$/GAL
2021-04-01,Y35NY,NEW YORK CITY,EPD2F,No 2 Fuel Oil / Heating Oil,PF4,Spot Price FOB,EER_EPD2F_PF4_Y35NY_DPG,New York Harbor No. 2 Heating Oil Spot Price FOB (Dollars per Gallon),1.704,$/GAL
2021-04-01,RGC,NA,EPJK,Kerosene-Type Jet Fuel,PF4,Spot Price FOB,EER_EPJK_PF4_RGC_DPG,U.S. Gulf Coast Kerosene-Type Jet Fuel Spot Price FOB (Dollars per Gallon),1.669,$/GAL
2021-04-01,Y44MB,NA,EPLLPA,Propane,PF4,Spot Price FOB,EER_EPLLPA_PF4_Y44MB_DPG,"Mont Belvieu, TX Propane Spot Price FOB (Dollars per Gallon)",0.823,$/GAL
2021-04-01,Y05LA,LOS ANGELES,EPMRR,Reformulated Regular Gasoline,PF4,Spot Price FOB,EER_EPMRR_PF4_Y05LA_DPG,Los Angeles Reformulated RBOB Regular Gasoline Spot Price (Dollars per Gallon),2.099,$/GAL
2021-04-01,RGC,NA,EPMRU,Conventional Regular Gasoline,PF4,Spot Price FOB,EER_EPMRU_PF4_RGC_DPG,U.S. Gulf Coast Conventional Gasoline Regular Spot Price FOB (Dollars per Gallon),1.958,$/GAL
2021-04-01,Y35NY,NEW YORK CITY,EPMRU,Conventional Regular Gasoline,PF4,Spot Price FOB,EER_EPMRU_PF4_Y35NY_DPG,New York Harbor Conventional Gasoline Regular Spot Price FOB (Dollars per Gallon),1.988,$/GAL
2021-04-01,ZEU,NA,EPCBRENT,UK Brent Crude Oil,PF4,Spot Price FOB,RBRTE,Europe Brent Spot Price FOB (Dollars per Barrel),64.81,$/BBL
2021-04-01,YCUOK,NA,EPCWTI,WTI Crude Oil,PF4,Spot Price FOB,RWTC,"Cushing, OK WTI Spot Price FOB (Dollars per Barrel)",61.72,$/BBL
2021-05-01,Y05LA,LOS ANGELES,EPD2DC,Carb Diesel,PF4,Spot Price FOB,EER_EPD2DC_PF4_Y05LA_DPG,"Los Angeles, CA Ultra-Low Sulfur CARB Diesel Spot Price (Dollars per Gallon)",2.02,$/GAL
2021-05-01,RGC,NA,EPD2DXL0,No 2 Diesel Low Sulfur (0-15 ppm),PF4,Spot Price FOB,EER_EPD2DXL0_PF4_RGC_DPG,U.S. Gulf Coast Ultra-Low Sulfur No 2 Diesel Spot Price (Dollars per Gallon),1.971,$/GAL
2021-05-01,Y35NY,NEW YORK CITY,EPD2DXL0,No 2 Diesel Low Sulfur (0-15 ppm),PF4,Spot Price FOB,EER_EPD2DXL0_PF4_Y35NY_DPG,New York Harbor Ultra-Low Sulfur No 2 Diesel Spot Price (Dollars per Gallon),2.024,$/GAL
2021-05-01,Y35NY,NEW YORK CITY,EPD2F,No 2 Fuel Oil / Heating Oil,PF4,Spot Price FOB,EER_EPD2F_PF4_Y35NY_DPG,New York Harbor No. 2 Heating Oil Spot Price FOB (Dollars per Gallon),1.834,$/GAL
2021-05-01,RGC,NA,EPJK,Kerosene-Type Jet Fuel,PF4,Spot Price FOB,EER_EPJK_PF4_RGC_DPG,U.S. Gulf Coast Kerosene-Type Jet Fuel Spot Price FOB (Dollars per Gallon),1.752,$/GAL
2021-05-01,Y44MB,NA,EPLLPA,Propane,PF4,Spot Price FOB,EER_EPLLPA_PF4_Y44MB_DPG,"Mont Belvieu, TX Propane Spot Price FOB (Dollars per Gallon)",0.816,$/GAL
2021-05-01,Y05LA,LOS ANGELES,EPMRR,Reformulated Regular Gasoline,PF4,Spot Price FOB,EER_EPMRR_PF4_Y05LA_DPG,Los Angeles Reformulated RBOB Regular Gasoline Spot Price (Dollars per Gallon),2.239,$/GAL
2021-05-01,RGC,NA,EPMRU,Conventional Regular Gasoline,PF4,Spot Price FOB,EER_EPMRU_PF4_RGC_DPG,U.S. Gulf Coast Conventional Gasoline Regular Spot Price FOB (Dollars per Gallon),2.038,$/GAL
2021-05-01,Y35NY,NEW YORK CITY,EPMRU,Conventional Regular Gasoline,PF4,Spot Price FOB,EER_EPMRU_PF4_Y35NY_DPG,New York Harbor Conventional Gasoline Regular Spot Price FOB (Dollars per Gallon),2.116,$/GAL
2021-05-01,ZEU,NA,EPCBRENT,UK Brent Crude Oil,PF4,Spot Price FOB,RBRTE,Europe Brent Spot Price FOB (Dollars per Barrel),68.53,$/BBL
2021-05-01,YCUOK,NA,EPCWTI,WTI Crude Oil,PF4,Spot Price FOB,RWTC,"Cushing, OK WTI Spot Price FOB (Dollars per Barrel)",65.17,$/BBL
2021-06-01,Y05LA,LOS ANGELES,EPD2DC,Carb Diesel,PF4,Spot Price FOB,EER_EPD2DC_PF4_Y05LA_DPG,"Los Angeles, CA Ultra-Low Sulfur CARB Diesel Spot Price (Dollars per Gallon)",2.077,$/GAL
2021-06-01,RGC,NA,EPD2DXL0,No 2 Diesel Low Sulfur (0-15 ppm),PF4,Spot Price FOB,EER_EPD2DXL0_PF4_RGC_DPG,U.S. Gulf Coast Ultra-Low Sulfur No 2 Diesel Spot Price (Dollars per Gallon),2.068,$/GAL
2021-06-01,Y35NY,NEW YORK CITY,EPD2DXL0,No 2 Diesel Low Sulfur (0-15 ppm),PF4,Spot Price FOB,EER_EPD2DXL0_PF4_Y35NY_DPG,New York Harbor Ultra-Low Sulfur No 2 Diesel Spot Price (Dollars per Gallon),2.121,$/GAL
2021-06-01,Y35NY,NEW YORK CITY,EPD2F,No 2 Fuel Oil / Heating Oil,PF4,Spot Price FOB,EER_EPD2F_PF4_Y35NY_DPG,New York Harbor No. 2 Heating Oil Spot Price FOB (Dollars per Gallon),1.911,$/GAL
2021-06-01,RGC,NA,EPJK,Kerosene-Type Jet Fuel,PF4,Spot Price FOB,EER_EPJK_PF4_RGC_DPG,U.S. Gulf Coast Kerosene-Type Jet Fuel Spot Price FOB (Dollars per Gallon),1.857,$/GAL
2021-06-01,Y44MB,NA,EPLLPA,Propane,PF4,Spot Price FOB,EER_EPLLPA_PF4_Y44MB_DPG,"Mont Belvieu, TX Propane Spot Price FOB (Dollars per Gallon)",0.965,$/GAL
2021-06-01,Y05LA,LOS ANGELES,EPMRR,Reformulated Regular Gasoline,PF4,Spot Price FOB,EER_EPMRR_PF4_Y05LA_DPG,Los Angeles Reformulated RBOB Regular Gasoline Spot Price (Dollars per Gallon),2.311,$/GAL
2021-06-01,RGC,NA,EPMRU,Conventional Regular Gasoline,PF4,Spot Price FOB,EER_EPMRU_PF4_RGC_DPG,U.S. Gulf Coast Conventional Gasoline Regular Spot Price FOB (Dollars per Gallon),2.118,$/GAL
2021-06-01,Y35NY,NEW YORK CITY,EPMRU,Conventional Regular Gasoline,PF4,Spot Price FOB,EER_EPMRU_PF4_Y35NY_DPG,New York Harbor Conventional Gasoline Regular Spot Price FOB (Dollars per Gallon),2.167,$/GAL
2021-06-01,ZEU,NA,EPCBRENT,UK Brent Crude Oil,PF4,Spot Price FOB,RBRTE,Europe Brent Spot Price FOB (Dollars per Barrel),73.16,$/BBL
2021-06-01,YCUOK,NA,EPCWTI,WTI Crude Oil,PF4,Spot Price FOB,RWTC,"Cushing, OK WTI Spot Price FOB (Dollars per Barrel)",71.38,$/BBL
2021-07-01,Y05LA,LOS ANGELES,EPD2DC,Carb Diesel,PF4,Spot Price FOB,EER_EPD2DC_PF4_Y05LA_DPG,"Los Angeles, CA Ultra-Low Sulfur CARB Diesel Spot Price (Dollars per Gallon)",2.124,$/GAL
2021-07-01,RGC,NA,EPD2DXL0,No 2 Diesel Low Sulfur (0-15 ppm),PF4,Spot Price FOB,EER_EPD2DXL0_PF4_RGC_DPG,U.S. Gulf Coast Ultra-Low Sulfur No 2 Diesel Spot Price (Dollars per Gallon),2.071,$/GAL
2021-07-01,Y35NY,NEW YORK CITY,EPD2DXL0,No 2 Diesel Low Sulfur (0-15 ppm),PF4,Spot Price FOB,EER_EPD2DXL0_PF4_Y35NY_DPG,New York Harbor Ultra-Low Sulfur No 2 Diesel Spot Price (Dollars per Gallon),2.127,$/GAL
2021-07-01,Y35NY,NEW YORK CITY,EPD2F,No 2 Fuel Oil / Heating Oil,PF4,Spot Price FOB,EER_EPD2F_PF4_Y35NY_DPG,New York Harbor No. 2 Heating Oil Spot Price FOB (Dollars per Gallon),1.947,$/GAL
2021-07-01,RGC,NA,EPJK,Kerosene-Type Jet Fuel,PF4,Spot Price FOB,EER_EPJK_PF4_RGC_DPG,U.S. Gulf Coast Kerosene-Type Jet Fuel Spot Price FOB (Dollars per Gallon),1.887,$/GAL
2021-07-01,Y44MB,NA,EPLLPA,Propane,PF4,Spot Price FOB,EER_EPLLPA_PF4_Y44MB_DPG,"Mont Belvieu, TX Propane Spot Price FOB (Dollars per Gallon)",1.09,$/GAL
2021-07-01,Y05LA,LOS ANGELES,EPMRR,Reformulated Regular Gasoline,PF4,Spot Price FOB,EER_EPMRR_PF4_Y05LA_DPG,Los Angeles Reformulated RBOB Regular Gasoline Spot Price (Dollars per Gallon),2.361,$/GAL
2021-07-01,RGC,NA,EPMRU,Conventional Regular Gasoline,PF4,Spot Price FOB,EER_EPMRU_PF4_RGC_DPG,U.S. Gulf Coast Conventional Gasoline Regular Spot Price FOB (Dollars per Gallon),2.205,$/GAL
2021-07-01,Y35NY,NEW YORK CITY,EPMRU,Conventional Regular Gasoline,PF4,Spot Price FOB,EER_EPMRU_PF4_Y35NY_DPG,New York Harbor Conventional Gasoline Regular Spot Price FOB (Dollars per Gallon),2.257,$/GAL
2021-07-01,ZEU,NA,EPCBRENT,UK Brent Crude Oil,PF4,Spot Price FOB,RBRTE,Europe Brent Spot Price FOB (Dollars per Barrel),75.17,$/BBL
2021-07-01,YCUOK,NA,EPCWTI,WTI Crude Oil,PF4,Spot Price FOB,RWTC,"Cushing, OK WTI Spot Price FOB (Dollars per Barrel)",72.49,$/BBL
2021-08-01,Y05LA,LOS ANGELES,EPD2DC,Carb Diesel,PF4,Spot Price FOB,EER_EPD2DC_PF4_Y05LA_DPG,"Los Angeles, CA Ultra-Low Sulfur CARB Diesel Spot Price (Dollars per Gallon)",2.15,$/GAL
2021-08-01,RGC,NA,EPD2DXL0,No 2 Diesel Low Sulfur (0-15 ppm),PF4,Spot Price FOB,EER_EPD2DXL0_PF4_RGC_DPG,U.S. Gulf Coast Ultra-Low Sulfur No 2 Diesel Spot Price (Dollars per Gallon),2.011,$/GAL
2021-08-01,Y35NY,NEW YORK CITY,EPD2DXL0,No 2 Diesel Low Sulfur (0-15 ppm),PF4,Spot Price FOB,EER_EPD2DXL0_PF4_Y35NY_DPG,New York Harbor Ultra-Low Sulfur No 2 Diesel Spot Price (Dollars per Gallon),2.065,$/GAL
2021-08-01,Y35NY,NEW YORK CITY,EPD2F,No 2 Fuel Oil / Heating Oil,PF4,Spot Price FOB,EER_EPD2F_PF4_Y35NY_DPG,New York Harbor No. 2 Heating Oil Spot Price FOB (Dollars per Gallon),1.873,$/GAL
2021-08-01,RGC,NA,EPJK,Kerosene-Type Jet Fuel,PF4,Spot Price FOB,EER_EPJK_PF4_RGC_DPG,U.S. Gulf Coast Kerosene-Type Jet Fuel Spot Price FOB (Dollars per Gallon),1.817,$/GAL
2021-08-01,Y44MB,NA,EPLLPA,Propane,PF4,Spot Price FOB,EER_EPLLPA_PF4_Y44MB_DPG,"Mont Belvieu, TX Propane Spot Price FOB (Dollars per Gallon)",1.114,$/GAL
2021-08-01,Y05LA,LOS ANGELES,EPMRR,Reformulated Regular Gasoline,PF4,Spot Price FOB,EER_EPMRR_PF4_Y05LA_DPG,Los Angeles Reformulated RBOB Regular Gasoline Spot Price (Dollars per Gallon),2.331,$/GAL
2021-08-01,RGC,NA,EPMRU,Conventional Regular Gasoline,PF4,Spot Price FOB,EER_EPMRU_PF4_RGC_DPG,U.S. Gulf Coast Conventional Gasoline Regular Spot Price FOB (Dollars per Gallon),2.209,$/GAL
2021-08-01,Y35NY,NEW YORK CITY,EPMRU,Conventional Regular Gasoline,PF4,Spot Price FOB,EER_EPMRU_PF4_Y35NY_DPG,New York Harbor Conventional Gasoline Regular Spot Price FOB (Dollars per Gallon),2.233,$/GAL
2021-08-01,ZEU,NA,EPCBRENT,UK Brent Crude Oil,PF4,Spot Price FOB,RBRTE,Europe Brent Spot Price FOB (Dollars per Barrel),70.61,$/BBL
2021-08-01,YCUOK,NA,EPCWTI,WTI Crude Oil,PF4,Spot Price FOB,RWTC,"Cushing, OK WTI Spot Price FOB (Dollars per Barrel)",67.7,$/BBL
2021-09-01,Y05LA,LOS ANGELES,EPD2DC,Carb Diesel,PF4,Spot Price FOB,EER_EPD2DC_PF4_Y05LA_DPG,"Los Angeles, CA Ultra-Low Sulfur CARB Diesel Spot Price (Dollars per Gallon)",2.251,$/GAL
2021-09-01,RGC,NA,EPD2DXL0,No 2 Diesel Low Sulfur (0-15 ppm),PF4,Spot Price FOB,EER_EPD2DXL0_PF4_RGC_DPG,U.S. Gulf Coast Ultra-Low Sulfur No 2 Diesel Spot Price (Dollars per Gallon),2.152,$/GAL
2021-09-01,Y35NY,NEW YORK CITY,EPD2DXL0,No 2 Diesel Low Sulfur (0-15 ppm),PF4,Spot Price FOB,EER_EPD2DXL0_PF4_Y35NY_DPG,New York Harbor Ultra-Low Sulfur No 2 Diesel Spot Price (Dollars per Gallon),2.201,$/GAL
2021-09-01,Y35NY,NEW YORK CITY,EPD2F,No 2 Fuel Oil / Heating Oil,PF4,Spot Price FOB,EER_EPD2F_PF4_Y35NY_DPG,New York Harbor No. 2 Heating Oil Spot Price FOB (Dollars per Gallon),2.053,$/GAL
2021-09-01,RGC,NA,EPJK,Kerosene-Type Jet Fuel,PF4,Spot Price FOB,EER_EPJK_PF4_RGC_DPG,U.S. Gulf Coast Kerosene-Type Jet Fuel Spot Price FOB (Dollars per Gallon),2.003,$/GAL
2021-09-01,Y44MB,NA,EPLLPA,Propane,PF4,Spot Price FOB,EER_EPLLPA_PF4_Y44MB_DPG,"Mont Belvieu, TX Propane Spot Price FOB (Dollars per Gallon)",1.291,$/GAL
2021-09-01,Y05LA,LOS ANGELES,EPMRR,Reformulated Regular Gasoline,PF4,Spot Price FOB,EER_EPMRR_PF4_Y05LA_DPG,Los Angeles Reformulated RBOB Regular Gasoline Spot Price (Dollars per Gallon),2.25,$/GAL
2021-09-01,RGC,NA,EPMRU,Conventional Regular Gasoline,PF4,Spot Price FOB,EER_EPMRU_PF4_RGC_DPG,U.S. Gulf Coast Conventional Gasoline Regular Spot Price FOB (Dollars per Gallon),2.199,$/GAL
2021-09-01,Y35NY,NEW YORK CITY,EPMRU,Conventional Regular Gasoline,PF4,Spot Price FOB,EER_EPMRU_PF4_Y35NY_DPG,New York Harbor Conventional Gasoline Regular Spot Price FOB (Dollars per Gallon),2.284,$/GAL
2021-09-01,ZEU,NA,EPCBRENT,UK Brent Crude Oil,PF4,Spot Price FOB,RBRTE,Europe Brent Spot Price FOB (Dollars per Barrel),74.49,$/BBL
2021-09-01,YCUOK,NA,EPCWTI,WTI Crude Oil,PF4,Spot Price FOB,RWTC,"Cushing, OK WTI Spot Price FOB (Dollars per Barrel)",71.65,$/BBL
2021-10-01,Y05LA,LOS ANGELES,EPD2DC,Carb Diesel,PF4,Spot Price FOB,EER_EPD2DC_PF4_Y05LA_DPG,"Los Angeles, CA Ultra-Low Sulfur CARB Diesel Spot Price (Dollars per Gallon)",2.512,$/GAL
2021-10-01,RGC,NA,EPD2DXL0,No 2 Diesel Low Sulfur (0-15 ppm),PF4,Spot Price FOB,EER_EPD2DXL0_PF4_RGC_DPG,U.S. Gulf Coast Ultra-Low Sulfur No 2 Diesel Spot Price (Dollars per Gallon),2.455,$/GAL
2021-10-01,Y35NY,NEW YORK CITY,EPD2DXL0,No 2 Diesel Low Sulfur (0-15 ppm),PF4,Spot Price FOB,EER_EPD2DXL0_PF4_Y35NY_DPG,New York Harbor Ultra-Low Sulfur No 2 Diesel Spot Price (Dollars per Gallon),2.523,$/GAL
2021-10-01,Y35NY,NEW YORK CITY,EPD2F,No 2 Fuel Oil / Heating Oil,PF4,Spot Price FOB,EER_EPD2F_PF4_Y35NY_DPG,New York Harbor No. 2 Heating Oil Spot Price FOB (Dollars per Gallon),2.382,$/GAL
2021-10-01,RGC,NA,EPJK,Kerosene-Type Jet Fuel,PF4,Spot Price FOB,EER_EPJK_PF4_RGC_DPG,U.S. Gulf Coast Kerosene-Type Jet Fuel Spot Price FOB (Dollars per Gallon),2.296,$/GAL
2021-10-01,Y44MB,NA,EPLLPA,Propane,PF4,Spot Price FOB,EER_EPLLPA_PF4_Y44MB_DPG,"Mont Belvieu, TX Propane Spot Price FOB (Dollars per Gallon)",1.454,$/GAL
2021-10-01,Y05LA,LOS ANGELES,EPMRR,Reformulated Regular Gasoline,PF4,Spot Price FOB,EER_EPMRR_PF4_Y05LA_DPG,Los Angeles Reformulated RBOB Regular Gasoline Spot Price (Dollars per Gallon),2.535,$/GAL
2021-10-01,RGC,NA,EPMRU,Conventional Regular Gasoline,PF4,Spot Price FOB,EER_EPMRU_PF4_RGC_DPG,U.S. Gulf Coast Conventional Gasoline Regular Spot Price FOB (Dollars per Gallon),2.425,$/GAL
2021-10-01,Y35NY,NEW YORK CITY,EPMRU,Conventional Regular Gasoline,PF4,Spot Price FOB,EER_EPMRU_PF4_Y35NY_DPG,New York Harbor Conventional Gasoline Regular Spot Price FOB (Dollars per Gallon),2.5,$/GAL
2021-10-01,ZEU,NA,EPCBRENT,UK Brent Crude Oil,PF4,Spot Price FOB,RBRTE,Europe Brent Spot Price FOB (Dollars per Barrel),83.54,$/BBL
2021-10-01,YCUOK,NA,EPCWTI,WTI Crude Oil,PF4,Spot Price FOB,RWTC,"Cushing, OK WTI Spot Price FOB (Dollars per Barrel)",81.48,$/BBL
2021-11-01,Y05LA,LOS ANGELES,EPD2DC,Carb Diesel,PF4,Spot Price FOB,EER_EPD2DC_PF4_Y05LA_DPG,"Los Angeles, CA Ultra-Low Sulfur CARB Diesel Spot Price (Dollars per Gallon)",2.509,$/GAL
2021-11-01,RGC,NA,EPD2DXL0,No 2 Diesel Low Sulfur (0-15 ppm),PF4,Spot Price FOB,EER_EPD2DXL0_PF4_RGC_DPG,U.S. Gulf Coast Ultra-Low Sulfur No 2 Diesel Spot Price (Dollars per Gallon),2.324,$/GAL
2021-11-01,Y35NY,NEW YORK CITY,EPD2DXL0,No 2 Diesel Low Sulfur (0-15 ppm),PF4,Spot Price FOB,EER_EPD2DXL0_PF4_Y35NY_DPG,New York Harbor Ultra-Low Sulfur No 2 Diesel Spot Price (Dollars per Gallon),2.391,$/GAL
2021-11-01,Y35NY,NEW YORK CITY,EPD2F,No 2 Fuel Oil / Heating Oil,PF4,Spot Price FOB,EER_EPD2F_PF4_Y35NY_DPG,New York Harbor No. 2 Heating Oil Spot Price FOB (Dollars per Gallon),2.253,$/GAL
2021-11-01,RGC,NA,EPJK,Kerosene-Type Jet Fuel,PF4,Spot Price FOB,EER_EPJK_PF4_RGC_DPG,U.S. Gulf Coast Kerosene-Type Jet Fuel Spot Price FOB (Dollars per Gallon),2.193,$/GAL
2021-11-01,Y44MB,NA,EPLLPA,Propane,PF4,Spot Price FOB,EER_EPLLPA_PF4_Y44MB_DPG,"Mont Belvieu, TX Propane Spot Price FOB (Dollars per Gallon)",1.252,$/GAL
2021-11-01,Y05LA,LOS ANGELES,EPMRR,Reformulated Regular Gasoline,PF4,Spot Price FOB,EER_EPMRR_PF4_Y05LA_DPG,Los Angeles Reformulated RBOB Regular Gasoline Spot Price (Dollars per Gallon),2.53,$/GAL
2021-11-01,RGC,NA,EPMRU,Conventional Regular Gasoline,PF4,Spot Price FOB,EER_EPMRU_PF4_RGC_DPG,U.S. Gulf Coast Conventional Gasoline Regular Spot Price FOB (Dollars per Gallon),2.28,$/GAL
2021-11-01,Y35NY,NEW YORK CITY,EPMRU,Conventional Regular Gasoline,PF4,Spot Price FOB,EER_EPMRU_PF4_Y35NY_DPG,New York Harbor Conventional Gasoline Regular Spot Price FOB (Dollars per Gallon),2.39,$/GAL
2021-11-01,ZEU,NA,EPCBRENT,UK Brent Crude Oil,PF4,Spot Price FOB,RBRTE,Europe Brent Spot Price FOB (Dollars per Barrel),81.05,$/BBL
2021-11-01,YCUOK,NA,EPCWTI,WTI Crude Oil,PF4,Spot Price FOB,RWTC,"Cushing, OK WTI Spot Price FOB (Dollars per Barrel)",79.15,$/BBL
2021-12-01,Y05LA,LOS ANGELES,EPD2DC,Carb Diesel,PF4,Spot Price FOB,EER_EPD2DC_PF4_Y05LA_DPG,"Los Angeles, CA Ultra-Low Sulfur CARB Diesel Spot Price (Dollars per Gallon)",2.291,$/GAL
2021-12-01,RGC,NA,EPD2DXL0,No 2 Diesel Low Sulfur (0-15 ppm),PF4,Spot Price FOB,EER_EPD2DXL0_PF4_RGC_DPG,U.S. Gulf Coast Ultra-Low Sulfur No 2 Diesel Spot Price (Dollars per Gallon),2.195,$/GAL
2021-12-01,Y35NY,NEW YORK CITY,EPD2DXL0,No 2 Diesel Low Sulfur (0-15 ppm),PF4,Spot Price FOB,EER_EPD2DXL0_PF4_Y35NY_DPG,New York Harbor Ultra-Low Sulfur No 2 Diesel Spot Price (Dollars per Gallon),2.251,$/GAL
2021-12-01,Y35NY,NEW YORK CITY,EPD2F,No 2 Fuel Oil / Heating Oil,PF4,Spot Price FOB,EER_EPD2F_PF4_Y35NY_DPG,New York Harbor No. 2 Heating Oil Spot Price FOB (Dollars per Gallon),2.118,$/GAL
2021-12-01,RGC,NA,EPJK,Kerosene-Type Jet Fuel,PF4,Spot Price FOB,EER_EPJK_PF4_RGC_DPG,U.S. Gulf Coast Kerosene-Type Jet Fuel Spot Price FOB (Dollars per Gallon),2.095,$/GAL
2021-12-01,Y44MB,NA,EPLLPA,Propane,PF4,Spot Price FOB,EER_EPLLPA_PF4_Y44MB_DPG,"Mont Belvieu, TX Propane Spot Price FOB (Dollars per Gallon)",1.033,$/GAL
2021-12-01,Y05LA,LOS ANGELES,EPMRR,Reformulated Regular Gasoline,PF4,Spot Price FOB,EER_EPMRR_PF4_Y05LA_DPG,Los Angeles Reformulated RBOB Regular Gasoline Spot Price (Dollars per Gallon),2.315,$/GAL
2021-12-01,RGC,NA,EPMRU,Conventional Regular Gasoline,PF4,Spot Price FOB,EER_EPMRU_PF4_RGC_DPG,U.S. Gulf Coast Conventional Gasoline Regular Spot Price FOB (Dollars per Gallon),2.129,$/GAL
2021-12-01,Y35NY,NEW YORK CITY,EPMRU,Conventional Regular Gasoline,PF4,Spot Price FOB,EER_EPMRU_PF4_Y35NY_DPG,New York Harbor Conventional Gasoline Regular Spot Price FOB (Dollars per Gallon),2.203,$/GAL
2021-12-01,ZEU,NA,EPCBRENT,UK Brent Crude Oil,PF4,Spot Price FOB,RBRTE,Europe Brent Spot Price FOB (Dollars per Barrel),74.17,$/BBL
2021-12-01,YCUOK,NA,EPCWTI,WTI Crude Oil,PF4,Spot Price FOB,RWTC,"Cushing, OK WTI Spot Price FOB (Dollars per Barrel)",71.71,$/BBL
2022-01-01,Y05LA,LOS ANGELES,EPD2DC,Carb Diesel,PF4,Spot Price FOB,EER_EPD2DC_PF4_Y05LA_DPG,"Los Angeles, CA Ultra-Low Sulfur CARB Diesel Spot Price (Dollars per Gallon)",2.674,$/GAL
2022-01-01,RGC,NA,EPD2DXL0,No 2 Diesel Low Sulfur (0-15 ppm),PF4,Spot Price FOB,EER_EPD2DXL0_PF4_RGC_DPG,U.S. Gulf Coast Ultra-Low Sulfur No 2 Diesel Spot Price (Dollars per Gallon),2.55,$/GAL
2022-01-01,Y35NY,NEW YORK CITY,EPD2DXL0,No 2 Diesel Low Sulfur (0-15 ppm),PF4,Spot Price FOB,EER_EPD2DXL0_PF4_Y35NY_DPG,New York Harbor Ultra-Low Sulfur No 2 Diesel Spot Price (Dollars per Gallon),2.616,$/GAL
2022-01-01,Y35NY,NEW YORK CITY,EPD2F,No 2 Fuel Oil / Heating Oil,PF4,Spot Price FOB,EER_EPD2F_PF4_Y35NY_DPG,New York Harbor No. 2 Heating Oil Spot Price FOB (Dollars per Gallon),2.481,$/GAL
2022-01-01,RGC,NA,EPJK,Kerosene-Type Jet Fuel,PF4,Spot Price FOB,EER_EPJK_PF4_RGC_DPG,U.S. Gulf Coast Kerosene-Type Jet Fuel Spot Price FOB (Dollars per Gallon),2.446,$/GAL
2022-01-01,Y44MB,NA,EPLLPA,Propane,PF4,Spot Price FOB,EER_EPLLPA_PF4_Y44MB_DPG,"Mont Belvieu, TX Propane Spot Price FOB (Dollars per Gallon)",1.169,$/GAL
2022-01-01,Y05LA,LOS ANGELES,EPMRR,Reformulated Regular Gasoline,PF4,Spot Price FOB,EER_EPMRR_PF4_Y05LA_DPG,Los Angeles Reformulated RBOB Regular Gasoline Spot Price (Dollars per Gallon),2.548,$/GAL
2022-01-01,RGC,NA,EPMRU,Conventional Regular Gasoline,PF4,Spot Price FOB,EER_EPMRU_PF4_RGC_DPG,U.S. Gulf Coast Conventional Gasoline Regular Spot Price FOB (Dollars per Gallon),2.4,$/GAL
2022-01-01,Y35NY,NEW YORK CITY,EPMRU,Conventional Regular Gasoline,PF4,Spot Price FOB,EER_EPMRU_PF4_Y35NY_DPG,New York Harbor Conventional Gasoline Regular Spot Price FOB (Dollars per Gallon),2.449,$/GAL
2022-01-01,ZEU,NA,EPCBRENT,UK Brent Crude Oil,PF4,Spot Price FOB,RBRTE,Europe Brent Spot Price FOB (Dollars per Barrel),86.51,$/BBL
2022-01-01,YCUOK,NA,EPCWTI,WTI Crude Oil,PF4,Spot Price FOB,RWTC,"Cushing, OK WTI Spot Price FOB (Dollars per Barrel)",83.22,$/BBL
2022-02-01,Y05LA,LOS ANGELES,EPD2DC,Carb Diesel,PF4,Spot Price FOB,EER_EPD2DC_PF4_Y05LA_DPG,"Los Angeles, CA Ultra-Low Sulfur CARB Diesel Spot Price (Dollars per Gallon)",2.851,$/GAL
2022-02-01,RGC,NA,EPD2DXL0,No 2 Diesel Low Sulfur (0-15 ppm),PF4,Spot Price FOB,EER_EPD2DXL0_PF4_RGC_DPG,U.S. Gulf Coast Ultra-Low Sulfur No 2 Diesel Spot Price (Dollars per Gallon),2.81,$/GAL
2022-02-01,Y35NY,NEW YORK CITY,EPD2DXL0,No 2 Diesel Low Sulfur (0-15 ppm),PF4,Spot Price FOB,EER_EPD2DXL0_PF4_Y35NY_DPG,New York Harbor Ultra-Low Sulfur No 2 Diesel Spot Price (Dollars per Gallon),2.872,$/GAL
2022-02-01,Y35NY,NEW YORK CITY,EPD2F,No 2 Fuel Oil / Heating Oil,PF4,Spot Price FOB,EER_EPD2F_PF4_Y35NY_DPG,New York Harbor No. 2 Heating Oil Spot Price FOB (Dollars per Gallon),2.737,$/GAL
2022-02-01,RGC,NA,EPJK,Kerosene-Type Jet Fuel,PF4,Spot Price FOB,EER_EPJK_PF4_RGC_DPG,U.S. Gulf Coast Kerosene-Type Jet Fuel Spot Price FOB (Dollars per Gallon),2.682,$/GAL
2022-02-01,Y44MB,NA,EPLLPA,Propane,PF4,Spot Price FOB,EER_EPLLPA_PF4_Y44MB_DPG,"Mont Belvieu, TX Propane Spot Price FOB (Dollars per Gallon)",1.283,$/GAL
2022-02-01,Y05LA,LOS ANGELES,EPMRR,Reformulated Regular Gasoline,PF4,Spot Price FOB,EER_EPMRR_PF4_Y05LA_DPG,Los Angeles Reformulated RBOB Regular Gasoline Spot Price (Dollars per Gallon),2.818,$/GAL
2022-02-01,RGC,NA,EPMRU,Conventional Regular Gasoline,PF4,Spot Price FOB,EER_EPMRU_PF4_RGC_DPG,U.S. Gulf Coast Conventional Gasoline Regular Spot Price FOB (Dollars per Gallon),2.648,$/GAL
2022-02-01,Y35NY,NEW YORK CITY,EPMRU,Conventional Regular Gasoline,PF4,Spot Price FOB,EER_EPMRU_PF4_Y35NY_DPG,New York Harbor Conventional Gasoline Regular Spot Price FOB (Dollars per Gallon),2.739,$/GAL
2022-02-01,ZEU,NA,EPCBRENT,UK Brent Crude Oil,PF4,Spot Price FOB,RBRTE,Europe Brent Spot Price FOB (Dollars per Barrel),97.13,$/BBL
2022-02-01,YCUOK,NA,EPCWTI,WTI Crude Oil,PF4,Spot Price FOB,RWTC,"Cushing, OK WTI Spot Price FOB (Dollars per Barrel)",91.64,$/BBL
2022-03-01,Y05LA,LOS ANGELES,EPD2DC,Carb Diesel,PF4,Spot Price FOB,EER_EPD2DC_PF4_Y05LA_DPG,"Los Angeles, CA Ultra-Low Sulfur CARB Diesel Spot Price (Dollars per Gallon)",3.631,$/GAL
2022-03-01,RGC,NA,EPD2DXL0,No 2 Diesel Low Sulfur (0-15 ppm),PF4,Spot Price FOB,EER_EPD2DXL0_PF4_RGC_DPG,U.S. Gulf Coast Ultra-Low Sulfur No 2 Diesel Spot Price (Dollars per Gallon),3.676,$/GAL
2022-03-01,Y35NY,NEW YORK CITY,EPD2DXL0,No 2 Diesel Low Sulfur (0-15 ppm),PF4,Spot Price FOB,EER_EPD2DXL0_PF4_Y35NY_DPG,New York Harbor Ultra-Low Sulfur No 2 Diesel Spot Price (Dollars per Gallon),3.78,$/GAL
2022-03-01,Y35NY,NEW YORK CITY,EPD2F,No 2 Fuel Oil / Heating Oil,PF4,Spot Price FOB,EER_EPD2F_PF4_Y35NY_DPG,New York Harbor No. 2 Heating Oil Spot Price FOB (Dollars per Gallon),3.635,$/GAL
2022-03-01,RGC,NA,EPJK,Kerosene-Type Jet Fuel,PF4,Spot Price FOB,EER_EPJK_PF4_RGC_DPG,U.S. Gulf Coast Kerosene-Type Jet Fuel Spot Price FOB (Dollars per Gallon),3.495,$/GAL
2022-03-01,Y44MB,NA,EPLLPA,Propane,PF4,Spot Price FOB,EER_EPLLPA_PF4_Y44MB_DPG,"Mont Belvieu, TX Propane Spot Price FOB (Dollars per Gallon)",1.448,$/GAL
2022-03-01,Y05LA,LOS ANGELES,EPMRR,Reformulated Regular Gasoline,PF4,Spot Price FOB,EER_EPMRR_PF4_Y05LA_DPG,Los Angeles Reformulated RBOB Regular Gasoline Spot Price (Dollars per Gallon),3.784,$/GAL
2022-03-01,RGC,NA,EPMRU,Conventional Regular Gasoline,PF4,Spot Price FOB,EER_EPMRU_PF4_RGC_DPG,U.S. Gulf Coast Conventional Gasoline Regular Spot Price FOB (Dollars per Gallon),3.197,$/GAL
2022-03-01,Y35NY,NEW YORK CITY,EPMRU,Conventional Regular Gasoline,PF4,Spot Price FOB,EER_EPMRU_PF4_Y35NY_DPG,New York Harbor Conventional Gasoline Regular Spot Price FOB (Dollars per Gallon),3.184,$/GAL
2022-03-01,ZEU,NA,EPCBRENT,UK Brent Crude Oil,PF4,Spot Price FOB,RBRTE,Europe Brent Spot Price FOB (Dollars per Barrel),117.25,$/BBL
2022-03-01,YCUOK,NA,EPCWTI,WTI Crude Oil,PF4,Spot Price FOB,RWTC,"Cushing, OK WTI Spot Price FOB (Dollars per Barrel)",108.5,$/BBL
2022-04-01,Y05LA,LOS ANGELES,EPD2DC,Carb Diesel,PF4,Spot Price FOB,EER_EPD2DC_PF4_Y05LA_DPG,"Los Angeles, CA Ultra-Low Sulfur CARB Diesel Spot Price (Dollars per Gallon)",3.887,$/GAL
2022-04-01,RGC,NA,EPD2DXL0,No 2 Diesel Low Sulfur (0-15 ppm),PF4,Spot Price FOB,EER_EPD2DXL0_PF4_RGC_DPG,U.S. Gulf Coast Ultra-Low Sulfur No 2 Diesel Spot Price (Dollars per Gallon),3.953,$/GAL
2022-04-01,Y35NY,NEW YORK CITY,EPD2DXL0,No 2 Diesel Low Sulfur (0-15 ppm),PF4,Spot Price FOB,EER_EPD2DXL0_PF4_Y35NY_DPG,New York Harbor Ultra-Low Sulfur No 2 Diesel Spot Price (Dollars per Gallon),4.042,$/GAL
2022-04-01,Y35NY,NEW YORK CITY,EPD2F,No 2 Fuel Oil / Heating Oil,PF4,Spot Price FOB,EER_EPD2F_PF4_Y35NY_DPG,New York Harbor No. 2 Heating Oil Spot Price FOB (Dollars per Gallon),3.952,$/GAL
2022-04-01,RGC,NA,EPJK,Kerosene-Type Jet Fuel,PF4,Spot Price FOB,EER_EPJK_PF4_RGC_DPG,U.S. Gulf Coast Kerosene-Type Jet Fuel Spot Price FOB (Dollars per Gallon),3.914,$/GAL
2022-04-01,Y44MB,NA,EPLLPA,Propane,PF4,Spot Price FOB,EER_EPLLPA_PF4_Y44MB_DPG,"Mont Belvieu, TX Propane Spot Price FOB (Dollars per Gallon)",1.302,$/GAL
2022-04-01,Y05LA,LOS ANGELES,EPMRR,Reformulated Regular Gasoline,PF4,Spot Price FOB,EER_EPMRR_PF4_Y05LA_DPG,Los Angeles Reformulated RBOB Regular Gasoline Spot Price (Dollars per Gallon),3.408,$/GAL
2022-04-01,RGC,NA,EPMRU,Conventional Regular Gasoline,PF4,Spot Price FOB,EER_EPMRU_PF4_RGC_DPG,U.S. Gulf Coast Conventional Gasoline Regular Spot Price FOB (Dollars per Gallon),3.18,$/GAL
2022-04-01,Y35NY,NEW YORK CITY,EPMRU,Conventional Regular Gasoline,PF4,Spot Price FOB,EER_EPMRU_PF4_Y35NY_DPG,New York Harbor Conventional Gasoline Regular Spot Price FOB (Dollars per Gallon),3.193,$/GAL
2022-04-01,ZEU,NA,EPCBRENT,UK Brent Crude Oil,PF4,Spot Price FOB,RBRTE,Europe Brent Spot Price FOB (Dollars per Barrel),104.58,$/BBL
2022-04-01,YCUOK,NA,EPCWTI,WTI Crude Oil,PF4,Spot Price FOB,RWTC,"Cushing, OK WTI Spot Price FOB (Dollars per Barrel)",101.78,$/BBL
2022-05-01,Y05LA,LOS ANGELES,EPD2DC,Carb Diesel,PF4,Spot Price FOB,EER_EPD2DC_PF4_Y05LA_DPG,"Los Angeles, CA Ultra-Low Sulfur CARB Diesel Spot Price (Dollars per Gallon)",4.05,$/GAL
2022-05-01,RGC,NA,EPD2DXL0,No 2 Diesel Low Sulfur (0-15 ppm),PF4,Spot Price FOB,EER_EPD2DXL0_PF4_RGC_DPG,U.S. Gulf Coast Ultra-Low Sulfur No 2 Diesel Spot Price (Dollars per Gallon),3.934,$/GAL
2022-05-01,Y35NY,NEW YORK CITY,EPD2DXL0,No 2 Diesel Low Sulfur (0-15 ppm),PF4,Spot Price FOB,EER_EPD2DXL0_PF4_Y35NY_DPG,New York Harbor Ultra-Low Sulfur No 2 Diesel Spot Price (Dollars per Gallon),4.646,$/GAL
2022-05-01,Y35NY,NEW YORK CITY,EPD2F,No 2 Fuel Oil / Heating Oil,PF4,Spot Price FOB,EER_EPD2F_PF4_Y35NY_DPG,New York Harbor No. 2 Heating Oil Spot Price FOB (Dollars per Gallon),4.497,$/GAL
2022-05-01,RGC,NA,EPJK,Kerosene-Type Jet Fuel,PF4,Spot Price FOB,EER_EPJK_PF4_RGC_DPG,U.S. Gulf Coast Kerosene-Type Jet Fuel Spot Price FOB (Dollars per Gallon),3.902,$/GAL
2022-05-01,Y44MB,NA,EPLLPA,Propane,PF4,Spot Price FOB,EER_EPLLPA_PF4_Y44MB_DPG,"Mont Belvieu, TX Propane Spot Price FOB (Dollars per Gallon)",1.223,$/GAL
2022-05-01,Y05LA,LOS ANGELES,EPMRR,Reformulated Regular Gasoline,PF4,Spot Price FOB,EER_EPMRR_PF4_Y05LA_DPG,Los Angeles Reformulated RBOB Regular Gasoline Spot Price (Dollars per Gallon),4.034,$/GAL
2022-05-01,RGC,NA,EPMRU,Conventional Regular Gasoline,PF4,Spot Price FOB,EER_EPMRU_PF4_RGC_DPG,U.S. Gulf Coast Conventional Gasoline Regular Spot Price FOB (Dollars per Gallon),3.75,$/GAL
2022-05-01,Y35NY,NEW YORK CITY,EPMRU,Conventional Regular Gasoline,PF4,Spot Price FOB,EER_EPMRU_PF4_Y35NY_DPG,New York Harbor Conventional Gasoline Regular Spot Price FOB (Dollars per Gallon),3.828,$/GAL
2022-05-01,ZEU,NA,EPCBRENT,UK Brent Crude Oil,PF4,Spot Price FOB,RBRTE,Europe Brent Spot Price FOB (Dollars per Barrel),113.34,$/BBL
2022-05-01,YCUOK,NA,EPCWTI,WTI Crude Oil,PF4,Spot Price FOB,RWTC,"Cushing, OK WTI Spot Price FOB (Dollars per Barrel)",109.55,$/BBL
2022-06-01,Y05LA,LOS ANGELES,EPD2DC,Carb Diesel,PF4,Spot Price FOB,EER_EPD2DC_PF4_Y05LA_DPG,"Los Angeles, CA Ultra-Low Sulfur CARB Diesel Spot Price (Dollars per Gallon)",4.382,$/GAL
2022-06-01,RGC,NA,EPD2DXL0,No 2 Diesel Low Sulfur (0-15 ppm),PF4,Spot Price FOB,EER_EPD2DXL0_PF4_RGC_DPG,U.S. Gulf Coast Ultra-Low Sulfur No 2 Diesel Spot Price (Dollars per Gallon),4.286,$/GAL
2022-06-01,Y35NY,NEW YORK CITY,EPD2DXL0,No 2 Diesel Low Sulfur (0-15 ppm),PF4,Spot Price FOB,EER_EPD2DXL0_PF4_Y35NY_DPG,New York Harbor Ultra-Low Sulfur No 2 Diesel Spot Price (Dollars per Gallon),4.362,$/GAL
2022-06-01,Y35NY,NEW YORK CITY,EPD2F,No 2 Fuel Oil / Heating Oil,PF4,Spot Price FOB,EER_EPD2F_PF4_Y35NY_DPG,New York Harbor No. 2 Heating Oil Spot Price FOB (Dollars per Gallon),4.246,$/GAL
2022-06-01,RGC,NA,EPJK,Kerosene-Type Jet Fuel,PF4,Spot Price FOB,EER_EPJK_PF4_RGC_DPG,U.S. Gulf Coast Kerosene-Type Jet Fuel Spot Price FOB (Dollars per Gallon),4.12,$/GAL
2022-06-01,Y44MB,NA,EPLLPA,Propane,PF4,Spot Price FOB,EER_EPLLPA_PF4_Y44MB_DPG,"Mont Belvieu, TX Propane Spot Price FOB (Dollars per Gallon)",1.219,$/GAL
2022-06-01,Y05LA,LOS ANGELES,EPMRR,Reformulated Regular Gasoline,PF4,Spot Price FOB,EER_EPMRR_PF4_Y05LA_DPG,Los Angeles Reformulated RBOB Regular Gasoline Spot Price (Dollars per Gallon),4.27,$/GAL
2022-06-01,RGC,NA,EPMRU,Conventional Regular Gasoline,PF4,Spot Price FOB,EER_EPMRU_PF4_RGC_DPG,U.S. Gulf Coast Conventional Gasoline Regular Spot Price FOB (Dollars per Gallon),4.049,$/GAL
2022-06-01,Y35NY,NEW YORK CITY,EPMRU,Conventional Regular Gasoline,PF4,Spot Price FOB,EER_EPMRU_PF4_Y35NY_DPG,New York Harbor Conventional Gasoline Regular Spot Price FOB (Dollars per Gallon),4.082,$/GAL
2022-06-01,ZEU,NA,EPCBRENT,UK Brent Crude Oil,PF4,Spot Price FOB,RBRTE,Europe Brent Spot Price FOB (Dollars per Barrel),122.71,$/BBL
2022-06-01,YCUOK,NA,EPCWTI,WTI Crude Oil,PF4,Spot Price FOB,RWTC,"Cushing, OK WTI Spot Price FOB (Dollars per Barrel)",114.84,$/BBL
2022-07-01,Y05LA,LOS ANGELES,EPD2DC,Carb Diesel,PF4,Spot Price FOB,EER_EPD2DC_PF4_Y05LA_DPG,"Los Angeles, CA Ultra-Low Sulfur CARB Diesel Spot Price (Dollars per Gallon)",3.63,$/GAL
2022-07-01,RGC,NA,EPD2DXL0,No 2 Diesel Low Sulfur (0-15 ppm),PF4,Spot Price FOB,EER_EPD2DXL0_PF4_RGC_DPG,U.S. Gulf Coast Ultra-Low Sulfur No 2 Diesel Spot Price (Dollars per Gallon),3.629,$/GAL
2022-07-01,Y35NY,NEW YORK CITY,EPD2DXL0,No 2 Diesel Low Sulfur (0-15 ppm),PF4,Spot Price FOB,EER_EPD2DXL0_PF4_Y35NY_DPG,New York Harbor Ultra-Low Sulfur No 2 Diesel Spot Price (Dollars per Gallon),3.696,$/GAL
2022-07-01,Y35NY,NEW YORK CITY,EPD2F,No 2 Fuel Oil / Heating Oil,PF4,Spot Price FOB,EER_EPD2F_PF4_Y35NY_DPG,New York Harbor No. 2 Heating Oil Spot Price FOB (Dollars per Gallon),3.552,$/GAL
2022-07-01,RGC,NA,EPJK,Kerosene-Type Jet Fuel,PF4,Spot Price FOB,EER_EPJK_PF4_RGC_DPG,U.S. Gulf Coast Kerosene-Type Jet Fuel Spot Price FOB (Dollars per Gallon),3.478,$/GAL
2022-07-01,Y44MB,NA,EPLLPA,Propane,PF4,Spot Price FOB,EER_EPLLPA_PF4_Y44MB_DPG,"Mont Belvieu, TX Propane Spot Price FOB (Dollars per Gallon)",1.142,$/GAL
2022-07-01,Y05LA,LOS ANGELES,EPMRR,Reformulated Regular Gasoline,PF4,Spot Price FOB,EER_EPMRR_PF4_Y05LA_DPG,Los Angeles Reformulated RBOB Regular Gasoline Spot Price (Dollars per Gallon),3.33,$/GAL
2022-07-01,RGC,NA,EPMRU,Conventional Regular Gasoline,PF4,Spot Price FOB,EER_EPMRU_PF4_RGC_DPG,U.S. Gulf Coast Conventional Gasoline Regular Spot Price FOB (Dollars per Gallon),3.283,$/GAL
2022-07-01,Y35NY,NEW YORK CITY,EPMRU,Conventional Regular Gasoline,PF4,Spot Price FOB,EER_EPMRU_PF4_Y35NY_DPG,New York Harbor Conventional Gasoline Regular Spot Price FOB (Dollars per Gallon),3.484,$/GAL
2022-07-01,ZEU,NA,EPCBRENT,UK Brent Crude Oil,PF4,Spot Price FOB,RBRTE,Europe Brent Spot Price FOB (Dollars per Barrel),111.93,$/BBL
2022-07-01,YCUOK,NA,EPCWTI,WTI Crude Oil,PF4,Spot Price FOB,RWTC,"Cushing, OK WTI Spot Price FOB (Dollars per Barrel)",101.62,$/BBL
2022-08-01,Y05LA,LOS ANGELES,EPD2DC,Carb Diesel,PF4,Spot Price FOB,EER_EPD2DC_PF4_Y05LA_DPG,"Los Angeles, CA Ultra-Low Sulfur CARB Diesel Spot Price (Dollars per Gallon)",3.512,$/GAL
2022-08-01,RGC,NA,EPD2DXL0,No 2 Diesel Low Sulfur (0-15 ppm),PF4,Spot Price FOB,EER_EPD2DXL0_PF4_RGC_DPG,U.S. Gulf Coast Ultra-Low Sulfur No 2 Diesel Spot Price (Dollars per Gallon),3.535,$/GAL
2022-08-01,Y35NY,NEW YORK CITY,EPD2DXL0,No 2 Diesel Low Sulfur (0-15 ppm),PF4,Spot Price FOB,EER_EPD2DXL0_PF4_Y35NY_DPG,New York Harbor Ultra-Low Sulfur No 2 Diesel Spot Price (Dollars per Gallon),3.596,$/GAL
2022-08-01,Y35NY,NEW YORK CITY,EPD2F,No 2 Fuel Oil / Heating Oil,PF4,Spot Price FOB,EER_EPD2F_PF4_Y35NY_DPG,New York Harbor No. 2 Heating Oil Spot Price FOB (Dollars per Gallon),3.437,$/GAL
2022-08-01,RGC,NA,EPJK,Kerosene-Type Jet Fuel,PF4,Spot Price FOB,EER_EPJK_PF4_RGC_DPG,U.S. Gulf Coast Kerosene-Type Jet Fuel Spot Price FOB (Dollars per Gallon),3.339,$/GAL
2022-08-01,Y44MB,NA,EPLLPA,Propane,PF4,Spot Price FOB,EER_EPLLPA_PF4_Y44MB_DPG,"Mont Belvieu, TX Propane Spot Price FOB (Dollars per Gallon)",1.093,$/GAL
2022-08-01,Y05LA,LOS ANGELES,EPMRR,Reformulated Regular Gasoline,PF4,Spot Price FOB,EER_EPMRR_PF4_Y05LA_DPG,Los Angeles Reformulated RBOB Regular Gasoline Spot Price (Dollars per Gallon),3.123,$/GAL
2022-08-01,RGC,NA,EPMRU,Conventional Regular Gasoline,PF4,Spot Price FOB,EER_EPMRU_PF4_RGC_DPG,U.S. Gulf Coast Conventional Gasoline Regular Spot Price FOB (Dollars per Gallon),2.793,$/GAL
2022-08-01,Y35NY,NEW YORK CITY,EPMRU,Conventional Regular Gasoline,PF4,Spot Price FOB,EER_EPMRU_PF4_Y35NY_DPG,New York Harbor Conventional Gasoline Regular Spot Price FOB (Dollars per Gallon),3.027,$/GAL
2022-08-01,ZEU,NA,EPCBRENT,UK Brent Crude Oil,PF4,Spot Price FOB,RBRTE,Europe Brent Spot Price FOB (Dollars per Barrel),100.45,$/BBL
2022-08-01,YCUOK,NA,EPCWTI,WTI Crude Oil,PF4,Spot Price FOB,RWTC,"Cushing, OK WTI Spot Price FOB (Dollars per Barrel)",93.67,$/BBL
2022-09-01,Y05LA,LOS ANGELES,EPD2DC,Carb Diesel,PF4,Spot Price FOB,EER_EPD2DC_PF4_Y05LA_DPG,"Los Angeles, CA Ultra-Low Sulfur CARB Diesel Spot Price (Dollars per Gallon)",3.531,$/GAL
2022-09-01,RGC,NA,EPD2DXL0,No 2 Diesel Low Sulfur (0-15 ppm),PF4,Spot Price FOB,EER_EPD2DXL0_PF4_RGC_DPG,U.S. Gulf Coast Ultra-Low Sulfur No 2 Diesel Spot Price (Dollars per Gallon),3.357,$/GAL
2022-09-01,Y35NY,NEW YORK CITY,EPD2DXL0,No 2 Diesel Low Sulfur (0-15 ppm),PF4,Spot Price FOB,EER_EPD2DXL0_PF4_Y35NY_DPG,New York Harbor Ultra-Low Sulfur No 2 Diesel Spot Price (Dollars per Gallon),3.435,$/GAL
2022-09-01,Y35NY,NEW YORK CITY,EPD2F,No 2 Fuel Oil / Heating Oil,PF4,Spot Price FOB,EER_EPD2F_PF4_Y35NY_DPG,New York Harbor No. 2 Heating Oil Spot Price FOB (Dollars per Gallon),3.257,$/GAL
2022-09-01,RGC,NA,EPJK,Kerosene-Type Jet Fuel,PF4,Spot Price FOB,EER_EPJK_PF4_RGC_DPG,U.S. Gulf Coast Kerosene-Type Jet Fuel Spot Price FOB (Dollars per Gallon),3.262,$/GAL
2022-09-01,Y44MB,NA,EPLLPA,Propane,PF4,Spot Price FOB,EER_EPLLPA_PF4_Y44MB_DPG,"Mont Belvieu, TX Propane Spot Price FOB (Dollars per Gallon)",0.991,$/GAL
2022-09-01,Y05LA,LOS ANGELES,EPMRR,Reformulated Regular Gasoline,PF4,Spot Price FOB,EER_EPMRR_PF4_Y05LA_DPG,Los Angeles Reformulated RBOB Regular Gasoline Spot Price (Dollars per Gallon),3.884,$/GAL
2022-09-01,RGC,NA,EPMRU,Conventional Regular Gasoline,PF4,Spot Price FOB,EER_EPMRU_PF4_RGC_DPG,U.S. Gulf Coast Conventional Gasoline Regular Spot Price FOB (Dollars per Gallon),2.578,$/GAL
2022-09-01,Y35NY,NEW YORK CITY,EPMRU,Conventional Regular Gasoline,PF4,Spot Price FOB,EER_EPMRU_PF4_Y35NY_DPG,New York Harbor Conventional Gasoline Regular Spot Price FOB (Dollars per Gallon),2.642,$/GAL
2022-09-01,ZEU,NA,EPCBRENT,UK Brent Crude Oil,PF4,Spot Price FOB,RBRTE,Europe Brent Spot Price FOB (Dollars per Barrel),89.76,$/BBL
2022-09-01,YCUOK,NA,EPCWTI,WTI Crude Oil,PF4,Spot Price FOB,RWTC,"Cushing, OK WTI Spot Price FOB (Dollars per Barrel)",84.26,$/BBL
2022-10-01,Y05LA,LOS ANGELES,EPD2DC,Carb Diesel,PF4,Spot Price FOB,EER_EPD2DC_PF4_Y05LA_DPG,"Los Angeles, CA Ultra-Low Sulfur CARB Diesel Spot Price (Dollars per Gallon)",3.858,$/GAL
2022-10-01,RGC,NA,EPD2DXL0,No 2 Diesel Low Sulfur (0-15 ppm),PF4,Spot Price FOB,EER_EPD2DXL0_PF4_RGC_DPG,U.S. Gulf Coast Ultra-Low Sulfur No 2 Diesel Spot Price (Dollars per Gallon),3.963,$/GAL
2022-10-01,Y35NY,NEW YORK CITY,EPD2DXL0,No 2 Diesel Low Sulfur (0-15 ppm),PF4,Spot Price FOB,EER_EPD2DXL0_PF4_Y35NY_DPG,New York Harbor Ultra-Low Sulfur No 2 Diesel Spot Price (Dollars per Gallon),4.345,$/GAL
2022-10-01,Y35NY,NEW YORK CITY,EPD2F,No 2 Fuel Oil / Heating Oil,PF4,Spot Price FOB,EER_EPD2F_PF4_Y35NY_DPG,New York Harbor No. 2 Heating Oil Spot Price FOB (Dollars per Gallon),4.163,$/GAL
2022-10-01,RGC,NA,EPJK,Kerosene-Type Jet Fuel,PF4,Spot Price FOB,EER_EPJK_PF4_RGC_DPG,U.S. Gulf Coast Kerosene-Type Jet Fuel Spot Price FOB (Dollars per Gallon),3.715,$/GAL
2022-10-01,Y44MB,NA,EPLLPA,Propane,PF4,Spot Price FOB,EER_EPLLPA_PF4_Y44MB_DPG,"Mont Belvieu, TX Propane Spot Price FOB (Dollars per Gallon)",0.859,$/GAL
2022-10-01,Y05LA,LOS ANGELES,EPMRR,Reformulated Regular Gasoline,PF4,Spot Price FOB,EER_EPMRR_PF4_Y05LA_DPG,Los Angeles Reformulated RBOB Regular Gasoline Spot Price (Dollars per Gallon),3.227,$/GAL
2022-10-01,RGC,NA,EPMRU,Conventional Regular Gasoline,PF4,Spot Price FOB,EER_EPMRU_PF4_RGC_DPG,U.S. Gulf Coast Conventional Gasoline Regular Spot Price FOB (Dollars per Gallon),2.837,$/GAL
2022-10-01,Y35NY,NEW YORK CITY,EPMRU,Conventional Regular Gasoline,PF4,Spot Price FOB,EER_EPMRU_PF4_Y35NY_DPG,New York Harbor Conventional Gasoline Regular Spot Price FOB (Dollars per Gallon),3.013,$/GAL
2022-10-01,ZEU,NA,EPCBRENT,UK Brent Crude Oil,PF4,Spot Price FOB,RBRTE,Europe Brent Spot Price FOB (Dollars per Barrel),93.33,$/BBL
2022-10-01,YCUOK,NA,EPCWTI,WTI Crude Oil,PF4,Spot Price FOB,RWTC,"Cushing, OK WTI Spot Price FOB (Dollars per Barrel)",87.55,$/BBL
2022-11-01,Y05LA,LOS ANGELES,EPD2DC,Carb Diesel,PF4,Spot Price FOB,EER_EPD2DC_PF4_Y05LA_DPG,"Los Angeles, CA Ultra-Low Sulfur CARB Diesel Spot Price (Dollars per Gallon)",3.348,$/GAL
2022-11-01,RGC,NA,EPD2DXL0,No 2 Diesel Low Sulfur (0-15 ppm),PF4,Spot Price FOB,EER_EPD2DXL0_PF4_RGC_DPG,U.S. Gulf Coast Ultra-Low Sulfur No 2 Diesel Spot Price (Dollars per Gallon),3.344,$/GAL
2022-11-01,Y35NY,NEW YORK CITY,EPD2DXL0,No 2 Diesel Low Sulfur (0-15 ppm),PF4,Spot Price FOB,EER_EPD2DXL0_PF4_Y35NY_DPG,New York Harbor Ultra-Low Sulfur No 2 Diesel Spot Price (Dollars per Gallon),4.063,$/GAL
2022-11-01,Y35NY,NEW YORK CITY,EPD2F,No 2 Fuel Oil / Heating Oil,PF4,Spot Price FOB,EER_EPD2F_PF4_Y35NY_DPG,New York Harbor No. 2 Heating Oil Spot Price FOB (Dollars per Gallon),3.821,$/GAL
2022-11-01,RGC,NA,EPJK,Kerosene-Type Jet Fuel,PF4,Spot Price FOB,EER_EPJK_PF4_RGC_DPG,U.S. Gulf Coast Kerosene-Type Jet Fuel Spot Price FOB (Dollars per Gallon),3.16,$/GAL
2022-11-01,Y44MB,NA,EPLLPA,Propane,PF4,Spot Price FOB,EER_EPLLPA_PF4_Y44MB_DPG,"Mont Belvieu, TX Propane Spot Price FOB (Dollars per Gallon)",0.852,$/GAL
2022-11-01,Y05LA,LOS ANGELES,EPMRR,Reformulated Regular Gasoline,PF4,Spot Price FOB,EER_EPMRR_PF4_Y05LA_DPG,Los Angeles Reformulated RBOB Regular Gasoline Spot Price (Dollars per Gallon),2.854,$/GAL
2022-11-01,RGC,NA,EPMRU,Conventional Regular Gasoline,PF4,Spot Price FOB,EER_EPMRU_PF4_RGC_DPG,U.S. Gulf Coast Conventional Gasoline Regular Spot Price FOB (Dollars per Gallon),2.456,$/GAL
2022-11-01,Y35NY,NEW YORK CITY,EPMRU,Conventional Regular Gasoline,PF4,Spot Price FOB,EER_EPMRU_PF4_Y35NY_DPG,New York Harbor Conventional Gasoline Regular Spot Price FOB (Dollars per Gallon),2.852,$/GAL
2022-11-01,ZEU,NA,EPCBRENT,UK Brent Crude Oil,PF4,Spot Price FOB,RBRTE,Europe Brent Spot Price FOB (Dollars per Barrel),91.42,$/BBL
2022-11-01,YCUOK,NA,EPCWTI,WTI Crude Oil,PF4,Spot Price FOB,RWTC,"Cushing, OK WTI Spot Price FOB (Dollars per Barrel)",84.37,$/BBL
2022-12-01,Y05LA,LOS ANGELES,EPD2DC,Carb Diesel,PF4,Spot Price FOB,EER_EPD2DC_PF4_Y05LA_DPG,"Los Angeles, CA Ultra-Low Sulfur CARB Diesel Spot Price (Dollars per Gallon)",2.942,$/GAL
2022-12-01,RGC,NA,EPD2DXL0,No 2 Diesel Low Sulfur (0-15 ppm),PF4,Spot Price FOB,EER_EPD2DXL0_PF4_RGC_DPG,U.S. Gulf Coast Ultra-Low Sulfur No 2 Diesel Spot Price (Dollars per Gallon),2.975,$/GAL
2022-12-01,Y35NY,NEW YORK CITY,EPD2DXL0,No 2 Diesel Low Sulfur (0-15 ppm),PF4,Spot Price FOB,EER_EPD2DXL0_PF4_Y35NY_DPG,New York Harbor Ultra-Low Sulfur No 2 Diesel Spot Price (Dollars per Gallon),3.117,$/GAL
2022-12-01,Y35NY,NEW YORK CITY,EPD2F,No 2 Fuel Oil / Heating Oil,PF4,Spot Price FOB,EER_EPD2F_PF4_Y35NY_DPG,New York Harbor No. 2 Heating Oil Spot Price FOB (Dollars per Gallon),2.937,$/GAL
2022-12-01,RGC,NA,EPJK,Kerosene-Type Jet Fuel,PF4,Spot Price FOB,EER_EPJK_PF4_RGC_DPG,U.S. Gulf Coast Kerosene-Type Jet Fuel Spot Price FOB (Dollars per Gallon),2.897,$/GAL
2022-12-01,Y44MB,NA,EPLLPA,Propane,PF4,Spot Price FOB,EER_EPLLPA_PF4_Y44MB_DPG,"Mont Belvieu, TX Propane Spot Price FOB (Dollars per Gallon)",0.692,$/GAL
2022-12-01,Y05LA,LOS ANGELES,EPMRR,Reformulated Regular Gasoline,PF4,Spot Price FOB,EER_EPMRR_PF4_Y05LA_DPG,Los Angeles Reformulated RBOB Regular Gasoline Spot Price (Dollars per Gallon),2.249,$/GAL
2022-12-01,RGC,NA,EPMRU,Conventional Regular Gasoline,PF4,Spot Price FOB,EER_EPMRU_PF4_RGC_DPG,U.S. Gulf Coast Conventional Gasoline Regular Spot Price FOB (Dollars per Gallon),2.157,$/GAL
2022-12-01,Y35NY,NEW YORK CITY,EPMRU,Conventional Regular Gasoline,PF4,Spot Price FOB,EER_EPMRU_PF4_Y35NY_DPG,New York Harbor Conventional Gasoline Regular Spot Price FOB (Dollars per Gallon),2.366,$/GAL
2022-12-01,ZEU,NA,EPCBRENT,UK Brent Crude Oil,PF4,Spot Price FOB,RBRTE,Europe Brent Spot Price FOB (Dollars per Barrel),80.92,$/BBL
2022-12-01,YCUOK,NA,EPCWTI,WTI Crude Oil,PF4,Spot Price FOB,RWTC,"Cushing, OK WTI Spot Price FOB (Dollars per Barrel)",76.44,$/BBL
2023-01-01,Y05LA,LOS ANGELES,EPD2DC,Carb Diesel,PF4,Spot Price FOB,EER_EPD2DC_PF4_Y05LA_DPG,"Los Angeles, CA Ultra-Low Sulfur CARB Diesel Spot Price (Dollars per Gallon)",3.184,$/GAL
2023-01-01,RGC,NA,EPD2DXL0,No 2 Diesel Low Sulfur (0-15 ppm),PF4,Spot Price FOB,EER_EPD2DXL0_PF4_RGC_DPG,U.S. Gulf Coast Ultra-Low Sulfur No 2 Diesel Spot Price (Dollars per Gallon),3.207,$/GAL
2023-01-01,Y35NY,NEW YORK CITY,EPD2DXL0,No 2 Diesel Low Sulfur (0-15 ppm),PF4,Spot Price FOB,EER_EPD2DXL0_PF4_Y35NY_DPG,New York Harbor Ultra-Low Sulfur No 2 Diesel Spot Price (Dollars per Gallon),3.267,$/GAL
2023-01-01,Y35NY,NEW YORK CITY,EPD2F,No 2 Fuel Oil / Heating Oil,PF4,Spot Price FOB,EER_EPD2F_PF4_Y35NY_DPG,New York Harbor No. 2 Heating Oil Spot Price FOB (Dollars per Gallon),3.085,$/GAL
2023-01-01,RGC,NA,EPJK,Kerosene-Type Jet Fuel,PF4,Spot Price FOB,EER_EPJK_PF4_RGC_DPG,U.S. Gulf Coast Kerosene-Type Jet Fuel Spot Price FOB (Dollars per Gallon),3.542,$/GAL
2023-01-01,Y44MB,NA,EPLLPA,Propane,PF4,Spot Price FOB,EER_EPLLPA_PF4_Y44MB_DPG,"Mont Belvieu, TX Propane Spot Price FOB (Dollars per Gallon)",0.842,$/GAL
2023-01-01,Y05LA,LOS ANGELES,EPMRR,Reformulated Regular Gasoline,PF4,Spot Price FOB,EER_EPMRR_PF4_Y05LA_DPG,Los Angeles Reformulated RBOB Regular Gasoline Spot Price (Dollars per Gallon),2.571,$/GAL
2023-01-01,RGC,NA,EPMRU,Conventional Regular Gasoline,PF4,Spot Price FOB,EER_EPMRU_PF4_RGC_DPG,U.S. Gulf Coast Conventional Gasoline Regular Spot Price FOB (Dollars per Gallon),2.534,$/GAL
2023-01-01,Y35NY,NEW YORK CITY,EPMRU,Conventional Regular Gasoline,PF4,Spot Price FOB,EER_EPMRU_PF4_Y35NY_DPG,New York Harbor Conventional Gasoline Regular Spot Price FOB (Dollars per Gallon),2.593,$/GAL
2023-01-01,ZEU,NA,EPCBRENT,UK Brent Crude Oil,PF4,Spot Price FOB,RBRTE,Europe Brent Spot Price FOB (Dollars per Barrel),82.5,$/BBL
2023-01-01,YCUOK,NA,EPCWTI,WTI Crude Oil,PF4,Spot Price FOB,RWTC,"Cushing, OK WTI Spot Price FOB (Dollars per Barrel)",78.12,$/BBL
2023-02-01,Y05LA,LOS ANGELES,EPD2DC,Carb Diesel,PF4,Spot Price FOB,EER_EPD2DC_PF4_Y05LA_DPG,"Los Angeles, CA Ultra-Low Sulfur CARB Diesel Spot Price (Dollars per Gallon)",2.942,$/GAL
2023-02-01,RGC,NA,EPD2DXL0,No 2 Diesel Low Sulfur (0-15 ppm),PF4,Spot Price FOB,EER_EPD2DXL0_PF4_RGC_DPG,U.S. Gulf Coast Ultra-Low Sulfur No 2 Diesel Spot Price (Dollars per Gallon),2.771,$/GAL
2023-02-01,Y35NY,NEW YORK CITY,EPD2DXL0,No 2 Diesel Low Sulfur (0-15 ppm),PF4,Spot Price FOB,EER_EPD2DXL0_PF4_Y35NY_DPG,New York Harbor Ultra-Low Sulfur No 2 Diesel Spot Price (Dollars per Gallon),2.832,$/GAL
2023-02-01,Y35NY,NEW YORK CITY,EPD2F,No 2 Fuel Oil / Heating Oil,PF4,Spot Price FOB,EER_EPD2F_PF4_Y35NY_DPG,New York Harbor No. 2 Heating Oil Spot Price FOB (Dollars per Gallon),2.645,$/GAL
2023-02-01,RGC,NA,EPJK,Kerosene-Type Jet Fuel,PF4,Spot Price FOB,EER_EPJK_PF4_RGC_DPG,U.S. Gulf Coast Kerosene-Type Jet Fuel Spot Price FOB (Dollars per Gallon),2.79,$/GAL
2023-02-01,Y44MB,NA,EPLLPA,Propane,PF4,Spot Price FOB,EER_EPLLPA_PF4_Y44MB_DPG,"Mont Belvieu, TX Propane Spot Price FOB (Dollars per Gallon)",0.828,$/GAL
2023-02-01,Y05LA,LOS ANGELES,EPMRR,Reformulated Regular Gasoline,PF4,Spot Price FOB,EER_EPMRR_PF4_Y05LA_DPG,Los Angeles Reformulated RBOB Regular Gasoline Spot Price (Dollars per Gallon),2.907,$/GAL
2023-02-01,RGC,NA,EPMRU,Conventional Regular Gasoline,PF4,Spot Price FOB,EER_EPMRU_PF4_RGC_DPG,U.S. Gulf Coast Conventional Gasoline Regular Spot Price FOB (Dollars per Gallon),2.416,$/GAL
2023-02-01,Y35NY,NEW YORK CITY,EPMRU,Conventional Regular Gasoline,PF4,Spot Price FOB,EER_EPMRU_PF4_Y35NY_DPG,New York Harbor Conventional Gasoline Regular Spot Price FOB (Dollars per Gallon),2.532,$/GAL
2023-02-01,ZEU,NA,EPCBRENT,UK Brent Crude Oil,PF4,Spot Price FOB,RBRTE,Europe Brent Spot Price FOB (Dollars per Barrel),82.59,$/BBL
2023-02-01,YCUOK,NA,EPCWTI,WTI Crude Oil,PF4,Spot Price FOB,RWTC,"Cushing, OK WTI Spot Price FOB (Dollars per Barrel)",76.83,$/BBL
2023-03-01,Y05LA,LOS ANGELES,EPD2DC,Carb Diesel,PF4,Spot Price FOB,EER_EPD2DC_PF4_Y05LA_DPG,"Los Angeles, CA Ultra-Low Sulfur CARB Diesel Spot Price (Dollars per Gallon)",2.643,$/GAL
2023-03-01,RGC,NA,EPD2DXL0,No 2 Diesel Low Sulfur (0-15 ppm),PF4,Spot Price FOB,EER_EPD2DXL0_PF4_RGC_DPG,U.S. Gulf Coast Ultra-Low Sulfur No 2 Diesel Spot Price (Dollars per Gallon),2.69,$/GAL
2023-03-01,Y35NY,NEW YORK CITY,EPD2DXL0,No 2 Diesel Low Sulfur (0-15 ppm),PF4,Spot Price FOB,EER_EPD2DXL0_PF4_Y35NY_DPG,New York Harbor Ultra-Low Sulfur No 2 Diesel Spot Price (Dollars per Gallon),2.747,$/GAL
2023-03-01,Y35NY,NEW YORK CITY,EPD2F,No 2 Fuel Oil / Heating Oil,PF4,Spot Price FOB,EER_EPD2F_PF4_Y35NY_DPG,New York Harbor No. 2 Heating Oil Spot Price FOB (Dollars per Gallon),2.571,$/GAL
2023-03-01,RGC,NA,EPJK,Kerosene-Type Jet Fuel,PF4,Spot Price FOB,EER_EPJK_PF4_RGC_DPG,U.S. Gulf Coast Kerosene-Type Jet Fuel Spot Price FOB (Dollars per Gallon),2.679,$/GAL
2023-03-01,Y44MB,NA,EPLLPA,Propane,PF4,Spot Price FOB,EER_EPLLPA_PF4_Y44MB_DPG,"Mont Belvieu, TX Propane Spot Price FOB (Dollars per Gallon)",0.794,$/GAL
2023-03-01,Y05LA,LOS ANGELES,EPMRR,Reformulated Regular Gasoline,PF4,Spot Price FOB,EER_EPMRR_PF4_Y05LA_DPG,Los Angeles Reformulated RBOB Regular Gasoline Spot Price (Dollars per Gallon),2.756,$/GAL
2023-03-01,RGC,NA,EPMRU,Conventional Regular Gasoline,PF4,Spot Price FOB,EER_EPMRU_PF4_RGC_DPG,U.S. Gulf Coast Conventional Gasoline Regular Spot Price FOB (Dollars per Gallon),2.536,$/GAL
2023-03-01,Y35NY,NEW YORK CITY,EPMRU,Conventional Regular Gasoline,PF4,Spot Price FOB,EER_EPMRU_PF4_Y35NY_DPG,New York Harbor Conventional Gasoline Regular Spot Price FOB (Dollars per Gallon),2.515,$/GAL
2023-03-01,ZEU,NA,EPCBRENT,UK Brent Crude Oil,PF4,Spot Price FOB,RBRTE,Europe Brent Spot Price FOB (Dollars per Barrel),78.43,$/BBL
2023-03-01,YCUOK,NA,EPCWTI,WTI Crude Oil,PF4,Spot Price FOB,RWTC,"Cushing, OK WTI Spot Price FOB (Dollars per Barrel)",73.28,$/BBL
2023-04-01,Y05LA,LOS ANGELES,EPD2DC,Carb Diesel,PF4,Spot Price FOB,EER_EPD2DC_PF4_Y05LA_DPG,"Los Angeles, CA Ultra-Low Sulfur CARB Diesel Spot Price (Dollars per Gallon)",2.418,$/GAL
2023-04-01,RGC,NA,EPD2DXL0,No 2 Diesel Low Sulfur (0-15 ppm),PF4,Spot Price FOB,EER_EPD2DXL0_PF4_RGC_DPG,U.S. Gulf Coast Ultra-Low Sulfur No 2 Diesel Spot Price (Dollars per Gallon),2.518,$/GAL
2023-04-01,Y35NY,NEW YORK CITY,EPD2DXL0,No 2 Diesel Low Sulfur (0-15 ppm),PF4,Spot Price FOB,EER_EPD2DXL0_PF4_Y35NY_DPG,New York Harbor Ultra-Low Sulfur No 2 Diesel Spot Price (Dollars per Gallon),2.593,$/GAL
2023-04-01,Y35NY,NEW YORK CITY,EPD2F,No 2 Fuel Oil / Heating Oil,PF4,Spot Price FOB,EER_EPD2F_PF4_Y35NY_DPG,New York Harbor No. 2 Heating Oil Spot Price FOB (Dollars per Gallon),2.424,$/GAL
2023-04-01,RGC,NA,EPJK,Kerosene-Type Jet Fuel,PF4,Spot Price FOB,EER_EPJK_PF4_RGC_DPG,U.S. Gulf Coast Kerosene-Type Jet Fuel Spot Price FOB (Dollars per Gallon),2.374,$/GAL
2023-04-01,Y44MB,NA,EPLLPA,Propane,PF4,Spot Price FOB,EER_EPLLPA_PF4_Y44MB_DPG,"Mont Belvieu, TX Propane Spot Price FOB (Dollars per Gallon)",0.811,$/GAL
2023-04-01,Y05LA,LOS ANGELES,EPMRR,Reformulated Regular Gasoline,PF4,Spot Price FOB,EER_EPMRR_PF4_Y05LA_DPG,Los Angeles Reformulated RBOB Regular Gasoline Spot Price (Dollars per Gallon),2.799,$/GAL
2023-04-01,RGC,NA,EPMRU,Conventional Regular Gasoline,PF4,Spot Price FOB,EER_EPMRU_PF4_RGC_DPG,U.S. Gulf Coast Conventional Gasoline Regular Spot Price FOB (Dollars per Gallon),2.616,$/GAL
2023-04-01,Y35NY,NEW YORK CITY,EPMRU,Conventional Regular Gasoline,PF4,Spot Price FOB,EER_EPMRU_PF4_Y35NY_DPG,New York Harbor Conventional Gasoline Regular Spot Price FOB (Dollars per Gallon),2.765,$/GAL
2023-04-01,ZEU,NA,EPCBRENT,UK Brent Crude Oil,PF4,Spot Price FOB,RBRTE,Europe Brent Spot Price FOB (Dollars per Barrel),84.64,$/BBL
2023-04-01,YCUOK,NA,EPCWTI,WTI Crude Oil,PF4,Spot Price FOB,RWTC,"Cushing, OK WTI Spot Price FOB (Dollars per Barrel)",79.45,$/BBL
2023-05-01,Y05LA,LOS ANGELES,EPD2DC,Carb Diesel,PF4,Spot Price FOB,EER_EPD2DC_PF4_Y05LA_DPG,"Los Angeles, CA Ultra-Low Sulfur CARB Diesel Spot Price (Dollars per Gallon)",2.386,$/GAL
2023-05-01,RGC,NA,EPD2DXL0,No 2 Diesel Low Sulfur (0-15 ppm),PF4,Spot Price FOB,EER_EPD2DXL0_PF4_RGC_DPG,U.S. Gulf Coast Ultra-Low Sulfur No 2 Diesel Spot Price (Dollars per Gallon),2.302,$/GAL
2023-05-01,Y35NY,NEW YORK CITY,EPD2DXL0,No 2 Diesel Low Sulfur (0-15 ppm),PF4,Spot Price FOB,EER_EPD2DXL0_PF4_Y35NY_DPG,New York Harbor Ultra-Low Sulfur No 2 Diesel Spot Price (Dollars per Gallon),2.346,$/GAL
2023-05-01,Y35NY,NEW YORK CITY,EPD2F,No 2 Fuel Oil / Heating Oil,PF4,Spot Price FOB,EER_EPD2F_PF4_Y35NY_DPG,New York Harbor No. 2 Heating Oil Spot Price FOB (Dollars per Gallon),2.181,$/GAL
2023-05-01,RGC,NA,EPJK,Kerosene-Type Jet Fuel,PF4,Spot Price FOB,EER_EPJK_PF4_RGC_DPG,U.S. Gulf Coast Kerosene-Type Jet Fuel Spot Price FOB (Dollars per Gallon),2.173,$/GAL
2023-05-01,Y44MB,NA,EPLLPA,Propane,PF4,Spot Price FOB,EER_EPLLPA_PF4_Y44MB_DPG,"Mont Belvieu, TX Propane Spot Price FOB (Dollars per Gallon)",0.666,$/GAL
2023-05-01,Y05LA,LOS ANGELES,EPMRR,Reformulated Regular Gasoline,PF4,Spot Price FOB,EER_EPMRR_PF4_Y05LA_DPG,Los Angeles Reformulated RBOB Regular Gasoline Spot Price (Dollars per Gallon),2.672,$/GAL
2023-05-01,RGC,NA,EPMRU,Conventional Regular Gasoline,PF4,Spot Price FOB,EER_EPMRU_PF4_RGC_DPG,U.S. Gulf Coast Conventional Gasoline Regular Spot Price FOB (Dollars per Gallon),2.447,$/GAL
2023-05-01,Y35NY,NEW YORK CITY,EPMRU,Conventional Regular Gasoline,PF4,Spot Price FOB,EER_EPMRU_PF4_Y35NY_DPG,New York Harbor Conventional Gasoline Regular Spot Price FOB (Dollars per Gallon),2.57,$/GAL
2023-05-01,ZEU,NA,EPCBRENT,UK Brent Crude Oil,PF4,Spot Price FOB,RBRTE,Europe Brent Spot Price FOB (Dollars per Barrel),75.47,$/BBL
2023-05-01,YCUOK,NA,EPCWTI,WTI Crude Oil,PF4,Spot Price FOB,RWTC,"Cushing, OK WTI Spot Price FOB (Dollars per Barrel)",71.58,$/BBL
2023-06-01,Y05LA,LOS ANGELES,EPD2DC,Carb Diesel,PF4,Spot Price FOB,EER_EPD2DC_PF4_Y05LA_DPG,"Los Angeles, CA Ultra-Low Sulfur CARB Diesel Spot Price (Dollars per Gallon)",2.415,$/GAL
2023-06-01,RGC,NA,EPD2DXL0,No 2 Diesel Low Sulfur (0-15 ppm),PF4,Spot Price FOB,EER_EPD2DXL0_PF4_RGC_DPG,U.S. Gulf Coast Ultra-Low Sulfur No 2 Diesel Spot Price (Dollars per Gallon),2.351,$/GAL
2023-06-01,Y35NY,NEW YORK CITY,EPD2DXL0,No 2 Diesel Low Sulfur (0-15 ppm),PF4,Spot Price FOB,EER_EPD2DXL0_PF4_Y35NY_DPG,New York Harbor Ultra-Low Sulfur No 2 Diesel Spot Price (Dollars per Gallon),2.432,$/GAL
2023-06-01,Y35NY,NEW YORK CITY,EPD2F,No 2 Fuel Oil / Heating Oil,PF4,Spot Price FOB,EER_EPD2F_PF4_Y35NY_DPG,New York Harbor No. 2 Heating Oil Spot Price FOB (Dollars per Gallon),2.278,$/GAL
2023-06-01,RGC,NA,EPJK,Kerosene-Type Jet Fuel,PF4,Spot Price FOB,EER_EPJK_PF4_RGC_DPG,U.S. Gulf Coast Kerosene-Type Jet Fuel Spot Price FOB (Dollars per Gallon),2.25,$/GAL
2023-06-01,Y44MB,NA,EPLLPA,Propane,PF4,Spot Price FOB,EER_EPLLPA_PF4_Y44MB_DPG,"Mont Belvieu, TX Propane Spot Price FOB (Dollars per Gallon)",0.574,$/GAL
2023-06-01,Y05LA,LOS ANGELES,EPMRR,Reformulated Regular Gasoline,PF4,Spot Price FOB,EER_EPMRR_PF4_Y05LA_DPG,Los Angeles Reformulated RBOB Regular Gasoline Spot Price (Dollars per Gallon),2.802,$/GAL
2023-06-01,RGC,NA,EPMRU,Conventional Regular Gasoline,PF4,Spot Price FOB,EER_EPMRU_PF4_RGC_DPG,U.S. Gulf Coast Conventional Gasoline Regular Spot Price FOB (Dollars per Gallon),2.427,$/GAL
2023-06-01,Y35NY,NEW YORK CITY,EPMRU,Conventional Regular Gasoline,PF4,Spot Price FOB,EER_EPMRU_PF4_Y35NY_DPG,New York Harbor Conventional Gasoline Regular Spot Price FOB (Dollars per Gallon),2.659,$/GAL
2023-06-01,ZEU,NA,EPCBRENT,UK Brent Crude Oil,PF4,Spot Price FOB,RBRTE,Europe Brent Spot Price FOB (Dollars per Barrel),74.84,$/BBL
2023-06-01,YCUOK,NA,EPCWTI,WTI Crude Oil,PF4,Spot Price FOB,RWTC,"Cushing, OK WTI Spot Price FOB (Dollars per Barrel)",70.25,$/BBL
2023-07-01,Y05LA,LOS ANGELES,EPD2DC,Carb Diesel,PF4,Spot Price FOB,EER_EPD2DC_PF4_Y05LA_DPG,"Los Angeles, CA Ultra-Low Sulfur CARB Diesel Spot Price (Dollars per Gallon)",2.817,$/GAL
2023-07-01,RGC,NA,EPD2DXL0,No 2 Diesel Low Sulfur (0-15 ppm),PF4,Spot Price FOB,EER_EPD2DXL0_PF4_RGC_DPG,U.S. Gulf Coast Ultra-Low Sulfur No 2 Diesel Spot Price (Dollars per Gallon),2.597,$/GAL
2023-07-01,Y35NY,NEW YORK CITY,EPD2DXL0,No 2 Diesel Low Sulfur (0-15 ppm),PF4,Spot Price FOB,EER_EPD2DXL0_PF4_Y35NY_DPG,New York Harbor Ultra-Low Sulfur No 2 Diesel Spot Price (Dollars per Gallon),2.671,$/GAL
2023-07-01,Y35NY,NEW YORK CITY,EPD2F,No 2 Fuel Oil / Heating Oil,PF4,Spot Price FOB,EER_EPD2F_PF4_Y35NY_DPG,New York Harbor No. 2 Heating Oil Spot Price FOB (Dollars per Gallon),2.498,$/GAL
2023-07-01,RGC,NA,EPJK,Kerosene-Type Jet Fuel,PF4,Spot Price FOB,EER_EPJK_PF4_RGC_DPG,U.S. Gulf Coast Kerosene-Type Jet Fuel Spot Price FOB (Dollars per Gallon),2.488,$/GAL
2023-07-01,Y44MB,NA,EPLLPA,Propane,PF4,Spot Price FOB,EER_EPLLPA_PF4_Y44MB_DPG,"Mont Belvieu, TX Propane Spot Price FOB (Dollars per Gallon)",0.629,$/GAL
2023-07-01,Y05LA,LOS ANGELES,EPMRR,Reformulated Regular Gasoline,PF4,Spot Price FOB,EER_EPMRR_PF4_Y05LA_DPG,Los Angeles Reformulated RBOB Regular Gasoline Spot Price (Dollars per Gallon),2.97,$/GAL
2023-07-01,RGC,NA,EPMRU,Conventional Regular Gasoline,PF4,Spot Price FOB,EER_EPMRU_PF4_RGC_DPG,U.S. Gulf Coast Conventional Gasoline Regular Spot Price FOB (Dollars per Gallon),2.674,$/GAL
2023-07-01,Y35NY,NEW YORK CITY,EPMRU,Conventional Regular Gasoline,PF4,Spot Price FOB,EER_EPMRU_PF4_Y35NY_DPG,New York Harbor Conventional Gasoline Regular Spot Price FOB (Dollars per Gallon),2.7,$/GAL
2023-07-01,ZEU,NA,EPCBRENT,UK Brent Crude Oil,PF4,Spot Price FOB,RBRTE,Europe Brent Spot Price FOB (Dollars per Barrel),80.11,$/BBL
2023-07-01,YCUOK,NA,EPCWTI,WTI Crude Oil,PF4,Spot Price FOB,RWTC,"Cushing, OK WTI Spot Price FOB (Dollars per Barrel)",76.07,$/BBL
2023-08-01,Y05LA,LOS ANGELES,EPD2DC,Carb Diesel,PF4,Spot Price FOB,EER_EPD2DC_PF4_Y05LA_DPG,"Los Angeles, CA Ultra-Low Sulfur CARB Diesel Spot Price (Dollars per Gallon)",3.437,$/GAL
2023-08-01,RGC,NA,EPD2DXL0,No 2 Diesel Low Sulfur (0-15 ppm),PF4,Spot Price FOB,EER_EPD2DXL0_PF4_RGC_DPG,U.S. Gulf Coast Ultra-Low Sulfur No 2 Diesel Spot Price (Dollars per Gallon),3.05,$/GAL
2023-08-01,Y35NY,NEW YORK CITY,EPD2DXL0,No 2 Diesel Low Sulfur (0-15 ppm),PF4,Spot Price FOB,EER_EPD2DXL0_PF4_Y35NY_DPG,New York Harbor Ultra-Low Sulfur No 2 Diesel Spot Price (Dollars per Gallon),3.117,$/GAL
2023-08-01,Y35NY,NEW YORK CITY,EPD2F,No 2 Fuel Oil / Heating Oil,PF4,Spot Price FOB,EER_EPD2F_PF4_Y35NY_DPG,New York Harbor No. 2 Heating Oil Spot Price FOB (Dollars per Gallon),2.939,$/GAL
2023-08-01,RGC,NA,EPJK,Kerosene-Type Jet Fuel,PF4,Spot Price FOB,EER_EPJK_PF4_RGC_DPG,U.S. Gulf Coast Kerosene-Type Jet Fuel Spot Price FOB (Dollars per Gallon),2.989,$/GAL
2023-08-01,Y44MB,NA,EPLLPA,Propane,PF4,Spot Price FOB,EER_EPLLPA_PF4_Y44MB_DPG,"Mont Belvieu, TX Propane Spot Price FOB (Dollars per Gallon)",0.679,$/GAL
2023-08-01,Y05LA,LOS ANGELES,EPMRR,Reformulated Regular Gasoline,PF4,Spot Price FOB,EER_EPMRR_PF4_Y05LA_DPG,Los Angeles Reformulated RBOB Regular Gasoline Spot Price (Dollars per Gallon),3.276,$/GAL
2023-08-01,RGC,NA,EPMRU,Conventional Regular Gasoline,PF4,Spot Price FOB,EER_EPMRU_PF4_RGC_DPG,U.S. Gulf Coast Conventional Gasoline Regular Spot Price FOB (Dollars per Gallon),2.902,$/GAL
2023-08-01,Y35NY,NEW YORK CITY,EPMRU,Conventional Regular Gasoline,PF4,Spot Price FOB,EER_EPMRU_PF4_Y35NY_DPG,New York Harbor Conventional Gasoline Regular Spot Price FOB (Dollars per Gallon),2.874,$/GAL
2023-08-01,ZEU,NA,EPCBRENT,UK Brent Crude Oil,PF4,Spot Price FOB,RBRTE,Europe Brent Spot Price FOB (Dollars per Barrel),86.15,$/BBL
2023-08-01,YCUOK,NA,EPCWTI,WTI Crude Oil,PF4,Spot Price FOB,RWTC,"Cushing, OK WTI Spot Price FOB (Dollars per Barrel)",81.39,$/BBL
2023-09-01,Y05LA,LOS ANGELES,EPD2DC,Carb Diesel,PF4,Spot Price FOB,EER_EPD2DC_PF4_Y05LA_DPG,"Los Angeles, CA Ultra-Low Sulfur CARB Diesel Spot Price (Dollars per Gallon)",3.85,$/GAL
2023-09-01,RGC,NA,EPD2DXL0,No 2 Diesel Low Sulfur (0-15 ppm),PF4,Spot Price FOB,EER_EPD2DXL0_PF4_RGC_DPG,U.S. Gulf Coast Ultra-Low Sulfur No 2 Diesel Spot Price (Dollars per Gallon),3.265,$/GAL
2023-09-01,Y35NY,NEW YORK CITY,EPD2DXL0,No 2 Diesel Low Sulfur (0-15 ppm),PF4,Spot Price FOB,EER_EPD2DXL0_PF4_Y35NY_DPG,New York Harbor Ultra-Low Sulfur No 2 Diesel Spot Price (Dollars per Gallon),3.325,$/GAL
2023-09-01,Y35NY,NEW YORK CITY,EPD2F,No 2 Fuel Oil / Heating Oil,PF4,Spot Price FOB,EER_EPD2F_PF4_Y35NY_DPG,New York Harbor No. 2 Heating Oil Spot Price FOB (Dollars per Gallon),3.168,$/GAL
2023-09-01,RGC,NA,EPJK,Kerosene-Type Jet Fuel,PF4,Spot Price FOB,EER_EPJK_PF4_RGC_DPG,U.S. Gulf Coast Kerosene-Type Jet Fuel Spot Price FOB (Dollars per Gallon),3.12,$/GAL
2023-09-01,Y44MB,NA,EPLLPA,Propane,PF4,Spot Price FOB,EER_EPLLPA_PF4_Y44MB_DPG,"Mont Belvieu, TX Propane Spot Price FOB (Dollars per Gallon)",0.73,$/GAL
2023-09-01,Y05LA,LOS ANGELES,EPMRR,Reformulated Regular Gasoline,PF4,Spot Price FOB,EER_EPMRR_PF4_Y05LA_DPG,Los Angeles Reformulated RBOB Regular Gasoline Spot Price (Dollars per Gallon),3.78,$/GAL
2023-09-01,RGC,NA,EPMRU,Conventional Regular Gasoline,PF4,Spot Price FOB,EER_EPMRU_PF4_RGC_DPG,U.S. Gulf Coast Conventional Gasoline Regular Spot Price FOB (Dollars per Gallon),2.824,$/GAL
2023-09-01,Y35NY,NEW YORK CITY,EPMRU,Conventional Regular Gasoline,PF4,Spot Price FOB,EER_EPMRU_PF4_Y35NY_DPG,New York Harbor Conventional Gasoline Regular Spot Price FOB (Dollars per Gallon),2.894,$/GAL
2023-09-01,ZEU,NA,EPCBRENT,UK Brent Crude Oil,PF4,Spot Price FOB,RBRTE,Europe Brent Spot Price FOB (Dollars per Barrel),93.72,$/BBL
2023-09-01,YCUOK,NA,EPCWTI,WTI Crude Oil,PF4,Spot Price FOB,RWTC,"Cushing, OK WTI Spot Price FOB (Dollars per Barrel)",89.43,$/BBL
2023-10-01,Y05LA,LOS ANGELES,EPD2DC,Carb Diesel,PF4,Spot Price FOB,EER_EPD2DC_PF4_Y05LA_DPG,"Los Angeles, CA Ultra-Low Sulfur CARB Diesel Spot Price (Dollars per Gallon)",3.286,$/GAL
2023-10-01,RGC,NA,EPD2DXL0,No 2 Diesel Low Sulfur (0-15 ppm),PF4,Spot Price FOB,EER_EPD2DXL0_PF4_RGC_DPG,U.S. Gulf Coast Ultra-Low Sulfur No 2 Diesel Spot Price (Dollars per Gallon),3.009,$/GAL
2023-10-01,Y35NY,NEW YORK CITY,EPD2DXL0,No 2 Diesel Low Sulfur (0-15 ppm),PF4,Spot Price FOB,EER_EPD2DXL0_PF4_Y35NY_DPG,New York Harbor Ultra-Low Sulfur No 2 Diesel Spot Price (Dollars per Gallon),3.114,$/GAL
2023-10-01,Y35NY,NEW YORK CITY,EPD2F,No 2 Fuel Oil / Heating Oil,PF4,Spot Price FOB,EER_EPD2F_PF4_Y35NY_DPG,New York Harbor No. 2 Heating Oil Spot Price FOB (Dollars per Gallon),3.002,$/GAL
2023-10-01,RGC,NA,EPJK,Kerosene-Type Jet Fuel,PF4,Spot Price FOB,EER_EPJK_PF4_RGC_DPG,U.S. Gulf Coast Kerosene-Type Jet Fuel Spot Price FOB (Dollars per Gallon),2.881,$/GAL
2023-10-01,Y44MB,NA,EPLLPA,Propane,PF4,Spot Price FOB,EER_EPLLPA_PF4_Y44MB_DPG,"Mont Belvieu, TX Propane Spot Price FOB (Dollars per Gallon)",0.675,$/GAL
2023-10-01,Y05LA,LOS ANGELES,EPMRR,Reformulated Regular Gasoline,PF4,Spot Price FOB,EER_EPMRR_PF4_Y05LA_DPG,Los Angeles Reformulated RBOB Regular Gasoline Spot Price (Dollars per Gallon),2.635,$/GAL
2023-10-01,RGC,NA,EPMRU,Conventional Regular Gasoline,PF4,Spot Price FOB,EER_EPMRU_PF4_RGC_DPG,U.S. Gulf Coast Conventional Gasoline Regular Spot Price FOB (Dollars per Gallon),2.305,$/GAL
2023-10-01,Y35NY,NEW YORK CITY,EPMRU,Conventional Regular Gasoline,PF4,Spot Price FOB,EER_EPMRU_PF4_Y35NY_DPG,New York Harbor Conventional Gasoline Regular Spot Price FOB (Dollars per Gallon),2.524,$/GAL
2023-10-01,ZEU,NA,EPCBRENT,UK Brent Crude Oil,PF4,Spot Price FOB,RBRTE,Europe Brent Spot Price FOB (Dollars per Barrel),90.6,$/BBL
2023-10-01,YCUOK,NA,EPCWTI,WTI Crude Oil,PF4,Spot Price FOB,RWTC,"Cushing, OK WTI Spot Price FOB (Dollars per Barrel)",85.64,$/BBL
2023-11-01,Y05LA,LOS ANGELES,EPD2DC,Carb Diesel,PF4,Spot Price FOB,EER_EPD2DC_PF4_Y05LA_DPG,"Los Angeles, CA Ultra-Low Sulfur CARB Diesel Spot Price (Dollars per Gallon)",3.069,$/GAL
2023-11-01,RGC,NA,EPD2DXL0,No 2 Diesel Low Sulfur (0-15 ppm),PF4,Spot Price FOB,EER_EPD2DXL0_PF4_RGC_DPG,U.S. Gulf Coast Ultra-Low Sulfur No 2 Diesel Spot Price (Dollars per Gallon),2.662,$/GAL
2023-11-01,Y35NY,NEW YORK CITY,EPD2DXL0,No 2 Diesel Low Sulfur (0-15 ppm),PF4,Spot Price FOB,EER_EPD2DXL0_PF4_Y35NY_DPG,New York Harbor Ultra-Low Sulfur No 2 Diesel Spot Price (Dollars per Gallon),2.905,$/GAL
2023-11-01,Y35NY,NEW YORK CITY,EPD2F,No 2 Fuel Oil / Heating Oil,PF4,Spot Price FOB,EER_EPD2F_PF4_Y35NY_DPG,New York Harbor No. 2 Heating Oil Spot Price FOB (Dollars per Gallon),2.811,$/GAL
2023-11-01,RGC,NA,EPJK,Kerosene-Type Jet Fuel,PF4,Spot Price FOB,EER_EPJK_PF4_RGC_DPG,U.S. Gulf Coast Kerosene-Type Jet Fuel Spot Price FOB (Dollars per Gallon),2.734,$/GAL
2023-11-01,Y44MB,NA,EPLLPA,Propane,PF4,Spot Price FOB,EER_EPLLPA_PF4_Y44MB_DPG,"Mont Belvieu, TX Propane Spot Price FOB (Dollars per Gallon)",0.639,$/GAL
2023-11-01,Y05LA,LOS ANGELES,EPMRR,Reformulated Regular Gasoline,PF4,Spot Price FOB,EER_EPMRR_PF4_Y05LA_DPG,Los Angeles Reformulated RBOB Regular Gasoline Spot Price (Dollars per Gallon),2.524,$/GAL
2023-11-01,RGC,NA,EPMRU,Conventional Regular Gasoline,PF4,Spot Price FOB,EER_EPMRU_PF4_RGC_DPG,U.S. Gulf Coast Conventional Gasoline Regular Spot Price FOB (Dollars per Gallon),2.094,$/GAL
2023-11-01,Y35NY,NEW YORK CITY,EPMRU,Conventional Regular Gasoline,PF4,Spot Price FOB,EER_EPMRU_PF4_Y35NY_DPG,New York Harbor Conventional Gasoline Regular Spot Price FOB (Dollars per Gallon),2.306,$/GAL
2023-11-01,ZEU,NA,EPCBRENT,UK Brent Crude Oil,PF4,Spot Price FOB,RBRTE,Europe Brent Spot Price FOB (Dollars per Barrel),82.94,$/BBL
2023-11-01,YCUOK,NA,EPCWTI,WTI Crude Oil,PF4,Spot Price FOB,RWTC,"Cushing, OK WTI Spot Price FOB (Dollars per Barrel)",77.69,$/BBL
2023-12-01,Y05LA,LOS ANGELES,EPD2DC,Carb Diesel,PF4,Spot Price FOB,EER_EPD2DC_PF4_Y05LA_DPG,"Los Angeles, CA Ultra-Low Sulfur CARB Diesel Spot Price (Dollars per Gallon)",2.665,$/GAL
2023-12-01,RGC,NA,EPD2DXL0,No 2 Diesel Low Sulfur (0-15 ppm),PF4,Spot Price FOB,EER_EPD2DXL0_PF4_RGC_DPG,U.S. Gulf Coast Ultra-Low Sulfur No 2 Diesel Spot Price (Dollars per Gallon),2.385,$/GAL
2023-12-01,Y35NY,NEW YORK CITY,EPD2DXL0,No 2 Diesel Low Sulfur (0-15 ppm),PF4,Spot Price FOB,EER_EPD2DXL0_PF4_Y35NY_DPG,New York Harbor Ultra-Low Sulfur No 2 Diesel Spot Price (Dollars per Gallon),2.632,$/GAL
2023-12-01,Y35NY,NEW YORK CITY,EPD2F,No 2 Fuel Oil / Heating Oil,PF4,Spot Price FOB,EER_EPD2F_PF4_Y35NY_DPG,New York Harbor No. 2 Heating Oil Spot Price FOB (Dollars per Gallon),2.54,$/GAL
2023-12-01,RGC,NA,EPJK,Kerosene-Type Jet Fuel,PF4,Spot Price FOB,EER_EPJK_PF4_RGC_DPG,U.S. Gulf Coast Kerosene-Type Jet Fuel Spot Price FOB (Dollars per Gallon),2.387,$/GAL
2023-12-01,Y44MB,NA,EPLLPA,Propane,PF4,Spot Price FOB,EER_EPLLPA_PF4_Y44MB_DPG,"Mont Belvieu, TX Propane Spot Price FOB (Dollars per Gallon)",0.687,$/GAL
2023-12-01,Y05LA,LOS ANGELES,EPMRR,Reformulated Regular Gasoline,PF4,Spot Price FOB,EER_EPMRR_PF4_Y05LA_DPG,Los Angeles Reformulated RBOB Regular Gasoline Spot Price (Dollars per Gallon),2.32,$/GAL
2023-12-01,RGC,NA,EPMRU,Conventional Regular Gasoline,PF4,Spot Price FOB,EER_EPMRU_PF4_RGC_DPG,U.S. Gulf Coast Conventional Gasoline Regular Spot Price FOB (Dollars per Gallon),2.019,$/GAL
2023-12-01,Y35NY,NEW YORK CITY,EPMRU,Conventional Regular Gasoline,PF4,Spot Price FOB,EER_EPMRU_PF4_Y35NY_DPG,New York Harbor Conventional Gasoline Regular Spot Price FOB (Dollars per Gallon),2.226,$/GAL
2023-12-01,ZEU,NA,EPCBRENT,UK Brent Crude Oil,PF4,Spot Price FOB,RBRTE,Europe Brent Spot Price FOB (Dollars per Barrel),77.63,$/BBL
2023-12-01,YCUOK,NA,EPCWTI,WTI Crude Oil,PF4,Spot Price FOB,RWTC,"Cushing, OK WTI Spot Price FOB (Dollars per Barrel)",71.9,$/BBL
2024-01-01,Y05LA,LOS ANGELES,EPD2DC,Carb Diesel,PF4,Spot Price FOB,EER_EPD2DC_PF4_Y05LA_DPG,"Los Angeles, CA Ultra-Low Sulfur CARB Diesel Spot Price (Dollars per Gallon)",2.573,$/GAL
2024-01-01,RGC,NA,EPD2DXL0,No 2 Diesel Low Sulfur (0-15 ppm),PF4,Spot Price FOB,EER_EPD2DXL0_PF4_RGC_DPG,U.S. Gulf Coast Ultra-Low Sulfur No 2 Diesel Spot Price (Dollars per Gallon),2.569,$/GAL
2024-01-01,Y35NY,NEW YORK CITY,EPD2DXL0,No 2 Diesel Low Sulfur (0-15 ppm),PF4,Spot Price FOB,EER_EPD2DXL0_PF4_Y35NY_DPG,New York Harbor Ultra-Low Sulfur No 2 Diesel Spot Price (Dollars per Gallon),2.681,$/GAL
2024-01-01,Y35NY,NEW YORK CITY,EPD2F,No 2 Fuel Oil / Heating Oil,PF4,Spot Price FOB,EER_EPD2F_PF4_Y35NY_DPG,New York Harbor No. 2 Heating Oil Spot Price FOB (Dollars per Gallon),2.59,$/GAL
2024-01-01,RGC,NA,EPJK,Kerosene-Type Jet Fuel,PF4,Spot Price FOB,EER_EPJK_PF4_RGC_DPG,U.S. Gulf Coast Kerosene-Type Jet Fuel Spot Price FOB (Dollars per Gallon),2.585,$/GAL
2024-01-01,Y44MB,NA,EPLLPA,Propane,PF4,Spot Price FOB,EER_EPLLPA_PF4_Y44MB_DPG,"Mont Belvieu, TX Propane Spot Price FOB (Dollars per Gallon)",0.821,$/GAL
2024-01-01,Y05LA,LOS ANGELES,EPMRR,Reformulated Regular Gasoline,PF4,Spot Price FOB,EER_EPMRR_PF4_Y05LA_DPG,Los Angeles Reformulated RBOB Regular Gasoline Spot Price (Dollars per Gallon),2.274,$/GAL
2024-01-01,RGC,NA,EPMRU,Conventional Regular Gasoline,PF4,Spot Price FOB,EER_EPMRU_PF4_RGC_DPG,U.S. Gulf Coast Conventional Gasoline Regular Spot Price FOB (Dollars per Gallon),2.146,$/GAL
2024-01-01,Y35NY,NEW YORK CITY,EPMRU,Conventional Regular Gasoline,PF4,Spot Price FOB,EER_EPMRU_PF4_Y35NY_DPG,New York Harbor Conventional Gasoline Regular Spot Price FOB (Dollars per Gallon),2.244,$/GAL
2024-01-01,ZEU,NA,EPCBRENT,UK Brent Crude Oil,PF4,Spot Price FOB,RBRTE,Europe Brent Spot Price FOB (Dollars per Barrel),80.12,$/BBL
2024-01-01,YCUOK,NA,EPCWTI,WTI Crude Oil,PF4,Spot Price FOB,RWTC,"Cushing, OK WTI Spot Price FOB (Dollars per Barrel)",74.15,$/BBL
2024-02-01,Y05LA,LOS ANGELES,EPD2DC,Carb Diesel,PF4,Spot Price FOB,EER_EPD2DC_PF4_Y05LA_DPG,"Los Angeles, CA Ultra-Low Sulfur CARB Diesel Spot Price (Dollars per Gallon)",2.794,$/GAL
2024-02-01,RGC,NA,EPD2DXL0,No 2 Diesel Low Sulfur (0-15 ppm),PF4,Spot Price FOB,EER_EPD2DXL0_PF4_RGC_DPG,U.S. Gulf Coast Ultra-Low Sulfur No 2 Diesel Spot Price (Dollars per Gallon),2.707,$/GAL
2024-02-01,Y35NY,NEW YORK CITY,EPD2DXL0,No 2 Diesel Low Sulfur (0-15 ppm),PF4,Spot Price FOB,EER_EPD2DXL0_PF4_Y35NY_DPG,New York Harbor Ultra-Low Sulfur No 2 Diesel Spot Price (Dollars per Gallon),2.771,$/GAL
2024-02-01,Y35NY,NEW YORK CITY,EPD2F,No 2 Fuel Oil / Heating Oil,PF4,Spot Price FOB,EER_EPD2F_PF4_Y35NY_DPG,New York Harbor No. 2 Heating Oil Spot Price FOB (Dollars per Gallon),2.703,$/GAL
2024-02-01,RGC,NA,EPJK,Kerosene-Type Jet Fuel,PF4,Spot Price FOB,EER_EPJK_PF4_RGC_DPG,U.S. Gulf Coast Kerosene-Type Jet Fuel Spot Price FOB (Dollars per Gallon),2.683,$/GAL
2024-02-01,Y44MB,NA,EPLLPA,Propane,PF4,Spot Price FOB,EER_EPLLPA_PF4_Y44MB_DPG,"Mont Belvieu, TX Propane Spot Price FOB (Dollars per Gallon)",0.908,$/GAL
2024-02-01,Y05LA,LOS ANGELES,EPMRR,Reformulated Regular Gasoline,PF4,Spot Price FOB,EER_EPMRR_PF4_Y05LA_DPG,Los Angeles Reformulated RBOB Regular Gasoline Spot Price (Dollars per Gallon),2.555,$/GAL
2024-02-01,RGC,NA,EPMRU,Conventional Regular Gasoline,PF4,Spot Price FOB,EER_EPMRU_PF4_RGC_DPG,U.S. Gulf Coast Conventional Gasoline Regular Spot Price FOB (Dollars per Gallon),2.325,$/GAL
2024-02-01,Y35NY,NEW YORK CITY,EPMRU,Conventional Regular Gasoline,PF4,Spot Price FOB,EER_EPMRU_PF4_Y35NY_DPG,New York Harbor Conventional Gasoline Regular Spot Price FOB (Dollars per Gallon),2.326,$/GAL
2024-02-01,ZEU,NA,EPCBRENT,UK Brent Crude Oil,PF4,Spot Price FOB,RBRTE,Europe Brent Spot Price FOB (Dollars per Barrel),83.48,$/BBL
2024-02-01,YCUOK,NA,EPCWTI,WTI Crude Oil,PF4,Spot Price FOB,RWTC,"Cushing, OK WTI Spot Price FOB (Dollars per Barrel)",77.25,$/BBL
2024-03-01,Y05LA,LOS ANGELES,EPD2DC,Carb Diesel,PF4,Spot Price FOB,EER_EPD2DC_PF4_Y05LA_DPG,"Los Angeles, CA Ultra-Low Sulfur CARB Diesel Spot Price (Dollars per Gallon)",2.676,$/GAL
2024-03-01,RGC,NA,EPD2DXL0,No 2 Diesel Low Sulfur (0-15 ppm),PF4,Spot Price FOB,EER_EPD2DXL0_PF4_RGC_DPG,U.S. Gulf Coast Ultra-Low Sulfur No 2 Diesel Spot Price (Dollars per Gallon),2.598,$/GAL
2024-03-01,Y35NY,NEW YORK CITY,EPD2DXL0,No 2 Diesel Low Sulfur (0-15 ppm),PF4,Spot Price FOB,EER_EPD2DXL0_PF4_Y35NY_DPG,New York Harbor Ultra-Low Sulfur No 2 Diesel Spot Price (Dollars per Gallon),2.674,$/GAL
2024-03-01,Y35NY,NEW YORK CITY,EPD2F,No 2 Fuel Oil / Heating Oil,PF4,Spot Price FOB,EER_EPD2F_PF4_Y35NY_DPG,New York Harbor No. 2 Heating Oil Spot Price FOB (Dollars per Gallon),2.601,$/GAL
2024-03-01,RGC,NA,EPJK,Kerosene-Type Jet Fuel,PF4,Spot Price FOB,EER_EPJK_PF4_RGC_DPG,U.S. Gulf Coast Kerosene-Type Jet Fuel Spot Price FOB (Dollars per Gallon),2.593,$/GAL
2024-03-01,Y44MB,NA,EPLLPA,Propane,PF4,Spot Price FOB,EER_EPLLPA_PF4_Y44MB_DPG,"Mont Belvieu, TX Propane Spot Price FOB (Dollars per Gallon)",0.803,$/GAL
2024-03-01,Y05LA,LOS ANGELES,EPMRR,Reformulated Regular Gasoline,PF4,Spot Price FOB,EER_EPMRR_PF4_Y05LA_DPG,Los Angeles Reformulated RBOB Regular Gasoline Spot Price (Dollars per Gallon),2.911,$/GAL
2024-03-01,RGC,NA,EPMRU,Conventional Regular Gasoline,PF4,Spot Price FOB,EER_EPMRU_PF4_RGC_DPG,U.S. Gulf Coast Conventional Gasoline Regular Spot Price FOB (Dollars per Gallon),2.545,$/GAL
2024-03-01,Y35NY,NEW YORK CITY,EPMRU,Conventional Regular Gasoline,PF4,Spot Price FOB,EER_EPMRU_PF4_Y35NY_DPG,New York Harbor Conventional Gasoline Regular Spot Price FOB (Dollars per Gallon),2.48,$/GAL
2024-03-01,ZEU,NA,EPCBRENT,UK Brent Crude Oil,PF4,Spot Price FOB,RBRTE,Europe Brent Spot Price FOB (Dollars per Barrel),85.41,$/BBL
2024-03-01,YCUOK,NA,EPCWTI,WTI Crude Oil,PF4,Spot Price FOB,RWTC,"Cushing, OK WTI Spot Price FOB (Dollars per Barrel)",81.28,$/BBL
2024-04-01,Y05LA,LOS ANGELES,EPD2DC,Carb Diesel,PF4,Spot Price FOB,EER_EPD2DC_PF4_Y05LA_DPG,"Los Angeles, CA Ultra-Low Sulfur CARB Diesel Spot Price (Dollars per Gallon)",2.706,$/GAL
2024-04-01,RGC,NA,EPD2DXL0,No 2 Diesel Low Sulfur (0-15 ppm),PF4,Spot Price FOB,EER_EPD2DXL0_PF4_RGC_DPG,U.S. Gulf Coast Ultra-Low Sulfur No 2 Diesel Spot Price (Dollars per Gallon),2.562,$/GAL
2024-04-01,Y35NY,NEW YORK CITY,EPD2DXL0,No 2 Diesel Low Sulfur (0-15 ppm),PF4,Spot Price FOB,EER_EPD2DXL0_PF4_Y35NY_DPG,New York Harbor Ultra-Low Sulfur No 2 Diesel Spot Price (Dollars per Gallon),2.62,$/GAL
2024-04-01,Y35NY,NEW YORK CITY,EPD2F,No 2 Fuel Oil / Heating Oil,PF4,Spot Price FOB,EER_EPD2F_PF4_Y35NY_DPG,New York Harbor No. 2 Heating Oil Spot Price FOB (Dollars per Gallon),2.536,$/GAL
2024-04-01,RGC,NA,EPJK,Kerosene-Type Jet Fuel,PF4,Spot Price FOB,EER_EPJK_PF4_RGC_DPG,U.S. Gulf Coast Kerosene-Type Jet Fuel Spot Price FOB (Dollars per Gallon),2.605,$/GAL
2024-04-01,Y44MB,NA,EPLLPA,Propane,PF4,Spot Price FOB,EER_EPLLPA_PF4_Y44MB_DPG,"Mont Belvieu, TX Propane Spot Price FOB (Dollars per Gallon)",0.8,$/GAL
2024-04-01,Y05LA,LOS ANGELES,EPMRR,Reformulated Regular Gasoline,PF4,Spot Price FOB,EER_EPMRR_PF4_Y05LA_DPG,Los Angeles Reformulated RBOB Regular Gasoline Spot Price (Dollars per Gallon),3.194,$/GAL
2024-04-01,RGC,NA,EPMRU,Conventional Regular Gasoline,PF4,Spot Price FOB,EER_EPMRU_PF4_RGC_DPG,U.S. Gulf Coast Conventional Gasoline Regular Spot Price FOB (Dollars per Gallon),2.595,$/GAL
2024-04-01,Y35NY,NEW YORK CITY,EPMRU,Conventional Regular Gasoline,PF4,Spot Price FOB,EER_EPMRU_PF4_Y35NY_DPG,New York Harbor Conventional Gasoline Regular Spot Price FOB (Dollars per Gallon),2.749,$/GAL
2024-04-01,ZEU,NA,EPCBRENT,UK Brent Crude Oil,PF4,Spot Price FOB,RBRTE,Europe Brent Spot Price FOB (Dollars per Barrel),89.94,$/BBL
2024-04-01,YCUOK,NA,EPCWTI,WTI Crude Oil,PF4,Spot Price FOB,RWTC,"Cushing, OK WTI Spot Price FOB (Dollars per Barrel)",85.35,$/BBL
2024-05-01,Y05LA,LOS ANGELES,EPD2DC,Carb Diesel,PF4,Spot Price FOB,EER_EPD2DC_PF4_Y05LA_DPG,"Los Angeles, CA Ultra-Low Sulfur CARB Diesel Spot Price (Dollars per Gallon)",2.418,$/GAL
2024-05-01,RGC,NA,EPD2DXL0,No 2 Diesel Low Sulfur (0-15 ppm),PF4,Spot Price FOB,EER_EPD2DXL0_PF4_RGC_DPG,U.S. Gulf Coast Ultra-Low Sulfur No 2 Diesel Spot Price (Dollars per Gallon),2.372,$/GAL
2024-05-01,Y35NY,NEW YORK CITY,EPD2DXL0,No 2 Diesel Low Sulfur (0-15 ppm),PF4,Spot Price FOB,EER_EPD2DXL0_PF4_Y35NY_DPG,New York Harbor Ultra-Low Sulfur No 2 Diesel Spot Price (Dollars per Gallon),2.43,$/GAL
2024-05-01,Y35NY,NEW YORK CITY,EPD2F,No 2 Fuel Oil / Heating Oil,PF4,Spot Price FOB,EER_EPD2F_PF4_Y35NY_DPG,New York Harbor No. 2 Heating Oil Spot Price FOB (Dollars per Gallon),2.345,$/GAL
2024-05-01,RGC,NA,EPJK,Kerosene-Type Jet Fuel,PF4,Spot Price FOB,EER_EPJK_PF4_RGC_DPG,U.S. Gulf Coast Kerosene-Type Jet Fuel Spot Price FOB (Dollars per Gallon),2.38,$/GAL
2024-05-01,Y44MB,NA,EPLLPA,Propane,PF4,Spot Price FOB,EER_EPLLPA_PF4_Y44MB_DPG,"Mont Belvieu, TX Propane Spot Price FOB (Dollars per Gallon)",0.698,$/GAL
2024-05-01,Y05LA,LOS ANGELES,EPMRR,Reformulated Regular Gasoline,PF4,Spot Price FOB,EER_EPMRR_PF4_Y05LA_DPG,Los Angeles Reformulated RBOB Regular Gasoline Spot Price (Dollars per Gallon),2.702,$/GAL
2024-05-01,RGC,NA,EPMRU,Conventional Regular Gasoline,PF4,Spot Price FOB,EER_EPMRU_PF4_RGC_DPG,U.S. Gulf Coast Conventional Gasoline Regular Spot Price FOB (Dollars per Gallon),2.385,$/GAL
2024-05-01,Y35NY,NEW YORK CITY,EPMRU,Conventional Regular Gasoline,PF4,Spot Price FOB,EER_EPMRU_PF4_Y35NY_DPG,New York Harbor Conventional Gasoline Regular Spot Price FOB (Dollars per Gallon),2.531,$/GAL
2024-05-01,ZEU,NA,EPCBRENT,UK Brent Crude Oil,PF4,Spot Price FOB,RBRTE,Europe Brent Spot Price FOB (Dollars per Barrel),81.75,$/BBL
2024-05-01,YCUOK,NA,EPCWTI,WTI Crude Oil,PF4,Spot Price FOB,RWTC,"Cushing, OK WTI Spot Price FOB (Dollars per Barrel)",80.02,$/BBL
2024-06-01,Y05LA,LOS ANGELES,EPD2DC,Carb Diesel,PF4,Spot Price FOB,EER_EPD2DC_PF4_Y05LA_DPG,"Los Angeles, CA Ultra-Low Sulfur CARB Diesel Spot Price (Dollars per Gallon)",2.491,$/GAL
2024-06-01,RGC,NA,EPD2DXL0,No 2 Diesel Low Sulfur (0-15 ppm),PF4,Spot Price FOB,EER_EPD2DXL0_PF4_RGC_DPG,U.S. Gulf Coast Ultra-Low Sulfur No 2 Diesel Spot Price (Dollars per Gallon),2.385,$/GAL
2024-06-01,Y35NY,NEW YORK CITY,EPD2DXL0,No 2 Diesel Low Sulfur (0-15 ppm),PF4,Spot Price FOB,EER_EPD2DXL0_PF4_Y35NY_DPG,New York Harbor Ultra-Low Sulfur No 2 Diesel Spot Price (Dollars per Gallon),2.426,$/GAL
2024-06-01,Y35NY,NEW YORK CITY,EPD2F,No 2 Fuel Oil / Heating Oil,PF4,Spot Price FOB,EER_EPD2F_PF4_Y35NY_DPG,New York Harbor No. 2 Heating Oil Spot Price FOB (Dollars per Gallon),2.351,$/GAL
2024-06-01,RGC,NA,EPJK,Kerosene-Type Jet Fuel,PF4,Spot Price FOB,EER_EPJK_PF4_RGC_DPG,U.S. Gulf Coast Kerosene-Type Jet Fuel Spot Price FOB (Dollars per Gallon),2.394,$/GAL
2024-06-01,Y44MB,NA,EPLLPA,Propane,PF4,Spot Price FOB,EER_EPLLPA_PF4_Y44MB_DPG,"Mont Belvieu, TX Propane Spot Price FOB (Dollars per Gallon)",0.762,$/GAL
2024-06-01,Y05LA,LOS ANGELES,EPMRR,Reformulated Regular Gasoline,PF4,Spot Price FOB,EER_EPMRR_PF4_Y05LA_DPG,Los Angeles Reformulated RBOB Regular Gasoline Spot Price (Dollars per Gallon),2.43,$/GAL
2024-06-01,RGC,NA,EPMRU,Conventional Regular Gasoline,PF4,Spot Price FOB,EER_EPMRU_PF4_RGC_DPG,U.S. Gulf Coast Conventional Gasoline Regular Spot Price FOB (Dollars per Gallon),2.275,$/GAL
2024-06-01,Y35NY,NEW YORK CITY,EPMRU,Conventional Regular Gasoline,PF4,Spot Price FOB,EER_EPMRU_PF4_Y35NY_DPG,New York Harbor Conventional Gasoline Regular Spot Price FOB (Dollars per Gallon),2.444,$/GAL
2024-06-01,ZEU,NA,EPCBRENT,UK Brent Crude Oil,PF4,Spot Price FOB,RBRTE,Europe Brent Spot Price FOB (Dollars per Barrel),82.25,$/BBL
2024-06-01,YCUOK,NA,EPCWTI,WTI Crude Oil,PF4,Spot Price FOB,RWTC,"Cushing, OK WTI Spot Price FOB (Dollars per Barrel)",79.77,$/BBL
2024-07-01,Y05LA,LOS ANGELES,EPD2DC,Carb Diesel,PF4,Spot Price FOB,EER_EPD2DC_PF4_Y05LA_DPG,"Los Angeles, CA Ultra-Low Sulfur CARB Diesel Spot Price (Dollars per Gallon)",2.435,$/GAL
2024-07-01,RGC,NA,EPD2DXL0,No 2 Diesel Low Sulfur (0-15 ppm),PF4,Spot Price FOB,EER_EPD2DXL0_PF4_RGC_DPG,U.S. Gulf Coast Ultra-Low Sulfur No 2 Diesel Spot Price (Dollars per Gallon),2.415,$/GAL
2024-07-01,Y35NY,NEW YORK CITY,EPD2DXL0,No 2 Diesel Low Sulfur (0-15 ppm),PF4,Spot Price FOB,EER_EPD2DXL0_PF4_Y35NY_DPG,New York Harbor Ultra-Low Sulfur No 2 Diesel Spot Price (Dollars per Gallon),2.473,$/GAL
2024-07-01,Y35NY,NEW YORK CITY,EPD2F,No 2 Fuel Oil / Heating Oil,PF4,Spot Price FOB,EER_EPD2F_PF4_Y35NY_DPG,New York Harbor No. 2 Heating Oil Spot Price FOB (Dollars per Gallon),2.351,$/GAL
2024-07-01,RGC,NA,EPJK,Kerosene-Type Jet Fuel,PF4,Spot Price FOB,EER_EPJK_PF4_RGC_DPG,U.S. Gulf Coast Kerosene-Type Jet Fuel Spot Price FOB (Dollars per Gallon),2.419,$/GAL
2024-07-01,Y44MB,NA,EPLLPA,Propane,PF4,Spot Price FOB,EER_EPLLPA_PF4_Y44MB_DPG,"Mont Belvieu, TX Propane Spot Price FOB (Dollars per Gallon)",0.797,$/GAL
2024-07-01,Y05LA,LOS ANGELES,EPMRR,Reformulated Regular Gasoline,PF4,Spot Price FOB,EER_EPMRR_PF4_Y05LA_DPG,Los Angeles Reformulated RBOB Regular Gasoline Spot Price (Dollars per Gallon),2.373,$/GAL
2024-07-01,RGC,NA,EPMRU,Conventional Regular Gasoline,PF4,Spot Price FOB,EER_EPMRU_PF4_RGC_DPG,U.S. Gulf Coast Conventional Gasoline Regular Spot Price FOB (Dollars per Gallon),2.373,$/GAL
2024-07-01,Y35NY,NEW YORK CITY,EPMRU,Conventional Regular Gasoline,PF4,Spot Price FOB,EER_EPMRU_PF4_Y35NY_DPG,New York Harbor Conventional Gasoline Regular Spot Price FOB (Dollars per Gallon),2.49,$/GAL
2024-07-01,ZEU,NA,EPCBRENT,UK Brent Crude Oil,PF4,Spot Price FOB,RBRTE,Europe Brent Spot Price FOB (Dollars per Barrel),85.15,$/BBL
2024-07-01,YCUOK,NA,EPCWTI,WTI Crude Oil,PF4,Spot Price FOB,RWTC,"Cushing, OK WTI Spot Price FOB (Dollars per Barrel)",81.8,$/BBL
2024-08-01,Y05LA,LOS ANGELES,EPD2DC,Carb Diesel,PF4,Spot Price FOB,EER_EPD2DC_PF4_Y05LA_DPG,"Los Angeles, CA Ultra-Low Sulfur CARB Diesel Spot Price (Dollars per Gallon)",2.265,$/GAL
2024-08-01,RGC,NA,EPD2DXL0,No 2 Diesel Low Sulfur (0-15 ppm),PF4,Spot Price FOB,EER_EPD2DXL0_PF4_RGC_DPG,U.S. Gulf Coast Ultra-Low Sulfur No 2 Diesel Spot Price (Dollars per Gallon),2.237,$/GAL
2024-08-01,Y35NY,NEW YORK CITY,EPD2DXL0,No 2 Diesel Low Sulfur (0-15 ppm),PF4,Spot Price FOB,EER_EPD2DXL0_PF4_Y35NY_DPG,New York Harbor Ultra-Low Sulfur No 2 Diesel Spot Price (Dollars per Gallon),2.28,$/GAL
2024-08-01,Y35NY,NEW YORK CITY,EPD2F,No 2 Fuel Oil / Heating Oil,PF4,Spot Price FOB,EER_EPD2F_PF4_Y35NY_DPG,New York Harbor No. 2 Heating Oil Spot Price FOB (Dollars per Gallon),2.163,$/GAL
2024-08-01,RGC,NA,EPJK,Kerosene-Type Jet Fuel,PF4,Spot Price FOB,EER_EPJK_PF4_RGC_DPG,U.S. Gulf Coast Kerosene-Type Jet Fuel Spot Price FOB (Dollars per Gallon),2.176,$/GAL
2024-08-01,Y44MB,NA,EPLLPA,Propane,PF4,Spot Price FOB,EER_EPLLPA_PF4_Y44MB_DPG,"Mont Belvieu, TX Propane Spot Price FOB (Dollars per Gallon)",0.755,$/GAL
2024-08-01,Y05LA,LOS ANGELES,EPMRR,Reformulated Regular Gasoline,PF4,Spot Price FOB,EER_EPMRR_PF4_Y05LA_DPG,Los Angeles Reformulated RBOB Regular Gasoline Spot Price (Dollars per Gallon),2.393,$/GAL
2024-08-01,RGC,NA,EPMRU,Conventional Regular Gasoline,PF4,Spot Price FOB,EER_EPMRU_PF4_RGC_DPG,U.S. Gulf Coast Conventional Gasoline Regular Spot Price FOB (Dollars per Gallon),2.301,$/GAL
2024-08-01,Y35NY,NEW YORK CITY,EPMRU,Conventional Regular Gasoline,PF4,Spot Price FOB,EER_EPMRU_PF4_Y35NY_DPG,New York Harbor Conventional Gasoline Regular Spot Price FOB (Dollars per Gallon),2.329,$/GAL
2024-08-01,ZEU,NA,EPCBRENT,UK Brent Crude Oil,PF4,Spot Price FOB,RBRTE,Europe Brent Spot Price FOB (Dollars per Barrel),80.36,$/BBL
2024-08-01,YCUOK,NA,EPCWTI,WTI Crude Oil,PF4,Spot Price FOB,RWTC,"Cushing, OK WTI Spot Price FOB (Dollars per Barrel)",76.68,$/BBL
2024-09-01,Y05LA,LOS ANGELES,EPD2DC,Carb Diesel,PF4,Spot Price FOB,EER_EPD2DC_PF4_Y05LA_DPG,"Los Angeles, CA Ultra-Low Sulfur CARB Diesel Spot Price (Dollars per Gallon)",2.183,$/GAL
2024-09-01,RGC,NA,EPD2DXL0,No 2 Diesel Low Sulfur (0-15 ppm),PF4,Spot Price FOB,EER_EPD2DXL0_PF4_RGC_DPG,U.S. Gulf Coast Ultra-Low Sulfur No 2 Diesel Spot Price (Dollars per Gallon),2.072,$/GAL
2024-09-01,Y35NY,NEW YORK CITY,EPD2DXL0,No 2 Diesel Low Sulfur (0-15 ppm),PF4,Spot Price FOB,EER_EPD2DXL0_PF4_Y35NY_DPG,New York Harbor Ultra-Low Sulfur No 2 Diesel Spot Price (Dollars per Gallon),2.11,$/GAL
2024-09-01,Y35NY,NEW YORK CITY,EPD2F,No 2 Fuel Oil / Heating Oil,PF4,Spot Price FOB,EER_EPD2F_PF4_Y35NY_DPG,New York Harbor No. 2 Heating Oil Spot Price FOB (Dollars per Gallon),1.693,$/GAL
2024-09-01,RGC,NA,EPJK,Kerosene-Type Jet Fuel,PF4,Spot Price FOB,EER_EPJK_PF4_RGC_DPG,U.S. Gulf Coast Kerosene-Type Jet Fuel Spot Price FOB (Dollars per Gallon),1.982,$/GAL
2024-09-01,Y44MB,NA,EPLLPA,Propane,PF4,Spot Price FOB,EER_EPLLPA_PF4_Y44MB_DPG,"Mont Belvieu, TX Propane Spot Price FOB (Dollars per Gallon)",0.656,$/GAL
2024-09-01,Y05LA,LOS ANGELES,EPMRR,Reformulated Regular Gasoline,PF4,Spot Price FOB,EER_EPMRR_PF4_Y05LA_DPG,Los Angeles Reformulated RBOB Regular Gasoline Spot Price (Dollars per Gallon),2.359,$/GAL
2024-09-01,RGC,NA,EPMRU,Conventional Regular Gasoline,PF4,Spot Price FOB,EER_EPMRU_PF4_RGC_DPG,U.S. Gulf Coast Conventional Gasoline Regular Spot Price FOB (Dollars per Gallon),1.981,$/GAL
2024-09-01,Y35NY,NEW YORK CITY,EPMRU,Conventional Regular Gasoline,PF4,Spot Price FOB,EER_EPMRU_PF4_Y35NY_DPG,New York Harbor Conventional Gasoline Regular Spot Price FOB (Dollars per Gallon),2.057,$/GAL
2024-09-01,ZEU,NA,EPCBRENT,UK Brent Crude Oil,PF4,Spot Price FOB,RBRTE,Europe Brent Spot Price FOB (Dollars per Barrel),74.02,$/BBL
2024-09-01,YCUOK,NA,EPCWTI,WTI Crude Oil,PF4,Spot Price FOB,RWTC,"Cushing, OK WTI Spot Price FOB (Dollars per Barrel)",70.24,$/BBL
2024-10-01,Y05LA,LOS ANGELES,EPD2DC,Carb Diesel,PF4,Spot Price FOB,EER_EPD2DC_PF4_Y05LA_DPG,"Los Angeles, CA Ultra-Low Sulfur CARB Diesel Spot Price (Dollars per Gallon)",2.283,$/GAL
2024-10-01,RGC,NA,EPD2DXL0,No 2 Diesel Low Sulfur (0-15 ppm),PF4,Spot Price FOB,EER_EPD2DXL0_PF4_RGC_DPG,U.S. Gulf Coast Ultra-Low Sulfur No 2 Diesel Spot Price (Dollars per Gallon),2.165,$/GAL
2024-10-01,Y35NY,NEW YORK CITY,EPD2DXL0,No 2 Diesel Low Sulfur (0-15 ppm),PF4,Spot Price FOB,EER_EPD2DXL0_PF4_Y35NY_DPG,New York Harbor Ultra-Low Sulfur No 2 Diesel Spot Price (Dollars per Gallon),2.217,$/GAL
2024-10-01,Y35NY,NEW YORK CITY,EPD2F,No 2 Fuel Oil / Heating Oil,PF4,Spot Price FOB,EER_EPD2F_PF4_Y35NY_DPG,New York Harbor No. 2 Heating Oil Spot Price FOB (Dollars per Gallon),1.905,$/GAL
2024-10-01,RGC,NA,EPJK,Kerosene-Type Jet Fuel,PF4,Spot Price FOB,EER_EPJK_PF4_RGC_DPG,U.S. Gulf Coast Kerosene-Type Jet Fuel Spot Price FOB (Dollars per Gallon),2.068,$/GAL
2024-10-01,Y44MB,NA,EPLLPA,Propane,PF4,Spot Price FOB,EER_EPLLPA_PF4_Y44MB_DPG,"Mont Belvieu, TX Propane Spot Price FOB (Dollars per Gallon)",0.774,$/GAL
2024-10-01,Y05LA,LOS ANGELES,EPMRR,Reformulated Regular Gasoline,PF4,Spot Price FOB,EER_EPMRR_PF4_Y05LA_DPG,Los Angeles Reformulated RBOB Regular Gasoline Spot Price (Dollars per Gallon),2.283,$/GAL
2024-10-01,RGC,NA,EPMRU,Conventional Regular Gasoline,PF4,Spot Price FOB,EER_EPMRU_PF4_RGC_DPG,U.S. Gulf Coast Conventional Gasoline Regular Spot Price FOB (Dollars per Gallon),2.023,$/GAL
2024-10-01,Y35NY,NEW YORK CITY,EPMRU,Conventional Regular Gasoline,PF4,Spot Price FOB,EER_EPMRU_PF4_Y35NY_DPG,New York Harbor Conventional Gasoline Regular Spot Price FOB (Dollars per Gallon),2.152,$/GAL
2024-10-01,ZEU,NA,EPCBRENT,UK Brent Crude Oil,PF4,Spot Price FOB,RBRTE,Europe Brent Spot Price FOB (Dollars per Barrel),75.63,$/BBL
2024-10-01,YCUOK,NA,EPCWTI,WTI Crude Oil,PF4,Spot Price FOB,RWTC,"Cushing, OK WTI Spot Price FOB (Dollars per Barrel)",71.99,$/BBL
2024-11-01,Y05LA,LOS ANGELES,EPD2DC,Carb Diesel,PF4,Spot Price FOB,EER_EPD2DC_PF4_Y05LA_DPG,"Los Angeles, CA Ultra-Low Sulfur CARB Diesel Spot Price (Dollars per Gallon)",2.255,$/GAL
2024-11-01,RGC,NA,EPD2DXL0,No 2 Diesel Low Sulfur (0-15 ppm),PF4,Spot Price FOB,EER_EPD2DXL0_PF4_RGC_DPG,U.S. Gulf Coast Ultra-Low Sulfur No 2 Diesel Spot Price (Dollars per Gallon),2.156,$/GAL
2024-11-01,Y35NY,NEW YORK CITY,EPD2DXL0,No 2 Diesel Low Sulfur (0-15 ppm),PF4,Spot Price FOB,EER_EPD2DXL0_PF4_Y35NY_DPG,New York Harbor Ultra-Low Sulfur No 2 Diesel Spot Price (Dollars per Gallon),2.226,$/GAL
2024-11-01,Y35NY,NEW YORK CITY,EPD2F,No 2 Fuel Oil / Heating Oil,PF4,Spot Price FOB,EER_EPD2F_PF4_Y35NY_DPG,New York Harbor No. 2 Heating Oil Spot Price FOB (Dollars per Gallon),2.14,$/GAL
2024-11-01,RGC,NA,EPJK,Kerosene-Type Jet Fuel,PF4,Spot Price FOB,EER_EPJK_PF4_RGC_DPG,U.S. Gulf Coast Kerosene-Type Jet Fuel Spot Price FOB (Dollars per Gallon),2.065,$/GAL
2024-11-01,Y44MB,NA,EPLLPA,Propane,PF4,Spot Price FOB,EER_EPLLPA_PF4_Y44MB_DPG,"Mont Belvieu, TX Propane Spot Price FOB (Dollars per Gallon)",0.803,$/GAL
2024-11-01,Y05LA,LOS ANGELES,EPMRR,Reformulated Regular Gasoline,PF4,Spot Price FOB,EER_EPMRR_PF4_Y05LA_DPG,Los Angeles Reformulated RBOB Regular Gasoline Spot Price (Dollars per Gallon),2.165,$/GAL
2024-11-01,RGC,NA,EPMRU,Conventional Regular Gasoline,PF4,Spot Price FOB,EER_EPMRU_PF4_RGC_DPG,U.S. Gulf Coast Conventional Gasoline Regular Spot Price FOB (Dollars per Gallon),1.95,$/GAL
2024-11-01,Y35NY,NEW YORK CITY,EPMRU,Conventional Regular Gasoline,PF4,Spot Price FOB,EER_EPMRU_PF4_Y35NY_DPG,New York Harbor Conventional Gasoline Regular Spot Price FOB (Dollars per Gallon),2.112,$/GAL
2024-11-01,ZEU,NA,EPCBRENT,UK Brent Crude Oil,PF4,Spot Price FOB,RBRTE,Europe Brent Spot Price FOB (Dollars per Barrel),74.35,$/BBL
2024-11-01,YCUOK,NA,EPCWTI,WTI Crude Oil,PF4,Spot Price FOB,RWTC,"Cushing, OK WTI Spot Price FOB (Dollars per Barrel)",69.95,$/BBL
2024-12-01,Y05LA,LOS ANGELES,EPD2DC,Carb Diesel,PF4,Spot Price FOB,EER_EPD2DC_PF4_Y05LA_DPG,"Los Angeles, CA Ultra-Low Sulfur CARB Diesel Spot Price (Dollars per Gallon)",2.204,$/GAL
2024-12-01,RGC,NA,EPD2DXL0,No 2 Diesel Low Sulfur (0-15 ppm),PF4,Spot Price FOB,EER_EPD2DXL0_PF4_RGC_DPG,U.S. Gulf Coast Ultra-Low Sulfur No 2 Diesel Spot Price (Dollars per Gallon),2.141,$/GAL
2024-12-01,Y35NY,NEW YORK CITY,EPD2DXL0,No 2 Diesel Low Sulfur (0-15 ppm),PF4,Spot Price FOB,EER_EPD2DXL0_PF4_Y35NY_DPG,New York Harbor Ultra-Low Sulfur No 2 Diesel Spot Price (Dollars per Gallon),2.202,$/GAL
2024-12-01,Y35NY,NEW YORK CITY,EPD2F,No 2 Fuel Oil / Heating Oil,PF4,Spot Price FOB,EER_EPD2F_PF4_Y35NY_DPG,New York Harbor No. 2 Heating Oil Spot Price FOB (Dollars per Gallon),2.134,$/GAL
2024-12-01,RGC,NA,EPJK,Kerosene-Type Jet Fuel,PF4,Spot Price FOB,EER_EPJK_PF4_RGC_DPG,U.S. Gulf Coast Kerosene-Type Jet Fuel Spot Price FOB (Dollars per Gallon),2.097,$/GAL
2024-12-01,Y44MB,NA,EPLLPA,Propane,PF4,Spot Price FOB,EER_EPLLPA_PF4_Y44MB_DPG,"Mont Belvieu, TX Propane Spot Price FOB (Dollars per Gallon)",0.773,$/GAL
2024-12-01,Y05LA,LOS ANGELES,EPMRR,Reformulated Regular Gasoline,PF4,Spot Price FOB,EER_EPMRR_PF4_Y05LA_DPG,Los Angeles Reformulated RBOB Regular Gasoline Spot Price (Dollars per Gallon),2.035,$/GAL
2024-12-01,RGC,NA,EPMRU,Conventional Regular Gasoline,PF4,Spot Price FOB,EER_EPMRU_PF4_RGC_DPG,U.S. Gulf Coast Conventional Gasoline Regular Spot Price FOB (Dollars per Gallon),1.936,$/GAL
2024-12-01,Y35NY,NEW YORK CITY,EPMRU,Conventional Regular Gasoline,PF4,Spot Price FOB,EER_EPMRU_PF4_Y35NY_DPG,New York Harbor Conventional Gasoline Regular Spot Price FOB (Dollars per Gallon),2.041,$/GAL
2024-12-01,ZEU,NA,EPCBRENT,UK Brent Crude Oil,PF4,Spot Price FOB,RBRTE,Europe Brent Spot Price FOB (Dollars per Barrel),73.86,$/BBL
2024-12-01,YCUOK,NA,EPCWTI,WTI Crude Oil,PF4,Spot Price FOB,RWTC,"Cushing, OK WTI Spot Price FOB (Dollars per Barrel)",70.12,$/BBL
2025-01-01,Y05LA,LOS ANGELES,EPD2DC,Carb Diesel,PF4,Spot Price FOB,EER_EPD2DC_PF4_Y05LA_DPG,"Los Angeles, CA Ultra-Low Sulfur CARB Diesel Spot Price (Dollars per Gallon)",2.526,$/GAL
2025-01-01,RGC,NA,EPD2DXL0,No 2 Diesel Low Sulfur (0-15 ppm),PF4,Spot Price FOB,EER_EPD2DXL0_PF4_RGC_DPG,U.S. Gulf Coast Ultra-Low Sulfur No 2 Diesel Spot Price (Dollars per Gallon),2.401,$/GAL
2025-01-01,Y35NY,NEW YORK CITY,EPD2DXL0,No 2 Diesel Low Sulfur (0-15 ppm),PF4,Spot Price FOB,EER_EPD2DXL0_PF4_Y35NY_DPG,New York Harbor Ultra-Low Sulfur No 2 Diesel Spot Price (Dollars per Gallon),2.484,$/GAL
2025-01-01,Y35NY,NEW YORK CITY,EPD2F,No 2 Fuel Oil / Heating Oil,PF4,Spot Price FOB,EER_EPD2F_PF4_Y35NY_DPG,New York Harbor No. 2 Heating Oil Spot Price FOB (Dollars per Gallon),2.407,$/GAL
2025-01-01,RGC,NA,EPJK,Kerosene-Type Jet Fuel,PF4,Spot Price FOB,EER_EPJK_PF4_RGC_DPG,U.S. Gulf Coast Kerosene-Type Jet Fuel Spot Price FOB (Dollars per Gallon),2.347,$/GAL
2025-01-01,Y44MB,NA,EPLLPA,Propane,PF4,Spot Price FOB,EER_EPLLPA_PF4_Y44MB_DPG,"Mont Belvieu, TX Propane Spot Price FOB (Dollars per Gallon)",0.901,$/GAL
2025-01-01,Y05LA,LOS ANGELES,EPMRR,Reformulated Regular Gasoline,PF4,Spot Price FOB,EER_EPMRR_PF4_Y05LA_DPG,Los Angeles Reformulated RBOB Regular Gasoline Spot Price (Dollars per Gallon),2.206,$/GAL
2025-01-01,RGC,NA,EPMRU,Conventional Regular Gasoline,PF4,Spot Price FOB,EER_EPMRU_PF4_RGC_DPG,U.S. Gulf Coast Conventional Gasoline Regular Spot Price FOB (Dollars per Gallon),2.083,$/GAL
2025-01-01,Y35NY,NEW YORK CITY,EPMRU,Conventional Regular Gasoline,PF4,Spot Price FOB,EER_EPMRU_PF4_Y35NY_DPG,New York Harbor Conventional Gasoline Regular Spot Price FOB (Dollars per Gallon),2.152,$/GAL
2025-01-01,ZEU,NA,EPCBRENT,UK Brent Crude Oil,PF4,Spot Price FOB,RBRTE,Europe Brent Spot Price FOB (Dollars per Barrel),79.27,$/BBL
2025-01-01,YCUOK,NA,EPCWTI,WTI Crude Oil,PF4,Spot Price FOB,RWTC,"Cushing, OK WTI Spot Price FOB (Dollars per Barrel)",75.74,$/BBL
2025-02-01,Y05LA,LOS ANGELES,EPD2DC,Carb Diesel,PF4,Spot Price FOB,EER_EPD2DC_PF4_Y05LA_DPG,"Los Angeles, CA Ultra-Low Sulfur CARB Diesel Spot Price (Dollars per Gallon)",2.474,$/GAL
2025-02-01,RGC,NA,EPD2DXL0,No 2 Diesel Low Sulfur (0-15 ppm),PF4,Spot Price FOB,EER_EPD2DXL0_PF4_RGC_DPG,U.S. Gulf Coast Ultra-Low Sulfur No 2 Diesel Spot Price (Dollars per Gallon),2.359,$/GAL
2025-02-01,Y35NY,NEW YORK CITY,EPD2DXL0,No 2 Diesel Low Sulfur (0-15 ppm),PF4,Spot Price FOB,EER_EPD2DXL0_PF4_Y35NY_DPG,New York Harbor Ultra-Low Sulfur No 2 Diesel Spot Price (Dollars per Gallon),2.471,$/GAL
2025-02-01,Y35NY,NEW YORK CITY,EPD2F,No 2 Fuel Oil / Heating Oil,PF4,Spot Price FOB,EER_EPD2F_PF4_Y35NY_DPG,New York Harbor No. 2 Heating Oil Spot Price FOB (Dollars per Gallon),2.346,$/GAL
2025-02-01,RGC,NA,EPJK,Kerosene-Type Jet Fuel,PF4,Spot Price FOB,EER_EPJK_PF4_RGC_DPG,U.S. Gulf Coast Kerosene-Type Jet Fuel Spot Price FOB (Dollars per Gallon),2.264,$/GAL
2025-02-01,Y44MB,NA,EPLLPA,Propane,PF4,Spot Price FOB,EER_EPLLPA_PF4_Y44MB_DPG,"Mont Belvieu, TX Propane Spot Price FOB (Dollars per Gallon)",0.925,$/GAL
2025-02-01,Y05LA,LOS ANGELES,EPMRR,Reformulated Regular Gasoline,PF4,Spot Price FOB,EER_EPMRR_PF4_Y05LA_DPG,Los Angeles Reformulated RBOB Regular Gasoline Spot Price (Dollars per Gallon),2.456,$/GAL
2025-02-01,RGC,NA,EPMRU,Conventional Regular Gasoline,PF4,Spot Price FOB,EER_EPMRU_PF4_RGC_DPG,U.S. Gulf Coast Conventional Gasoline Regular Spot Price FOB (Dollars per Gallon),2.074,$/GAL
2025-02-01,Y35NY,NEW YORK CITY,EPMRU,Conventional Regular Gasoline,PF4,Spot Price FOB,EER_EPMRU_PF4_Y35NY_DPG,New York Harbor Conventional Gasoline Regular Spot Price FOB (Dollars per Gallon),2.112,$/GAL
2025-02-01,ZEU,NA,EPCBRENT,UK Brent Crude Oil,PF4,Spot Price FOB,RBRTE,Europe Brent Spot Price FOB (Dollars per Barrel),75.44,$/BBL
2025-02-01,YCUOK,NA,EPCWTI,WTI Crude Oil,PF4,Spot Price FOB,RWTC,"Cushing, OK WTI Spot Price FOB (Dollars per Barrel)",71.53,$/BBL
2025-03-01,Y05LA,LOS ANGELES,EPD2DC,Carb Diesel,PF4,Spot Price FOB,EER_EPD2DC_PF4_Y05LA_DPG,"Los Angeles, CA Ultra-Low Sulfur CARB Diesel Spot Price (Dollars per Gallon)",2.226,$/GAL
2025-03-01,RGC,NA,EPD2DXL0,No 2 Diesel Low Sulfur (0-15 ppm),PF4,Spot Price FOB,EER_EPD2DXL0_PF4_RGC_DPG,U.S. Gulf Coast Ultra-Low Sulfur No 2 Diesel Spot Price (Dollars per Gallon),2.177,$/GAL
2025-03-01,Y35NY,NEW YORK CITY,EPD2DXL0,No 2 Diesel Low Sulfur (0-15 ppm),PF4,Spot Price FOB,EER_EPD2DXL0_PF4_Y35NY_DPG,New York Harbor Ultra-Low Sulfur No 2 Diesel Spot Price (Dollars per Gallon),2.246,$/GAL
2025-03-01,Y35NY,NEW YORK CITY,EPD2F,No 2 Fuel Oil / Heating Oil,PF4,Spot Price FOB,EER_EPD2F_PF4_Y35NY_DPG,New York Harbor No. 2 Heating Oil Spot Price FOB (Dollars per Gallon),2.148,$/GAL
2025-03-01,RGC,NA,EPJK,Kerosene-Type Jet Fuel,PF4,Spot Price FOB,EER_EPJK_PF4_RGC_DPG,U.S. Gulf Coast Kerosene-Type Jet Fuel Spot Price FOB (Dollars per Gallon),2.069,$/GAL
2025-03-01,Y44MB,NA,EPLLPA,Propane,PF4,Spot Price FOB,EER_EPLLPA_PF4_Y44MB_DPG,"Mont Belvieu, TX Propane Spot Price FOB (Dollars per Gallon)",0.87,$/GAL
2025-03-01,Y05LA,LOS ANGELES,EPMRR,Reformulated Regular Gasoline,PF4,Spot Price FOB,EER_EPMRR_PF4_Y05LA_DPG,Los Angeles Reformulated RBOB Regular Gasoline Spot Price (Dollars per Gallon),2.344,$/GAL
2025-03-01,RGC,NA,EPMRU,Conventional Regular Gasoline,PF4,Spot Price FOB,EER_EPMRU_PF4_RGC_DPG,U.S. Gulf Coast Conventional Gasoline Regular Spot Price FOB (Dollars per Gallon),2.052,$/GAL
2025-03-01,Y35NY,NEW YORK CITY,EPMRU,Conventional Regular Gasoline,PF4,Spot Price FOB,EER_EPMRU_PF4_Y35NY_DPG,New York Harbor Conventional Gasoline Regular Spot Price FOB (Dollars per Gallon),1.987,$/GAL
2025-03-01,ZEU,NA,EPCBRENT,UK Brent Crude Oil,PF4,Spot Price FOB,RBRTE,Europe Brent Spot Price FOB (Dollars per Barrel),72.73,$/BBL
2025-03-01,YCUOK,NA,EPCWTI,WTI Crude Oil,PF4,Spot Price FOB,RWTC,"Cushing, OK WTI Spot Price FOB (Dollars per Barrel)",68.24,$/BBL
2025-04-01,Y05LA,LOS ANGELES,EPD2DC,Carb Diesel,PF4,Spot Price FOB,EER_EPD2DC_PF4_Y05LA_DPG,"Los Angeles, CA Ultra-Low Sulfur CARB Diesel Spot Price (Dollars per Gallon)",2.21,$/GAL
2025-04-01,RGC,NA,EPD2DXL0,No 2 Diesel Low Sulfur (0-15 ppm),PF4,Spot Price FOB,EER_EPD2DXL0_PF4_RGC_DPG,U.S. Gulf Coast Ultra-Low Sulfur No 2 Diesel Spot Price (Dollars per Gallon),2.069,$/GAL
2025-04-01,Y35NY,NEW YORK CITY,EPD2DXL0,No 2 Diesel Low Sulfur (0-15 ppm),PF4,Spot Price FOB,EER_EPD2DXL0_PF4_Y35NY_DPG,New York Harbor Ultra-Low Sulfur No 2 Diesel Spot Price (Dollars per Gallon),2.131,$/GAL
2025-04-01,Y35NY,NEW YORK CITY,EPD2F,No 2 Fuel Oil / Heating Oil,PF4,Spot Price FOB,EER_EPD2F_PF4_Y35NY_DPG,New York Harbor No. 2 Heating Oil Spot Price FOB (Dollars per Gallon),2.031,$/GAL
2025-04-01,RGC,NA,EPJK,Kerosene-Type Jet Fuel,PF4,Spot Price FOB,EER_EPJK_PF4_RGC_DPG,U.S. Gulf Coast Kerosene-Type Jet Fuel Spot Price FOB (Dollars per Gallon),1.976,$/GAL
2025-04-01,Y44MB,NA,EPLLPA,Propane,PF4,Spot Price FOB,EER_EPLLPA_PF4_Y44MB_DPG,"Mont Belvieu, TX Propane Spot Price FOB (Dollars per Gallon)",0.846,$/GAL
2025-04-01,Y05LA,LOS ANGELES,EPMRR,Reformulated Regular Gasoline,PF4,Spot Price FOB,EER_EPMRR_PF4_Y05LA_DPG,Los Angeles Reformulated RBOB Regular Gasoline Spot Price (Dollars per Gallon),2.428,$/GAL
2025-04-01,RGC,NA,EPMRU,Conventional Regular Gasoline,PF4,Spot Price FOB,EER_EPMRU_PF4_RGC_DPG,U.S. Gulf Coast Conventional Gasoline Regular Spot Price FOB (Dollars per Gallon),1.996,$/GAL
2025-04-01,Y35NY,NEW YORK CITY,EPMRU,Conventional Regular Gasoline,PF4,Spot Price FOB,EER_EPMRU_PF4_Y35NY_DPG,New York Harbor Conventional Gasoline Regular Spot Price FOB (Dollars per Gallon),1.907,$/GAL
2025-04-01,ZEU,NA,EPCBRENT,UK Brent Crude Oil,PF4,Spot Price FOB,RBRTE,Europe Brent Spot Price FOB (Dollars per Barrel),68.13,$/BBL
2025-04-01,YCUOK,NA,EPCWTI,WTI Crude Oil,PF4,Spot Price FOB,RWTC,"Cushing, OK WTI Spot Price FOB (Dollars per Barrel)",63.54,$/BBL
2025-05-01,Y05LA,LOS ANGELES,EPD2DC,Carb Diesel,PF4,Spot Price FOB,EER_EPD2DC_PF4_Y05LA_DPG,"Los Angeles, CA Ultra-Low Sulfur CARB Diesel Spot Price (Dollars per Gallon)",2.121,$/GAL
2025-05-01,RGC,NA,EPD2DXL0,No 2 Diesel Low Sulfur (0-15 ppm),PF4,Spot Price FOB,EER_EPD2DXL0_PF4_RGC_DPG,U.S. Gulf Coast Ultra-Low Sulfur No 2 Diesel Spot Price (Dollars per Gallon),2.015,$/GAL
2025-05-01,Y35NY,NEW YORK CITY,EPD2DXL0,No 2 Diesel Low Sulfur (0-15 ppm),PF4,Spot Price FOB,EER_EPD2DXL0_PF4_Y35NY_DPG,New York Harbor Ultra-Low Sulfur No 2 Diesel Spot Price (Dollars per Gallon),2.082,$/GAL
2025-05-01,Y35NY,NEW YORK CITY,EPD2F,No 2 Fuel Oil / Heating Oil,PF4,Spot Price FOB,EER_EPD2F_PF4_Y35NY_DPG,New York Harbor No. 2 Heating Oil Spot Price FOB (Dollars per Gallon),1.984,$/GAL
2025-05-01,RGC,NA,EPJK,Kerosene-Type Jet Fuel,PF4,Spot Price FOB,EER_EPJK_PF4_RGC_DPG,U.S. Gulf Coast Kerosene-Type Jet Fuel Spot Price FOB (Dollars per Gallon),1.928,$/GAL
2025-05-01,Y44MB,NA,EPLLPA,Propane,PF4,Spot Price FOB,EER_EPLLPA_PF4_Y44MB_DPG,"Mont Belvieu, TX Propane Spot Price FOB (Dollars per Gallon)",0.746,$/GAL
2025-05-01,Y05LA,LOS ANGELES,EPMRR,Reformulated Regular Gasoline,PF4,Spot Price FOB,EER_EPMRR_PF4_Y05LA_DPG,Los Angeles Reformulated RBOB Regular Gasoline Spot Price (Dollars per Gallon),2.45,$/GAL
2025-05-01,RGC,NA,EPMRU,Conventional Regular Gasoline,PF4,Spot Price FOB,EER_EPMRU_PF4_RGC_DPG,U.S. Gulf Coast Conventional Gasoline Regular Spot Price FOB (Dollars per Gallon),2.03,$/GAL
2025-05-01,Y35NY,NEW YORK CITY,EPMRU,Conventional Regular Gasoline,PF4,Spot Price FOB,EER_EPMRU_PF4_Y35NY_DPG,New York Harbor Conventional Gasoline Regular Spot Price FOB (Dollars per Gallon),1.965,$/GAL
2025-05-01,ZEU,NA,EPCBRENT,UK Brent Crude Oil,PF4,Spot Price FOB,RBRTE,Europe Brent Spot Price FOB (Dollars per Barrel),64.45,$/BBL
2025-05-01,YCUOK,NA,EPCWTI,WTI Crude Oil,PF4,Spot Price FOB,RWTC,"Cushing, OK WTI Spot Price FOB (Dollars per Barrel)",62.17,$/BBL
2025-06-01,Y05LA,LOS ANGELES,EPD2DC,Carb Diesel,PF4,Spot Price FOB,EER_EPD2DC_PF4_Y05LA_DPG,"Los Angeles, CA Ultra-Low Sulfur CARB Diesel Spot Price (Dollars per Gallon)",2.358,$/GAL
2025-06-01,RGC,NA,EPD2DXL0,No 2 Diesel Low Sulfur (0-15 ppm),PF4,Spot Price FOB,EER_EPD2DXL0_PF4_RGC_DPG,U.S. Gulf Coast Ultra-Low Sulfur No 2 Diesel Spot Price (Dollars per Gallon),2.209,$/GAL
2025-06-01,Y35NY,NEW YORK CITY,EPD2DXL0,No 2 Diesel Low Sulfur (0-15 ppm),PF4,Spot Price FOB,EER_EPD2DXL0_PF4_Y35NY_DPG,New York Harbor Ultra-Low Sulfur No 2 Diesel Spot Price (Dollars per Gallon),2.281,$/GAL
2025-06-01,Y35NY,NEW YORK CITY,EPD2F,No 2 Fuel Oil / Heating Oil,PF4,Spot Price FOB,EER_EPD2F_PF4_Y35NY_DPG,New York Harbor No. 2 Heating Oil Spot Price FOB (Dollars per Gallon),2.174,$/GAL
2025-06-01,RGC,NA,EPJK,Kerosene-Type Jet Fuel,PF4,Spot Price FOB,EER_EPJK_PF4_RGC_DPG,U.S. Gulf Coast Kerosene-Type Jet Fuel Spot Price FOB (Dollars per Gallon),2.094,$/GAL
2025-06-01,Y44MB,NA,EPLLPA,Propane,PF4,Spot Price FOB,EER_EPLLPA_PF4_Y44MB_DPG,"Mont Belvieu, TX Propane Spot Price FOB (Dollars per Gallon)",0.756,$/GAL
2025-06-01,Y05LA,LOS ANGELES,EPMRR,Reformulated Regular Gasoline,PF4,Spot Price FOB,EER_EPMRR_PF4_Y05LA_DPG,Los Angeles Reformulated RBOB Regular Gasoline Spot Price (Dollars per Gallon),2.288,$/GAL
2025-06-01,RGC,NA,EPMRU,Conventional Regular Gasoline,PF4,Spot Price FOB,EER_EPMRU_PF4_RGC_DPG,U.S. Gulf Coast Conventional Gasoline Regular Spot Price FOB (Dollars per Gallon),2.074,$/GAL
2025-06-01,Y35NY,NEW YORK CITY,EPMRU,Conventional Regular Gasoline,PF4,Spot Price FOB,EER_EPMRU_PF4_Y35NY_DPG,New York Harbor Conventional Gasoline Regular Spot Price FOB (Dollars per Gallon),2.099,$/GAL
2025-06-01,ZEU,NA,EPCBRENT,UK Brent Crude Oil,PF4,Spot Price FOB,RBRTE,Europe Brent Spot Price FOB (Dollars per Barrel),71.44,$/BBL
2025-06-01,YCUOK,NA,EPCWTI,WTI Crude Oil,PF4,Spot Price FOB,RWTC,"Cushing, OK WTI Spot Price FOB (Dollars per Barrel)",68.17,$/BBL
2025-07-01,Y05LA,LOS ANGELES,EPD2DC,Carb Diesel,PF4,Spot Price FOB,EER_EPD2DC_PF4_Y05LA_DPG,"Los Angeles, CA Ultra-Low Sulfur CARB Diesel Spot Price (Dollars per Gallon)",2.586,$/GAL
2025-07-01,RGC,NA,EPD2DXL0,No 2 Diesel Low Sulfur (0-15 ppm),PF4,Spot Price FOB,EER_EPD2DXL0_PF4_RGC_DPG,U.S. Gulf Coast Ultra-Low Sulfur No 2 Diesel Spot Price (Dollars per Gallon),2.359,$/GAL
2025-07-01,Y35NY,NEW YORK CITY,EPD2DXL0,No 2 Diesel Low Sulfur (0-15 ppm),PF4,Spot Price FOB,EER_EPD2DXL0_PF4_Y35NY_DPG,New York Harbor Ultra-Low Sulfur No 2 Diesel Spot Price (Dollars per Gallon),2.453,$/GAL
2025-07-01,Y35NY,NEW YORK CITY,EPD2F,No 2 Fuel Oil / Heating Oil,PF4,Spot Price FOB,EER_EPD2F_PF4_Y35NY_DPG,New York Harbor No. 2 Heating Oil Spot Price FOB (Dollars per Gallon),2.324,$/GAL
2025-07-01,RGC,NA,EPJK,Kerosene-Type Jet Fuel,PF4,Spot Price FOB,EER_EPJK_PF4_RGC_DPG,U.S. Gulf Coast Kerosene-Type Jet Fuel Spot Price FOB (Dollars per Gallon),2.244,$/GAL
2025-07-01,Y44MB,NA,EPLLPA,Propane,PF4,Spot Price FOB,EER_EPLLPA_PF4_Y44MB_DPG,"Mont Belvieu, TX Propane Spot Price FOB (Dollars per Gallon)",0.711,$/GAL
2025-07-01,Y05LA,LOS ANGELES,EPMRR,Reformulated Regular Gasoline,PF4,Spot Price FOB,EER_EPMRR_PF4_Y05LA_DPG,Los Angeles Reformulated RBOB Regular Gasoline Spot Price (Dollars per Gallon),2.237,$/GAL
2025-07-01,RGC,NA,EPMRU,Conventional Regular Gasoline,PF4,Spot Price FOB,EER_EPMRU_PF4_RGC_DPG,U.S. Gulf Coast Conventional Gasoline Regular Spot Price FOB (Dollars per Gallon),2.103,$/GAL
2025-07-01,Y35NY,NEW YORK CITY,EPMRU,Conventional Regular Gasoline,PF4,Spot Price FOB,EER_EPMRU_PF4_Y35NY_DPG,New York Harbor Conventional Gasoline Regular Spot Price FOB (Dollars per Gallon),2.17,$/GAL
2025-07-01,ZEU,NA,EPCBRENT,UK Brent Crude Oil,PF4,Spot Price FOB,RBRTE,Europe Brent Spot Price FOB (Dollars per Barrel),71.04,$/BBL
2025-07-01,YCUOK,NA,EPCWTI,WTI Crude Oil,PF4,Spot Price FOB,RWTC,"Cushing, OK WTI Spot Price FOB (Dollars per Barrel)",68.39,$/BBL
2025-08-01,Y05LA,LOS ANGELES,EPD2DC,Carb Diesel,PF4,Spot Price FOB,EER_EPD2DC_PF4_Y05LA_DPG,"Los Angeles, CA Ultra-Low Sulfur CARB Diesel Spot Price (Dollars per Gallon)",2.347,$/GAL
2025-08-01,RGC,NA,EPD2DXL0,No 2 Diesel Low Sulfur (0-15 ppm),PF4,Spot Price FOB,EER_EPD2DXL0_PF4_RGC_DPG,U.S. Gulf Coast Ultra-Low Sulfur No 2 Diesel Spot Price (Dollars per Gallon),2.2,$/GAL
2025-08-01,Y35NY,NEW YORK CITY,EPD2DXL0,No 2 Diesel Low Sulfur (0-15 ppm),PF4,Spot Price FOB,EER_EPD2DXL0_PF4_Y35NY_DPG,New York Harbor Ultra-Low Sulfur No 2 Diesel Spot Price (Dollars per Gallon),2.325,$/GAL
2025-08-01,Y35NY,NEW YORK CITY,EPD2F,No 2 Fuel Oil / Heating Oil,PF4,Spot Price FOB,EER_EPD2F_PF4_Y35NY_DPG,New York Harbor No. 2 Heating Oil Spot Price FOB (Dollars per Gallon),2.178,$/GAL
2025-08-01,RGC,NA,EPJK,Kerosene-Type Jet Fuel,PF4,Spot Price FOB,EER_EPJK_PF4_RGC_DPG,U.S. Gulf Coast Kerosene-Type Jet Fuel Spot Price FOB (Dollars per Gallon),2.024,$/GAL
2025-08-01,Y44MB,NA,EPLLPA,Propane,PF4,Spot Price FOB,EER_EPLLPA_PF4_Y44MB_DPG,"Mont Belvieu, TX Propane Spot Price FOB (Dollars per Gallon)",0.67,$/GAL
2025-08-01,Y05LA,LOS ANGELES,EPMRR,Reformulated Regular Gasoline,PF4,Spot Price FOB,EER_EPMRR_PF4_Y05LA_DPG,Los Angeles Reformulated RBOB Regular Gasoline Spot Price (Dollars per Gallon),2.378,$/GAL
2025-08-01,RGC,NA,EPMRU,Conventional Regular Gasoline,PF4,Spot Price FOB,EER_EPMRU_PF4_RGC_DPG,U.S. Gulf Coast Conventional Gasoline Regular Spot Price FOB (Dollars per Gallon),2.09,$/GAL
2025-08-01,Y35NY,NEW YORK CITY,EPMRU,Conventional Regular Gasoline,PF4,Spot Price FOB,EER_EPMRU_PF4_Y35NY_DPG,New York Harbor Conventional Gasoline Regular Spot Price FOB (Dollars per Gallon),2.126,$/GAL
2025-08-01,ZEU,NA,EPCBRENT,UK Brent Crude Oil,PF4,Spot Price FOB,RBRTE,Europe Brent Spot Price FOB (Dollars per Barrel),67.87,$/BBL
2025-08-01,YCUOK,NA,EPCWTI,WTI Crude Oil,PF4,Spot Price FOB,RWTC,"Cushing, OK WTI Spot Price FOB (Dollars per Barrel)",64.86,$/BBL
2025-09-01,Y05LA,LOS ANGELES,EPD2DC,Carb Diesel,PF4,Spot Price FOB,EER_EPD2DC_PF4_Y05LA_DPG,"Los Angeles, CA Ultra-Low Sulfur CARB Diesel Spot Price (Dollars per Gallon)",2.522,$/GAL
2025-09-01,RGC,NA,EPD2DXL0,No 2 Diesel Low Sulfur (0-15 ppm),PF4,Spot Price FOB,EER_EPD2DXL0_PF4_RGC_DPG,U.S. Gulf Coast Ultra-Low Sulfur No 2 Diesel Spot Price (Dollars per Gallon),2.275,$/GAL
2025-09-01,Y35NY,NEW YORK CITY,EPD2DXL0,No 2 Diesel Low Sulfur (0-15 ppm),PF4,Spot Price FOB,EER_EPD2DXL0_PF4_Y35NY_DPG,New York Harbor Ultra-Low Sulfur No 2 Diesel Spot Price (Dollars per Gallon),2.39,$/GAL
2025-09-01,Y35NY,NEW YORK CITY,EPD2F,No 2 Fuel Oil / Heating Oil,PF4,Spot Price FOB,EER_EPD2F_PF4_Y35NY_DPG,New York Harbor No. 2 Heating Oil Spot Price FOB (Dollars per Gallon),2.243,$/GAL
2025-09-01,RGC,NA,EPJK,Kerosene-Type Jet Fuel,PF4,Spot Price FOB,EER_EPJK_PF4_RGC_DPG,U.S. Gulf Coast Kerosene-Type Jet Fuel Spot Price FOB (Dollars per Gallon),2.089,$/GAL
2025-09-01,Y44MB,NA,EPLLPA,Propane,PF4,Spot Price FOB,EER_EPLLPA_PF4_Y44MB_DPG,"Mont Belvieu, TX Propane Spot Price FOB (Dollars per Gallon)",0.688,$/GAL
2025-09-01,Y05LA,LOS ANGELES,EPMRR,Reformulated Regular Gasoline,PF4,Spot Price FOB,EER_EPMRR_PF4_Y05LA_DPG,Los Angeles Reformulated RBOB Regular Gasoline Spot Price (Dollars per Gallon),2.519,$/GAL
2025-09-01,RGC,NA,EPMRU,Conventional Regular Gasoline,PF4,Spot Price FOB,EER_EPMRU_PF4_RGC_DPG,U.S. Gulf Coast Conventional Gasoline Regular Spot Price FOB (Dollars per Gallon),2.091,$/GAL
2025-09-01,Y35NY,NEW YORK CITY,EPMRU,Conventional Regular Gasoline,PF4,Spot Price FOB,EER_EPMRU_PF4_Y35NY_DPG,New York Harbor Conventional Gasoline Regular Spot Price FOB (Dollars per Gallon),2.008,$/GAL
2025-09-01,ZEU,NA,EPCBRENT,UK Brent Crude Oil,PF4,Spot Price FOB,RBRTE,Europe Brent Spot Price FOB (Dollars per Barrel),67.99,$/BBL
2025-09-01,YCUOK,NA,EPCWTI,WTI Crude Oil,PF4,Spot Price FOB,RWTC,"Cushing, OK WTI Spot Price FOB (Dollars per Barrel)",63.96,$/BBL
2025-10-01,Y05LA,LOS ANGELES,EPD2DC,Carb Diesel,PF4,Spot Price FOB,EER_EPD2DC_PF4_Y05LA_DPG,"Los Angeles, CA Ultra-Low Sulfur CARB Diesel Spot Price (Dollars per Gallon)",2.42,$/GAL
2025-10-01,RGC,NA,EPD2DXL0,No 2 Diesel Low Sulfur (0-15 ppm),PF4,Spot Price FOB,EER_EPD2DXL0_PF4_RGC_DPG,U.S. Gulf Coast Ultra-Low Sulfur No 2 Diesel Spot Price (Dollars per Gallon),2.209,$/GAL
2025-10-01,Y35NY,NEW YORK CITY,EPD2DXL0,No 2 Diesel Low Sulfur (0-15 ppm),PF4,Spot Price FOB,EER_EPD2DXL0_PF4_Y35NY_DPG,New York Harbor Ultra-Low Sulfur No 2 Diesel Spot Price (Dollars per Gallon),2.338,$/GAL
2025-10-01,Y35NY,NEW YORK CITY,EPD2F,No 2 Fuel Oil / Heating Oil,PF4,Spot Price FOB,EER_EPD2F_PF4_Y35NY_DPG,New York Harbor No. 2 Heating Oil Spot Price FOB (Dollars per Gallon),2.19,$/GAL
2025-10-01,RGC,NA,EPJK,Kerosene-Type Jet Fuel,PF4,Spot Price FOB,EER_EPJK_PF4_RGC_DPG,U.S. Gulf Coast Kerosene-Type Jet Fuel Spot Price FOB (Dollars per Gallon),2.154,$/GAL
2025-10-01,Y44MB,NA,EPLLPA,Propane,PF4,Spot Price FOB,EER_EPLLPA_PF4_Y44MB_DPG,"Mont Belvieu, TX Propane Spot Price FOB (Dollars per Gallon)",0.638,$/GAL
2025-10-01,Y05LA,LOS ANGELES,EPMRR,Reformulated Regular Gasoline,PF4,Spot Price FOB,EER_EPMRR_PF4_Y05LA_DPG,Los Angeles Reformulated RBOB Regular Gasoline Spot Price (Dollars per Gallon),2.346,$/GAL
2025-10-01,RGC,NA,EPMRU,Conventional Regular Gasoline,PF4,Spot Price FOB,EER_EPMRU_PF4_RGC_DPG,U.S. Gulf Coast Conventional Gasoline Regular Spot Price FOB (Dollars per Gallon),1.926,$/GAL
2025-10-01,Y35NY,NEW YORK CITY,EPMRU,Conventional Regular Gasoline,PF4,Spot Price FOB,EER_EPMRU_PF4_Y35NY_DPG,New York Harbor Conventional Gasoline Regular Spot Price FOB (Dollars per Gallon),1.891,$/GAL
2025-10-01,ZEU,NA,EPCBRENT,UK Brent Crude Oil,PF4,Spot Price FOB,RBRTE,Europe Brent Spot Price FOB (Dollars per Barrel),64.54,$/BBL
2025-10-01,YCUOK,NA,EPCWTI,WTI Crude Oil,PF4,Spot Price FOB,RWTC,"Cushing, OK WTI Spot Price FOB (Dollars per Barrel)",60.89,$/BBL
2025-11-01,Y05LA,LOS ANGELES,EPD2DC,Carb Diesel,PF4,Spot Price FOB,EER_EPD2DC_PF4_Y05LA_DPG,"Los Angeles, CA Ultra-Low Sulfur CARB Diesel Spot Price (Dollars per Gallon)",2.559,$/GAL
2025-11-01,RGC,NA,EPD2DXL0,No 2 Diesel Low Sulfur (0-15 ppm),PF4,Spot Price FOB,EER_EPD2DXL0_PF4_RGC_DPG,U.S. Gulf Coast Ultra-Low Sulfur No 2 Diesel Spot Price (Dollars per Gallon),2.366,$/GAL
2025-11-01,Y35NY,NEW YORK CITY,EPD2DXL0,No 2 Diesel Low Sulfur (0-15 ppm),PF4,Spot Price FOB,EER_EPD2DXL0_PF4_Y35NY_DPG,New York Harbor Ultra-Low Sulfur No 2 Diesel Spot Price (Dollars per Gallon),2.523,$/GAL
2025-11-01,Y35NY,NEW YORK CITY,EPD2F,No 2 Fuel Oil / Heating Oil,PF4,Spot Price FOB,EER_EPD2F_PF4_Y35NY_DPG,New York Harbor No. 2 Heating Oil Spot Price FOB (Dollars per Gallon),2.376,$/GAL
2025-11-01,RGC,NA,EPJK,Kerosene-Type Jet Fuel,PF4,Spot Price FOB,EER_EPJK_PF4_RGC_DPG,U.S. Gulf Coast Kerosene-Type Jet Fuel Spot Price FOB (Dollars per Gallon),2.258,$/GAL
2025-11-01,Y44MB,NA,EPLLPA,Propane,PF4,Spot Price FOB,EER_EPLLPA_PF4_Y44MB_DPG,"Mont Belvieu, TX Propane Spot Price FOB (Dollars per Gallon)",0.605,$/GAL
2025-11-01,Y05LA,LOS ANGELES,EPMRR,Reformulated Regular Gasoline,PF4,Spot Price FOB,EER_EPMRR_PF4_Y05LA_DPG,Los Angeles Reformulated RBOB Regular Gasoline Spot Price (Dollars per Gallon),2.336,$/GAL
2025-11-01,RGC,NA,EPMRU,Conventional Regular Gasoline,PF4,Spot Price FOB,EER_EPMRU_PF4_RGC_DPG,U.S. Gulf Coast Conventional Gasoline Regular Spot Price FOB (Dollars per Gallon),1.941,$/GAL
2025-11-01,Y35NY,NEW YORK CITY,EPMRU,Conventional Regular Gasoline,PF4,Spot Price FOB,EER_EPMRU_PF4_Y35NY_DPG,New York Harbor Conventional Gasoline Regular Spot Price FOB (Dollars per Gallon),1.939,$/GAL
2025-11-01,ZEU,NA,EPCBRENT,UK Brent Crude Oil,PF4,Spot Price FOB,RBRTE,Europe Brent Spot Price FOB (Dollars per Barrel),63.8,$/BBL
2025-11-01,YCUOK,NA,EPCWTI,WTI Crude Oil,PF4,Spot Price FOB,RWTC,"Cushing, OK WTI Spot Price FOB (Dollars per Barrel)",60.06,$/BBL
2025-12-01,Y05LA,LOS ANGELES,EPD2DC,Carb Diesel,PF4,Spot Price FOB,EER_EPD2DC_PF4_Y05LA_DPG,"Los Angeles, CA Ultra-Low Sulfur CARB Diesel Spot Price (Dollars per Gallon)",2.148,$/GAL
2025-12-01,RGC,NA,EPD2DXL0,No 2 Diesel Low Sulfur (0-15 ppm),PF4,Spot Price FOB,EER_EPD2DXL0_PF4_RGC_DPG,U.S. Gulf Coast Ultra-Low Sulfur No 2 Diesel Spot Price (Dollars per Gallon),2.072,$/GAL
2025-12-01,Y35NY,NEW YORK CITY,EPD2DXL0,No 2 Diesel Low Sulfur (0-15 ppm),PF4,Spot Price FOB,EER_EPD2DXL0_PF4_Y35NY_DPG,New York Harbor Ultra-Low Sulfur No 2 Diesel Spot Price (Dollars per Gallon),2.26,$/GAL
2025-12-01,Y35NY,NEW YORK CITY,EPD2F,No 2 Fuel Oil / Heating Oil,PF4,Spot Price FOB,EER_EPD2F_PF4_Y35NY_DPG,New York Harbor No. 2 Heating Oil Spot Price FOB (Dollars per Gallon),2.112,$/GAL
2025-12-01,RGC,NA,EPJK,Kerosene-Type Jet Fuel,PF4,Spot Price FOB,EER_EPJK_PF4_RGC_DPG,U.S. Gulf Coast Kerosene-Type Jet Fuel Spot Price FOB (Dollars per Gallon),1.965,$/GAL
2025-12-01,Y44MB,NA,EPLLPA,Propane,PF4,Spot Price FOB,EER_EPLLPA_PF4_Y44MB_DPG,"Mont Belvieu, TX Propane Spot Price FOB (Dollars per Gallon)",0.646,$/GAL
2025-12-01,Y05LA,LOS ANGELES,EPMRR,Reformulated Regular Gasoline,PF4,Spot Price FOB,EER_EPMRR_PF4_Y05LA_DPG,Los Angeles Reformulated RBOB Regular Gasoline Spot Price (Dollars per Gallon),1.793,$/GAL
2025-12-01,RGC,NA,EPMRU,Conventional Regular Gasoline,PF4,Spot Price FOB,EER_EPMRU_PF4_RGC_DPG,U.S. Gulf Coast Conventional Gasoline Regular Spot Price FOB (Dollars per Gallon),1.759,$/GAL
2025-12-01,Y35NY,NEW YORK CITY,EPMRU,Conventional Regular Gasoline,PF4,Spot Price FOB,EER_EPMRU_PF4_Y35NY_DPG,New York Harbor Conventional Gasoline Regular Spot Price FOB (Dollars per Gallon),1.774,$/GAL
2025-12-01,ZEU,NA,EPCBRENT,UK Brent Crude Oil,PF4,Spot Price FOB,RBRTE,Europe Brent Spot Price FOB (Dollars per Barrel),62.54,$/BBL
2025-12-01,YCUOK,NA,EPCWTI,WTI Crude Oil,PF4,Spot Price FOB,RWTC,"Cushing, OK WTI Spot Price FOB (Dollars per Barrel)",57.97,$/BBL
2026-01-01,Y05LA,LOS ANGELES,EPD2DC,Carb Diesel,PF4,Spot Price FOB,EER_EPD2DC_PF4_Y05LA_DPG,"Los Angeles, CA Ultra-Low Sulfur CARB Diesel Spot Price (Dollars per Gallon)",2.181,$/GAL
2026-01-01,RGC,NA,EPD2DXL0,No 2 Diesel Low Sulfur (0-15 ppm),PF4,Spot Price FOB,EER_EPD2DXL0_PF4_RGC_DPG,U.S. Gulf Coast Ultra-Low Sulfur No 2 Diesel Spot Price (Dollars per Gallon),2.111,$/GAL
2026-01-01,Y35NY,NEW YORK CITY,EPD2DXL0,No 2 Diesel Low Sulfur (0-15 ppm),PF4,Spot Price FOB,EER_EPD2DXL0_PF4_Y35NY_DPG,New York Harbor Ultra-Low Sulfur No 2 Diesel Spot Price (Dollars per Gallon),2.258,$/GAL
2026-01-01,Y35NY,NEW YORK CITY,EPD2F,No 2 Fuel Oil / Heating Oil,PF4,Spot Price FOB,EER_EPD2F_PF4_Y35NY_DPG,New York Harbor No. 2 Heating Oil Spot Price FOB (Dollars per Gallon),2.111,$/GAL
2026-01-01,RGC,NA,EPJK,Kerosene-Type Jet Fuel,PF4,Spot Price FOB,EER_EPJK_PF4_RGC_DPG,U.S. Gulf Coast Kerosene-Type Jet Fuel Spot Price FOB (Dollars per Gallon),2.031,$/GAL
2026-01-01,Y44MB,NA,EPLLPA,Propane,PF4,Spot Price FOB,EER_EPLLPA_PF4_Y44MB_DPG,"Mont Belvieu, TX Propane Spot Price FOB (Dollars per Gallon)",0.622,$/GAL
2026-01-01,Y05LA,LOS ANGELES,EPMRR,Reformulated Regular Gasoline,PF4,Spot Price FOB,EER_EPMRR_PF4_Y05LA_DPG,Los Angeles Reformulated RBOB Regular Gasoline Spot Price (Dollars per Gallon),2.269,$/GAL
2026-01-01,RGC,NA,EPMRU,Conventional Regular Gasoline,PF4,Spot Price FOB,EER_EPMRU_PF4_RGC_DPG,U.S. Gulf Coast Conventional Gasoline Regular Spot Price FOB (Dollars per Gallon),2.05,$/GAL
2026-01-01,Y35NY,NEW YORK CITY,EPMRU,Conventional Regular Gasoline,PF4,Spot Price FOB,EER_EPMRU_PF4_Y35NY_DPG,New York Harbor Conventional Gasoline Regular Spot Price FOB (Dollars per Gallon),2.063,$/GAL
2026-01-01,ZEU,NA,EPCBRENT,UK Brent Crude Oil,PF4,Spot Price FOB,RBRTE,Europe Brent Spot Price FOB (Dollars per Barrel),66.6,$/BBL
2026-01-01,YCUOK,NA,EPCWTI,WTI Crude Oil,PF4,Spot Price FOB,RWTC,"Cushing, OK WTI Spot Price FOB (Dollars per Barrel)",60.04,$/BBL
